row_id,idFinal,source_text,reference_text,idcod,atr0,atr1,atr2,atr3,atr4,atr5,atr6,atr7,atr8,lex,rules_list,n_rules,main_rule,main_rule_name,families_list,n_families,main_family,src_words,src_sentences,has_number,has_money,has_percent,n_rules_bucket,length_bucket,lex_bucket,stratum,split_stratum
5,74_LibroBAC.pdf,"Luego de haber obtenido la anterior información y haber hecho acopio de las fuentes bibliográficas y virtuales respectivas, el equipo procedió a realizar la redacción o construcción del libro.",El equipo realizó la redacción del libro luego de obtener la información anterior y reunir las fuentes bibliográficas y virtuales respectivas.,Fiorella,19.0,5.0,6.0,1.0,,,,,,1,"[19, 5, 6, 1]",4,19.0,Sentence Order,"['structural', 'reduction', 'lexical']",3,structural,29,1,0,0,0,r4plus,long,1,fam=structural | rules=r4plus | len=long | num=0 | lex=1,fam=structural | rules=r4plus | len=long
7,76_LibroBAC.pdf,"Realizada la validación y los ajustes del libro que ella generó, se realizó el diseño editorial y se procedió a la impresión del mismo.",Se realizó el diseño editorial y se imprimió el libro después de validarlo y hacer ajustes.,Fiorella,19.0,6.0,,,,,,,,0,"[19, 6]",2,19.0,Sentence Order,"['structural', 'lexical']",2,structural,24,1,0,0,0,r2,medium,0,fam=structural | rules=r2 | len=medium | num=0 | lex=0,fam=structural | rules=r2 | len=medium
10,80_LibroBAC.pdf,"No obstante, siendo el dinero un factor de primera importancia en la vida financiera de las personas, de la familia y de la sociedad, el mismo ha sido marcado por algunos mitos, derivados o generados del mal uso que muchas personas le han dado al mismo.","No obstante, el dinero ha sido marcado por algunos mitos. Estas invenciones se generan del mal uso que muchas personas le han dado. Sin embargo, el dinero es sumamente importante en la vida financiera de las personas, de la familia y de la sociedad.",Fiorella,12.0,15.0,5.0,19.0,,,,,,0,"[12, 15, 5, 19]",4,12.0,Use of Gerund,"['morphosyntactic', 'structural', 'reduction']",3,morphosyntactic,46,1,0,0,0,r4plus,long,0,fam=morphosyntactic | rules=r4plus | len=long | num=0 | lex=0,fam=morphosyntactic | rules=r4plus | len=long
13,83_LibroBAC.pdf,"Para responder o contribuir a subsanar el vacío que ha dejado la educación en las personas, especialmente en lo que tiene que ver con la educación financiera, es que se ha presentado la iniciativa de capacitar en tal sentido y para ayudar en tal propósito es que se ha construido a la vez este Libro Maestro el cual proporcionará como fuente, la estructura básica de dicha capacitación y los contenidos también básicos para la misma.","Se ha presentado la iniciativa de capacitar a las personas sobre educación financiera para responder o subsanar el vacío que ha dejado el sistema educativo. Asimismo, este Libro Maestro se ha elaborado para ayudar en tal propósito y proporcionar la estructura básica y los contenidos básicos para la capacitación.",Fiorella,19.0,15.0,6.0,4.0,5.0,,,,,0,"[19, 15, 6, 4, 5]",5,19.0,Sentence Order,"['structural', 'lexical', 'reduction']",3,structural,75,1,0,0,0,r4plus,long,0,fam=structural | rules=r4plus | len=long | num=0 | lex=0,fam=structural | rules=r4plus | len=long
15,557_LibroBAC.pdf,"En este sentido, se plantea la importancia de desarrollar conocimientos, actitudes, destrezas, valores, hábitos y costumbres favorables al logro de una libertad, independencia y cultura financiera, en el contexto del desarrollo económico y social del país.","En este sentido, es importante desarrollar conocimientos, actitudes, destrezas, valores, hábitos y costumbres favorables para lograr libertad, independencia y cultura financiera en el desarrollo económico y social del país.",Fiorella,6.0,5.0,,,,,,,,0,"[6, 5]",2,6.0,Complex Phrases,"['lexical', 'reduction']",2,lexical,36,1,0,0,0,r2,long,0,fam=lexical | rules=r2 | len=long | num=0 | lex=0,fam=lexical | rules=r2 | len=long
18,566_LibroBAC.pdf,"En Estados Unidos (2000) una encuesta revela que menos del 60% de los estudiantes de secundaria encuestados, contestaron correctamente pruebas destinadas a medir la habilidad del estudiante para escoger y manejar una tarjeta de crédito, conocimientos sobre el ahorro y la inversión para el retiro, la conciencia sobre el riesgo y la importancia de asegurarse contra el mismo.","Se realizó una encuesta en Estados Unidos, durante el año dos mil, a estudiantes de secundaria para medir su habilidad al escoger y manejar una tarjeta de crédito, sus conocimientos sobre el ahorro y la inversión para el retiro y su conciencia sobre la importancia de asegurarse. Esta encuesta revela que menos del sesenta por ciento de los estudiantes encuestados contestaron correctamente las preguntas.",Fiorella,15.0,14.0,19.0,5.0,,,,,,0,"[15, 14, 19, 5]",4,15.0,Sentence Length,"['structural', 'reduction']",2,structural,58,1,1,0,1,r4plus,long,0,fam=structural | rules=r4plus | len=long | num=1 | lex=0,fam=structural | rules=r4plus | len=long
30,590_LibroBAC.pdf,"Estudios demuestran que: Seminarios sobre planes de retiro ofrecidos en el trabajo incrementan la participación en planes voluntarios de retiro entre un 6 y 12%, así como aumentan la cuota de contribución a estos planes.","Estudios demuestran que los seminarios ofrecidos en el trabajo sobre planes de retiro incrementan la participación en planes voluntarios de retiro entre un seis y un doce por ciento. También, aumentan la cuota de contribución a estos planes.",Fiorella,21.0,14.0,19.0,,,,,,,0,"[21, 14, 19]",3,21.0,Use of Complex Punctuation Marks,['structural'],1,structural,35,1,1,0,1,r3,long,0,fam=structural | rules=r3 | len=long | num=1 | lex=0,fam=structural | rules=r3 | len=long
32,843_LibroBAC.pdf,No hace referencia únicamente a una edad específica en la cual la mayoría de las personas se pensionan como en el caso de las estrategias pensionales.,"No hace referencia únicamente a una edad específica en la que la mayoría de las personas se pensionan, como en las estrategias pensionales.",Fiorella,9.0,5.0,,,,,,,,0,"[9, 5]",2,9.0,Subordinating Conjunctions,"['morphosyntactic', 'reduction']",2,morphosyntactic,26,1,0,0,0,r2,long,0,fam=morphosyntactic | rules=r2 | len=long | num=0 | lex=0,fam=morphosyntactic | rules=r2 | len=long
33,844_LibroBAC.pdf,El plan de acción de libertad financiera es diferente para cada persona ya que se implementa a partir de la situación actual de cada cual y de acuerdo al objetivo que cada quien tiene en cuanto al monto requerido de ingresos residuales en un momento de tiempo que cada individuo define.,El plan de acción de libertad financiera es diferente para cada persona. Este se implementa según el contexto de cada quien y el objetivo que plantee de acuerdo al monto requerido de ingresos residuales en un momento definido.,Fiorella,5.0,6.0,15.0,,,,,,,0,"[5, 6, 15]",3,5.0,Unnecessary Words,"['reduction', 'lexical', 'structural']",3,reduction,51,1,0,0,0,r3,long,0,fam=reduction | rules=r3 | len=long | num=0 | lex=0,fam=reduction | rules=r3 | len=long
44,2055_LibroBAC.pdf,"Como los cambios de la economía global son el resultado de las decisiones de millones de personas, es imposible comprender los fenómenos macroeconómicos sin examinar las decisiones microeconómicas correspondientes.","Los cambios de la economía global son el resultado de las decisiones de millones de personas. Es decir, es imposible comprender los fenómenos macroeconómicos sin examinar las decisiones microeconómicas correspondientes.",Fiorella,7.0,15.0,99.0,,,,,,,0,"[7, 15, 99]",3,7.0,Use of Nominalizations,"['morphosyntactic', 'structural', 'unknown']",3,morphosyntactic,29,1,0,0,0,r3,long,0,fam=morphosyntactic | rules=r3 | len=long | num=0 | lex=0,fam=morphosyntactic | rules=r3 | len=long
46,2057_LibroBAC.pdf,"Pero el mercado no siempre se comporta de acuerdo con este ideal perfecto; en las economías de mercado hay monopolios (una única empresa ofrece una mercancía o servicio), contaminación, desempleo e inflación (aumento anual porcentual del nivel general de precios), y la distribución de la renta de las sociedades a veces se considera poco equitativa.","Pero el mercado no siempre se comporta de acuerdo a este ideal perfecto. Las economías de mercado tienen monopolios (una única empresa ofrece una mercancía o servicio), contaminación, desempleo e inflación (aumento anual porcentual del nivel general de precios). Además, a veces se considera la distribución de la renta como poco equitativa.",Fiorella,15.0,21.0,7.0,5.0,19.0,,,,,0,"[15, 21, 7, 5, 19]",5,15.0,Sentence Length,"['structural', 'morphosyntactic', 'reduction']",3,structural,55,1,0,0,0,r4plus,long,0,fam=structural | rules=r4plus | len=long | num=0 | lex=0,fam=structural | rules=r4plus | len=long
50,2069_LibroBAC.pdf,"Es evidente que no podemos hacer esas proezas, por lo que la eficiencia obliga, por lo general, a producir en gran escala en las empresas.","Evidentemente, no podemos hacer esas proezas. Por lo tanto, la eficiencia obliga a producir en gran escala en las empresas.",Fiorella,15.0,16.0,6.0,,,,,,,0,"[15, 16, 6]",3,15.0,Sentence Length,"['structural', 'reduction', 'lexical']",3,structural,25,1,0,0,0,r3,long,0,fam=structural | rules=r3 | len=long | num=0 | lex=0,fam=structural | rules=r3 | len=long
51,5296_LibroBAC.pdf,"Por otro lado, los activos netos son los activos que se tienen, descontadas o deducidas las deudas, por ejemplo, hipotecas.","Por otro lado, los activos netos son los activos obtenidos tras descontar deudas como la hipoteca, por ejemplo.",Fiorella,5.0,6.0,19.0,,,,,,,0,"[5, 6, 19]",3,5.0,Unnecessary Words,"['reduction', 'lexical', 'structural']",3,reduction,20,1,0,0,0,r3,medium,0,fam=reduction | rules=r3 | len=medium | num=0 | lex=0,fam=reduction | rules=r3 | len=medium
52,5297_LibroBAC.pdf,"Los activos líquidos son un suplemento importante al ingreso presente, especialmente durante periodos de emergencia familiar cuando se necesita la capacidad para gastar más.","Los activos líquidos suplementan al ingreso recibido, especialmente durante periodos de emergencia familiar, cuando se necesita la capacidad para gastar más.",Fiorella,4.0,6.0,,,,,,,,0,"[4, 6]",2,4.0,Ambiguity in Word Meaning,['lexical'],1,lexical,24,1,0,0,0,r2,medium,0,fam=lexical | rules=r2 | len=medium | num=0 | lex=0,fam=lexical | rules=r2 | len=medium
57,5307_LibroBAC.pdf,"Por lo tanto, sume todos sus gastos y el servicio de sus deudas en una cuenta y luego réstelas de su ingreso mensual.","Por lo tanto, tome su ingreso mensual y réstele todos sus gastos y sus deudas.",Fiorella,19.0,5.0,,,,,,,,0,"[19, 5]",2,19.0,Sentence Order,"['structural', 'reduction']",2,structural,23,1,0,0,0,r2,medium,0,fam=structural | rules=r2 | len=medium | num=0 | lex=0,fam=structural | rules=r2 | len=medium
58,5308_LibroBAC.pdf,"Aquí puede terminar también con un saldo negativo, lo cual significa que usted está gastando cada mes más de lo que le entra o recibe.","Tras este proceso, también se puede obtener un saldo negativo. Este resultado significa que está gastando por mes más de lo que recibe.",Fiorella,17.0,2.0,5.0,,,,,,,0,"[17, 2, 5]",3,17.0,Relative Clauses,"['structural', 'lexical', 'reduction']",3,structural,25,1,0,0,0,r3,long,0,fam=structural | rules=r3 | len=long | num=0 | lex=0,fam=structural | rules=r3 | len=long
61,5312_LibroBAC.pdf,"Aun cuando este es un tema que se analizará luego con más detalle en este mismo Libro Maestro, digamos sobre el presupuesto, en visión económica amplia, que el ingreso, al cual ya se hizo alusión, solamente ofrece una parte del panorama económico de individuos y familia.","Este es un tema que se analizará luego con más detalle en este mismo Libro Maestro. Sin embargo, se puede decir que el ingreso solo ofrece una parte del panorama económico de individuos y familia respecto al tema del presupuesto.",Fiorella,15.0,16.0,5.0,19.0,,,,,,0,"[15, 16, 5, 19]",4,15.0,Sentence Length,"['structural', 'reduction']",2,structural,46,1,0,0,0,r4plus,long,0,fam=structural | rules=r4plus | len=long | num=0 | lex=0,fam=structural | rules=r4plus | len=long
66,5319_LibroBAC.pdf,"Ella trabajó, entonces, más tiempo en su empresa, lo cual incrementó el ingreso que llevaba a casa.","Entonces, ella trabajó más tiempo en su empresa, lo que incrementó el ingreso llevado a casa.",Fiorella,19.0,8.0,17.0,,,,,,,0,"[19, 8, 17]",3,19.0,Sentence Order,"['structural', 'morphosyntactic']",2,structural,17,1,0,0,0,r3,medium,0,fam=structural | rules=r3 | len=medium | num=0 | lex=0,fam=structural | rules=r3 | len=medium
73,5326_LibroBAC.pdf,"Para realizar el presupuesto, digamos finalmente, que los autores que se han dedicado a este asunto y al de las finanzas personales y familiares, han propuesto diferentes modelos, alguno o algunos de los cuales presentaremos en el capítulo antes aludido.","Finalmente, los autores dedicados a este asunto y al de las finanzas personales y familiares han propuesto diferentes modelos para realizar el presupuesto. Algunos de estos los presentaremos en el capítulo antes mencionado.",Fiorella,7.0,5.0,19.0,15.0,1.0,,,,,1,"[7, 5, 19, 15, 1]",5,7.0,Use of Nominalizations,"['morphosyntactic', 'reduction', 'structural', 'lexical']",4,morphosyntactic,40,1,0,0,0,r4plus,long,1,fam=morphosyntactic | rules=r4plus | len=long | num=0 | lex=1,fam=morphosyntactic | rules=r4plus | len=long
75,5329b_LibroBAC.pdf,"Todo lo anterior está ligado también al desorden con que muchas personas y familias desarrollan sus vidas, careciendo de toda sistematicidad para estar controlando su patrimonio, por pequeño que sea, así como sus ingresos y sus egresos.","Lo anterior se relaciona con que muchas personas y familias desarrollan sus vidas desordenadamente. Es decir, carecen de sistematicidad para estar controlando su patrimonio, sus ingresos y sus egresos.",Fiorella,15.0,19.0,3.0,5.0,16.0,,,,,0,"[15, 19, 3, 5, 16]",5,15.0,Sentence Length,"['structural', 'reduction']",2,structural,37,1,0,0,0,r4plus,long,0,fam=structural | rules=r4plus | len=long | num=0 | lex=0,fam=structural | rules=r4plus | len=long
77,5331_LibroBAC.pdf,"Si los presupuestos nos dicen qué tenemos realmente y en qué estamos gastando nuestros ingresos, muchas veces superados por los egresos que nos ponen en una situación permanente de déficit, lo mejor es evadir, como un mecanismo de defensa y no enfrentar esa dolorosa realidad y seguir viviendo al día, cabalgando sobre lo que acontezca o se presente, aunque con la complicidad del silencio y obviamente de la ausencia de decisiones remediales.","Los presupuestos nos dicen qué tenemos y en qué gastamos nuestros ingresos, los cuales muchas veces son superados por los egresos y provocan un déficit permanente. Por esto, parece mejor evadir esta situación, no enfrentar esa dolorosa realidad y seguir viviendo el día a día con esa complicidad del silencio. Sin embargo, así no se obtienen decisiones remediales.",Fiorella,15.0,16.0,5.0,19.0,,,,,,0,"[15, 16, 5, 19]",4,15.0,Sentence Length,"['structural', 'reduction']",2,structural,72,1,0,0,0,r4plus,long,0,fam=structural | rules=r4plus | len=long | num=0 | lex=0,fam=structural | rules=r4plus | len=long
86,5347_LibroBAC.pdf,"Por lo tanto, a medida que les explico algunas de las barreras básicas a las cuales se tienen que enfrentar para superarlas, me doy cuenta que mucho de lo que les voy a relatar lo aprendí por la vía difícil.","Por lo tanto, les expliqué algunas de las barreras básicas a enfrentar para superarlas. Ahora, voy a relatar lo que aprendí por la vía difícil.",Fiorella,15.0,17.0,4.0,5.0,,,,,,0,"[15, 17, 4, 5]",4,15.0,Sentence Length,"['structural', 'lexical', 'reduction']",3,structural,40,1,0,0,0,r4plus,long,0,fam=structural | rules=r4plus | len=long | num=0 | lex=0,fam=structural | rules=r4plus | len=long
88,5352_LibroBAC.pdf,"Luego, el mismo autor agrega, y aunque extenso, pero dada su importancia lo transcribiremos en toda su dimensión:","Luego, el mismo autor agrega una opinión extensa, pero se trascribirá completa por su importancia:",Fiorella,16.0,19.0,1.0,,,,,,,1,"[16, 19, 1]",3,16.0,Parenthetical Phrases,"['reduction', 'structural', 'lexical']",3,reduction,18,1,0,0,0,r3,medium,1,fam=reduction | rules=r3 | len=medium | num=0 | lex=1,fam=reduction | rules=r3 | len=medium
92,7617b_LibroBAC.pdf,"Muchas personas, más de las que uno pueda imaginarse, no tienen el hábito de presupuestar sus gastos con base en sus ingresos y en las necesidades que la vida les plantea cotidianamente para su subsistencia.",Muchas personas no tienen el hábito de presupuestar sus gastos con base en sus ingresos y en las necesidades cotidianas para su subsistencia.,Fiorella,15.0,16.0,5.0,,,,,,,0,"[15, 16, 5]",3,15.0,Sentence Length,"['structural', 'reduction']",2,structural,35,1,0,0,0,r3,long,0,fam=structural | rules=r3 | len=long | num=0 | lex=0,fam=structural | rules=r3 | len=long
93,7643_LibroBAC.pdf,"Este comportamiento puede obedecer a varias causas, mencionamos dos que consideramos sustanciales: la primera, que somos producto de una educación, que como ya lo hemos expresado, no nos educa en planificación ni en finanzas para la vida, considerando tales conocimientos y habilidades exclusivos para especialistas y segundo, quizás por el miedo que invade a muchas personas al descubrir cuánto gastan cada mes y cómo lo gastan, fundamentalmente por haber sido atrapados por una sociedad que cada vez es más consumista, porque como dice Rivers: Las cosas nos proporcionan comodidad, seguridad y evidencia de nuestro éxito.","Este comportamiento tiene varias causas, aunque mencionamos dos esenciales. En primer lugar, somos producto de una educación que no nos educa en planificación ni en finanzas para la vida. Esto porque se considera como conocimientos y habilidades exclusivos para especialistas. En segundo lugar, muchas personas sienten miedo al descubrir cuánto y cómo gastan cada mes, principalmente por pertenecer a una sociedad cada vez más consumista. Respecto a lo anterior, Rivers dice que las cosas nos proporcionan comodidad, seguridad y evidencia nuestro éxito.",Fiorella,15.0,5.0,1.0,4.0,16.0,17.0,19.0,2.0,,1,"[15, 5, 1, 4, 16, 17, 19, 2]",8,15.0,Sentence Length,"['structural', 'reduction', 'lexical']",3,structural,95,1,0,0,0,r4plus,long,1,fam=structural | rules=r4plus | len=long | num=0 | lex=1,fam=structural | rules=r4plus | len=long
94,7649_LibroBAC.pdf,"Dichas personas, ante sus temores, prefieren vivir en la oscuridad, con la esperanza de que todo esté marchando bien, sin entender que la peor solución que podemos darle a nuestros problemas financieros es ignorarlos, pretendiendo que se solucionen por sí solos.","Dichas personas prefieren vivir en la oscuridad y con la esperanza de que todo progrese bien en presencia de sus temores. Sin embargo, la peor solución para nuestros problemas financieros es ignorarlos y pretender que se solucionen solos.",Fiorella,21.0,15.0,2.0,4.0,17.0,19.0,5.0,,,0,"[21, 15, 2, 4, 17, 19, 5]",7,21.0,Use of Complex Punctuation Marks,"['structural', 'lexical', 'reduction']",3,structural,41,1,0,0,0,r4plus,long,0,fam=structural | rules=r4plus | len=long | num=0 | lex=0,fam=structural | rules=r4plus | len=long
95,7650_LibroBAC.pdf,"La misma fuente citada, continúa señalando, que: Ya sea que tengas $13.000 al año o $250 a la semana, si no elaboras un presupuesto, nunca lograrás el control absoluto de tus finanzas.",La misma fuente citada señala que nunca lograrás el control absoluto de tus finanzas si no elaboras un presupuesto. Aunque tengas trece mil dólares al año o doscientos cincuenta dólares a la semana.,Fiorella,21.0,14.0,19.0,15.0,,,,,,0,"[21, 14, 19, 15]",4,21.0,Use of Complex Punctuation Marks,['structural'],1,structural,32,2,1,1,0,r4plus,long,0,fam=structural | rules=r4plus | len=long | num=1 | lex=0,fam=structural | rules=r4plus | len=long
97,7624_LibroBAC.pdf,"Sé que te tomará algún tiempo hacer esto, pero este tiempo no es nada comparado con lo que este ejercicio puede representar para tu futuro financiero.","Te tomará algún tiempo hacer esto, pero este ejercicio puede ser sumamente favorable para tu futuro financiero.",Fiorella,17.0,5.0,4.0,,,,,,,0,"[17, 5, 4]",3,17.0,Relative Clauses,"['structural', 'reduction', 'lexical']",3,structural,26,1,0,0,0,r3,long,0,fam=structural | rules=r3 | len=long | num=0 | lex=0,fam=structural | rules=r3 | len=long
114,7675_LibroBAC.pdf,"Esto, sumado al hecho de que muchas de ellas tienden a no diferir ningún tipo de gastos, da como resultado que nunca sepan con cuanto dinero cuentan al fin del mes.","Esto provoca que nunca sepan con cuánto dinero cuentan al fin de mes. Además, muchas de ellas no diferencian ningún tipo de gastos.",Fiorella,15.0,19.0,6.0,5.0,17.0,,,,,0,"[15, 19, 6, 5, 17]",5,15.0,Sentence Length,"['structural', 'lexical', 'reduction']",3,structural,31,1,0,0,0,r4plus,long,0,fam=structural | rules=r4plus | len=long | num=0 | lex=0,fam=structural | rules=r4plus | len=long
115,7677_LibroBAC.pdf,"Uno de los mayores problemas que enfrentan las personas, las corporaciones, los gobiernos, e incluso los países, es que tienden a gastar más de lo que tienen, y la mayor barrera que encuentran es querer reducir sus deudas sin cambiar los malos hábitos que los han conducido a dicha situación.","Uno de los mayores problemas de las personas, corporaciones, gobiernos y países es la tendencia a gastar más de lo que tienen. Además, la mayor barrera presente es querer reducir sus deudas sin cambiar los malos hábitos que los llevaron a esa situación.",Fiorella,15.0,17.0,5.0,6.0,4.0,,,,,0,"[15, 17, 5, 6, 4]",5,15.0,Sentence Length,"['structural', 'reduction', 'lexical']",3,structural,50,1,0,0,0,r4plus,long,0,fam=structural | rules=r4plus | len=long | num=0 | lex=0,fam=structural | rules=r4plus | len=long
118,7683_LibroBAC.pdf,"El comportamiento del ingreso marca etapas o ciclos financieros bien diferenciados a lo largo de la vida: La primera etapa que va hasta los 18 años, es el lapso de la educación básica y se caracteriza por ser un periodo sin ingreso, un periodo de dependencia de los padres.","El comportamiento del ingreso marca etapas o ciclos diferenciados durante la vida. La primera etapa va hasta los dieciocho años y es el lapso de la educación básica. Además, se caracteriza por ser un periodo sin ingreso y de dependencia de los padres.",Fiorella,15.0,14.0,5.0,,,,,,,0,"[15, 14, 5]",3,15.0,Sentence Length,"['structural', 'reduction']",2,structural,49,1,1,0,0,r3,long,0,fam=structural | rules=r3 | len=long | num=1 | lex=0,fam=structural | rules=r3 | len=long
120,7686_LibroBAC.pdf,"La segunda, entre los 18 y los 30 años, aproximadamente, es la etapa de la formación profesional, en la cual elegimos una carrera, una profesión o un oficio que nos permita empezar a generar nuestros propios ingresos, ganar la independencia financiera y a definir nuestro futuro económico.","La segunda va aproximadamente entre los dieciocho y los treinta años y es la etapa de la formación profesional, pues elegimos una carrera, profesión u oficio. De esta forma, podemos empezar a generar nuestros propios ingresos, ganar independencia financiera y definir nuestro futuro económico.",Fiorella,14.0,15.0,16.0,17.0,5.0,19.0,,,,0,"[14, 15, 16, 17, 5, 19]",6,14.0,Use of Numerical Expressions,"['structural', 'reduction']",2,structural,47,1,1,0,0,r4plus,long,0,fam=structural | rules=r4plus | len=long | num=1 | lex=0,fam=structural | rules=r4plus | len=long
122,7689_LibroBAC.pdf,"Aquí se adquieren la mayoría de los bienes esenciales: la casa, los muebles y, en fin, todo el bagaje que implica el desarrollo de una familia.","Aquí se adquieren la mayoría de los bienes esenciales, como la casa, los muebles y todo lo necesario para el desarrollo de una familia.",Fiorella,16.0,3.0,1.0,6.0,,,,,,1,"[16, 3, 1, 6]",4,16.0,Parenthetical Phrases,"['reduction', 'lexical']",2,reduction,26,1,0,0,0,r4plus,long,1,fam=reduction | rules=r4plus | len=long | num=0 | lex=1,fam=reduction | rules=r4plus | len=long
123,7691_LibroBAC.pdf,"Para lograr una buena administración de los recursos financieros, si aún no se ha hecho, es imprescindible iniciar un programa regular de planificación financiera.",Iniciar un programa regular de planificación financiera es necesario para lograr una buena administración de los recursos financieros.,Fiorella,19.0,1.0,16.0,,,,,,,1,"[19, 1, 16]",3,19.0,Sentence Order,"['structural', 'lexical', 'reduction']",3,structural,24,1,0,0,0,r3,medium,1,fam=structural | rules=r3 | len=medium | num=0 | lex=1,fam=structural | rules=r3 | len=medium
125,7693_LibroBAC.pdf,"Sin embargo, hay partes del mismo, tales como el presupuesto de ingresos y gastos que deben revisarse con mucha mayor regularidad.","Sin embargo, deben revisarse con mayor regularidad ciertas partes del mismo, como el presupuesto de ingresos y gastos.",Fiorella,9.0,5.0,19.0,,,,,,,0,"[9, 5, 19]",3,9.0,Subordinating Conjunctions,"['morphosyntactic', 'reduction', 'structural']",3,morphosyntactic,21,1,0,0,0,r3,medium,0,fam=morphosyntactic | rules=r3 | len=medium | num=0 | lex=0,fam=morphosyntactic | rules=r3 | len=medium
127,7699_LibroBAC.pdf,Más o menos a los 56 años se inicia la etapa del pre-retiro.,La etapa del pre-retiro inicia aproximadamente a los cincuenta y seis años.,Fiorella,14.0,19.0,5.0,6.0,,,,,,0,"[14, 19, 5, 6]",4,14.0,Use of Numerical Expressions,"['structural', 'reduction', 'lexical']",3,structural,13,1,1,0,0,r4plus,medium,0,fam=structural | rules=r4plus | len=medium | num=1 | lex=0,fam=structural | rules=r4plus | len=medium
133,7710a_LibroBAC.pdf,"La persona consciente y quizás inteligente porque vive en la realidad y es capaz de visualizar el futuro, en la perspectiva de los cambios, ahorra para tal futuro y asume el control de su situación financiera teniendo en cuenta todos los aspectos de su vida.","La persona consciente e inteligente vive en la realidad y visualiza el futuro respecto a los cambios. Por esto, ahorra para el futuro y asume el control de su situación financiera considerando todos los aspectos de su vida.",Fiorella,15.0,5.0,6.0,,,,,,,0,"[15, 5, 6]",3,15.0,Sentence Length,"['structural', 'reduction', 'lexical']",3,structural,45,1,0,0,0,r3,long,0,fam=structural | rules=r3 | len=long | num=0 | lex=0,fam=structural | rules=r3 | len=long
135,7712_LibroBAC.pdf,"Permite realmente a una persona administrar el dinero que gana, cualquiera que sea la cantidad, así como fijar metas financieras de la misma manera que se fijan metas personales y profesionales.","Permite a una persona administrar el dinero que gana sin importar la cantidad. Además, facilita fijar metas financieras como se fijan metas personales y profesionales.",Fiorella,15.0,16.0,5.0,6.0,,,,,,0,"[15, 16, 5, 6]",4,15.0,Sentence Length,"['structural', 'reduction', 'lexical']",3,structural,31,1,0,0,0,r4plus,long,0,fam=structural | rules=r4plus | len=long | num=0 | lex=0,fam=structural | rules=r4plus | len=long
137,7715_LibroBAC.pdf,"Si la persona está casada, ella incluirá tanto las metas personales como las de su familia, las cuales deben elaborar participativa y consensualmente y no a su propia manera y menos autoritariamente.","La persona incluirá tanto metas personales y como familiares si está casada. Estas metas deben elaborarse participativamente y por acuerdo, no a su propia manera y menos autoritariamente.",Fiorella,21.0,15.0,5.0,,,,,,,0,"[21, 15, 5]",3,21.0,Use of Complex Punctuation Marks,"['structural', 'reduction']",2,structural,32,1,0,0,0,r3,long,0,fam=structural | rules=r3 | len=long | num=0 | lex=0,fam=structural | rules=r3 | len=long
138,7716_LibroBAC.pdf,Creer que el presupuesto es solamente para personas pobres o con bajos recursos e ingresos o para quienes se encuentran enfrentando situaciones difíciles.,Creer que el presupuesto solo es para personas con bajos recursos e ingresos o para quienes enfrentan situaciones difíciles.,Fiorella,19.0,5.0,6.0,,,,,,,0,"[19, 5, 6]",3,19.0,Sentence Order,"['structural', 'reduction', 'lexical']",3,structural,23,1,0,0,0,r3,medium,0,fam=structural | rules=r3 | len=medium | num=0 | lex=0,fam=structural | rules=r3 | len=medium
144,7730_LibroBAC.pdf,"qué requisitos me piden (monto mínimo, documentación, cuenta de cheques, etc.",Este debes aplicarlo mensualmente y puedes adaptarlo a tu situación personal o familiar al agregar o quitar conceptos.,Fiorella,5.0,6.0,16.0,,,,,,,0,"[5, 6, 16]",3,5.0,Unnecessary Words,"['reduction', 'lexical']",2,reduction,11,1,0,0,0,r3,short,0,fam=reduction | rules=r3 | len=short | num=0 | lex=0,fam=reduction | rules=r3 | len=short
149,10132_LibroBAC.pdf,"Esto se dice fácil, pero recuerda que quien al final toma las decisiones sobre tu dinero eres tú.","Esto parece fácil, pero recuerda que tú tomas las decisiones sobre tu dinero.",Fiorella,4.0,17.0,19.0,6.0,5.0,,,,,0,"[4, 17, 19, 6, 5]",5,4.0,Ambiguity in Word Meaning,"['lexical', 'structural', 'reduction']",3,lexical,18,1,0,0,0,r4plus,medium,0,fam=lexical | rules=r4plus | len=medium | num=0 | lex=0,fam=lexical | rules=r4plus | len=medium
151,10136_LibroBAC.pdf,"Por considerarse de interés para los diversos países, se transcribe a continuación parte del artículo de Patricia Leitón, publicado en el Suplemento Económico de la Nación (Costa Rica), del 1º de febrero de 2007, donde presenta los siguientes seis consejos para invertir: Tener claro el objetivo.","A continuación, se transcribe parte del artículo de Patricia Leitón por considerarse de interés para diversos países. Este artículo fue publicado el primero de febrero de dos mil siete en el Suplemento Económico del periódico costarricense la Nación. En este, se presentan los siguientes seis consejos para invertir. En primer lugar, se debe tener claro el objetivo.",Fiorella,15.0,14.0,19.0,5.0,16.0,4.0,3.0,,,0,"[15, 14, 19, 5, 16, 4, 3]",7,15.0,Sentence Length,"['structural', 'reduction', 'lexical']",3,structural,46,1,1,0,0,r4plus,long,0,fam=structural | rules=r4plus | len=long | num=1 | lex=0,fam=structural | rules=r4plus | len=long
154,10149_LibroBAC.pdf,Las preguntas básicas que debe hacer el ahorrante para conocer las características de los instrumentos financieros son: ¿cuál es la tasa de interés o rendimiento?,"El ahorrante debe hacerse algunas preguntas básicas para conocer las características de los instrumentos financieros. La primera, ¿cuál es la tasa de interés o rendimiento?",Fiorella,15.0,7.0,,,,,,,,0,"[15, 7]",2,15.0,Sentence Length,"['structural', 'morphosyntactic']",2,structural,25,1,0,0,0,r2,long,0,fam=structural | rules=r2 | len=long | num=0 | lex=0,fam=structural | rules=r2 | len=long
159,10168_LibroBAC.pdf,"La SUGEVAL tiene como función velar por la transparencia de los mercados de valores, la formación correcta de los precios, la protección de los inversionistas y la difusión de la información.","La Superintendencia General de Valores vela por la honradez de los mercados de valores, formula correctamente los precios, protege a los inversionistas y difunde la información.",Fiorella,15.0,13.0,5.0,6.0,2.0,4.0,,,,0,"[15, 13, 5, 6, 2, 4]",6,15.0,Sentence Length,"['structural', 'lexical', 'reduction']",3,structural,31,1,0,0,0,r4plus,long,0,fam=structural | rules=r4plus | len=long | num=0 | lex=0,fam=structural | rules=r4plus | len=long
167,11507_LibroBAC.pdf,La importancia de un historial de crédito impecable y algunos consejos en caso de que sea necesario corregirlo.,La importancia de un historial crediticio limpio y algunos consejos si es necesario corregirlo.,Fiorella,6.0,1.0,,,,,,,,1,"[6, 1]",2,6.0,Complex Phrases,['lexical'],1,lexical,18,1,0,0,0,r2,medium,1,fam=lexical | rules=r2 | len=medium | num=0 | lex=1,fam=lexical | rules=r2 | len=medium
174,11521_LibroBAC.pdf,"En otros términos, como lo señala el DRAE (Diccionario de la Real Academia 10 Española), crédito es la cantidad de dinero o cosa equivalente que alguien debe a una persona o entidad y que el acreedor tiene derecho de exigir y cobrar.","Es decir, el Diccionario de la Real Academia Española señala que el crédito es la cantidad de dinero debida a una persona o entidad. En este sentido, el acreedor tiene derecho a exigir y cobrar.",Fiorella,6.0,13.0,15.0,16.0,5.0,,,,,0,"[6, 13, 15, 16, 5]",5,6.0,Complex Phrases,"['lexical', 'structural', 'reduction']",3,lexical,42,1,1,0,0,r4plus,long,0,fam=lexical | rules=r4plus | len=long | num=1 | lex=0,fam=lexical | rules=r4plus | len=long
175,11516_LibroBAC.pdf,"En lenguaje más financiero, digamos que es el dinero que se pide prestado (préstamo) a los bancos u otras instituciones e incluso a otras personas, por el que se paga un interés y que se debe devolver en cuotas, en un plazo determinado.","En lenguaje más financiero, es el dinero prestado por los bancos, otras instituciones u otras personas, es decir, el préstamo. Además, se paga un interés por este dinero, se devuelve en cuotas y en un plazo determinado.",Fiorella,5.0,6.0,16.0,15.0,,,,,,0,"[5, 6, 16, 15]",4,5.0,Unnecessary Words,"['reduction', 'lexical', 'structural']",3,reduction,43,1,0,0,0,r4plus,long,0,fam=reduction | rules=r4plus | len=long | num=0 | lex=0,fam=reduction | rules=r4plus | len=long
176,11517_LibroBAC.pdf,"Cuánto menor sea la tasa de interés, es mucho mejor para la persona o empresa que toma el crédito, y cuanto antes se complete la devolución, menor será el monto total de intereses que se debe pagar.","Una menor tasa de interés es mejor para la persona o empresa crediticia. Además, el monto total de intereses a pagar será menor si se reembolsa antes.",Fiorella,15.0,7.0,6.0,5.0,,,,,,0,"[15, 7, 6, 5]",4,15.0,Sentence Length,"['structural', 'morphosyntactic', 'lexical', 'reduction']",4,structural,37,1,0,0,0,r4plus,long,0,fam=structural | rules=r4plus | len=long | num=0 | lex=0,fam=structural | rules=r4plus | len=long
190,11542_LibroBAC.pdf,Otros ejemplos de deudas de inversión son: préstamos para la universidad o para capacitación profesional y préstamos para hacer mejoras a la casa.,Hay otros ejemplos de deudas de inversión. Estos son préstamos para la universidad o capacitación profesional y préstamos para mejorar la casa.,Fiorella,15.0,6.0,5.0,,,,,,,0,"[15, 6, 5]",3,15.0,Sentence Length,"['structural', 'lexical', 'reduction']",3,structural,23,1,0,0,0,r3,medium,0,fam=structural | rules=r3 | len=medium | num=0 | lex=0,fam=structural | rules=r3 | len=medium
191,11548_LibroBAC.pdf,Una deuda de conveniencia se da cuando se usa el crédito para pagar un gasto grande durante un tiempo.,Una deuda de conveniencia ocurre cuando usa el crédito para pagar un gasto grande durante un tiempo.,Fiorella,6.0,5.0,,,,,,,,0,"[6, 5]",2,6.0,Complex Phrases,"['lexical', 'reduction']",2,lexical,19,1,0,0,0,r2,medium,0,fam=lexical | rules=r2 | len=medium | num=0 | lex=0,fam=lexical | rules=r2 | len=medium
193,11553_LibroBAC.pdf,"Si tiene cuidado, una deuda de conveniencia le puede ayudar a manejar su dinero.",Una deuda de conveniencia puede ayudarle a manejar su dinero si tiene cuidado.,Fiorella,19.0,6.0,,,,,,,,0,"[19, 6]",2,19.0,Sentence Order,"['structural', 'lexical']",2,structural,14,1,0,0,0,r2,medium,0,fam=structural | rules=r2 | len=medium | num=0 | lex=0,fam=structural | rules=r2 | len=medium
195,11576_LibroBAC.pdf,Es un tipo de financiamiento a corto plazo que las personas o empresas obtienen en los bancos.,Es un tipo de financiamiento a corto plazo obtenido en los bancos.,Fiorella,5.0,6.0,,,,,,,,0,"[5, 6]",2,5.0,Unnecessary Words,"['reduction', 'lexical']",2,reduction,17,1,0,0,0,r2,medium,0,fam=reduction | rules=r2 | len=medium | num=0 | lex=0,fam=reduction | rules=r2 | len=medium
196,11578_LibroBAC.pdf,"Se trata de un documento privado por el que una persona se compromete a pagar a otra, a su orden, una cantidad determinada en una fecha fija.",Es un documento privado que compromete a una persona a pagar a otra una cantidad determinada en cierta fecha.,Fiorella,6.0,16.0,,,,,,,,0,"[6, 16]",2,6.0,Complex Phrases,"['lexical', 'reduction']",2,lexical,27,1,0,0,0,r2,long,0,fam=lexical | rules=r2 | len=long | num=0 | lex=0,fam=lexical | rules=r2 | len=long
197,11581_LibroBAC.pdf,"Acuerdo de crédito entre una institución financiera y un cliente, por el cual el cliente tiene un monto máximo autorizado durante un período dado de tiempo, que usa y reintegra según sus necesidades.","Es el acuerdo crediticio entre una institución financiera y un cliente. Mediante este, el cliente tiene un monto máximo autorizado durante un cierto período, que usa y reintegra según necesite.",Fiorella,15.0,6.0,,,,,,,,0,"[15, 6]",2,15.0,Sentence Length,"['structural', 'lexical']",2,structural,33,1,0,0,0,r2,long,0,fam=structural | rules=r2 | len=long | num=0 | lex=0,fam=structural | rules=r2 | len=long
204,11602_LibroBAC.pdf,En este caso existe entonces el riesgo de valor residual para la arrendadora.,"Entonces, la arrendadora se arriesga al valor residual en este caso.",Fiorella,19.0,7.0,,,,,,,,0,"[19, 7]",2,19.0,Sentence Order,"['structural', 'morphosyntactic']",2,structural,13,1,0,0,0,r2,medium,0,fam=structural | rules=r2 | len=medium | num=0 | lex=0,fam=structural | rules=r2 | len=medium
205,11603_LibroBAC.pdf,"El cliente que tiene un leasing operativo podría decidir terminar su contrato de arrendamiento antes, mientras que en un leasing financiero esto no es posible, ya que esto es una compra pactada a un plazo financiado.","El cliente podría terminar su contrato de arrendamiento antes si tiene un leasing operativo. En cambio, esto no es posible con un leasing financiero, pues es una compra pactada a un plazo financiado.",Fiorella,15.0,5.0,17.0,6.0,,,,,,0,"[15, 5, 17, 6]",4,15.0,Sentence Length,"['structural', 'reduction', 'lexical']",3,structural,36,1,0,0,0,r4plus,long,0,fam=structural | rules=r4plus | len=long | num=0 | lex=0,fam=structural | rules=r4plus | len=long
207,11605_LibroBAC.pdf,"En términos de tasas y cuotas, ambas opciones tienen características similares.",Ambas opciones son similares respecto a tasas y cuotas.,Fiorella,6.0,5.0,,,,,,,,0,"[6, 5]",2,6.0,Complex Phrases,"['lexical', 'reduction']",2,lexical,11,1,0,0,0,r2,short,0,fam=lexical | rules=r2 | len=short | num=0 | lex=0,fam=lexical | rules=r2 | len=short
210,11613_LibroBAC.pdf,"Una de las virtudes del leasing es la posibilidad que tiene el arrendatario (cliente) de renovar el activo cada cierto tiempo, aprovechando la negociación de la arrendadora con sus proveedores lo cual se traduce en mejores tarifas (principalmente en cuanto a pólizas).","Uno de los beneficios del leasing es la posibilidad del arrendatario de renovar ocasionalmente el activo. Así, aprovecha la negociación de la arrendadora con sus proveedores y obtiene mejores tarifas, principalmente en las pólizas.",Fiorella,15.0,1.0,6.0,16.0,12.0,,,,,1,"[15, 1, 6, 16, 12]",5,15.0,Sentence Length,"['structural', 'lexical', 'reduction', 'morphosyntactic']",4,structural,42,1,0,0,0,r4plus,long,1,fam=structural | rules=r4plus | len=long | num=0 | lex=1,fam=structural | rules=r4plus | len=long
211,11614_LibroBAC.pdf,"A nivel de clientes jurídicos, el mayor beneficio se obtiene en cuestiones fiscales.",El mayor beneficio para los clientes jurídicos son las cuestiones fiscales.,Fiorella,19.0,6.0,,,,,,,,0,"[19, 6]",2,19.0,Sentence Order,"['structural', 'lexical']",2,structural,13,1,0,0,0,r2,medium,0,fam=structural | rules=r2 | len=medium | num=0 | lex=0,fam=structural | rules=r2 | len=medium
212,11617_LibroBAC.pdf,"La base del crédito, como su nombre lo indica, es la credibilidad.",La base del crédito es precisamente la credibilidad.,Fiorella,16.0,6.0,,,,,,,,0,"[16, 6]",2,16.0,Parenthetical Phrases,"['reduction', 'lexical']",2,reduction,12,1,0,0,0,r2,short,0,fam=reduction | rules=r2 | len=short | num=0 | lex=0,fam=reduction | rules=r2 | len=short
214,11621_LibroBAC.pdf,"También, contiene información acerca de las cuentas de crédito que abrió, el límite de crédito de una línea de crédito rotativo, o la cantidad total de un préstamo, si efectuó pagos mensuales a tiempo, y si no se pagó alguna porción de dinero que pidió prestado.","También, contiene información sobre las cuentas crediticias abiertas o el límite crediticio de una línea de crédito rotativo. Además, registra la cantidad total de un préstamo, si efectuó puntualmente pagos mensuales y si no pagó parte del préstamo.",Fiorella,15.0,6.0,5.0,,,,,,,0,"[15, 6, 5]",3,15.0,Sentence Length,"['structural', 'lexical', 'reduction']",3,structural,46,1,0,0,0,r3,long,0,fam=structural | rules=r3 | len=long | num=0 | lex=0,fam=structural | rules=r3 | len=long
215,11622_LibroBAC.pdf,"Pagos morosos o saldos pendientes elevados relativos a sus límites de crédito totales, son señales de advertencia de que quizás usted no sea el mejor riesgo de crédito para un prestamista, bancos o instituciones financieras que revisan informes de crédito.","Los pagos morosos o saldos pendientes elevados respecto sus límites crediticios totales son advertencias para quienes revisan informes crediticios. Estas señales indican que usted no es el mejor riesgo crediticio para un prestamista, bancos o instituciones financieras.",Fiorella,15.0,19.0,1.0,6.0,5.0,,,,,1,"[15, 19, 1, 6, 5]",5,15.0,Sentence Length,"['structural', 'lexical', 'reduction']",3,structural,40,1,0,0,0,r4plus,long,1,fam=structural | rules=r4plus | len=long | num=0 | lex=1,fam=structural | rules=r4plus | len=long
217,11624_LibroBAC.pdf,"Utilizar el crédito responsablemente ayuda a mejorar su historial de crédito, o el registro de cómo utiliza el crédito que tiene.",Utilizar el crédito responsablemente mejora su historial crediticio.,Fiorella,6.0,16.0,,,,,,,,0,"[6, 16]",2,6.0,Complex Phrases,"['lexical', 'reduction']",2,lexical,21,1,0,0,0,r2,medium,0,fam=lexical | rules=r2 | len=medium | num=0 | lex=0,fam=lexical | rules=r2 | len=medium
232,11666_LibroBAC.pdf,"Para obtener un crédito bancario, es necesario demostrar que se tiene capacidad de pago, para hacer frente a dicho crédito.",Demostrar la capacidad de pago para afrontar un crédito bancario es necesario para obtener uno.,Fiorella,19.0,5.0,6.0,,,,,,,0,"[19, 5, 6]",3,19.0,Sentence Order,"['structural', 'reduction', 'lexical']",3,structural,20,1,0,0,0,r3,medium,0,fam=structural | rules=r3 | len=medium | num=0 | lex=0,fam=structural | rules=r3 | len=medium
234,11669_LibroBAC.pdf,"Es decir, los pagos por alimentos, arriendo o dividendos, matrículas escolares, servicios básicos (luz, agua, teléfono, cable y otros).","Es decir, los pagos por alimentos, arriendo, dividendos, matrículas escolares, servicios básicos y otros.",Fiorella,5.0,16.0,,,,,,,,0,"[5, 16]",2,5.0,Unnecessary Words,['reduction'],1,reduction,19,1,0,0,0,r2,medium,0,fam=reduction | rules=r2 | len=medium | num=0 | lex=0,fam=reduction | rules=r2 | len=medium
235,11671_LibroBAC.pdf,"Adicionalmente, en caso de existir pagos por otras deudas, también se deben restar.","Adicionalmente, también se deben restar los pagos por otras deudas si existen.",Fiorella,19.0,6.0,5.0,,,,,,,0,"[19, 6, 5]",3,19.0,Sentence Order,"['structural', 'lexical', 'reduction']",3,structural,13,1,0,0,0,r3,medium,0,fam=structural | rules=r3 | len=medium | num=0 | lex=0,fam=structural | rules=r3 | len=medium
242,11681_LibroBAC.pdf,"El crédito personal es un financiamiento que se otorga a plazos cortos (de 3 a 5 años), en donde la capacidad de pago, la relación cuota/ingreso y el nivel de endeudamiento del solicitante son determinantes del monto a prestar.","El crédito personal es un financiamiento otorgado a plazos cortos de tres a cinco años. Además, el monto a prestar depende de la capacidad de pago, la relación entre cuota e ingreso y el nivel de endeudamiento del solicitante.",Fiorella,15.0,6.0,16.0,14.0,21.0,19.0,,,,0,"[15, 6, 16, 14, 21, 19]",6,15.0,Sentence Length,"['structural', 'lexical', 'reduction']",3,structural,39,1,1,0,0,r4plus,long,0,fam=structural | rules=r4plus | len=long | num=1 | lex=0,fam=structural | rules=r4plus | len=long
246,15430_LibroBAC.pdf,"En el campo de los seguros es donde quizás más requieran educación las personas, ya que estos son generalmente desconocidos por la mayoría de los públicos e incluso, a muchos les son indiferentes y quizás por lo mismo, porque como no se conocen no se valora su significado.","Las personas requieren más información respecto a los seguros, pues la mayoría de los públicos los desconocen. Incluso son indiferentes para muchos porque no valoran su significado.",Fiorella,19.0,15.0,5.0,6.0,7.0,,,,,0,"[19, 15, 5, 6, 7]",5,19.0,Sentence Order,"['structural', 'reduction', 'lexical', 'morphosyntactic']",4,structural,48,1,0,0,0,r4plus,long,0,fam=structural | rules=r4plus | len=long | num=0 | lex=0,fam=structural | rules=r4plus | len=long
252,15437_LibroBAC.pdf,Los seguros son una modalidad de gestión financiera que le ayudará a las personas a prevenir descalabros en sus ingresos y en su seguridad personal que en un momento dado son inevitables y que a cualquier persona pueden ocurrirle.,"Los seguros son una modalidad de gestión financiera. Estos ayudarán a las personas a prevenir crisis en sus ingresos y en su seguridad personal. Sin embargo, estos problemas son inevitables y le pueden ocurrir a cualquiera.",Fiorella,15.0,1.0,6.0,19.0,,,,,,1,"[15, 1, 6, 19]",4,15.0,Sentence Length,"['structural', 'lexical']",2,structural,39,1,0,0,0,r4plus,long,1,fam=structural | rules=r4plus | len=long | num=0 | lex=1,fam=structural | rules=r4plus | len=long
254,15451_LibroBAC.pdf,"Como se dice popularmente, nadie tiene la vida comprada, de allí que todas las personas seamos muy vulnerables por el riesgo que se corre con diferentes fenómenos que van desde los estafadores y atracadores que aumenten especialmente en las ciudades, que no sólo ponen en riesgo los bienes sino la propia vida, hasta las dificultades a que se está expuesto permanentemente como no poder trabajar, después de haber sufrido un accidente, por jubilación o por cualquier otra circunstancia, enfermarse gravemente, ser víctima de un terremoto o cualquier otra calamidad natural o de un incendio, etc.","Nadie tiene la vida comprada. Entonces, todas las personas somos vulnerables a la amenaza de diferentes fenómenos. Estos van desde estafadores y ladrones que amenazan los bienes y la vida. Hasta las dificultades permanentes, como no poder trabajar por sufrir un accidente, la jubilación u otra circunstancia.",Fiorella,15.0,5.0,6.0,17.0,16.0,13.0,,,,0,"[15, 5, 6, 17, 16, 13]",6,15.0,Sentence Length,"['structural', 'reduction', 'lexical']",3,structural,95,1,0,0,0,r4plus,long,0,fam=structural | rules=r4plus | len=long | num=0 | lex=0,fam=structural | rules=r4plus | len=long
255,15452_LibroBAC.pdf,Y aquí es donde surge la necesidad de protección personal y la de la familia.,Aquí surge la necesidad de protección personal y familiar.,Fiorella,5.0,6.0,,,,,,,,0,"[5, 6]",2,5.0,Unnecessary Words,"['reduction', 'lexical']",2,reduction,15,1,0,0,0,r2,medium,0,fam=reduction | rules=r2 | len=medium | num=0 | lex=0,fam=reduction | rules=r2 | len=medium
260,15442_LibroBAC.pdf,"El caso más frecuente es el de la ansiedad, zozobra y desesperación por mantener y obtener cada vez ingresos más altos, lo cual creo se comprende como una resultante impuesta por la sociedad de consumo que nos rige.","El caso más frecuente es la ansiedad, inquietud y desesperación por mantener y obtener ingresos más altos. Esto es un efecto impuesto por la sociedad consumista que nos rige.",Fiorella,15.0,5.0,1.0,6.0,,,,,,1,"[15, 5, 1, 6]",4,15.0,Sentence Length,"['structural', 'reduction', 'lexical']",3,structural,38,1,0,0,0,r4plus,long,1,fam=structural | rules=r4plus | len=long | num=0 | lex=1,fam=structural | rules=r4plus | len=long
265,15450_LibroBAC.pdf,"Lamentablemente, pocos países del planeta tienen un seguro para esta contingencia, pero sí se sabe que a ello se está expuesto permanentemente por los vaivenes, a veces insospechados del mercado del empleo, es recomendable que las personas piensen en mantener un fondo con recursos suficientes que vayan de dos a seis meses aproximadamente de sueldo o salario, equivalente al sueldo que tenga en el momento en que está trabajando, asunto que no es fácil, comprendemos suficientemente y dependiendo también de varios factores como es el monto del salario que devenga la persona y hasta donde le admite posibilidades de ahorro, de la claridad que ella tenga sobre el problema, etc.","Lamentablemente, pocos países tienen un seguro para esta situación, pero estamos permanentemente expuestos a esto por el inestable mercado de empleo. Las personas deberían mantener un fondo con recursos de entre dos a seis meses del sueldo actual, aunque es complicado. Pues depende de varios factores, como el salario de la persona y si le permite ahorrar, la consciencia sobre el problema, entre otros.",Fiorella,15.0,5.0,1.0,6.0,16.0,17.0,13.0,,,1,"[15, 5, 1, 6, 16, 17, 13]",7,15.0,Sentence Length,"['structural', 'reduction', 'lexical']",3,structural,110,1,0,0,0,r4plus,long,1,fam=structural | rules=r4plus | len=long | num=0 | lex=1,fam=structural | rules=r4plus | len=long
269,15466_LibroBAC.pdf,"En los últimos tiempos, las reformas sociales y económicas que vienen haciendo los países, que no permiten ya que las personas adquieran antigüedad en sus empresas hasta pensionarse o jubilarse, hace que estas personas y también los que entran a trabajar independientemente, deban hacer las previsiones económicas pertinentes para cuando llegue el momento de su retiro del ámbito laboral.","Últimamente, las reformas sociales y económicas hechas por los países no permiten a las personas envejecer en sus empresas hasta jubilarse. Estas reformas obligan a empleados y trabajadores independientes a hacer previsiones económicas para cuando se retiren laboralmente.",Fiorella,15.0,6.0,16.0,5.0,17.0,,,,,0,"[15, 6, 16, 5, 17]",5,15.0,Sentence Length,"['structural', 'lexical', 'reduction']",3,structural,59,1,0,0,0,r4plus,long,0,fam=structural | rules=r4plus | len=long | num=0 | lex=0,fam=structural | rules=r4plus | len=long
270,15467_LibroBAC.pdf,"De no hacerlo, tendrán seguramente muchas dificultades para pasar sus últimos tiempos de vida, especialmente en lo relacionado con su salud.","Seguramente, tendrán muchas dificultades durante sus últimos años de no hacerlo, especialmente respecto a su salud.",Fiorella,19.0,6.0,5.0,,,,,,,0,"[19, 6, 5]",3,19.0,Sentence Order,"['structural', 'lexical', 'reduction']",3,structural,21,1,0,0,0,r3,medium,0,fam=structural | rules=r3 | len=medium | num=0 | lex=0,fam=structural | rules=r3 | len=medium
276,15481_LibroBAC.pdf,"El problema de los servicios de salud para los ancianos sólo empeorará en el futuro, cuando 75 millones de personas nacidas después de la Segunda Guerra Mundial alcancen ese rango de edad en los próximos 10 años.",El problema de los servicios de salud para los ancianos empeorará en el futuro. Esto cuando setenta y cinco millones de personas nacidas tras la Segunda Guerra Mundial alcancen una edad próxima a diez años.,Fiorella,15.0,5.0,14.0,6.0,,,,,,0,"[15, 5, 14, 6]",4,15.0,Sentence Length,"['structural', 'reduction', 'lexical']",3,structural,37,1,1,0,0,r4plus,long,0,fam=structural | rules=r4plus | len=long | num=1 | lex=0,fam=structural | rules=r4plus | len=long
277,15483_LibroBAC.pdf,"Lo anterior es referido a un país desarrollado como los Estados Unidos de Norteamérica, ni qué decir de los países nuestros cuando su desarrollo es aun tan deficiente y por lo mismo navegan en tantas necesidades y limitaciones.","Lo anterior es para un país desarrollado, como Estados Unidos. Este dato empeora para nuestros países subdesarrollados y con tantas necesidades y limitaciones.",Fiorella,15.0,6.0,5.0,2.0,,,,,,0,"[15, 6, 5, 2]",4,15.0,Sentence Length,"['structural', 'lexical', 'reduction']",3,structural,38,1,0,0,0,r4plus,long,0,fam=structural | rules=r4plus | len=long | num=0 | lex=0,fam=structural | rules=r4plus | len=long
278,15484_LibroBAC.pdf,"Luego continúan: La gente me dice frecuentemente: Yo no necesitaré mucho dinero cuando me retire, porque mis gastos se reducirán.","Luego, comentan que la gente frecuentemente afirma no necesitar mucho dinero al retirarse, pues sus gastos se reducirán.",Fiorella,3.0,21.0,6.0,,,,,,,0,"[3, 21, 6]",3,3.0,Visual Reference Dependence,"['reduction', 'structural', 'lexical']",3,reduction,20,1,0,0,0,r3,medium,0,fam=reduction | rules=r3 | len=medium | num=0 | lex=0,fam=reduction | rules=r3 | len=medium
279,15487_LibroBAC.pdf,"Aunque es verdad que sus gastos pueden reducirse después de que usted se retire, hay uno que con frecuencia se incrementa de manera dramática, y ese es el de la salud.","Sus gastos ciertamente pueden reducirse tras el retiro, pero el gasto de la salud se incrementa dramáticamente.",Fiorella,15.0,21.0,7.0,6.0,5.0,,,,,0,"[15, 21, 7, 6, 5]",5,15.0,Sentence Length,"['structural', 'morphosyntactic', 'lexical', 'reduction']",4,structural,31,1,0,0,0,r4plus,long,0,fam=structural | rules=r4plus | len=long | num=0 | lex=0,fam=structural | rules=r4plus | len=long
280,15490_LibroBAC.pdf,"En los próximos años quedará claro que la atención de la salud, será literalmente un asunto de vida o muerte para millones de personas de edad avanzada.",La atención de la salud será un asunto vital para millones de adultos mayores en los próximos años.,Fiorella,15.0,7.0,5.0,6.0,19.0,,,,,0,"[15, 7, 5, 6, 19]",5,15.0,Sentence Length,"['structural', 'morphosyntactic', 'reduction', 'lexical']",4,structural,27,1,0,0,0,r4plus,long,0,fam=structural | rules=r4plus | len=long | num=0 | lex=0,fam=structural | rules=r4plus | len=long
284,15499_LibroBAC.pdf,La segunda respuesta es otra pregunta: ¿la educación que reciben sus hijos los preparará para tener la suficiente seguridad financiera con el fin de no necesitar de apoyo financiero y médico del gobierno al final de su vida laboral?,La segunda respuesta es otra pregunta. ¿La educación recibida por sus hijos los preparará para tener suficiente seguridad financiera? ¿Podrán prescindir del apoyo gubernamental financiero y médico al jubilarse?,Fiorella,15.0,6.0,5.0,,,,,,,0,"[15, 6, 5]",3,15.0,Sentence Length,"['structural', 'lexical', 'reduction']",3,structural,39,1,0,0,0,r3,long,0,fam=structural | rules=r3 | len=long | num=0 | lex=0,fam=structural | rules=r3 | len=long
288,15504_LibroBAC.pdf,"La muerte prematura es uno de los fenómenos contingenciales que se torna a veces más grave, porque si bien no afecta a la persona sujeto del acontecimiento, sus deudos familiares y más específicamente su familia es la que entra a pagar las consecuencias, máxime si ésta queda sin recursos y depende directamente de aquélla.","La muerte prematura es de los fenómenos inciertos que se vuelve más grave, aunque no afecta a la persona. Porque su familia debe pagar las consecuencias, especialmente si dependía directamente de aquella y queda sin recursos.",Fiorella,15.0,1.0,5.0,16.0,6.0,19.0,,,,1,"[15, 1, 5, 16, 6, 19]",6,15.0,Sentence Length,"['structural', 'lexical', 'reduction']",3,structural,54,1,0,0,0,r4plus,long,1,fam=structural | rules=r4plus | len=long | num=0 | lex=1,fam=structural | rules=r4plus | len=long
292,15509_LibroBAC.pdf,"También existe la modalidad, y según diferentes circunstancias, que las empresas mismas aseguran a sus trabajadores o funcionarios, motivadas unas veces por legislaciones que tienen los países al respecto para determinados trabajos u ocupaciones que tienen involucrados significativos riesgos en su desempeño y otras por iniciativa y políticas de la misma organización o empresa.","También, existe la modalidad donde las empresas aseguran a sus trabajadores según las circunstancias. Esto se hace por legislaciones nacionales para trabajos riesgosos o por iniciativa y políticas de la misma organización o empresa.",Fiorella,15.0,16.0,5.0,2.0,6.0,5.0,,,,0,"[15, 16, 5, 2, 6, 5]",6,15.0,Sentence Length,"['structural', 'reduction', 'lexical']",3,structural,54,1,0,0,0,r4plus,long,0,fam=structural | rules=r4plus | len=long | num=0 | lex=0,fam=structural | rules=r4plus | len=long
293,15510_LibroBAC.pdf,"Lo cierto es, que en todos los casos, el seguro de vida se ha vuelto una necesidad apremiante para todas las personas, primero, por los riesgos que todos los días se acentúan en la vida y segundo, por el cambio que han ido teniendo las políticas del Estado y las empresariales en relación con el Seguro Social.","Ciertamente, el seguro de vida se ha vuelto una necesidad urgente para todas las personas. Pues los riesgos se acentúan diariamente y las políticas estatales y empresariales han cambiado respecto al Seguro Social.",Fiorella,15.0,16.0,1.0,5.0,6.0,19.0,,,,1,"[15, 16, 1, 5, 6, 19]",6,15.0,Sentence Length,"['structural', 'reduction', 'lexical']",3,structural,57,1,0,0,0,r4plus,long,1,fam=structural | rules=r4plus | len=long | num=0 | lex=1,fam=structural | rules=r4plus | len=long
296,15514_LibroBAC.pdf,"Las personas tienen miedo a que estos hechos, que se llaman fenómenos o factores contingenciales de la vida, puedan ocurrir, por lo cual quieren contrarrestar o remediar los efectos mediante un seguro, que por todas las circunstancias que lo explican, lo definen como una inversión y no como un gasto, como muchas personas todavía lo califican, quizás por insuficiente información sobre el mismo.","Las personas temen que ocurran los factores inciertos de la vida. Por esto, quieren contrarrestarlos mediante un seguro y definen a este como una inversión y no como un gasto. Sin embargo, aún muchas personas lo califican como gasto por desinformación.",Fiorella,15.0,6.0,16.0,19.0,5.0,17.0,,,,0,"[15, 6, 16, 19, 5, 17]",6,15.0,Sentence Length,"['structural', 'lexical', 'reduction']",3,structural,63,1,0,0,0,r4plus,long,0,fam=structural | rules=r4plus | len=long | num=0 | lex=0,fam=structural | rules=r4plus | len=long
297,15515_LibroBAC.pdf,"Asegurarse hoy y hacia el futuro, además de una necesidad por las diferentes contingencias a que se ve enfrentada la vida, los bienes y el bienestar de las personas y de sus familias se ha convertido en una impostergable necesidad, al tiempo que en un tema que requiere educación, ya que no es fácil acceder a tal cultura.","Asegurarse los bienes y el bienestar de las personas y su familia es una necesidad impostergable por los riesgos de la vida. Asimismo, se requiere educación sobre este tema, pues no es fácil acceder a tal cultura.",Fiorella,15.0,5.0,16.0,6.0,1.0,,,,,1,"[15, 5, 16, 6, 1]",5,15.0,Sentence Length,"['structural', 'reduction', 'lexical']",3,structural,58,1,0,0,0,r4plus,long,1,fam=structural | rules=r4plus | len=long | num=0 | lex=1,fam=structural | rules=r4plus | len=long
302,15522_LibroBAC.pdf,"Pero si la persona se ve avocada a las vulnerabilidades señaladas y a otras contingencias y de pronto no tiene recursos económicos, no tiene flujos de ingresos para enfrentarse a ellas, ahí si fue Troya, como se dice popularmente.",Pero se agrava el problema si la persona lidia con las vulnerabilidades señaladas y otras sin recursos económicos para enfrentarlas.,Fiorella,15.0,19.0,2.0,6.0,5.0,16.0,,,,0,"[15, 19, 2, 6, 5, 16]",6,15.0,Sentence Length,"['structural', 'lexical', 'reduction']",3,structural,39,1,0,0,0,r4plus,long,0,fam=structural | rules=r4plus | len=long | num=0 | lex=0,fam=structural | rules=r4plus | len=long
311,15548_LibroBAC.pdf,"Cómo antes se mencionó, existen empresas especializadas en este tipo de servicio, es decir, de seguros, las cuales se llaman empresas aseguradoras.",Las empresas especializadas en seguros se llaman empresas aseguradoras.,Fiorella,16.0,19.0,5.0,6.0,,,,,,0,"[16, 19, 5, 6]",4,16.0,Parenthetical Phrases,"['reduction', 'structural', 'lexical']",3,reduction,22,1,0,0,0,r4plus,medium,0,fam=reduction | rules=r4plus | len=medium | num=0 | lex=0,fam=reduction | rules=r4plus | len=medium
313,15550_LibroBAC.pdf,"Ahora bien, para contratar un seguro se pueden tener en cuenta unos criterios sencillos como los siguientes:","Además, se pueden considerar los siguientes sencillos criterios para contratar un seguro:",Fiorella,6.0,19.0,5.0,,,,,,,0,"[6, 19, 5]",3,6.0,Complex Phrases,"['lexical', 'structural', 'reduction']",3,lexical,17,1,0,0,0,r3,medium,0,fam=lexical | rules=r3 | len=medium | num=0 | lex=0,fam=lexical | rules=r3 | len=medium
318,15556b_LibroBAC.pdf,"El seguro de vida es un mecanismo financiero que existe para dotar de ingresos a las personas que dependen del asegurado y que permite que si muere el mismo o es incapacitado, su familia no entre en bancarrota y esté expuesta a padecer necesidades por deprivación de los ingresos que aportaba el jefe o la jefa de familia.","El seguro de vida es un mecanismo financiero que existe para proveer de ingresos a las personas dependientes del asegurado. Así, su familia no entra en bancarrota ni se expone a necesidades por deprivación de los ingresos aportados por el proveedor familiar. Esto en caso de que la persona muera o sea incapacitada.",Fiorella,15.0,19.0,1.0,5.0,6.0,,,,,1,"[15, 19, 1, 5, 6]",5,15.0,Sentence Length,"['structural', 'lexical', 'reduction']",3,structural,58,1,0,0,0,r4plus,long,1,fam=structural | rules=r4plus | len=long | num=0 | lex=1,fam=structural | rules=r4plus | len=long
319,15557_LibroBAC.pdf,"Para obtener un seguro de esta naturaleza sustantiva conviene tener presentes, entre otras, las siguientes características básicas generales: Bene?ciarios: lo constituyen las personas que recibirán la suma que haya sido asegurada.","Hay que presentes las siguientes características básicas generales para obtener un seguro así. Primero, los beneficiarios son las personas que recibirán la suma asegurada.",Fiorella,15.0,19.0,16.0,6.0,3.0,,,,,0,"[15, 19, 16, 6, 3]",5,15.0,Sentence Length,"['structural', 'reduction', 'lexical']",3,structural,31,2,0,0,0,r4plus,long,0,fam=structural | rules=r4plus | len=long | num=0 | lex=0,fam=structural | rules=r4plus | len=long
320,15563_LibroBAC.pdf,Es una condición el que todos los asegurados sean mayores de edad.,Todos los asegurados deben ser mayores de edad.,Fiorella,5.0,6.0,,,,,,,,0,"[5, 6]",2,5.0,Unnecessary Words,"['reduction', 'lexical']",2,reduction,12,1,0,0,0,r2,short,0,fam=reduction | rules=r2 | len=short | num=0 | lex=0,fam=reduction | rules=r2 | len=short
326,17498_LibroBAC.pdf,Agentes económicos son los sujetos que intervienen o interactúan en la gestión del proceso o sistema económico.,Los agentes económicos son quienes intervienen en la gestión del proceso económico.,Fiorella,6.0,5.0,,,,,,,,0,"[6, 5]",2,6.0,Complex Phrases,"['lexical', 'reduction']",2,lexical,17,1,0,0,0,r2,medium,0,fam=lexical | rules=r2 | len=medium | num=0 | lex=0,fam=lexical | rules=r2 | len=medium
336,17529_LibroBAC.pdf,Bien sustituto: son aquellos productos cuya oferta o demanda depende del comportamiento de los precios de otros productos.,Un bien sustituto son aquellos productos dependientes del comportamiento de los precios de otros productos para su oferta y demanda.,Fiorella,3.0,19.0,6.0,,,,,,,0,"[3, 19, 6]",3,3.0,Visual Reference Dependence,"['reduction', 'structural', 'lexical']",3,reduction,18,1,0,0,0,r3,medium,0,fam=reduction | rules=r3 | len=medium | num=0 | lex=0,fam=reduction | rules=r3 | len=medium
337,17532_LibroBAC.pdf,"Bienes complementarios: la oferta o demanda depende del comportamiento del precio de otros bienes, es decir, que si el incremento del precio de un bien hace que disminuya la oferta o demanda de otro bien, entonces se dice que ambos bienes son complementarios.","Los bienes complementarios son aquellos dependientes del comportamiento del precio de otros bienes para su oferta o demanda. Es decir, dos bienes son complementarios si el incremento del precio de uno hace disminuir la oferta o demanda del otro.",Fiorella,3.0,15.0,19.0,6.0,17.0,5.0,,,,0,"[3, 15, 19, 6, 17, 5]",6,3.0,Visual Reference Dependence,"['reduction', 'structural', 'lexical']",3,reduction,43,1,0,0,0,r4plus,long,0,fam=reduction | rules=r4plus | len=long | num=0 | lex=0,fam=reduction | rules=r4plus | len=long
338,17534_LibroBAC.pdf,"Bienes de capital o bienes de producción son los que se usan para producir otras mercancías, que pueden ser bienes de consumo o de capital.","Los bienes de capital o bienes de producción son los usados para producir otras mercancías, sean bienes de consumo o de capital.",Fiorella,15.0,6.0,,,,,,,,0,"[15, 6]",2,15.0,Sentence Length,"['structural', 'lexical']",2,structural,25,1,0,0,0,r2,long,0,fam=structural | rules=r2 | len=long | num=0 | lex=0,fam=structural | rules=r2 | len=long
339,17540_LibroBAC.pdf,Bienes cuyas demandas son relativamente independientes.,Las demandas de estos bienes son relativamente independientes.,Fiorella,19.0,9.0,,,,,,,,0,"[19, 9]",2,19.0,Sentence Order,"['structural', 'morphosyntactic']",2,structural,6,1,0,0,0,r2,short,0,fam=structural | rules=r2 | len=short | num=0 | lex=0,fam=structural | rules=r2 | len=short
340,17541_LibroBAC.pdf,"Más concretamente, los bienes A y B son independientes cuando una variación del precio del bien A no influye en la cantidad demandada del bien B, manteniéndose constante todo lo demás.","Concretamente, dos bienes son independientes cuando una variación del precio de uno no influye en la demanda del otro. Por esto, todo lo demás se mantiene constante.",Fiorella,15.0,5.0,6.0,12.0,19.0,,,,,0,"[15, 5, 6, 12, 19]",5,15.0,Sentence Length,"['structural', 'reduction', 'lexical', 'morphosyntactic']",4,structural,31,1,0,0,0,r4plus,long,0,fam=structural | rules=r4plus | len=long | num=0 | lex=0,fam=structural | rules=r4plus | len=long
341,17543_LibroBAC.pdf,"Biota se refiere a bienes tangibles son los objetos que se caracterizan por ser escasos, útiles y transferibles.","La biota son los objetos caracterizados por ser escasos, útiles y transferibles.",Fiorella,6.0,5.0,,,,,,,,0,"[6, 5]",2,6.0,Complex Phrases,"['lexical', 'reduction']",2,lexical,18,1,0,0,0,r2,medium,0,fam=lexical | rules=r2 | len=medium | num=0 | lex=0,fam=lexical | rules=r2 | len=medium
348,579_LibroNEFE_Sincopyright.pdf,"Debido a la inflación, los artículos que compras hoy costarán más en el futuro.",Los artículos comprados hoy costarán más en el futuro debido a la inflación.,Fiorella,19.0,6.0,,,,,,,,0,"[19, 6]",2,19.0,Sentence Order,"['structural', 'lexical']",2,structural,14,1,0,0,0,r2,medium,0,fam=structural | rules=r2 | len=medium | num=0 | lex=0,fam=structural | rules=r2 | len=medium
351,583_LibroNEFE_Sincopyright.pdf,"Cuando depositas dinero en una cuenta de ahorros que genera intereses, el monto que ahorras es el capital.",El monto ahorrado cuando depositas dinero en una cuenta de ahorro generadora de intereses es el capital.,Fiorella,19.0,6.0,,,,,,,,0,"[19, 6]",2,19.0,Sentence Order,"['structural', 'lexical']",2,structural,18,1,0,0,0,r2,medium,0,fam=structural | rules=r2 | len=medium | num=0 | lex=0,fam=structural | rules=r2 | len=medium
355,590_LibroNEFE_Sincopyright.pdf,Este ejemplo muestra por qué vale la pena comenzar a ahorrar en etapas tempranas de la vida y comparar las tasas de interés y la frecuencia de capitalización de intereses.,Este ejemplo muestra la utilidad de ahorrar tempranamente y comparar las tasas de interés y la frecuencia de capitalización de intereses.,Fiorella,15.0,5.0,6.0,,,,,,,0,"[15, 5, 6]",3,15.0,Sentence Length,"['structural', 'reduction', 'lexical']",3,structural,30,1,0,0,0,r3,long,0,fam=structural | rules=r3 | len=long | num=0 | lex=0,fam=structural | rules=r3 | len=long
357,592_LibroNEFE_Sincopyright.pdf,Compara los resultados después de 10 años de capitalizar intereses una vez al año en la cuenta de Aletta con los intereses capitalizados en la cuenta de Cory una vez al mes.,Compara los resultados de capitalizar intereses en las cuentas tras diez años si Aletta lo hizo anualmente y Cory mensualmente.,Fiorella,19.0,15.0,21.0,14.0,6.0,5.0,,,,0,"[19, 15, 21, 14, 6, 5]",6,19.0,Sentence Order,"['structural', 'lexical', 'reduction']",3,structural,32,1,1,0,0,r4plus,long,0,fam=structural | rules=r4plus | len=long | num=1 | lex=0,fam=structural | rules=r4plus | len=long
359,594_LibroNEFE_Sincopyright.pdf,Supongamos que Aletta y Cory establecieron como rutina sumar $100 a sus cuentas del mercado monetario cada mes.,Supongamos que Aletta y Cory suman rutinariamente cien dólares mensuales a sus cuentas del mercado monetario.,Fiorella,6.0,14.0,21.0,,,,,,,0,"[6, 14, 21]",3,6.0,Complex Phrases,"['lexical', 'structural']",2,lexical,18,1,1,1,0,r3,medium,0,fam=lexical | rules=r3 | len=medium | num=1 | lex=0,fam=lexical | rules=r3 | len=medium
360,595_LibroNEFE_Sincopyright.pdf,"No solo aumentarán el capital, sino que recibirán una cantidad considerable de intereses al cabo de 10 años.","No solo aumentarán el capital, sino recibirán una cantidad considerable de intereses tras diez años.",Fiorella,5.0,14.0,6.0,,,,,,,0,"[5, 14, 6]",3,5.0,Unnecessary Words,"['reduction', 'structural', 'lexical']",3,reduction,18,1,1,0,0,r3,medium,0,fam=reduction | rules=r3 | len=medium | num=1 | lex=0,fam=reduction | rules=r3 | len=medium
362,599_LibroNEFE_Sincopyright.pdf,"No es necesario que tengas tu cuenta de cheques y tu cuenta de ahorros en la misma institución financiera, aunque eso podría ser más cómodo y te permitiría tener una cuenta de cheques sin costo.",No es necesario tener tu cuenta de cheques y la de ahorros en la misma institución financiera. Aunque eso sería más cómodo y permitiría tener una cuenta de cheques gratis.,Fiorella,15.0,6.0,5.0,,,,,,,0,"[15, 6, 5]",3,15.0,Sentence Length,"['structural', 'lexical', 'reduction']",3,structural,35,1,0,0,0,r3,long,0,fam=structural | rules=r3 | len=long | num=0 | lex=0,fam=structural | rules=r3 | len=long
363,601_LibroNEFE_Sincopyright.pdf,Este tipo de cuenta es un servicio que ofrecen las instituciones financieras para compensar el costo del servicio cobrando cargos.,Este tipo de cuenta es un servicio ofrecido por las instituciones financieras para cobrar cargos a cambio del costo del servicio.,Fiorella,21.0,6.0,12.0,19.0,,,,,,0,"[21, 6, 12, 19]",4,21.0,Use of Complex Punctuation Marks,"['structural', 'lexical', 'morphosyntactic']",3,structural,20,1,0,0,0,r4plus,medium,0,fam=structural | rules=r4plus | len=medium | num=0 | lex=0,fam=structural | rules=r4plus | len=medium
366,604_LibroNEFE_Sincopyright.pdf,Una cuenta de ahorro te paga dinero en forma de intereses mientras dejes tu dinero en ella.,Una cuenta de ahorro te paga dinero en forma de intereses mientras guardes dinero en ella.,Fiorella,6.0,5.0,,,,,,,,0,"[6, 5]",2,6.0,Complex Phrases,"['lexical', 'reduction']",2,lexical,17,1,0,0,0,r2,medium,0,fam=lexical | rules=r2 | len=medium | num=0 | lex=0,fam=lexical | rules=r2 | len=medium
368,615_LibroNEFE_Sincopyright.pdf,"¿Existe una cuenta ""básica"" por la que cobren cargos más bajos si cumplo con ciertos requisitos?",¿Existe una cuenta básica con cargos más bajos si cumplo ciertos requisitos?,Fiorella,21.0,6.0,5.0,,,,,,,0,"[21, 6, 5]",3,21.0,Use of Complex Punctuation Marks,"['structural', 'lexical', 'reduction']",3,structural,16,1,0,0,0,r3,medium,0,fam=structural | rules=r3 | len=medium | num=0 | lex=0,fam=structural | rules=r3 | len=medium
369,616_LibroNEFE_Sincopyright.pdf,¿Existe algún tipo de cuenta de cheques que devengue intereses?,¿Existe alguna cuenta de cheques generadora de intereses?,Fiorella,5.0,6.0,1.0,,,,,,,1,"[5, 6, 1]",3,5.0,Unnecessary Words,"['reduction', 'lexical']",2,reduction,10,1,0,0,0,r3,short,1,fam=reduction | rules=r3 | len=short | num=0 | lex=1,fam=reduction | rules=r3 | len=short
375,629_LibroNEFE_Sincopyright.pdf,"El dinero es fácil de rastrear, ya que recibirás un estado de cuenta de tu empleador, que te mostrará cuánto se depositó en tu cuenta.","El dinero es fácil de rastrear, pues recibirás un estado de cuenta de tu empleador. Este te mostrará cuánto se depositó en tu cuenta.",Fiorella,15.0,6.0,,,,,,,,0,"[15, 6]",2,15.0,Sentence Length,"['structural', 'lexical']",2,structural,25,1,0,0,0,r2,long,0,fam=structural | rules=r2 | len=long | num=0 | lex=0,fam=structural | rules=r2 | len=long
376,630_LibroNEFE_Sincopyright.pdf,"Si tienes una cuenta de ahorro, puedes pedirle a tu empleador que deposite parte del salario directamente en esa cuenta.",Puedes pedirle a tu empleador el depósito directo de una parte del salario si tienes una cuenta de ahorro.,Fiorella,19.0,6.0,5.0,,,,,,,0,"[19, 6, 5]",3,19.0,Sentence Order,"['structural', 'lexical', 'reduction']",3,structural,20,1,0,0,0,r3,medium,0,fam=structural | rules=r3 | len=medium | num=0 | lex=0,fam=structural | rules=r3 | len=medium
379,635_LibroNEFE_Sincopyright.pdf,"No tienes que acordarte de hacer los pagos, lo que te ahorra tiempo y preocupaciones.","No debes acordarte de pagar, esto te ahorra tiempo y preocupaciones.",Fiorella,6.0,17.0,,,,,,,,0,"[6, 17]",2,6.0,Complex Phrases,"['lexical', 'structural']",2,lexical,15,1,0,0,0,r2,medium,0,fam=lexical | rules=r2 | len=medium | num=0 | lex=0,fam=lexical | rules=r2 | len=medium
380,636_LibroNEFE_Sincopyright.pdf,"Y lo más importante es que puedes estar seguro de que tu factura se pagará en fecha, y evitarás las multas por pago atrasado.",Estar seguro de que tu factura se pagará puntualmente y evitarás las multas por pago atrasado es lo más importante.,Fiorella,19.0,5.0,6.0,15.0,,,,,,0,"[19, 5, 6, 15]",4,19.0,Sentence Order,"['structural', 'reduction', 'lexical']",3,structural,24,1,0,0,0,r4plus,medium,0,fam=structural | rules=r4plus | len=medium | num=0 | lex=0,fam=structural | rules=r4plus | len=medium
384,647_LibroNEFE_Sincopyright.pdf,"Un poco después, uno de ellos olvidó hacer el seguimiento de un pago de alimentos.","Poco después, uno de ellos olvidó supervisar un pago alimenticio.",Fiorella,5.0,6.0,,,,,,,,0,"[5, 6]",2,5.0,Unnecessary Words,"['reduction', 'lexical']",2,reduction,15,1,0,0,0,r2,medium,0,fam=reduction | rules=r2 | len=medium | num=0 | lex=0,fam=reduction | rules=r2 | len=medium
385,648_LibroNEFE_Sincopyright.pdf,"Como consecuencia, el pago automático de la vivienda no se pudo completar, así como otros dos pagos de poco valor.","Por esto, no se completó el pago automático de la vivienda ni otros dos pagos menores.",Fiorella,20.0,19.0,6.0,5.0,,,,,,0,"[20, 19, 6, 5]",4,20.0,Common Discourse Markers,"['lexical', 'structural', 'reduction']",3,lexical,20,1,0,0,0,r4plus,medium,0,fam=lexical | rules=r4plus | len=medium | num=0 | lex=0,fam=lexical | rules=r4plus | len=medium
388,652_LibroNEFE_Sincopyright.pdf,"Después de pagar esos cargos, Tina y Tyler decidieron suprimir el pago automático de la hipoteca hasta que nuevamente tuvieran sus finanzas bajo control.",Tina y Tyler decidieron suprimir el pago hipotecario automático tras pagar esos cargos y hasta tener sus finanzas controladas nuevamente.,Fiorella,15.0,19.0,6.0,,,,,,,0,"[15, 19, 6]",3,15.0,Sentence Length,"['structural', 'lexical']",2,structural,24,1,0,0,0,r3,medium,0,fam=structural | rules=r3 | len=medium | num=0 | lex=0,fam=structural | rules=r3 | len=medium
390,658_LibroNEFE_Sincopyright.pdf,"Como consecuencia, ha tenido que pagar cargos por pagos atrasados.","Como consecuencia, debió pagar cargos por pagos atrasados.",Fiorella,21.0,6.0,,,,,,,,0,"[21, 6]",2,21.0,Use of Complex Punctuation Marks,"['structural', 'lexical']",2,structural,10,1,0,0,0,r2,short,0,fam=structural | rules=r2 | len=short | num=0 | lex=0,fam=structural | rules=r2 | len=short
391,659_LibroNEFE_Sincopyright.pdf,"Por eso, cuando Jennifer compró un auto usado con un año de antigüedad, solicitó hacer los pagos de forma automática.","Por eso, Jennifer solicitó pagar automáticamente cuando compró un auto usado con un año de antigüedad.",Fiorella,19.0,6.0,,,,,,,,0,"[19, 6]",2,19.0,Sentence Order,"['structural', 'lexical']",2,structural,20,1,0,0,0,r2,medium,0,fam=structural | rules=r2 | len=medium | num=0 | lex=0,fam=structural | rules=r2 | len=medium
393,661_LibroNEFE_Sincopyright.pdf,(Su cuenta de cheques paga intereses si el saldo de la cuenta supera determinado saldo).,Su cuenta de cheques paga intereses si el saldo de la cuenta supera el mínimo.,Fiorella,16.0,4.0,,,,,,,,0,"[16, 4]",2,16.0,Parenthetical Phrases,"['reduction', 'lexical']",2,reduction,15,1,0,0,0,r2,medium,0,fam=reduction | rules=r2 | len=medium | num=0 | lex=0,fam=reduction | rules=r2 | len=medium
402,675_LibroNEFE_Sincopyright.pdf,"En ocasiones, los depósitos o retiros pendientes no se reflejan en el saldo de inmediato, lo que puede hacerte creer que tienes más dinero del que tienes en realidad.","Ocasionalmente, los depósitos o retiros pendientes no se reflejan inmediatamente en el saldo. Esto te hace creer que tienes más dinero del realmente habido.",Fiorella,19.0,6.0,17.0,5.0,,,,,,0,"[19, 6, 17, 5]",4,19.0,Sentence Order,"['structural', 'lexical', 'reduction']",3,structural,29,1,0,0,0,r4plus,long,0,fam=structural | rules=r4plus | len=long | num=0 | lex=0,fam=structural | rules=r4plus | len=long
403,676_LibroNEFE_Sincopyright.pdf,"Avisa de inmediato al banco o a la cooperativa de crédito (""credit union"") si existe algún error o si perdiste o te robaron un cheque o la tarjeta de débito o de crédito.",Avisa inmediatamente al banco o a la cooperativa de crédito si existe algún error. Hazlo también si perdiste o te robaron un cheque o la tarjeta de débito o crédito.,Fiorella,15.0,16.0,6.0,21.0,5.0,,,,,0,"[15, 16, 6, 21, 5]",5,15.0,Sentence Length,"['structural', 'reduction', 'lexical']",3,structural,33,1,0,0,0,r4plus,long,0,fam=structural | rules=r4plus | len=long | num=0 | lex=0,fam=structural | rules=r4plus | len=long
413,704_LibroNEFE_Sincopyright.pdf,¿Cómo retiro dinero cuando llegue el momento de gastarlo o invertirlo?,¿Cómo retiro dinero para gastarlo o invertirlo?,Fiorella,6.0,5.0,,,,,,,,0,"[6, 5]",2,6.0,Complex Phrases,"['lexical', 'reduction']",2,lexical,11,1,0,0,0,r2,short,0,fam=lexical | rules=r2 | len=short | num=0 | lex=0,fam=lexical | rules=r2 | len=short
416,709_LibroNEFE_Sincopyright.pdf,¿El banco está asegurado por la Corporación Federal de Seguro de Depósitos (FDIC)?,¿La Corporación Federal de Seguro de Depósitos asegura ese?,Fiorella,18.0,16.0,13.0,,,,,,,0,"[18, 16, 13]",3,18.0,Sentences of formal and aesthetic use,"['reduction', 'lexical']",2,reduction,13,1,0,0,0,r3,medium,0,fam=reduction | rules=r3 | len=medium | num=0 | lex=0,fam=reduction | rules=r3 | len=medium
417,710_LibroNEFE_Sincopyright.pdf,"Si es una cooperativa de crédito (""credit union""), ¿está asegurada por la Administración Nacional de Cooperativas de Crédito (NCUA)?","Si es una cooperativa de crédito, ¿la Administración Nacional de Cooperativas de Crédito la asegura?",Fiorella,21.0,16.0,18.0,13.0,,,,,,0,"[21, 16, 18, 13]",4,21.0,Use of Complex Punctuation Marks,"['structural', 'reduction', 'lexical']",3,structural,19,1,0,0,0,r4plus,medium,0,fam=structural | rules=r4plus | len=medium | num=0 | lex=0,fam=structural | rules=r4plus | len=medium
423,720_LibroNEFE_Sincopyright.pdf,"Puedes elegir un certificado de depósito que tenga un plazo de un mes, tres meses, seis meses, un año, dos años, tres años y así sucesivamente.","Puedes elegir un certificado de depósito con distintos plazos. Pueden ser de un mes, tres meses, seis meses, un año, dos años, tres años y así sucesivamente.",Fiorella,15.0,6.0,,,,,,,,0,"[15, 6]",2,15.0,Sentence Length,"['structural', 'lexical']",2,structural,26,1,0,0,0,r2,long,0,fam=structural | rules=r2 | len=long | num=0 | lex=0,fam=structural | rules=r2 | len=long
426,724_LibroNEFE_Sincopyright.pdf,Puedes elegir un certificado de depósito con un vencimiento a tres años.,Puedes elegir un certificado de depósito con tres años de vencimiento.,Fiorella,19.0,6.0,,,,,,,,0,"[19, 6]",2,19.0,Sentence Order,"['structural', 'lexical']",2,structural,12,1,0,0,0,r2,short,0,fam=structural | rules=r2 | len=short | num=0 | lex=0,fam=structural | rules=r2 | len=short
427,725_LibroNEFE_Sincopyright.pdf,"Si necesitas el dinero antes del vencimiento, deberás pagar una multa (por ejemplo, perder el valor correspondiente a entre tres y seis meses de intereses).","Pagarás una multa si necesitas el dinero antes del vencimiento, como perder entre tres y seis meses de intereses.",Fiorella,15.0,16.0,19.0,6.0,5.0,,,,,0,"[15, 16, 19, 6, 5]",5,15.0,Sentence Length,"['structural', 'reduction', 'lexical']",3,structural,25,1,0,0,0,r4plus,long,0,fam=structural | rules=r4plus | len=long | num=0 | lex=0,fam=structural | rules=r4plus | len=long
433,735_LibroNEFE_Sincopyright.pdf,"Las cuentas de las cooperativas de crédito (""credit unions"") están aseguradas de manera similar por Fondo Nacional de Seguro de Cooperativas de Crédito (NCUSIF), que es administrada por la Administración Nacional de Cooperativas de Crédito (NCUA).",El Fondo Nacional de Seguro de Cooperativas de Crédito es administrada por la Administración Nacional de Cooperativas de Crédito. Esta entidad asegura las cuentas de las cooperativas de crédito.,Fiorella,18.0,15.0,13.0,16.0,21.0,,,,,0,"[18, 15, 13, 16, 21]",5,18.0,Sentences of formal and aesthetic use,"['reduction', 'structural', 'lexical']",3,reduction,36,1,0,0,0,r4plus,long,0,fam=reduction | rules=r4plus | len=long | num=0 | lex=0,fam=reduction | rules=r4plus | len=long
434,739_LibroNEFE_Sincopyright.pdf,"Por ejemplo, alguien puede considerar que un auto nuevo es una inversión, lo que probablemente no sea válido, ya que la mayoría de los autos pierde valor con el paso del tiempo y para una inversión, lo ideal, sería que aumentara su valor.","Por ejemplo, alguien consideraría que un auto nuevo es una inversión. Aunque esto es falso porque la mayoría de los autos se desvalorizan gradualmente. En cambio, lo ideal para una inversión sería el incremento del valor.",Fiorella,15.0,6.0,4.0,16.0,17.0,5.0,,,,0,"[15, 6, 4, 16, 17, 5]",6,15.0,Sentence Length,"['structural', 'lexical', 'reduction']",3,structural,43,1,0,0,0,r4plus,long,0,fam=structural | rules=r4plus | len=long | num=0 | lex=0,fam=structural | rules=r4plus | len=long
440,747_LibroNEFE_Sincopyright.pdf,También puedes usar los ahorros para juntar el monto mínimo necesario para hacer una inversión.,También puedes ahorrar para recaudar el monto mínimo necesario para invertir.,Fiorella,6.0,21.0,2.0,,,,,,,0,"[6, 21, 2]",3,6.0,Complex Phrases,"['lexical', 'structural']",2,lexical,15,1,0,0,0,r3,medium,0,fam=lexical | rules=r3 | len=medium | num=0 | lex=0,fam=lexical | rules=r3 | len=medium
442,749_LibroNEFE_Sincopyright.pdf,"Las inversiones se acumulan para satisfacer necesidades a largo plazo, por ejemplo, tu jubilación o la educación de tu hijo.","Las inversiones se acumulan para satisfacer necesidades a largo plazo, como tu jubilación o la educación de tu hijo.",Fiorella,16.0,6.0,,,,,,,,0,"[16, 6]",2,16.0,Parenthetical Phrases,"['reduction', 'lexical']",2,reduction,20,1,0,0,0,r2,medium,0,fam=reduction | rules=r2 | len=medium | num=0 | lex=0,fam=reduction | rules=r2 | len=medium
444,752_LibroNEFE_Sincopyright.pdf,"Estos tipos de inversiones no te garantizan un retorno y por eso, suponen un riesgo mayor.","Estos tipos de inversiones no garantizan un retorno, por eso, implican un riesgo mayor.",Fiorella,5.0,4.0,,,,,,,,0,"[5, 4]",2,5.0,Unnecessary Words,"['reduction', 'lexical']",2,reduction,16,1,0,0,0,r2,medium,0,fam=reduction | rules=r2 | len=medium | num=0 | lex=0,fam=reduction | rules=r2 | len=medium
446,757_LibroNEFE_Sincopyright.pdf,"Cuando comiences a acercarte a las metas a largo plazo, deberías pensar en trasladar el dinero destinado a estas metas de inversiones más riesgosas a tipos de cuentas de ahorros que pagan intereses.",Traslada el dinero de estas inversiones riesgosas a cuentas de ahorros con intereses cuando te acerques a las metas a largo plazo.,Fiorella,15.0,19.0,6.0,5.0,17.0,,,,,0,"[15, 19, 6, 5, 17]",5,15.0,Sentence Length,"['structural', 'lexical', 'reduction']",3,structural,33,1,0,0,0,r4plus,long,0,fam=structural | rules=r4plus | len=long | num=0 | lex=0,fam=structural | rules=r4plus | len=long
447,758_LibroNEFE_Sincopyright.pdf,"En el correr del tiempo, tendrás necesidades financieras de corto y largo plazo; por lo tanto, necesitarás el dinero proveniente de los ahorros y de las inversiones.","Con el tiempo, tendrás necesidades financieras de corto y largo plazo. Por esto, necesitarás el dinero de los ahorros y las inversiones.",Fiorella,15.0,6.0,21.0,5.0,,,,,,0,"[15, 6, 21, 5]",4,15.0,Sentence Length,"['structural', 'lexical', 'reduction']",3,structural,27,1,0,0,0,r4plus,long,0,fam=structural | rules=r4plus | len=long | num=0 | lex=0,fam=structural | rules=r4plus | len=long
451,766_LibroNEFE_Sincopyright.pdf,"Para ver qué tan rápido puede crecer tu dinero en los diferentes productos de ahorros e inversión, usa la regla del 72, que se utiliza para estimar qué tan rápido se duplicará el dinero.",Usa la regla del setenta y dos para estimar qué tan rápido puede crecer tu dinero en los diferentes productos de inversión.,Fiorella,15.0,14.0,19.0,6.0,16.0,,,,,0,"[15, 14, 19, 6, 16]",5,15.0,Sentence Length,"['structural', 'lexical', 'reduction']",3,structural,34,1,1,0,0,r4plus,long,0,fam=structural | rules=r4plus | len=long | num=1 | lex=0,fam=structural | rules=r4plus | len=long
461,779_LibroNEFE_Sincopyright.pdf,"Con un retorno promedio del 8 por ciento en acciones individuales o en acciones de fondos comunes de inversión y una tasa de interés anual del 4 por ciento en las cuentas de depósito del mercado monetario, compara la cantidad de años que insume alcanzar el mismo valor del dólar en los retornos.",Compara la cantidad de años necesitados para alcanzar el mismo valor de dólar en los retornos. Esto con un retorno promedio del ocho por ciento en acciones individuales o en acciones de fondos comunes de inversión. Incluya una tasa de interés anual del cuatro por ciento en las cuentas de depósito del mercado monetario.,Fiorella,15.0,19.0,1.0,14.0,21.0,,,,,1,"[15, 19, 1, 14, 21]",5,15.0,Sentence Length,"['structural', 'lexical']",2,structural,53,1,1,1,1,r4plus,long,1,fam=structural | rules=r4plus | len=long | num=1 | lex=1,fam=structural | rules=r4plus | len=long
463,17555_LibroBAC.pdf,"Capital: Factor de producción constituido por inmuebles, maquinaria o instalaciones de cualquier género y también algunos derechos o valores, que en colaboración con otros factores, principalmente el trabajo, se destina a la supervivencia o a la producción.","El capital es el factor de producción constituido por inmuebles, maquinaria o instalaciones de cualquier tipo y algunos derechos o valores. Este se destina a la supervivencia o producción junto con otros factores.",Fiorella,3.0,15.0,4.0,5.0,19.0,16.0,,,,0,"[3, 15, 4, 5, 19, 16]",6,3.0,Visual Reference Dependence,"['reduction', 'structural', 'lexical']",3,reduction,37,1,0,0,0,r4plus,long,0,fam=reduction | rules=r4plus | len=long | num=0 | lex=0,fam=reduction | rules=r4plus | len=long
468,17573_LibroBAC.pdf,Contraprestación: Prestación que debe una parte contratante por razón de la que ha recibido o debe recibir de la otra.,La contraprestación es una prestación adeudada por un contratante que ha recibido o debe recibir de otro contratante.,Fiorella,3.0,6.0,5.0,,,,,,,0,"[3, 6, 5]",3,3.0,Visual Reference Dependence,"['reduction', 'lexical']",2,reduction,20,1,0,0,0,r3,medium,0,fam=reduction | rules=r3 | len=medium | num=0 | lex=0,fam=reduction | rules=r3 | len=medium
473,17588_LibroBAC.pdf,"Dinero negro: Son las cantidades de dinero que no han sido declaradas al Ministerio de Hacienda o Secretaría de Hacienda de cada país, que es el responsable de las finanzas, las cuentas del Estado y de la tributación nacional.","El dinero negro son las cantidades de dinero sin declarar al Ministerio de Hacienda o Secretaría de Hacienda de cada país. Esta entidad es la responsable de las finanzas, cuentas del Estado y de la tributación nacional.",Fiorella,3.0,15.0,6.0,5.0,,,,,,0,"[3, 15, 6, 5]",4,3.0,Visual Reference Dependence,"['reduction', 'structural', 'lexical']",3,reduction,39,1,0,0,0,r4plus,long,0,fam=reduction | rules=r4plus | len=long | num=0 | lex=0,fam=reduction | rules=r4plus | len=long
479,17603_LibroBAC.pdf,"El seguimiento o monitoreo: Permite visualizar la puesta en marcha y el cumplimiento del plan de acción, para contribuir al logro de sus objetivos y metas, así como plantear recomendaciones para evitar desviaciones; es decir, una forma de evaluación concurrente. Incluye también la evaluación.","El seguimiento o monitoreo permite visualizar el comienzo y cumplimiento del plan de acción. Así, contribuye al logro de sus metas y a plantear recomendaciones para evitar desviaciones. Es decir, es una forma de evaluación concurrente.",Fiorella,3.0,15.0,6.0,21.0,5.0,,,,,0,"[3, 15, 6, 21, 5]",5,3.0,Visual Reference Dependence,"['reduction', 'structural', 'lexical']",3,reduction,44,2,0,0,0,r4plus,long,0,fam=reduction | rules=r4plus | len=long | num=0 | lex=0,fam=reduction | rules=r4plus | len=long
480,17607_LibroBAC.pdf,"Elusión tributaria: Es una figura consistente en no pagar determinados impuestos que se han establecido, amparándose en subterfugios o resquicios legales, no previstos por el legislador en el momento de redactar la ley.","La elusión tributaria consiste en no pagar determinados impuestos establecidos mediante evasivas o vacíos legales. Así, se utilizan los puntos imprevistos por el legislador al redactar la ley.",Fiorella,3.0,15.0,5.0,6.0,2.0,1.0,,,,1,"[3, 15, 5, 6, 2, 1]",6,3.0,Visual Reference Dependence,"['reduction', 'structural', 'lexical']",3,reduction,33,1,0,0,0,r4plus,long,1,fam=reduction | rules=r4plus | len=long | num=0 | lex=1,fam=reduction | rules=r4plus | len=long
481,17609_LibroBAC.pdf,"Emprendedor o emprendedora: Persona con ideas innovadoras y de visión para iniciar una empresa o negocio, teniendo en cuenta la información pertinente, especialmente de mercadeo y financiera, que le ayuda a concretar sus ideas, con mayor grado de seguridad.",Un emprendedor es una persona con ideas innovadoras para iniciar una empresa o negocio según la información sobre mercadeo y finanzas. Esta información le ayuda a concretar sus ideas con más seguridad.,Fiorella,3.0,15.0,5.0,12.0,16.0,6.0,,,,0,"[3, 15, 5, 12, 16, 6]",6,3.0,Visual Reference Dependence,"['reduction', 'structural', 'morphosyntactic', 'lexical']",4,reduction,39,1,0,0,0,r4plus,long,0,fam=reduction | rules=r4plus | len=long | num=0 | lex=0,fam=reduction | rules=r4plus | len=long
484,17616_LibroBAC.pdf,"Erogación: Distribuir, repartir bienes o caudales. Destinar dinero para algunas obligaciones.",Erogar es distribuir bienes o caudales o destinar dinero para algunas obligaciones.,Fiorella,3.0,5.0,,,,,,,,0,"[3, 5]",2,3.0,Visual Reference Dependence,['reduction'],1,reduction,11,2,0,0,0,r2,short,0,fam=reduction | rules=r2 | len=short | num=0 | lex=0,fam=reduction | rules=r2 | len=short
490,17631_LibroBAC.pdf,Factores de producción: Diferentes elementos que determinan el proceso productivo para obtener mercancías o bienes.,Los factores de producción son diferentes elementos determinantes del proceso productivo para obtener mercancías o bienes.,Fiorella,3.0,6.0,,,,,,,,0,"[3, 6]",2,3.0,Visual Reference Dependence,"['reduction', 'lexical']",2,reduction,15,1,0,0,0,r2,medium,0,fam=reduction | rules=r2 | len=medium | num=0 | lex=0,fam=reduction | rules=r2 | len=medium
493,17638_LibroBAC.pdf,"Finanzas: Rama de la administración de empresas que se ocupa de la obtención y determinación de los flujos de fondos que requiere la empresa, además de distribuir y administrar esos fondos entre los diversos activos, plazos y fuentes de financiamiento, con el objeto de maximizar el valor económico de la misma.","Las finanzas son la rama de la administración empresarial encargada de obtener y determinar los flujos de fondos requeridos por la empresa. Además, distribuye y administra esos fondos entre los activos, plazos y fuentes de financiamiento para maximizar el valor económico de la empresa.",Fiorella,3.0,15.0,6.0,5.0,,,,,,0,"[3, 15, 6, 5]",4,3.0,Visual Reference Dependence,"['reduction', 'structural', 'lexical']",3,reduction,51,1,0,0,0,r4plus,long,0,fam=reduction | rules=r4plus | len=long | num=0 | lex=0,fam=reduction | rules=r4plus | len=long
497,17648b_LibroBAC.pdf,"Garantía Fiduciaria: Consiste en que el solicitante del crédito presenta una o varias personas fiadoras que deben tener ciertos requisitos, como un monto mínimo de ingreso que pueda responder por el crédito, en caso que no se pague el préstamo por parte de la persona que lo solicite.","En una garantía fiduciaria, el solicitante del crédito presenta personas fiadoras con ciertos requisitos para responder si no paga el préstamo. Un ejemplo de requisito es un monto mínimo de ingreso.",Fiorella,3.0,15.0,5.0,6.0,16.0,19.0,17.0,,,0,"[3, 15, 5, 6, 16, 19, 17]",7,3.0,Visual Reference Dependence,"['reduction', 'structural', 'lexical']",3,reduction,48,1,0,0,0,r4plus,long,0,fam=reduction | rules=r4plus | len=long | num=0 | lex=0,fam=reduction | rules=r4plus | len=long
498,17656_LibroBAC.pdf,"Gastos fijos: Son los gastos que se deben cumplir forzosamente, de modo que si no se hace seguramente se enfrentarán serios problemas.",Los gastos fijos son aquellos que se deben cumplir forzosamente para evitar problemas.,Fiorella,3.0,6.0,5.0,,,,,,,0,"[3, 6, 5]",3,3.0,Visual Reference Dependence,"['reduction', 'lexical']",2,reduction,22,1,0,0,0,r3,medium,0,fam=reduction | rules=r3 | len=medium | num=0 | lex=0,fam=reduction | rules=r3 | len=medium
499,17658_LibroBAC.pdf,"Globalización: Proceso por el que la creciente comunicación e interdependencia entre los distintos países del mundo; unifica mercados, sociedades y culturas, a través de una serie de transformaciones sociales, económicas y políticas que les dan un carácter global.","La globalización es el proceso unificador de mercados, sociedades y culturas mediante la creciente comunicación e interdependencia internacional. El carácter global se obtiene a través de una serie de transformaciones sociales, económicas y políticas.",Fiorella,3.0,15.0,21.0,6.0,19.0,,,,,0,"[3, 15, 21, 6, 19]",5,3.0,Visual Reference Dependence,"['reduction', 'structural', 'lexical']",3,reduction,38,1,0,0,0,r4plus,long,0,fam=reduction | rules=r4plus | len=long | num=0 | lex=0,fam=reduction | rules=r4plus | len=long
501,17664_LibroBAC.pdf,"Historial de Crédito: Informe que contiene información personal, registro de sus solicitudes recientes de crédito y cualquier registro público tal como bancarrota o gravamen por impuestos, además de otros datos relacionados con el cliente.","El historial de crédito es un informe sobre información personal y registro de solicitudes crediticias recientes. Además, incluye cualquier registro público, como bancarrota o gravamen por impuestos, y otros datos relacionados al cliente.",Fiorella,3.0,15.0,6.0,9.0,,,,,,0,"[3, 15, 6, 9]",4,3.0,Visual Reference Dependence,"['reduction', 'structural', 'lexical', 'morphosyntactic']",4,reduction,34,1,0,0,0,r4plus,long,0,fam=reduction | rules=r4plus | len=long | num=0 | lex=0,fam=reduction | rules=r4plus | len=long
502,17666_LibroBAC.pdf,"Impuesto: Cuota involuntaria o impositiva pagada por un individuo, una empresa o una institución a un organismo público (central o local), la cual puede ser pagada en dinero efectivo o por cualquier otro medio de pago como cheque o tarjeta.","El impuesto es una cuota involuntaria pagada por un individuo, empresa o institución a un organismo público. Se debe pagar en efectivo u otro medio de pago, como cheque o tarjeta.",Fiorella,3.0,15.0,16.0,5.0,6.0,,,,,0,"[3, 15, 16, 5, 6]",5,3.0,Visual Reference Dependence,"['reduction', 'structural', 'lexical']",3,reduction,40,1,0,0,0,r4plus,long,0,fam=reduction | rules=r4plus | len=long | num=0 | lex=0,fam=reduction | rules=r4plus | len=long
503,17670_LibroBAC.pdf,"Inflación: Aumento continuo y sostenido del nivel general de precios de la economía, o alza generalizada en los precios de los bienes que se transan en una economía e indica el deterioro adquisitivo del dinero.","La inflación es el aumento continuo del nivel general de precios de la economía. También, es el alza generalizada en los precios de los bienes negociados en una economía e indica el deterioro adquisitivo del dinero.",Fiorella,3.0,15.0,5.0,6.0,,,,,,0,"[3, 15, 5, 6]",4,3.0,Visual Reference Dependence,"['reduction', 'structural', 'lexical']",3,reduction,35,1,0,0,0,r4plus,long,0,fam=reduction | rules=r4plus | len=long | num=0 | lex=0,fam=reduction | rules=r4plus | len=long
505,17674_LibroBAC.pdf,"Ingreso lineal: Es aquel que se recibe como producto de un trabajo que se realiza y que desaparece si se deja de realizar dicho trabajo. Las personas que tienen un empleo y las personas que trabajan de forma independiente como algunos profesionales en las áreas de medicina, contabilidad, abogacía, odontología, consultorías y otras, perciben ingresos lineales.",El ingreso lineal es el recibido como producto de un trabajo realizado. Este desaparece si se deja de realizar dicho trabajo. Los empleados y trabajadores independientes reciben ingresos lineales.,Fiorella,15.0,5.0,3.0,6.0,4.0,16.0,,,,0,"[15, 5, 3, 6, 4, 16]",6,15.0,Sentence Length,"['structural', 'reduction', 'lexical']",3,structural,56,2,0,0,0,r4plus,long,0,fam=structural | rules=r4plus | len=long | num=0 | lex=0,fam=structural | rules=r4plus | len=long
506,17677_LibroBAC.pdf,"Ingreso: Son todas las entradas financieras que recibe una persona, una familia, una empresa, una organización, un gobierno, etc. por cualquier tipo de actividad legal que realice (un trabajo, un negocio, intereses, ventas, etc.","El ingreso son las entradas financieras recibidas por una persona, familia, empresa, organización, gobierno, entre otros, por cualquier tipo de actividad legal realizada.",Fiorella,15.0,3.0,5.0,6.0,13.0,,,,,0,"[15, 3, 5, 6, 13]",5,15.0,Sentence Length,"['structural', 'reduction', 'lexical']",3,structural,34,2,0,0,0,r4plus,long,0,fam=structural | rules=r4plus | len=long | num=0 | lex=0,fam=structural | rules=r4plus | len=long
508,564_LibroUAC_Sincopyright.pdf,"En países subdesarrollados o en sectores específicos de la economía, la rentabilidad de inversiones alcanza porcentajes mucho más elevados.",La rentabilidad de inversiones alcanza porcentajes más elevados en países subdesarrollados o en sectores económicos específicos.,Fiorella,19.0,21.0,5.0,6.0,,,,,,0,"[19, 21, 5, 6]",4,19.0,Sentence Order,"['structural', 'reduction', 'lexical']",3,structural,19,1,0,0,0,r4plus,medium,0,fam=structural | rules=r4plus | len=medium | num=0 | lex=0,fam=structural | rules=r4plus | len=medium
509,565_LibroUAC_Sincopyright.pdf,"El lucro, en cambio, aunque es un sinónimo de utilidad, ganancias o beneficio, es la expresión peyorativa de la utilidad.","En cambio, el lucro es la expresión despectiva de utilidad, aunque es sinónimo de utilidad, ganancias o beneficio.",Fiorella,19.0,21.0,1.0,5.0,,,,,,1,"[19, 21, 1, 5]",4,19.0,Sentence Order,"['structural', 'lexical', 'reduction']",3,structural,20,1,0,0,0,r4plus,medium,1,fam=structural | rules=r4plus | len=medium | num=0 | lex=1,fam=structural | rules=r4plus | len=medium
511,567_LibroUAC_Sincopyright.pdf,Hay quienes opinan principalmente en sectores libremercadistasque la utilidad no debe tener límites y que el tope de su monto lo pone solo la satisfacción que el consumidor determine para los bienes y servicios que consume.,Algunos opinan que la utilidad no debe limitarse y el monto máximo lo determina el consumidor según los bienes y servicios consumidos.,Fiorella,15.0,6.0,16.0,21.0,5.0,,,,,0,"[15, 6, 16, 21, 5]",5,15.0,Sentence Length,"['structural', 'lexical', 'reduction']",3,structural,36,1,0,0,0,r4plus,long,0,fam=structural | rules=r4plus | len=long | num=0 | lex=0,fam=structural | rules=r4plus | len=long
512,568_LibroUAC_Sincopyright.pdf,La inflación es un fenómeno económico que consiste en el alza constante de precios de bienes y servicios.,La inflación es un fenómeno económico y consiste en el alza constante de precios de bienes y servicios.,Fiorella,21.0,17.0,,,,,,,,0,"[21, 17]",2,21.0,Use of Complex Punctuation Marks,['structural'],1,structural,18,1,0,0,0,r2,medium,0,fam=structural | rules=r2 | len=medium | num=0 | lex=0,fam=structural | rules=r2 | len=medium
517,578_LibroUAC_Sincopyright.pdf, Lo mismo sucede si la producción se mantiene y la demanda cambia o si ocurren modificaciones simultáneas en ambas partes de la ecuación.,Sucede lo mismo si la producción se mantiene y la demanda cambia o si se modifica simultáneamente ambas partes de la ecuación.,Fiorella,19.0,6.0,,,,,,,,0,"[19, 6]",2,19.0,Sentence Order,"['structural', 'lexical']",2,structural,23,1,0,0,0,r2,medium,0,fam=structural | rules=r2 | len=medium | num=0 | lex=0,fam=structural | rules=r2 | len=medium
522,582b_LibroUAC_Sincopyright.pdf,"Esto significa que la inflación del período analizado es de 5 %, que es lo mismo que decir que el costo de la vida subió en un 5 %.","Es decir, la inflación del periodo analizado es del cinco por ciento, por lo tanto, el costo de vida subió en un cinco por ciento.",Fiorella,14.0,21.0,6.0,,,,,,,0,"[14, 21, 6]",3,14.0,Use of Numerical Expressions,"['structural', 'lexical']",2,structural,29,1,1,0,1,r3,long,0,fam=structural | rules=r3 | len=long | num=1 | lex=0,fam=structural | rules=r3 | len=long
524,585_LibroUAC_Sincopyright.pdf,"Los efectos que produce la inflación son siempre negativos e impactan en la economía general, en las empresas y en las personas.","Los efectos producidos por la inflación siempre son negativos e impactan en la economía general, en las empresas y en las personas.",Fiorella,6.0,19.0,,,,,,,,0,"[6, 19]",2,6.0,Complex Phrases,"['lexical', 'structural']",2,lexical,22,1,0,0,0,r2,medium,0,fam=lexical | rules=r2 | len=medium | num=0 | lex=0,fam=lexical | rules=r2 | len=medium
525,586_LibroUAC_Sincopyright.pdf,"En la economía general hacen subir los precios, afecta el empleo y empobrece a la población; en las empresas obliga a subir los precios, se confunde inflación con tasas de interés y bajan las utilidades; y en las personas genera que el mismo sueldo alcance para menos productos y servicios y se pierden empleos e ingresos.","Hacen subir los precios, afecta el empleo y empobrece a la población en la economía general. Obliga a subir los precios, se confunde inflación con tasas de interés y bajan las utilidades en las empresas. Además, genera un sueldo menos rendidor y se pierden empleos e ingresos en lo individual.",Fiorella,15.0,21.0,19.0,6.0,,,,,,0,"[15, 21, 19, 6]",4,15.0,Sentence Length,"['structural', 'lexical']",2,structural,56,1,0,0,0,r4plus,long,0,fam=structural | rules=r4plus | len=long | num=0 | lex=0,fam=structural | rules=r4plus | len=long
530,596_LibroUAC_Sincopyright.pdf,Se aplica en la rentabilidad de las inversiones (es lo que se gana) y en los créditos como costo de préstamo (gasto por interés).,Se aplica en la rentabilidad de las inversiones y en los créditos como costo de préstamo.,Fiorella,3.0,16.0,,,,,,,,0,"[3, 16]",2,3.0,Visual Reference Dependence,['reduction'],1,reduction,24,1,0,0,0,r2,medium,0,fam=reduction | rules=r2 | len=medium | num=0 | lex=0,fam=reduction | rules=r2 | len=medium
533,605_LibroUAC_Sincopyright.pdf,"En sus actividades comerciales, las empresas invierten dinero para producir y vender productos y servicios lo que les proporciona utilidades para reinvertir y mantener el negocio o para distribuirlas entre sus propietarios.",Las empresas invierten dinero en sus actividades comerciales para producir y vender productos y servicios. Esto les proporciona utilidades para reinvertir y mantener el negocio o para distribuirlas entre sus propietarios.,Fiorella,15.0,19.0,,,,,,,,0,"[15, 19]",2,15.0,Sentence Length,['structural'],1,structural,32,1,0,0,0,r2,long,0,fam=structural | rules=r2 | len=long | num=0 | lex=0,fam=structural | rules=r2 | len=long
535,612_LibroUAC_Sincopyright.pdf,En términos técnicos se dice que en las empresas las inversiones son «los activos» y las fuentes de financiamiento son «los pasivos» y el patrimonio (capital y utilidades).,"En términos técnicos, las inversiones son los activos y las fuentes de financiamiento son los pasivos y el patrimonio, como el capital y las utilidades.",Fiorella,15.0,21.0,5.0,16.0,,,,,,0,"[15, 21, 5, 16]",4,15.0,Sentence Length,"['structural', 'reduction']",2,structural,28,1,0,0,0,r4plus,long,0,fam=structural | rules=r4plus | len=long | num=0 | lex=0,fam=structural | rules=r4plus | len=long
536,613_LibroUAC_Sincopyright.pdf,"Patrimonio suma de los recursos de propiedad personal o empresarial, descontadas las deudas sobre estos.",El patrimonio es la suma de los recursos de propiedad personal o empresarial sin las deudas respectivas.,Fiorella,3.0,6.0,,,,,,,,0,"[3, 6]",2,3.0,Visual Reference Dependence,"['reduction', 'lexical']",2,reduction,15,1,0,0,0,r2,medium,0,fam=reduction | rules=r2 | len=medium | num=0 | lex=0,fam=reduction | rules=r2 | len=medium
538,615_LibroUAC_Sincopyright.pdf,"Pasivos deuda adquirida en el pasado que, para pagarla en el presente o futuro, se requiere de activos.",Los pasivos son una deuda adquirida anteriormente y se requiere de activos para pagarla actual o futuramente.,Fiorella,3.0,6.0,16.0,,,,,,,0,"[3, 6, 16]",3,3.0,Visual Reference Dependence,"['reduction', 'lexical']",2,reduction,18,1,0,0,0,r3,medium,0,fam=reduction | rules=r3 | len=medium | num=0 | lex=0,fam=reduction | rules=r3 | len=medium
540,619_LibroUAC_Sincopyright.pdf,"Legalmente, para liquidar (pagar) las deudas se embargan y rematan bienes.","Legalmente, se embargan y rematan bienes para liquidar o pagar las deudas.",Fiorella,19.0,3.0,16.0,,,,,,,0,"[19, 3, 16]",3,19.0,Sentence Order,"['structural', 'reduction']",2,structural,11,1,0,0,0,r3,short,0,fam=structural | rules=r3 | len=short | num=0 | lex=0,fam=structural | rules=r3 | len=short
541,623_LibroUAC_Sincopyright.pdf,"En caso contrario, la empresa deja de ser viable y cesará en sus funciones por quiebra.","Al contrario, la empresa se vuelve inviable y cesará sus funciones por bancarrota.",Fiorella,6.0,4.0,,,,,,,,0,"[6, 4]",2,6.0,Complex Phrases,['lexical'],1,lexical,16,1,0,0,0,r2,medium,0,fam=lexical | rules=r2 | len=medium | num=0 | lex=0,fam=lexical | rules=r2 | len=medium
542,625_LibroUAC_Sincopyright.pdf,"Estas compiten entre sí por tener clientes tal y como, en una competencia de atletismo, los corredores luchan por quién llega primero a la meta.",Estas compiten entre sí por tener clientes como los corredores luchan por llegar primeros a la meta.,Fiorella,5.0,16.0,21.0,6.0,,,,,,0,"[5, 16, 21, 6]",4,5.0,Unnecessary Words,"['reduction', 'structural', 'lexical']",3,reduction,25,1,0,0,0,r4plus,long,0,fam=reduction | rules=r4plus | len=long | num=0 | lex=0,fam=reduction | rules=r4plus | len=long
546,633_LibroUAC_Sincopyright.pdf,"Le compra a aquella que, a su entender, le ofrece las mejores condiciones de acuerdo con sus posibilidades de compra.",Le compra a la que le ofrece mejores condiciones según sus posibilidades de compra.,Fiorella,16.0,6.0,5.0,,,,,,,0,"[16, 6, 5]",3,16.0,Parenthetical Phrases,"['reduction', 'lexical']",2,reduction,20,1,0,0,0,r3,medium,0,fam=reduction | rules=r3 | len=medium | num=0 | lex=0,fam=reduction | rules=r3 | len=medium
549,641_LibroUAC_Sincopyright.pdf,Mientras la situación se mantenga siempre tendrá el primer lugar.,Siempre tendrá el primer lugar mientras se mantenga la situación.,Fiorella,21.0,19.0,,,,,,,,0,"[21, 19]",2,21.0,Use of Complex Punctuation Marks,['structural'],1,structural,10,1,0,0,0,r2,short,0,fam=structural | rules=r2 | len=short | num=0 | lex=0,fam=structural | rules=r2 | len=short
550,642_LibroUAC_Sincopyright.pdf,"No tiene incentivos ni motivación, dos elementos esenciales en ambientes de competencia.",No tiene sentido ni motivación. Estos elementos son esenciales para la competencia.,Fiorella,16.0,6.0,,,,,,,,0,"[16, 6]",2,16.0,Parenthetical Phrases,"['reduction', 'lexical']",2,reduction,12,1,0,0,0,r2,short,0,fam=reduction | rules=r2 | len=short | num=0 | lex=0,fam=reduction | rules=r2 | len=short
554,647_LibroUAC_Sincopyright.pdf,"Todos son de competencia imperfecta porque existe o un solo comprador, o un solo vendedor o se practica la colusión.",Todos tienen competencia imperfecta porque existe un solo comprador o vendedor o hay corrupción.,Fiorella,6.0,5.0,1.0,,,,,,,1,"[6, 5, 1]",3,6.0,Complex Phrases,"['lexical', 'reduction']",2,lexical,20,1,0,0,0,r3,medium,1,fam=lexical | rules=r3 | len=medium | num=0 | lex=1,fam=lexical | rules=r3 | len=medium
555,650_LibroUAC_Sincopyright.pdf,"El precio de los bienes o servicios es determinado por el comprador ya que, al ser único, posee el poder de mercado y los numerosos oferentes deben adaptarse a sus exigencias.","El comprador determina el precio de los bienes o servicios por ser el único. Es decir, posee el poder mercantil y los numerosos vendedores deben adaptarse a sus exigencias.",Fiorella,15.0,18.0,16.0,6.0,1.0,,,,,1,"[15, 18, 16, 6, 1]",5,15.0,Sentence Length,"['structural', 'reduction', 'lexical']",3,structural,31,1,0,0,0,r4plus,long,1,fam=structural | rules=r4plus | len=long | num=0 | lex=1,fam=structural | rules=r4plus | len=long
561,657_LibroUAC_Sincopyright.pdf,Oligopolio es una situación del mercado en la que el número de empresas vendedoras es muy reducido de manera que controlan y acaparan las ventas de determinados productos como si hubiera monopolio.,"El oligopolio es cuando hay un número reducido de empresas vendedoras. Por esto, controlan y acaparan las ventas de determinados productos como un monopolio.",Fiorella,15.0,6.0,5.0,,,,,,,0,"[15, 6, 5]",3,15.0,Sentence Length,"['structural', 'lexical', 'reduction']",3,structural,32,1,0,0,0,r3,long,0,fam=structural | rules=r3 | len=long | num=0 | lex=0,fam=structural | rules=r3 | len=long
567,665_LibroUAC_Sincopyright.pdf,"No obstante, lo negativo de esta forma de controlar la competencia de mercados, se contrapone a voces libremercadistas que le atribuyen al «cartel» propiedades para ordenar y regular los mercados.","No obstante, lo negativo de este control de la competencia contrasta con la opinión libremercadista. Esta última destaca el ordenamiento y regulación mercantil del cartel.",Fiorella,15.0,6.0,5.0,4.0,2.0,21.0,19.0,,,0,"[15, 6, 5, 4, 2, 21, 19]",7,15.0,Sentence Length,"['structural', 'lexical', 'reduction']",3,structural,30,1,0,0,0,r4plus,long,0,fam=structural | rules=r4plus | len=long | num=0 | lex=0,fam=structural | rules=r4plus | len=long
569,672_LibroUAC_Sincopyright.pdf,"La economía nacional es una economía de sector primario; es decir, productora y exportadora, en particular de materias primas, e importadora esencialmente de productos elaborados.","La economía nacional es del sector primario. Es decir, es productora y exportadora principalmente de materias primas e importa esencialmente productos elaborados.",Fiorella,15.0,21.0,5.0,16.0,6.0,,,,,0,"[15, 21, 5, 16, 6]",5,15.0,Sentence Length,"['structural', 'reduction', 'lexical']",3,structural,25,1,0,0,0,r4plus,long,0,fam=structural | rules=r4plus | len=long | num=0 | lex=0,fam=structural | rules=r4plus | len=long
571,677_LibroUAC_Sincopyright.pdf,"En los procesos de importaciones y exportaciones intervienen, además de clientes y proveedores, instituciones del Estado y los bancos, tal como se indica en el siguiente recuadro:",Clientes y proveedores intervienen en las importancias y exportaciones. También lo hacen las instituciones estatales y los banco como se indica a continuación:,Fiorella,15.0,19.0,16.0,6.0,9.0,5.0,,,,0,"[15, 19, 16, 6, 9, 5]",6,15.0,Sentence Length,"['structural', 'reduction', 'lexical', 'morphosyntactic']",4,structural,27,1,0,0,0,r4plus,long,0,fam=structural | rules=r4plus | len=long | num=0 | lex=0,fam=structural | rules=r4plus | len=long
574,686_LibroUAC_Sincopyright.pdf,"Japón con un 10,6 % y Brasil con 5,5 %.",Japón y Brasil.,Fiorella,14.0,21.0,5.0,,,,,,,0,"[14, 21, 5]",3,14.0,Use of Numerical Expressions,"['structural', 'reduction']",2,structural,10,1,1,0,1,r3,short,0,fam=structural | rules=r3 | len=short | num=1 | lex=0,fam=structural | rules=r3 | len=short
582,1097_LibroUAC_Sincopyright.pdf,"En la actualidad, ambos instrumentos están en desuso pues fueron sustituidos por las calculadoras y los programas computacionales de hojas de cálculo.","Actualmente, ambos instrumentos están en desuso porque las calculadoras y los programas computacionales de hojas calculadoras los sustituyeron.",Fiorella,6.0,18.0,,,,,,,,0,"[6, 18]",2,6.0,Complex Phrases,"['lexical', 'reduction']",2,lexical,22,1,0,0,0,r2,medium,0,fam=lexical | rules=r2 | len=medium | num=0 | lex=0,fam=lexical | rules=r2 | len=medium
584,1102_LibroUAC_Sincopyright.pdf,"Exportaciones según datos del Banco Central, ","Exportaciones según datos del Banco Central,",Fiorella,19.0,6.0,,,,,,,,0,"[19, 6]",2,19.0,Sentence Order,"['structural', 'lexical']",2,structural,6,1,0,0,0,r2,short,0,fam=structural | rules=r2 | len=short | num=0 | lex=0,fam=structural | rules=r2 | len=short
588,1133_LibroUAC_Sincopyright.pdf,"Luego, el desarrollo de la deuda y las cuotas iguales de pago queda como sigue:","Luego, el desarrollo de la deuda y las cuotas iguales queda como a continuación:",Fiorella,21.0,4.0,5.0,,,,,,,0,"[21, 4, 5]",3,21.0,Use of Complex Punctuation Marks,"['structural', 'lexical', 'reduction']",3,structural,15,1,0,0,0,r3,medium,0,fam=structural | rules=r3 | len=medium | num=0 | lex=0,fam=structural | rules=r3 | len=medium
589,597_LibroBAC.pdf,"En Colombia, el CitiBank conformó en el año 2005 una alianza invitando a la Fundación Dividendo por Colombia y al Fondo de Desarrollo Empresarial de la Fundación Corona, para desarrollar e implementar un Programa de Educación Financiera Citifinanzas para el cambio, orientado a mejorar las buenas prácticas y al buen manejo del dinero; es decir, a conocer y entender el sistema financiero, para contribuir al mejoramiento de la competitividad de las microempresas y a una mayor solidez económica familiar y personal.","El CitiBank de Colombia conformó en el año dos mil cinco una alianza con la Fundación Dividendo por Colombia y el Fondo de Desarrollo Empresarial de la Fundación Corona, para implementar un Programa de Educación Financiera llamado Citi, finanzas para el cambio.  El programa Citi, finanzas para el cambio está orientado a entender el sistema financiero para contribuir a una mejor competitividad de las microempresas y a una solidez económica familiar y personal.",María Annette,3.0,15.0,21.0,5.0,6.0,8.0,14.0,,,0,"[3, 15, 21, 5, 6, 8, 14]",7,3.0,Visual Reference Dependence,"['reduction', 'structural', 'lexical', 'morphosyntactic']",4,reduction,81,1,1,0,0,r4plus,long,0,fam=reduction | rules=r4plus | len=long | num=1 | lex=0,fam=reduction | rules=r4plus | len=long
591,601_LibroBAC.pdf,"Asimismo, debe proporcionar conocimientos y destrezas en el manejo de los gastos básicos basados en un presupuesto y en un equilibrio entre ingresos y egresos también básicos.","Asimismo, debe mostrar destreza en el manejo de los gastos básicos de acuerdo con un presupuesto y el equilibrio entre ingresos y egresos.",María Annette,5.0,1.0,,,,,,,,1,"[5, 1]",2,5.0,Unnecessary Words,"['reduction', 'lexical']",2,reduction,27,1,0,0,0,r2,long,1,fam=reduction | rules=r2 | len=long | num=0 | lex=1,fam=reduction | rules=r2 | len=long
598,616_LibroBAC.pdf,"Al respecto debe señalarse que la educación financiera sirve, en este caso y como ya se anticipó, para contribuir con la formación, en el manejo de herramientas financieras, de la población en general y, como se mencionó anteriormente y, de manera particular, de la conformada por jóvenes entre los 15 y los 20 años, que a su vez comprenden dos subpoblaciones: la población que estudia en la educación diversificada y la que no estudia y que, por consiguiente, está fuera de las aulas y quizás parte de ella, involucrada en la fuerza laboral del país.","Al respecto, la educación financiera contribuye con la formación en el manejo de herramientas financieras de la población en general, y de los jóvenes entre los quince y veinte años en particular, que a su vez comprenden dos subpoblaciones: quienes estudian en la educación diversificada y quienes no, y por consiguiente una parte está involucrada en la fuerza laboral del país.",María Annette,5.0,16.0,6.0,15.0,14.0,9.0,,,,0,"[5, 16, 6, 15, 14, 9]",6,5.0,Unnecessary Words,"['reduction', 'lexical', 'structural', 'morphosyntactic']",4,reduction,95,1,1,0,0,r4plus,long,0,fam=reduction | rules=r4plus | len=long | num=1 | lex=0,fam=reduction | rules=r4plus | len=long
601,622_LibroBAC.pdf,"Aprender a Tener: Aprender a Tener, significa colocar por encima del dinero, la vida, la dignidad, los valores y principios con que nos guiamos.","Aprender a Tener: significa colocar la dignidad, los valores y principios por encima del dinero.",María Annette,5.0,19.0,,,,,,,,0,"[5, 19]",2,5.0,Unnecessary Words,"['reduction', 'structural']",2,reduction,24,1,0,0,0,r2,medium,0,fam=reduction | rules=r2 | len=medium | num=0 | lex=0,fam=reduction | rules=r2 | len=medium
605,635_LibroBAC.pdf,"Por el contrario, si cuentan con una adecuada instrucción financiera, podrían estar incentivados para ser parte de los beneficios de los servicios financieros, así como exigir a los proveedores de estos servicios, productos que realmente respondan a sus necesidades y que lleguen a tener un impacto positivo tanto en la inversión como en el crecimiento económico del país.","Por el contrario, si cuentan con una adecuada instrucción financiera podrían incentivarse con los beneficios de los servicios financieros, así como exigir productos que respondan a sus necesidades y lleguen a tener un impacto positivo tanto en la inversión como en el crecimiento económico del país.",María Annette,6.0,16.0,,,,,,,,0,"[6, 16]",2,6.0,Complex Phrases,"['lexical', 'reduction']",2,lexical,58,1,0,0,0,r2,long,0,fam=lexical | rules=r2 | len=long | num=0 | lex=0,fam=lexical | rules=r2 | len=long
612,866_LibroBAC.pdf,"El enfoque integral que se plantea para la educación financiera y la importancia que se le asigna, permiten identificar y definir los diversos aspectos que comprende, entre los que pueden citarse: la conceptualización sobre educación, libertad o independencia financiera; los elementos básicos de economía; la economía, recursos y productividad; la riqueza económica individual, familiar y de la nación; el dinero y las finanzas; el ahorro y sus implicaciones; el presupuesto personal y familiar; la inversión; el crédito; los medios de pago; los impuestos; los seguros; el sistema financiero, las instituciones financieras bancarias y no bancarias; y, las medidas de protección.","El enfoque integral planteado para la educación financiera permite definir los diversos aspectos que comprende, como: la conceptualización sobre libertad o independencia financiera, economía, recursos y productividad, riqueza económica individual, familiar y de la nación,  También el dinero y finanzas, ahorro y sus implicaciones, presupuesto personal y familiar, inversión, crédito, medios de pago, impuestos, seguros, el sistema financiero, las instituciones financieras bancarias y no bancarias, y medidas de protección.",María Annette,5.0,6.0,15.0,21.0,,,,,,0,"[5, 6, 15, 21]",4,5.0,Unnecessary Words,"['reduction', 'lexical', 'structural']",3,reduction,100,1,0,0,0,r4plus,long,0,fam=reduction | rules=r4plus | len=long | num=0 | lex=0,fam=reduction | rules=r4plus | len=long
619,3712_LibroBAC.pdf,"El trabajo: el trabajo, con visión económica, ya que existen otras visiones como la antropológica, la sociológica, la psicológica, etc. del mismo fenómeno, es la manera de ganar dinero para satisfacer las necesidades básicas y para aportar a la producción.","Desde una visión económica, el trabajo es la manera de ganar dinero para satisfacer las necesidades básicas y aportar a la producción.",María Annette,2.0,3.0,,,,,,,,0,"[2, 3]",2,2.0,Abstract vs. Concrete Language,"['lexical', 'reduction']",2,lexical,40,2,0,0,0,r2,long,0,fam=lexical | rules=r2 | len=long | num=0 | lex=0,fam=lexical | rules=r2 | len=long
620,3714_LibroBAC.pdf,"Siendo el ser humano, ser por excelencia de la naturaleza, el trabajo es su actividad más importante; su ejercicio influye en el desarrollo individual al utilizar sus potencialidades naturales y determina el producto de trabajo y la cuantificación del progreso de la humanidad.","El trabajo es la actividad más importante del ser humano. Su ejercicio influye en el desarrollo individual al utilizar sus potencialidades naturales, determina el producto de trabajo y la cuantificación del progreso de la humanidad.",María Annette,5.0,6.0,21.0,,,,,,,0,"[5, 6, 21]",3,5.0,Unnecessary Words,"['reduction', 'lexical', 'structural']",3,reduction,43,1,0,0,0,r3,long,0,fam=reduction | rules=r3 | len=long | num=0 | lex=0,fam=reduction | rules=r3 | len=long
624,5190_LibroBAC.pdf,"Pero el número absoluto de pobres aumentó de 1.200 millones a 1.300 millones, y otros 2.000 millones se encuentran en una situación apenas mejor.","Pero el número absoluto de pobres aumentó de mil doscientos millones a mil trecientos millones, y otros dos mil millones se encuentran en una situación un poco mejor.",María Annette,4.0,14.0,,,,,,,,0,"[4, 14]",2,4.0,Ambiguity in Word Meaning,"['lexical', 'structural']",2,lexical,24,4,1,0,0,r2,medium,0,fam=lexical | rules=r2 | len=medium | num=1 | lex=0,fam=lexical | rules=r2 | len=medium
630,5207_LibroBAC.pdf,"Esto que se dice de los países, guardadas las dimensiones, puede decirse también de las personas.",Esto dicho de los países puede aplicar también para las personas.,María Annette,16.0,4.0,,,,,,,,0,"[16, 4]",2,16.0,Parenthetical Phrases,"['reduction', 'lexical']",2,reduction,16,1,0,0,0,r2,medium,0,fam=reduction | rules=r2 | len=medium | num=0 | lex=0,fam=reduction | rules=r2 | len=medium
633,5217_LibroBAC.pdf,"Pero, respondiendo a la pregunta que nos planteábamos al principio, Chatzky afirma que no es preciso ser millonario para alcanzar ese estado feliz con que todos soñamos, cuando se alcanza un ingreso por hogar de 50 mil dólares, la curva de la felicidad se aplana.","Para para responder a la pregunta que nos planteábamos al principio, Chatzky afirma que no es preciso ser millonario para alcanzar ese estado feliz que todos soñamos.  Afirma que cuando se alcanza un ingreso por hogar de 50 mil dólares, la curva de la felicidad se aplana.",María Annette,3.0,12.0,15.0,,,,,,,0,"[3, 12, 15]",3,3.0,Visual Reference Dependence,"['reduction', 'morphosyntactic', 'structural']",3,reduction,45,1,1,1,0,r3,long,0,fam=reduction | rules=r3 | len=long | num=1 | lex=0,fam=reduction | rules=r3 | len=long
639,5245_LibroBAC.pdf,"Ahora bien, realizar la administración de las finanzas personales y familiares, que primero requiere una gran sensatez, orden y disciplina, supone también, según lo dicta la experiencia de muchos especialistas y personas comunes, algunas actividades, entre otras, como las siguientes:","Ahora bien, realizar la administración de las finanzas personales y familiares primero requiere una gran sensatez, orden y disciplina. Y según lo dicta la experiencia de muchos especialistas y personas comunes, supone también algunas actividades como las siguientes:",María Annette,16.0,19.0,,,,,,,,0,"[16, 19]",2,16.0,Parenthetical Phrases,"['reduction', 'structural']",2,reduction,40,1,0,0,0,r2,long,0,fam=reduction | rules=r2 | len=long | num=0 | lex=0,fam=reduction | rules=r2 | len=long
641,5261_LibroBAC.pdf,"Muchas personas, equivocadamente piensan que el momento para comenzar a preocuparse de cómo administrar sus finanzas es cuando tengan suficiente dinero en el banco, pero lo cierto es que a menos que comiencen a aprender los principios que conducen al éxito financiero desde ahora, nunca tendrán suficiente dinero para preocuparse de cómo administrarlo.","Muchas personas piensan equivocadamente que el momento para comenzar a preocuparse por cómo administrar sus finanzas es cuando tengan suficiente dinero en el banco.  Pero lo cierto es que a menos de que comiencen a aprender los principios que conducen al éxito financiero desde ahora, nunca tendrán suficiente dinero para preocuparse de cómo administrarlo.",María Annette,16.0,15.0,,,,,,,,0,"[16, 15]",2,16.0,Parenthetical Phrases,"['reduction', 'structural']",2,reduction,53,1,0,0,0,r2,long,0,fam=reduction | rules=r2 | len=long | num=0 | lex=0,fam=reduction | rules=r2 | len=long
646,5276_LibroBAC.pdf,"Estos bienes son aquellos que se utilizan para la producción de otros bienes de consumo o de inversión y que se deprecian, cuando son parte de un proceso de fabricación, por ejemplo, maquinarias, herramientas, etc.","Estos bienes son aquellos que se utilizan para la producción de otros bienes de consumo o de inversión y que se deprecian cuando son parte de un proceso de fabricación, por ejemplo, maquinarias, herramientas, entre otras.",María Annette,16.0,13.0,,,,,,,,0,"[16, 13]",2,16.0,Parenthetical Phrases,"['reduction', 'lexical']",2,reduction,35,1,0,0,0,r2,long,0,fam=reduction | rules=r2 | len=long | num=0 | lex=0,fam=reduction | rules=r2 | len=long
649,5287_LibroBAC.pdf,"Incluye también el servicio de las deudas que posee, esto es, las cuotas mensuales de sus hipotecas, tarjetas de crédito y otros préstamos que posea.","Incluye también el servicio de las deudas que posee como las cuotas mensuales de sus hipotecas, tarjetas de crédito y otros préstamos que posea.",María Annette,16.0,5.0,,,,,,,,0,"[16, 5]",2,16.0,Parenthetical Phrases,['reduction'],1,reduction,25,1,0,0,0,r2,long,0,fam=reduction | rules=r2 | len=long | num=0 | lex=0,fam=reduction | rules=r2 | len=long
654,7479_LibroBAC.pdf,"Sin embargo, y este es un vacío que no sólo se identifica en esta autora sino prácticamente en todos los autores y autoras que se han ocupado del asunto, ya que no se ocupan o prescinden, absurdamente, del aspecto económico o financiero y que siguiendo el lenguaje de aquella, aquí llamaríamos precisamente el yo financiero.","Este es un vacío que no sólo se identifica en esta autora, sino prácticamente en todos los autores y autoras que se han ocupado del asunto. Ya que prescinden del aspecto económico o financiero y que llamaríamos precisamente el yo financiero de acuerdo con el lenguaje de aquella.",María Annette,16.0,5.0,,,,,,,,0,"[16, 5]",2,16.0,Parenthetical Phrases,['reduction'],1,reduction,55,1,0,0,0,r2,long,0,fam=reduction | rules=r2 | len=long | num=0 | lex=0,fam=reduction | rules=r2 | len=long
658,7484_LibroBAC.pdf,"Alonso, Brailovsky y Ortiz, señalan que para superar la posible dificultad de responder a qué es lo que se pretende o se quiere, quizás sea útil empezar al revés;","Alonso, Brailovsky y Ortiz señalan útil empezar al revés para superar la dificultad de responder qué se pretende o se quiere con la planeación;",María Annette,2.0,7.0,,,,,,,,0,"[2, 7]",2,2.0,Abstract vs. Concrete Language,"['lexical', 'morphosyntactic']",2,lexical,29,1,0,0,0,r2,long,0,fam=lexical | rules=r2 | len=long | num=0 | lex=0,fam=lexical | rules=r2 | len=long
660,7491_LibroBAC.pdf,"Todas las personas seguramente han querido y quieren ahora y a futuro lo mejor para sus vidas y las de sus familias y todo eso implica dinero, por eso señalan estos últimos autores citados, para obtener dicho dinero se debe hacer una especie de catarsis, un acto de contrición como dicen en el catecismo.","Las personas quieren lo mejor para sus vidas y sus familias, y eso implica dinero.",María Annette,3.0,10.0,5.0,6.0,1.0,2.0,,,,1,"[3, 10, 5, 6, 1, 2]",6,3.0,Visual Reference Dependence,"['reduction', 'morphosyntactic', 'lexical']",3,reduction,55,1,0,0,0,r4plus,long,1,fam=reduction | rules=r4plus | len=long | num=0 | lex=1,fam=reduction | rules=r4plus | len=long
662,7496a_LibroBAC.pdf,"Tres preguntas, entonces, que parecen claves para hacer la planeación son en su orden, y las cuales debe responder por escrito la persona: ¿A dónde quisiera usted llegar en su vida?, ¿Qué es lo que usted hace mejor?, ¿Qué es lo que más le gusta hacer?",Tres preguntas son clave para hacer la planeación: ¿A dónde quisiera usted llegar en su vida? ¿Qué es lo que usted hace mejor? ¿Qué es lo que más le gusta hacer? Estas deben responderse en orden y por escrito.,María Annette,16.0,5.0,6.0,,,,,,,0,"[16, 5, 6]",3,16.0,Parenthetical Phrases,"['reduction', 'lexical']",2,reduction,46,3,0,0,0,r3,long,0,fam=reduction | rules=r3 | len=long | num=0 | lex=0,fam=reduction | rules=r3 | len=long
665,7503_LibroBAC.pdf,"Llegar a ser jefe de un Departamento en su empresa o compañía, por ejemplo, es una buena meta, pero, naturalmente, usted no puede esperar conseguirla mañana porque se lo haya propuesto hoy.","Ser jefe de un Departamento en su empresa es una buena meta, pero no puede esperar conseguirla mañana porque se lo haya propuesto hoy.",María Annette,16.0,5.0,,,,,,,,0,"[16, 5]",2,16.0,Parenthetical Phrases,['reduction'],1,reduction,32,1,0,0,0,r2,long,0,fam=reduction | rules=r2 | len=long | num=0 | lex=0,fam=reduction | rules=r2 | len=long
667,7506_LibroBAC.pdf,Ese algo que usted puede hacer enseguida es lo que se llama una Micro-meta.,Eso que usted puede hacer enseguida se llama una micrometa.,María Annette,3.0,5.0,,,,,,,,0,"[3, 5]",2,3.0,Visual Reference Dependence,['reduction'],1,reduction,14,1,0,0,0,r2,medium,0,fam=reduction | rules=r2 | len=medium | num=0 | lex=0,fam=reduction | rules=r2 | len=medium
669,7516_LibroBAC.pdf,"Por ejemplo, si usted se propone en este mismo instante tomar un papel y escribirle una carta a un amigo, podrá hacerlo, sin duda.","Por ejemplo, si usted se propone en este mismo instante tomar un papel y escribirle una carta a un amigo podrá hacerlo.",María Annette,5.0,16.0,,,,,,,,0,"[5, 16]",2,5.0,Unnecessary Words,['reduction'],1,reduction,24,1,0,0,0,r2,medium,0,fam=reduction | rules=r2 | len=medium | num=0 | lex=0,fam=reduction | rules=r2 | len=medium
672,7534_LibroBAC.pdf,"Esto, (y sólo esto) lo mantendrá activo y alerta.",Solo esto lo mantendrá activo y alerta.,María Annette,5.0,16.0,,,,,,,,0,"[5, 16]",2,5.0,Unnecessary Words,['reduction'],1,reduction,9,1,0,0,0,r2,short,0,fam=reduction | rules=r2 | len=short | num=0 | lex=0,fam=reduction | rules=r2 | len=short
674,7541_LibroBAC.pdf,"Por tanto voy a averiguar enseguida en que instituto puedo inscribirme (Micro-meta); voy a estar asistiendo allí ya, antes de 30 días (Mini-meta); y me doy a mi mismo desde este momento tres años, (o dos, o cuatro) para haber terminado. (Meta a mediano plazo).","Por tanto, voy a averiguar enseguida en que instituto puedo inscribirme como micro meta. Voy a asistir antes de 30 días como mini meta. Y me doy a mí mismo desde este momento hasta tres o cuatro años para haber terminado como meta a mediano plazo.",María Annette,3.0,5.0,15.0,,,,,,,0,"[3, 5, 15]",3,3.0,Visual Reference Dependence,"['reduction', 'structural']",2,reduction,45,2,1,0,0,r3,long,0,fam=reduction | rules=r3 | len=long | num=1 | lex=0,fam=reduction | rules=r3 | len=long
678,7557_LibroBAC.pdf,"Sólo el nombre de la meta y su respectivo número de orden, según la jerarquía de que antes se habló, por ejemplo: 1) Comprar un seguro de vida, 2) Cambiar el automóvil por uno más nuevo.","Sólo el nombre de la meta y su respectivo número de orden según la jerarquía de que antes se habló, por ejemplo: primero, comprar un seguro de vida, segundo, cambiar el automóvil por uno más nuevo.",María Annette,3.0,14.0,,,,,,,,0,"[3, 14]",2,3.0,Visual Reference Dependence,"['reduction', 'structural']",2,reduction,36,1,1,0,0,r2,long,0,fam=reduction | rules=r2 | len=long | num=1 | lex=0,fam=reduction | rules=r2 | len=long
680,7561_LibroBAC.pdf,"Con lo anterior, surge otro paso en la planeación y lo que sigue lo explican muy bien los varias veces mencionados Alonso, Brailovsky y Ortiz y a lo cual queremos ceñirnos adaptándolo y trascribiéndolo aquí en toda su dimensión, dada su relevancia.","Con lo anterior surge otro paso en la planeación explicado muy bien por Alonso, Brailovsky y Ortiz, a lo que nos ajustamos y transcribimos en toda su dimensión por su relevancia.",María Annette,5.0,16.0,1.0,12.0,,,,,,1,"[5, 16, 1, 12]",4,5.0,Unnecessary Words,"['reduction', 'lexical', 'morphosyntactic']",3,reduction,42,1,0,0,0,r4plus,long,1,fam=reduction | rules=r4plus | len=long | num=0 | lex=1,fam=reduction | rules=r4plus | len=long
681,7565_LibroBAC.pdf,"Yo deseo tener un automóvil del año con ciertas características de lujo, y lo anhelo mucho, pero no es posible tenerlo.","Yo anhelo mucho tener un automóvil del año con ciertas características de lujo, pero no es posible.",María Annette,5.0,16.0,,,,,,,,0,"[5, 16]",2,5.0,Unnecessary Words,['reduction'],1,reduction,21,1,0,0,0,r2,medium,0,fam=reduction | rules=r2 | len=medium | num=0 | lex=0,fam=reduction | rules=r2 | len=medium
689,7585_LibroBAC.pdf,"Para hacer más eficaces las finanzas personales, que significa cómo obtener dinero y cómo aplicarlo mejor para elevar la calidad de vida, los autores sugieren seguir los siguientes 13 pasos:","Para hacer más eficaces las finanzas personales sobre cómo obtener dinero y cómo aplicarlo mejor para elevar la calidad de vida, los autores sugieren seguir los siguientes trece pasos:",María Annette,5.0,16.0,14.0,,,,,,,0,"[5, 16, 14]",3,5.0,Unnecessary Words,"['reduction', 'structural']",2,reduction,30,1,1,0,0,r3,long,0,fam=reduction | rules=r3 | len=long | num=1 | lex=0,fam=reduction | rules=r3 | len=long
691,7784_LibroBAC.pdf,"Los ingresos deben canalizarse a la creación de fondos para prevenir contingencias, es decir, estos ingresos deberán ser los mínimos posibles, pero los necesarios para que cumplan su función.",Los ingresos deben canalizarse hacia la creación de fondos para prevenir contingencias. Estos ingresos deberán ser los mínimos posibles pero los necesarios para que cumplan su función.,María Annette,16.0,4.0,,,,,,,,0,"[16, 4]",2,16.0,Parenthetical Phrases,"['reduction', 'lexical']",2,reduction,29,1,0,0,0,r2,long,0,fam=reduction | rules=r2 | len=long | num=0 | lex=0,fam=reduction | rules=r2 | len=long
693,7772_LibroBAC.pdf,"Cuando tu esposa te diga: Viejo, vámonos a Acapulco con la lana del banco, ello no podrá ser, pues esos depósitos fueron considerados como un gasto.","Cuando tu esposa te diga que vayan a Acapulco con el dinero del banco, ello no podrá ser pues esos depósitos fueron considerados como un gasto.",María Annette,3.0,1.0,,,,,,,,1,"[3, 1]",2,3.0,Visual Reference Dependence,"['reduction', 'lexical']",2,reduction,26,1,0,0,0,r2,long,1,fam=reduction | rules=r2 | len=long | num=0 | lex=1,fam=reduction | rules=r2 | len=long
694,7775_LibroBAC.pdf,"Claro, pero pensar en forma figurada acerca del ahorro es un modo efectivo de forjar un patrimonio, lo que a la larga nos hará vivir más desahogadamente.","Pero pensar en forma figurada acerca del ahorro es un modo efectivo de forjar un patrimonio, lo que a la larga nos hará vivir más desahogadamente.",María Annette,5.0,16.0,,,,,,,,0,"[5, 16]",2,5.0,Unnecessary Words,['reduction'],1,reduction,27,1,0,0,0,r2,long,0,fam=reduction | rules=r2 | len=long | num=0 | lex=0,fam=reduction | rules=r2 | len=long
702,10259_LibroBAC.pdf,"Diversidad: cada inversionista puede escoger el tipo de título valor que se adapte a su horizonte y objetivo de inversión (por ejemplo, si se trata de recursos que pueden ser invertidos a corto o largo plazo o si el principal objetivo es incrementar o preservar el capital), así como su perfil de riesgo (si el inversionista prefiere alternativas con mayor o menor riesgo).","Diversidad: cada inversionista puede escoger el tipo de título valor que se adapte a su horizonte y objetivo de inversión.  Por ejemplo, si se trata de recursos que pueden ser invertidos a corto o largo plazo o si el principal objetivo es incrementar o preservar el capital, así como su perfil de riesgo si el inversionista prefiere alternativas con mayor o menor riesgo.",María Annette,15.0,3.0,,,,,,,,0,"[15, 3]",2,15.0,Sentence Length,"['structural', 'reduction']",2,structural,63,1,0,0,0,r2,long,0,fam=structural | rules=r2 | len=long | num=0 | lex=0,fam=structural | rules=r2 | len=long
705,10276_LibroBAC.pdf,"Si repentinamente, las tasas de interés suben al 10% y se tuviera que vender dicho título, un potencial comprador tendría dos alternativas: ir a comprar un nuevo bono con intereses al 10%, y recibir al final $1,100, ó comprárselo al primer inversionista a $950, de manera que cuando venza y reciba los $1,050, se gane los $100 que implica invertir a la nueva tasa de interés.","Si repentinamente las tasas de interés suben al diez por ciento y se tuviera que vender dicho título, un potencial comprador tendría dos alternativas: ir a comprar un nuevo bono con intereses al diez por ciento y recibir al final mi cien dólares, o comprárselo al primer inversionista a novecientos cincuenta dólares.  De manera que cuando venza y reciba los mil cincuenta dólares se gane los cien dólares que implica invertir a la nueva tasa de interés.",María Annette,14.0,15.0,16.0,,,,,,,0,"[14, 15, 16]",3,14.0,Use of Numerical Expressions,"['structural', 'reduction']",2,structural,66,1,1,1,1,r3,long,0,fam=structural | rules=r3 | len=long | num=1 | lex=0,fam=structural | rules=r3 | len=long
708,10280_LibroBAC.pdf," Por ejemplo, un inversionista, cuya moneda base es el dólar, adquiere un título valor en reales brasileños.","Por ejemplo, la moneda base de un inversionista es el dólar y adquiere un título valor en reales brasileños.",María Annette,16.0,9.0,,,,,,,,0,"[16, 9]",2,16.0,Parenthetical Phrases,"['reduction', 'morphosyntactic']",2,reduction,17,1,0,1,0,r2,medium,0,fam=reduction | rules=r2 | len=medium | num=0 | lex=0,fam=reduction | rules=r2 | len=medium
712,10298_LibroBAC.pdf,"Por ejemplo, en Costa Rica, el ente regulador es la Superintendencia General de Valores (SUGEVAL) y es la encargada de velar por el adecuado funcionamiento conforme a la normativa relacionada con el mercado de valores.","Por ejemplo, en Costa Rica el ente regulador es la Superintendencia General de Valores y es la encargada de velar por el adecuado funcionamiento conforme a la normativa relacionada con el mercado de valores.",María Annette,16.0,3.0,,,,,,,,0,"[16, 3]",2,16.0,Parenthetical Phrases,['reduction'],1,reduction,35,1,0,0,0,r2,long,0,fam=reduction | rules=r2 | len=long | num=0 | lex=0,fam=reduction | rules=r2 | len=long
713,10299_LibroBAC.pdf,"En el caso de intermediarios que realicen operaciones en el exterior para sus clientes, la persona debe asegurarse de que el puesto de bolsa está autorizado para este fin y que cuenta con contratos debidamente documentados con contrapartes en el exterior que a su vez estén reguladas y sean de reconocido renombre.","En el caso de intermediarios que realicen operaciones en el exterior para sus clientes, la persona debe asegurarse de que el puesto de bolsa está autorizado para este fin y que cuenta con contratos debidamente documentados.  También debe contar con contrapartes en el exterior que estén reguladas y sean de renombre.",María Annette,15.0,5.0,,,,,,,,0,"[15, 5]",2,15.0,Sentence Length,"['structural', 'reduction']",2,structural,52,1,0,0,0,r2,long,0,fam=structural | rules=r2 | len=long | num=0 | lex=0,fam=structural | rules=r2 | len=long
714,10301_LibroBAC.pdf,"De la misma forma, debe actuar con total transparencia y entregar la debida información para la realización de todas las transacciones.","De la misma forma, debe actuar con total transparencia y entregar la debida información para realizar todas las transacciones.",María Annette,5.0,,,,,,,,,0,[5],1,5.0,Unnecessary Words,['reduction'],1,reduction,21,1,0,0,0,r1,medium,0,fam=reduction | rules=r1 | len=medium | num=0 | lex=0,fam=reduction | rules=r1 | len=medium
717,10432_LibroBAC.pdf,"A diferencia de las inversiones en el campo financiero que se basan, fundamentalmente, en la generación de renta, en este caso constituye una inversión acumulativa o de crecimiento, que convierte en propietaria, de toda o parte de la propiedad, a la persona que invierte.","A diferencia de las inversiones que se basan en la generación de renta, en este caso constituye una inversión acumulativa o de crecimiento que convierte en propietaria de toda o parte de la propiedad a la persona que invierte.",María Annette,16.0,5.0,,,,,,,,0,"[16, 5]",2,16.0,Parenthetical Phrases,['reduction'],1,reduction,44,1,0,0,0,r2,long,0,fam=reduction | rules=r2 | len=long | num=0 | lex=0,fam=reduction | rules=r2 | len=long
720,10442_LibroBAC.pdf,"La inversión en el campo productivo o empresarial, si da resultados positivos, permitirá obtener una buena rentabilidad.",Si da resultados positivos la inversión en el campo productivo o empresarial permitirá obtener una buena rentabilidad.,María Annette,16.0,19.0,,,,,,,,0,"[16, 19]",2,16.0,Parenthetical Phrases,"['reduction', 'structural']",2,reduction,17,1,0,0,0,r2,medium,0,fam=reduction | rules=r2 | len=medium | num=0 | lex=0,fam=reduction | rules=r2 | len=medium
721,10443_LibroBAC.pdf,"Se puede invertir para iniciar una empresa o un negocio y, sumado el espíritu emprendedor, se pueden obtener resultados satisfactorios; pero también hay riesgos que deben tenerse presentes, para tomar las medidas necesarias.",Se puede invertir para iniciar una empresa o un negocio y obtener resultados satisfactorios. Pero también hay riesgos que deben tenerse presentes para tomar las medidas necesarias.,María Annette,16.0,5.0,21.0,,,,,,,0,"[16, 5, 21]",3,16.0,Parenthetical Phrases,"['reduction', 'structural']",2,reduction,33,1,0,0,0,r3,long,0,fam=reduction | rules=r3 | len=long | num=0 | lex=0,fam=reduction | rules=r3 | len=long
722,10445_LibroBAC.pdf,"Las inversiones en proyectos pueden efectuarse, apoyando con recursos su puesta en marcha, de manera similar a cuando se compran acciones o bonos, bajo la condición de obtener utilidades por los intereses convenidos a un plazo determinado.","Las inversiones en proyectos pueden efectuarse al apoyar su puesta en marcha con recursos, de manera similar a cuando se compran acciones o bonos bajo la condición de obtener utilidades por los intereses convenidos a un plazo determinado.",María Annette,16.0,12.0,19.0,,,,,,,0,"[16, 12, 19]",3,16.0,Parenthetical Phrases,"['reduction', 'morphosyntactic', 'structural']",3,reduction,37,1,0,0,0,r3,long,0,fam=reduction | rules=r3 | len=long | num=0 | lex=0,fam=reduction | rules=r3 | len=long
723,10446_LibroBAC.pdf,"En este rubro destaca la figura del emprendedor o emprendedora que es la persona con ideas innovadoras y de visión para iniciar una empresa o negocio, teniendo en cuenta la información pertinente que le ayuda a concretar sus ideas, con mayor grado de seguridad.",En este rubro destaca la figura del emprendedor o emprendedora que es la persona con ideas innovadoras para iniciar una empresa o negocio al tener en cuenta la información pertinente que le ayuda a concretar sus ideas con mayor grado de seguridad.,María Annette,15.0,3.0,12.0,,,,,,,0,"[15, 3, 12]",3,15.0,Sentence Length,"['structural', 'reduction', 'morphosyntactic']",3,structural,44,1,0,0,0,r3,long,0,fam=structural | rules=r3 | len=long | num=0 | lex=0,fam=structural | rules=r3 | len=long
728,10465_LibroBAC.pdf,"En este sentido, en el marco de la educación financiera es importante realizar inversiones en su propia formación, entrenamiento y capacitación, haciendo realidad los planteamientos de una educación permanente, para toda la vida que contribuye, a su vez, con la realización personal.","este sentido, en el marco de la educación financiera es importante realizar inversiones en su propia formación, entrenamiento y capacitación.  Hacer realidad los planteamientos de una educación permanente que contribuye con la realización personal.",María Annette,12.0,16.0,15.0,5.0,,,,,,0,"[12, 16, 15, 5]",4,12.0,Use of Gerund,"['morphosyntactic', 'reduction', 'structural']",3,morphosyntactic,42,1,0,0,0,r4plus,long,0,fam=morphosyntactic | rules=r4plus | len=long | num=0 | lex=0,fam=morphosyntactic | rules=r4plus | len=long
731,10474_LibroBAC.pdf,"En este campo, a su vez, se encuentran las inversiones que se realizan pensando en el futuro, como el contar con recursos financieros para crear un fondo para financiar las necesidades de educación de los hijos e hijas y para asegurar, cuando se produzca el retiro, una pensión digna, para el cual los países, ofrecen atractivos planes y posibilidades, que pueden incluir, entre otros, fondos de capitalización y pensiones complementarias, por ejemplo.",En este campo se encuentran las inversiones que se realizan pensando en el futuro como el contar con recursos para crear un fondo para financiar las necesidades de educación de los hijos e hijas y para asegurar una pensión digna. / Para el cual los países ofrecen atractivos planes y posibilidades que pueden incluir fondos de capitalización y pensiones complementarias.,María Annette,15.0,5.0,,,,,,,,0,"[15, 5]",2,15.0,Sentence Length,"['structural', 'reduction']",2,structural,72,1,0,0,0,r2,long,0,fam=structural | rules=r2 | len=long | num=0 | lex=0,fam=structural | rules=r2 | len=long
735,10482_LibroBAC.pdf,"Como se había señalado anteriormente, las sociedades de inversión son mecanismos establecidos para tener acceso al mercado de capitales y que ofrecen una diversidad de instrumentos de inversión que son administrados por especialistas, que existen para los efectos en cada uno de los países de la región.","Como se señaló anteriormente, las sociedades de inversión son mecanismos establecidos para tener acceso al mercado de capitales y ofrecen una diversidad de instrumentos de inversión administrados por especialistas que existen para los efectos en los países de la región.",María Annette,17.0,5.0,,,,,,,,0,"[17, 5]",2,17.0,Relative Clauses,"['structural', 'reduction']",2,structural,47,1,0,0,0,r2,long,0,fam=structural | rules=r2 | len=long | num=0 | lex=0,fam=structural | rules=r2 | len=long
739,10509_LibroBAC.pdf,"A diferencia de lo que ocurre cuando uno mete su dinero en una cuenta corriente, al invertir en un fondo de inversión el inversionista pasa a ser copropietario de todos los valores en que está invertido el fondo.","A diferencia de lo que ocurre cuando se deposita el dinero en una cuenta corriente, al invertir en un fondo de inversión se pasa a ser copropietario de todos los valores en que está invertido el fondo.",María Annette,16.0,3.0,2.0,,,,,,,0,"[16, 3, 2]",3,16.0,Parenthetical Phrases,"['reduction', 'lexical']",2,reduction,38,1,0,0,0,r3,long,0,fam=reduction | rules=r3 | len=long | num=0 | lex=0,fam=reduction | rules=r3 | len=long
741,10492_LibroBAC.pdf,"Esta situación se ha visto agravada en Costa Rica, entre otras razones, porque la salida masiva de inversionistas obligó a los administradores de los fondos a vender los bonos, y el exceso de oferta de bonos hizo que en algunos casos los precios disminuyeran aún mucho más.","Esta situación se ha agravado en Costa Rica porque la salida masiva de inversionistas obligó a los administradores de los fondos a vender los bonos, y el exceso de oferta de bonos hizo que en algunos casos los precios disminuyeran aún mucho más.",María Annette,5.0,16.0,6.0,,,,,,,0,"[5, 16, 6]",3,5.0,Unnecessary Words,"['reduction', 'lexical']",2,reduction,47,1,0,0,0,r3,long,0,fam=reduction | rules=r3 | len=long | num=0 | lex=0,fam=reduction | rules=r3 | len=long
745,10529_LibroBAC.pdf,"Si el poseedor del bono en vez de venderlo lo conserva, seguirá recibiendo el flujo de intereses de $10 y al momento de su vencimiento el emisor le dará el valor facial del título, que puede ser mayor o menor al precio en que había sido comprado.","Si el poseedor del bono lo conserva en vez de venderlo, recibirá el flujo de intereses de diez dólares y al momento de su vencimiento el emisor le dará el valor facial del título que puede ser mayor o menor al precio de comprado.",María Annette,12.0,14.0,16.0,,,,,,,0,"[12, 14, 16]",3,12.0,Use of Gerund,"['morphosyntactic', 'structural', 'reduction']",3,morphosyntactic,47,1,1,1,0,r3,long,0,fam=morphosyntactic | rules=r3 | len=long | num=1 | lex=0,fam=morphosyntactic | rules=r3 | len=long
751,10558_LibroBAC.pdf,"Los bonos emitidos por el Gobierno o por el Banco Central tienen un sólido respaldo, pero aunque nadie duda de que los bonos sean pagados en el momento de su vencimiento; es completamente normal que cambien de precio y que por lo tanto los fondos de inversión puedan tener tanto ganancias como pérdidas de capital.","Los bonos emitidos por el Gobierno o por el Banco Central tienen un sólido respaldo. No hay duda de que los bonos sean pagados en el momento de su vencimiento, pero es normal que cambien de precio y por lo tanto los fondos de inversión puedan tener tanto ganancias como pérdidas de capital.",María Annette,21.0,16.0,15.0,5.0,,,,,,0,"[21, 16, 15, 5]",4,21.0,Use of Complex Punctuation Marks,"['structural', 'reduction']",2,structural,55,1,0,0,0,r4plus,long,0,fam=structural | rules=r4plus | len=long | num=0 | lex=0,fam=structural | rules=r4plus | len=long
753,10569_LibroBAC.pdf,"Algunas comisiones son deducidas periódicamente de su inversión; otras son deducidas en el momento de retiro, lo cual disminuye el monto que recibe.",Algunas comisiones son deducidas periódicamente de su inversión. Otras son deducidas en el momento de retiro lo que disminuye el monto que recibe.,María Annette,21.0,9.0,,,,,,,,0,"[21, 9]",2,21.0,Use of Complex Punctuation Marks,"['structural', 'morphosyntactic']",2,structural,23,1,0,0,0,r2,medium,0,fam=structural | rules=r2 | len=medium | num=0 | lex=0,fam=structural | rules=r2 | len=medium
761,10617_LibroBAC.pdf,"Expectativas de ganancia a ser definidas previamente, teniendo en cuenta que para obtener altos rendimientos a corto plazo existen mayores riesgos.",Expectativas de ganancia definidas previamente al tener en cuenta que para obtener altos rendimientos a corto plazo existen mayores riesgos.,María Annette,12.0,6.0,,,,,,,,0,"[12, 6]",2,12.0,Use of Gerund,"['morphosyntactic', 'lexical']",2,morphosyntactic,21,1,0,0,0,r2,medium,0,fam=morphosyntactic | rules=r2 | len=medium | num=0 | lex=0,fam=morphosyntactic | rules=r2 | len=medium
764,10634_LibroBAC.pdf,"Si es pequeño, ni siquiera vale la pena analizar.","Si es pequeño, no vale la pena analizar.",María Annette,9.0,,,,,,,,,0,[9],1,9.0,Subordinating Conjunctions,['morphosyntactic'],1,morphosyntactic,9,1,0,0,0,r1,short,0,fam=morphosyntactic | rules=r1 | len=short | num=0 | lex=0,fam=morphosyntactic | rules=r1 | len=short
771,10668_LibroBAC.pdf,"También, existen otros factores que influyen negativamente en el logro de los resultados esperados en las inversiones, como por ejemplo, los citados en el Curso Introductorio al Programa de Formación de Inversores (PSP USA Corp. 2016): falta de capital inicial, falta de formación específica y falta de motivación y acompañamiento.","También, existen otros factores que influyen negativamente en el logro de los resultados esperados en las inversiones, por ejemplo, los citados en el Curso Introductorio al Programa de Formación de Inversores: falta de capital inicial, falta de formación específica, y falta de motivación y acompañamiento.",María Annette,15.0,13.0,3.0,,,,,,,0,"[15, 13, 3]",3,15.0,Sentence Length,"['structural', 'lexical', 'reduction']",3,structural,50,2,1,0,0,r3,long,0,fam=structural | rules=r3 | len=long | num=1 | lex=0,fam=structural | rules=r3 | len=long
778,10691_LibroBAC.pdf,"En ocasiones se piensa que el mercado se va a comportar de una manera, pero en este mundo cambiante nada es predecible, es allí donde la planeación que se realizó empieza a tomar fuerza y ya no se trataría de encontrar el mejor momento para invertir sino de lograr calidad de inversión que asegure en parte los rendimientos financieros planeados.","En ocasiones se piensa que el mercado se va a comportar de una manera, pero en este mundo cambiante nada es predecible y es allí donde la planeación que se realizó empieza a tomar fuerza. Ya no se trataría de encontrar el mejor momento para invertir sino de lograr calidad de inversión que asegure en parte los rendimientos financieros planeados.",María Annette,16.0,15.0,,,,,,,,0,"[16, 15]",2,16.0,Parenthetical Phrases,"['reduction', 'structural']",2,reduction,60,1,0,0,0,r2,long,0,fam=reduction | rules=r2 | len=long | num=0 | lex=0,fam=reduction | rules=r2 | len=long
785,10726_LibroBAC.pdf,"Por último, se señalan los primeros pasos de la inversión para principiantes y un análisis sobre las causas por las cuales se pueden presentar los fracasos y los riesgos en la inversión financiera.","Por último, se señalan los primeros pasos de la inversión para principiantes y un análisis sobre las causas por los que se pueden presentar los fracasos y los riesgos en la inversión financiera.",María Annette,9.0,,,,,,,,,0,[9],1,9.0,Subordinating Conjunctions,['morphosyntactic'],1,morphosyntactic,33,1,0,0,0,r1,long,0,fam=morphosyntactic | rules=r1 | len=long | num=0 | lex=0,fam=morphosyntactic | rules=r1 | len=long
787,14080_LibroBAC.pdf,"Pero, además de tal aspecto, la educación debe asumir también los impuestos y la tributación como un hecho, fenómeno o mandato legal y social y, como una situación que el ciudadano debe aprender a manejar desde el marco de sus finanzas personales y familiares y también empresariales, ya que ella implica una erogación de dinero que afecta su presupuesto y, que por lo tanto, él o ella debe financiar y equilibrar, con diferentes y sensatas decisiones, que van desde no afectar sensiblemente su mismo presupuesto, hasta economizar haciendo buen uso de los servicios que el Estado le provee y que motiva muchos de los impuestos mencionados.","Pero, además la educación debe asumir los impuestos y la tributación como un hecho, fenómeno o mandato legal y social, como una situación que el ciudadano debe aprender a manejar desde el marco de sus finanzas personales, familiares y empresariales. Ya que implica una distribución de dinero que afecta su presupuesto por lo tanto él o ella debe financiar y equilibrar con sensatas decisiones. Que van desde no afectar sensiblemente su mismo presupuesto hasta economizar al hacer buen uso de los servicios que el Estado le provee y que motiva muchos de los impuestos mencionados.",María Annette,15.0,16.0,5.0,1.0,,,,,,1,"[15, 16, 5, 1]",4,15.0,Sentence Length,"['structural', 'reduction', 'lexical']",3,structural,106,1,0,0,0,r4plus,long,1,fam=structural | rules=r4plus | len=long | num=0 | lex=1,fam=structural | rules=r4plus | len=long
796,14088_LibroBAC.pdf,"Sin embargo, dependiendo de las políticas de los gobiernos y del desempeño de su economía, esta estructura se debe modificar.","Sin embargo, esta estructura se debe modificar según las políticas de los gobiernos y el desempeño de su economía.",María Annette,16.0,12.0,19.0,,,,,,,0,"[16, 12, 19]",3,16.0,Parenthetical Phrases,"['reduction', 'morphosyntactic', 'structural']",3,reduction,20,1,0,0,0,r3,medium,0,fam=reduction | rules=r3 | len=medium | num=0 | lex=0,fam=reduction | rules=r3 | len=medium
797,14090_LibroBAC.pdf,"El Estado, entonces, de acuerdo con su función constitucional provee algunos servicios a los ciudadanos y ciudadanas y el arreglo institucional para cubrir los gastos de financiamiento del gobierno para estos bienes y servicios, es el pago de impuestos o lo que es prácticamente lo mismo, la tributación.",El Estado provee algunos servicios a los ciudadanos y ciudadanas de acuerdo con su función constitucional. Y el arreglo institucional para cubrir los gastos de financiamiento del gobierno para estos bienes y servicios es el pago de impuestos o la tributación.,María Annette,16.0,5.0,19.0,,,,,,,0,"[16, 5, 19]",3,16.0,Parenthetical Phrases,"['reduction', 'structural']",2,reduction,48,1,0,0,0,r3,long,0,fam=reduction | rules=r3 | len=long | num=0 | lex=0,fam=reduction | rules=r3 | len=long
802,14111_LibroBAC.pdf,"En el Códice Azteca, por ejemplo, aparece como el rey Azcapotzalco pedía tributo a cambio de beneficios en su comunidad, dejando el inicio de los registros del tributo llamados Tequiamal.","Por ejemplo, en el Códice Azteca aparece como el rey Azcapotzalco pedía tributo a cambio de beneficios en su comunidad y así establece el inicio de los registros del tributo llamados Tequiamal.",María Annette,16.0,4.0,,,,,,,,0,"[16, 4]",2,16.0,Parenthetical Phrases,"['reduction', 'lexical']",2,reduction,30,1,0,0,0,r2,long,0,fam=reduction | rules=r2 | len=long | num=0 | lex=0,fam=reduction | rules=r2 | len=long
809,14127_LibroBAC.pdf,"Al mismo tiempo, y a partir del siglo V, se observa una desaparición paulatina del comercio y de las grandes ciudades, que provocó un cambio en la economía, que se convierte en una economía de tipo rural; pero esta economía era de tipo rudimentario porque solamente se pretendía que el campo produjera lo necesario para el uso y consumo de sus propios habitantes, pues no había ya ciudades a las que hubiera que abastecer ni comerciantes que llevaran los productos de unas regiones a otras.","Al mismo tiempo, a partir del siglo quinto se observa una desaparición paulatina del comercio y de las grandes ciudades, que provocó un cambio en la economía al convertirse en una de tipo rural. Pero esta economía era de tipo rudimentario porque solamente se pretendía que el campo produjera lo necesario para el uso y consumo de sus propios habitantes, pues no había ciudades a las que hubiera que abastecer ni comerciantes que llevaran los productos de unas regiones a otras.",María Annette,15.0,16.0,21.0,5.0,12.0,,,,,0,"[15, 16, 21, 5, 12]",5,15.0,Sentence Length,"['structural', 'reduction', 'morphosyntactic']",3,structural,85,1,0,0,0,r4plus,long,0,fam=structural | rules=r4plus | len=long | num=0 | lex=0,fam=structural | rules=r4plus | len=long
811,14131_LibroBAC.pdf,"Al lado de esos grandes dominios aparecían algunas pequeñas propiedades pertenecientes a algún señor independiente, propiedades que recibieron el nombre de alodios; pertenecían a su dueño en propiedad absoluta y de la que podía disponer libremente.",Al lado de esos grandes dominios aparecían pequeñas propiedades pertenecientes a algún señor independiente que recibieron el nombre de alodios. Pertenecían a su dueño en propiedad absoluta y de la que podía disponer libremente.,María Annette,21.0,5.0,,,,,,,,0,"[21, 5]",2,21.0,Use of Complex Punctuation Marks,"['structural', 'reduction']",2,structural,36,1,0,0,0,r2,long,0,fam=structural | rules=r2 | len=long | num=0 | lex=0,fam=structural | rules=r2 | len=long
816,14146_LibroBAC.pdf,Estas ayudas fueron primero arbitrarias y después se reglamentaron limitándolas y llegando posteriormente a convertirse en los subsidios que en épocas posteriores concedían los parlamentos a la corona.,Estas ayudas fueron primero arbitrarias y después se reglamentaron y limitaron para posteriormente convertirse en los subsidios que en épocas posteriores concedían los parlamentos a la corona.,María Annette,12.0,6.0,,,,,,,,0,"[12, 6]",2,12.0,Use of Gerund,"['morphosyntactic', 'lexical']",2,morphosyntactic,28,1,0,0,0,r2,long,0,fam=morphosyntactic | rules=r2 | len=long | num=0 | lex=0,fam=morphosyntactic | rules=r2 | len=long
819,14162_LibroBAC.pdf,"Los colaterales no tenían derecho a heredar, y si el señor autorizaba que percibieran la herencia, debían pagar un crecido rescate, a lo que se llamaba derecho de relieve.","Los colaterales no tenían derecho a heredar, y si el señor autorizaba que percibieran la herencia debían pagar un crecido rescate que se llamaba derecho de relieve.",María Annette,16.0,3.0,5.0,,,,,,,0,"[16, 3, 5]",3,16.0,Parenthetical Phrases,['reduction'],1,reduction,29,1,0,0,0,r3,long,0,fam=reduction | rules=r3 | len=long | num=0 | lex=0,fam=reduction | rules=r3 | len=long
820,14176_LibroBAC.pdf,El pecho o talla era una talla o una carga impuesta una o varias veces al año a cada familia.,El pecho o talla era una carga impuesta una o varias veces al año a cada familia.,María Annette,4.0,5.0,,,,,,,,0,"[4, 5]",2,4.0,Ambiguity in Word Meaning,"['lexical', 'reduction']",2,lexical,20,1,0,0,0,r2,medium,0,fam=lexical | rules=r2 | len=medium | num=0 | lex=0,fam=lexical | rules=r2 | len=medium
824,14174_LibroBAC.pdf,"La talla o pecho se convirtió en el impuesto de la propiedad territorial, conservando todavía en tiempo de la Revolución Francesa, a pesar de la transformación que había sufrido, el nombre de talla.",La talla o pecho se convirtió en el impuesto de la propiedad territorial y se conserva el nombre de talla todavía en tiempo de la Revolución Francesa a pesar de la transformación que había sufrido.,María Annette,12.0,16.0,,,,,,,,0,"[12, 16]",2,12.0,Use of Gerund,"['morphosyntactic', 'reduction']",2,morphosyntactic,33,1,0,0,0,r2,long,0,fam=morphosyntactic | rules=r2 | len=long | num=0 | lex=0,fam=morphosyntactic | rules=r2 | len=long
830,14199_LibroBAC.pdf,"Los impuestos, deberían saberlo todas las personas pero, lamentablemente sobre esto hay mucha ignorancia, son un componente esencial de toda sociedad organizada que hay que manejar con mucho cuidado porque como dice Rubio: La vida en sociedad cuesta: desde la construcción de infraestructura hasta el cuidado de las fronteras de una nación.","Sobre los impuestos deberían saber todas las personas, pero hay mucha ignorancia. Son un componente esencial de toda sociedad organizada que hay que manejar con mucho cuidado porque como afirma Rubio: La vida en sociedad cuesta, desde la construcción de infraestructura hasta el cuidado de las fronteras de una nación.",María Annette,16.0,5.0,6.0,,,,,,,0,"[16, 5, 6]",3,16.0,Parenthetical Phrases,"['reduction', 'lexical']",2,reduction,52,1,0,0,0,r3,long,0,fam=reduction | rules=r3 | len=long | num=0 | lex=0,fam=reduction | rules=r3 | len=long
831,14203_LibroBAC.pdf,"A lo largo de la historia, todos los especialistas en impuestos se han preocupado por tratar de responder a la pregunta de cómo recaudar impuestos sin distorsionar la creación de la riqueza y como en sentido estricto esto es imposible, el objetivo se ha centrado en cómo recaudar distorsionando lo menos posible.","A lo largo de la historia, muchos especialistas en impuestos se han preocupado por responder a la pregunta de cómo recaudar impuestos sin distorsionar la creación de la riqueza, y ya que en sentido estricto esto es imposible el objetivo se ha centrado en cómo recaudar sin distorsionar.",María Annette,16.0,2.0,15.0,,,,,,,0,"[16, 2, 15]",3,16.0,Parenthetical Phrases,"['reduction', 'lexical', 'structural']",3,reduction,52,1,0,0,0,r3,long,0,fam=reduction | rules=r3 | len=long | num=0 | lex=0,fam=reduction | rules=r3 | len=long
835,14217_LibroBAC.pdf,"Se trata sólo de una entre las tantas razones perentorias atadas al trabajo, a la producción y sobre todo a la vida ciudadana de las sociedades y los estados de hoy en día, pues los impuestos, además de esta dimensión material, tienen otros alcances existenciales y políticos y, por estas circunstancias, se torna más enfática la necesidad cuidadosa de la equidad y el respeto del contribuyente por parte del Estado, especialmente cuando hay tendencia a la sobrecarga tributaria, producto a veces de arreglos políticos espurios, no muy claros por consiguiente, entre los gobernantes y otros grupos que conllevan especiales intereses y, también a veces, por la insensatez en el manejo de la economía del país.","Se trata de una entre las tantas razones perentorias atadas al trabajo, a la producción y sobre todo a la vida ciudadana de las sociedades y los estados de hoy. Pues los impuestos, además de esta dimensión material tienen otros alcances existenciales y políticos, y por estas circunstancias se torna más enfática la necesidad de la equidad y el respeto del contribuyente por parte del Estado. Especialmente cuando hay tendencia a la sobrecarga tributaria debido a arreglos políticos ilegítimos entre los gobernantes y otros grupos que conllevan especiales intereses. Y también a veces por la insensatez en el manejo de la economía del país.",María Annette,15.0,16.0,5.0,3.0,,,,,,0,"[15, 16, 5, 3]",4,15.0,Sentence Length,"['structural', 'reduction']",2,structural,115,1,0,0,0,r4plus,long,0,fam=structural | rules=r4plus | len=long | num=0 | lex=0,fam=structural | rules=r4plus | len=long
837,14221_LibroBAC.pdf,"Mientras esa concepción no cambie, mientras la ciudadanía no logre convertirse en una contraparte aceptada por los gobernantes, los ciudadanos seguirán haciendo como que pagan y el gobierno como que gobierna.","Mientras la ciudadanía no logre convertirse en una contraparte aceptada por los gobernantes, los ciudadanos simularán que pagan y el gobierno que gobierna.",María Annette,5.0,2.0,4.0,,,,,,,0,"[5, 2, 4]",3,5.0,Unnecessary Words,"['reduction', 'lexical']",2,reduction,31,1,0,0,0,r3,long,0,fam=reduction | rules=r3 | len=long | num=0 | lex=0,fam=reduction | rules=r3 | len=long
845,14305_LibroBAC.pdf,"Los impuestos sobre la gasolina y el licor, así como las licencias para automóviles o vehículos en general se basan hasta cierto punto, en la teoría de los beneficios recibidos.","Los impuestos sobre la gasolina, el licor y las licencias para vehículos se basan en la teoría de los beneficios recibidos.",María Annette,16.0,5.0,,,,,,,,0,"[16, 5]",2,16.0,Parenthetical Phrases,['reduction'],1,reduction,30,1,0,0,0,r2,long,0,fam=reduction | rules=r2 | len=long | num=0 | lex=0,fam=reduction | rules=r2 | len=long
848,14325_LibroBAC.pdf,"La mayoría de las personas probablemente estarían de acuerdo en que un impuesto proporcional del 10 por ciento sobre sus ingresos causaría mucho más daño a la familia de ingresos bajos que a la familia de ingresos más altos, puesto que esta ya está viviendo más cerca del nivel de subsistencia.","La mayoría de las personas probablemente estarían de acuerdo en que un impuesto proporcional del diez por ciento sobre sus ingresos causaría mucho más daño a la familia de ingresos bajos que a la familia de ingresos más altos, puesto que esta ya vive más cerca del nivel de subsistencia.",María Annette,12.0,14.0,,,,,,,,0,"[12, 14]",2,12.0,Use of Gerund,"['morphosyntactic', 'structural']",2,morphosyntactic,51,1,1,0,1,r2,long,0,fam=morphosyntactic | rules=r2 | len=long | num=1 | lex=0,fam=morphosyntactic | rules=r2 | len=long
851,14365_LibroBAC.pdf,"Ante tal circunstancia, es indispensable que las instituciones educativas en todos los niveles, en sus propuestas curriculares tengan presentes que todas las personas deben ser educadas en el ámbito de los impuestos o de la tributación en dos dimensiones: primero, como ciudadanos que son parte simbiótica de un país o Estado, por cuya subsistencia, salud y desarrollo son también responsables, en conjunto con los gobernantes y todas las fuerzas vivas del país; segundo, como personas responsables de su seguridad financiera y la de sus familias, que deben ver en los impuestos un desafío y una obligación que genera un egreso permanente, el cual debe ser sustituido por nuevos ingresos para mantener el equilibrio digno de la subsistencia.","Ante tal circunstancia, es indispensable que las instituciones educativas en sus propuestas curriculares tengan presente que las personas deben ser educadas en el ámbito de los impuestos o de la tributación en dos dimensiones. Primero, como ciudadanos son parte simbiótica de un país o Estado, por cuya subsistencia, salud y desarrollo también responsables en conjunto con los gobernantes y todas las fuerzas vivas del país. Segundo, como personas responsables de su seguridad financiera y la de sus familias, que deben ver en los impuestos un desafío y una obligación que genera un egreso permanente, el cual debe ser sustituido por nuevos ingresos para mantener el equilibrio digno de la subsistencia.",María Annette,15.0,5.0,6.0,,,,,,,0,"[15, 5, 6]",3,15.0,Sentence Length,"['structural', 'reduction', 'lexical']",3,structural,117,1,0,0,0,r3,long,0,fam=structural | rules=r3 | len=long | num=0 | lex=0,fam=structural | rules=r3 | len=long
860,16426_LibroBAC.pdf,"Sin embargo, la comprensión y manejo de las finanzas, incluso las personales o familiares, se ha ido haciendo cada vez más complejo hasta tal punto de ir constituyendo una disciplina a la cual se dedican profesionales en Economía, Contaduría y en Finanzas propiamente dichas, lo cual no impide que usted y cualquier ciudadano tenga al menos un conocimiento básico general que le permita comprender, por una parte, los principales fenómenos de aquélla y, por la otra, tomar algunas decisiones cuando le sea necesario.","Sin embargo, la comprensión y manejo de las finanzas se ha complejizado hasta constituir una disciplina a la cual se dedican profesionales en Economía, Contaduría y en Finanzas. Lo que no impide que usted y cualquier ciudadano tenga al menos un conocimiento básico general que le permita comprender los principales fenómenos de esta y tomar algunas decisiones cuando le sea necesario.",María Annette,15.0,16.0,12.0,5.0,,,,,,0,"[15, 16, 12, 5]",4,15.0,Sentence Length,"['structural', 'reduction', 'morphosyntactic']",3,structural,83,1,0,0,0,r4plus,long,0,fam=structural | rules=r4plus | len=long | num=0 | lex=0,fam=structural | rules=r4plus | len=long
863,16432_LibroBAC.pdf,"A este respecto Castañeda dice que: Entrada la década de los ochenta, llamada la década pérdida de América Latina, muchos bancos norteamericanos poseían excedentes en dólares, llamados comúnmente para dólares, para ser colocados fuera de su país.","A este respecto Castañeda dice que entrada la década de los ochenta, conocida como la década pérdida de América Latina, muchos bancos norteamericanos poseían excedentes en dólares para ser colocados fuera de su país.",María Annette,3.0,2.0,5.0,,,,,,,0,"[3, 2, 5]",3,3.0,Visual Reference Dependence,"['reduction', 'lexical']",2,reduction,37,1,0,1,0,r3,long,0,fam=reduction | rules=r3 | len=long | num=0 | lex=0,fam=reduction | rules=r3 | len=long
866,16439_LibroBAC.pdf,"Coordina la distribución de las competencias supervisoras entre las autoridades nacionales, con el fin de garantizar una supervisión eficaz de las actividades bancarias, y con el paso del tiempo, sus normas de supervisión transfronteriza se ha convertido en un referente en todo el mundo.","Coordina la distribución de las competencias supervisoras entre las autoridades nacionales con el fin de garantizar una supervisión eficaz de las actividades bancarias, y sus normas de supervisión transfronteriza se ha convertido en un referente en todo el mundo.",María Annette,16.0,5.0,,,,,,,,0,"[16, 5]",2,16.0,Parenthetical Phrases,['reduction'],1,reduction,44,1,0,0,0,r2,long,0,fam=reduction | rules=r2 | len=long | num=0 | lex=0,fam=reduction | rules=r2 | len=long
871,16444_LibroBAC.pdf,"Basilea sigue siendo pues el referente fundamental para buscar, de alguna manera, la seguridad y credibilidad frente a las inversiones y los demás diversos servicios financieros que ofrecen los países a través de sus sistemas financieros, dados los problemas que allí se analizan y discuten por experiencias compartidas y otras investigaciones y la normatividad en el campo de la regulación y supervisión que de allí se deriva.","Basilea es el referente fundamental para buscar, la seguridad y credibilidad frente a las inversiones y los demás diversos servicios financieros que ofrecen los países a través de sus sistemas financieros. Debido a los problemas que se analizan y discuten por experiencias compartidas y otras investigaciones, y la normatividad en el campo de la regulación y supervisión que de allí se deriva.",María Annette,15.0,5.0,16.0,,,,,,,0,"[15, 5, 16]",3,15.0,Sentence Length,"['structural', 'reduction']",2,structural,67,1,0,0,0,r3,long,0,fam=structural | rules=r3 | len=long | num=0 | lex=0,fam=structural | rules=r3 | len=long
884,17207_LibroBAC.pdf,"El tema de seguridad financiera es un tema muy amplio que abarca desde el buen uso de las cuentas personales (desde el punto de vista de realizar los gastos de acuerdo con un presupuesto previamente definido), pasando por el correcto uso de estas herramientas financieras (chequeras, tarjetas de crédito, tarjetas de débitos) para no ser víctimas de fraudes y engaños, y terminando en tomar medidas de precaución para que el uso de las instalaciones bancarias y cajeros automáticos se realice de manera segura y no ser blanco fácil del hampa común o de la delincuencia organizada.","El tema de seguridad financiera abarca desde el buen uso de las cuentas personales, pasando por el correcto uso de estas herramientas financieras como chequeras, tarjetas de crédito, tarjetas de débitos para no ser víctimas de fraudes y engaños, hasta el tomar medidas de precaución para que el uso de las instalaciones bancarias y cajeros automáticos se realice de manera segura y no ser blanco del hampa común o de la delincuencia organizada.",María Annette,15.0,3.0,,,,,,,,0,"[15, 3]",2,15.0,Sentence Length,"['structural', 'reduction']",2,structural,96,1,0,0,0,r2,long,0,fam=structural | rules=r2 | len=long | num=0 | lex=0,fam=structural | rules=r2 | len=long
885,17229_LibroBAC.pdf,"El robo de identidad ocurre cuando su información personal, tal como su nombre, número de cuenta, o número de cédula de identidad se usan sin su conocimiento para cometer un fraude o robo.","El robo de identidad ocurre cuando su información personal como su nombre, número de cuenta, o número de cédula de identidad se usan sin su conocimiento para cometer un fraude o robo.",María Annette,9.0,,,,,,,,,0,[9],1,9.0,Subordinating Conjunctions,['morphosyntactic'],1,morphosyntactic,33,1,0,0,0,r1,long,0,fam=morphosyntactic | rules=r1 | len=long | num=0 | lex=0,fam=morphosyntactic | rules=r1 | len=long
889,17253_LibroBAC.pdf,"Los asaltos que le suceden a los clientes dentro de las instalaciones de los bancos, siguen un procedimiento similar, tal como: Hay alguien dentro del banco que observa atentamente si algún cliente retira mucho dinero en efectivo.","Los asaltos sucedidos dentro de las instalaciones de los bancos siguen un procedimiento similar, como: hay alguien dentro del banco que observa atentamente si algún cliente retira mucho dinero en efectivo.",María Annette,9.0,16.0,,,,,,,,0,"[9, 16]",2,9.0,Subordinating Conjunctions,"['morphosyntactic', 'reduction']",2,morphosyntactic,37,1,0,0,0,r2,long,0,fam=morphosyntactic | rules=r2 | len=long | num=0 | lex=0,fam=morphosyntactic | rules=r2 | len=long
891,17267_LibroBAC.pdf,"Mantenga en una caja fuerte o bajo llave, las fórmulas de cheques en blanco.",Mantenga las fórmulas de cheques en blanco en una caja fuerte o bajo llave.,María Annette,16.0,19.0,,,,,,,,0,"[16, 19]",2,16.0,Parenthetical Phrases,"['reduction', 'structural']",2,reduction,14,1,0,0,0,r2,medium,0,fam=reduction | rules=r2 | len=medium | num=0 | lex=0,fam=reduction | rules=r2 | len=medium
897,17303_LibroBAC.pdf,"Si va a ir de noche, hágase acompañar por alguien más.",Vaya acompañado por alguien más si va a ir de noche.,María Annette,19.0,,,,,,,,,0,[19],1,19.0,Sentence Order,['structural'],1,structural,11,1,0,0,0,r1,short,0,fam=structural | rules=r1 | len=short | num=0 | lex=0,fam=structural | rules=r1 | len=short
899,1060_LibroNEFE_Sincopyright.pdf,El gobierno de los EE. UU. no solo ofrece ventajas impositivas para la jubilación; también ofrece esos beneficios para pagar los gastos de educación.,El gobierno de los Estados Unidos no solo ofrece ventajas impositivas para la jubilación. También ofrece esos beneficios para pagar los gastos de educación.,María Annette,13.0,21.0,,,,,,,,0,"[13, 21]",2,13.0,"Abbreviations, Shortenings, Acronyms, and Initialisms","['lexical', 'structural']",2,lexical,24,3,0,0,0,r2,medium,0,fam=lexical | rules=r2 | len=medium | num=0 | lex=0,fam=lexical | rules=r2 | len=medium
901,1072_LibroNEFE_Sincopyright.pdf,Las normas que regulan las cuentas de ahorro Coverdell ESA y también el límite de los aportes pueden variar en el transcurso del tiempo.,Las normas que regulan las cuentas de ahorro Coverdell y el límite de los aportes pueden variar en el transcurso del tiempo.,María Annette,13.0,19.0,,,,,,,,0,"[13, 19]",2,13.0,"Abbreviations, Shortenings, Acronyms, and Initialisms","['lexical', 'structural']",2,lexical,24,1,0,0,0,r2,medium,0,fam=lexical | rules=r2 | len=medium | num=0 | lex=0,fam=lexical | rules=r2 | len=medium
904,2410_LibroUide_Sincopyright.pdf,"Esta forma de financiamiento suele estar presente en los primeros años de todos los negocios que, de forma intencional, prefieren utilizar los recursos generados para alcanzar mayores tasas de crecimiento.",Esta forma de financiamiento suele estar presente en los primeros años de todos los negocios que prefieren intencionalmente utilizar los recursos generados para alcanzar mayores tasas de crecimiento.,María Annette,16.0,6.0,,,,,,,,0,"[16, 6]",2,16.0,Parenthetical Phrases,"['reduction', 'lexical']",2,reduction,30,1,0,0,0,r2,long,0,fam=reduction | rules=r2 | len=long | num=0 | lex=0,fam=reduction | rules=r2 | len=long
908,2744_LibroUide_Sincopyright.pdf,"Dichos costos se separan en variables y fijos, entendiendo que los costos variables son aquellos que varían acorde al nivel de producción de la empresa, mientras que los costos fijos son los que no se relacionan directamente con el nivel de producción.","Dichos costos se separan en variables y fijos. Los costos variables varían acorde al nivel de producción de la empresa, mientras que los costos fijos no se relacionan directamente con el nivel de producción.",María Annette,12.0,5.0,,,,,,,,0,"[12, 5]",2,12.0,Use of Gerund,"['morphosyntactic', 'reduction']",2,morphosyntactic,42,1,0,0,0,r2,long,0,fam=morphosyntactic | rules=r2 | len=long | num=0 | lex=0,fam=morphosyntactic | rules=r2 | len=long
911,2806_LibroUide_Sincopyright.pdf,"Es decir, si el promedio de ventas arroja una cantidad de $10,000 mensuales; presupuestar esa misma cantidad implicaría que el negocio venda lo mismo que ha estado vendiendo en los últimos períodos sin presentar una mejora.","Es decir, si el promedio de ventas arroja una cantidad de diez mil dólares mensuales, presupuestar esa misma cantidad implicaría que el negocio venda lo mismo que ha vendido en los últimos períodos sin presentar una mejora.",María Annette,14.0,21.0,,,,,,,,0,"[14, 21]",2,14.0,Use of Numerical Expressions,['structural'],1,structural,36,1,1,1,0,r2,long,0,fam=structural | rules=r2 | len=long | num=1 | lex=0,fam=structural | rules=r2 | len=long
919,2849_LibroUide_Sincopyright.pdf,"Por otro lado, los costos fijos no dependen de la producción o venta, por tanto, su presupuestación se realiza en base a las cifras históricas, manteniendo el promedio.","Por otro lado, los costos fijos no dependen de la producción o venta. Por tanto, su presupuestación se realiza en base a las cifras históricas al mantener el promedio.",María Annette,16.0,12.0,,,,,,,,0,"[16, 12]",2,16.0,Parenthetical Phrases,"['reduction', 'morphosyntactic']",2,reduction,28,1,0,0,0,r2,long,0,fam=reduction | rules=r2 | len=long | num=0 | lex=0,fam=reduction | rules=r2 | len=long
922,2871_LibroUide_Sincopyright.pdf,"En este sentido, si la facturación crece, es normal que crezcan los variables; pero se necesita un presupuesto flexible para determinar si el crecimiento de los mismos está justificado o no.","En este sentido, si la facturación crece es normal que crezcan los variables. Pero se necesita un presupuesto flexible para determinar si el crecimiento de los mismos está justificado o no.",María Annette,16.0,21.0,,,,,,,,0,"[16, 21]",2,16.0,Parenthetical Phrases,"['reduction', 'structural']",2,reduction,31,1,0,0,0,r2,long,0,fam=reduction | rules=r2 | len=long | num=0 | lex=0,fam=reduction | rules=r2 | len=long
926,1905_LibroUide_Sincopyright.pdf,"Esta información es la base para lo desarrollado en el capítulo 6, en el cual se presenta la estructura requerida para un análisis de inversión a largo plazo.","Esta información es la base para lo desarrollado en el capítulo seis, en el que se presenta la estructura requerida para un análisis de inversión a largo plazo.",María Annette,14.0,9.0,,,,,,,,0,"[14, 9]",2,14.0,Use of Numerical Expressions,"['structural', 'morphosyntactic']",2,structural,28,1,1,0,0,r2,long,0,fam=structural | rules=r2 | len=long | num=1 | lex=0,fam=structural | rules=r2 | len=long
927,1909_LibroUide_Sincopyright.pdf,"La valoración, en última instancia, consiste en evaluar los ingresos y egresos del negocio descontados a una tasa específica para constatar si es rentable o no realizar la inversión.",La valoración consiste en evaluar los ingresos y egresos del negocio descontados a una tasa específica para constatar si es rentable o no realizar la inversión.,María Annette,16.0,5.0,,,,,,,,0,"[16, 5]",2,16.0,Parenthetical Phrases,['reduction'],1,reduction,29,1,0,0,0,r2,long,0,fam=reduction | rules=r2 | len=long | num=0 | lex=0,fam=reduction | rules=r2 | len=long
928,1919_LibroUide_Sincopyright.pdf,"Para este texto, los estudios de mercado, técnico y organizacional se asumen como dados, puesto que es materia de un análisis distinto.","Para este texto los estudios de mercado técnico y organizacional se asumen como dados, puesto que es materia de un análisis distinto.",María Annette,16.0,2.0,,,,,,,,0,"[16, 2]",2,16.0,Parenthetical Phrases,"['reduction', 'lexical']",2,reduction,22,1,0,0,0,r2,medium,0,fam=reduction | rules=r2 | len=medium | num=0 | lex=0,fam=reduction | rules=r2 | len=medium
933,2057_LibroUide_Sincopyright.pdf,La tabla 21 permite la obtención del gasto financiero que debe restarse a la UAII para generar la utilidad antes de impuestos  UAI.,La tabla veintiuno permite la obtención del gasto financiero que debe restarse a la utilidad operacional para generar la utilidad antes de impuestos.,María Annette,14.0,13.0,3.0,,,,,,,0,"[14, 13, 3]",3,14.0,Use of Numerical Expressions,"['structural', 'lexical', 'reduction']",3,structural,24,1,1,0,0,r3,medium,0,fam=structural | rules=r3 | len=medium | num=1 | lex=0,fam=structural | rules=r3 | len=medium
936,1_LibroUAC_Sincopyright.pdf,"Por ejemplo, el billete chileno de cinco mil pesos lleva, entre otras señas, la imagen de la poetisa y Premio Nobel de Literatura 1945, Gabriela Mistral.","Por ejemplo, el billete chileno de cinco mil pesos lleva la imagen de la poetisa y Premio Nobel de Literatura Gabriela Mistral.",María Annette,16.0,15.0,14.0,,,,,,,0,"[16, 15, 14]",3,16.0,Parenthetical Phrases,"['reduction', 'structural']",2,reduction,26,1,1,1,0,r3,long,0,fam=reduction | rules=r3 | len=long | num=1 | lex=0,fam=reduction | rules=r3 | len=long
941,30_LibroUAC_Sincopyright.pdf,"El artículo 3° de esta ley señala que: ""El Banco tendrá por objeto velar por la estabilidad de la moneda y el normal funcionamiento de los pagos internos y externos.""",El artículo tercero de esta ley señala que el Banco tendrá por objeto velar por la estabilidad de la moneda y el normal funcionamiento de los pagos internos y externos.,María Annette,14.0,3.0,,,,,,,,0,"[14, 3]",2,14.0,Use of Numerical Expressions,"['structural', 'reduction']",2,structural,30,2,1,0,0,r2,long,0,fam=structural | rules=r2 | len=long | num=1 | lex=0,fam=structural | rules=r2 | len=long
942,32_LibroUAC_Sincopyright.pdf,"Las atribuciones del Banco, para estos efectos, serán la regulación de la cantidad de dinero y de crédito en circulación, la ejecución de operaciones de crédito y cambios internacionales, como, asimismo, la dictación de normas en materia monetaria, crediticia, financiera y de cambios internacionales».","Las atribuciones del Banco serán la regulación de la cantidad de dinero y de crédito en circulación, la ejecución de operaciones de crédito y cambios internacionales como la dictación de normas en materia monetaria, crediticia, financiera y de cambios internacionales.",María Annette,15.0,5.0,16.0,,,,,,,0,"[15, 5, 16]",3,15.0,Sentence Length,"['structural', 'reduction']",2,structural,44,1,0,0,0,r3,long,0,fam=structural | rules=r3 | len=long | num=0 | lex=0,fam=structural | rules=r3 | len=long
944,35b_LibroUAC_Sincopyright.pdf,"De igual manera, es función del Banco Central de Chile retirar de circulación los billetes o monedas en mal estado (originado en su diaria circulación) y aquellos que hayan perdido su valor en el tiempo.","De igual manera, es función del Banco Central de Chile retirar de circulación los billetes o monedas en mal estado y los que hayan perdido su valor en el tiempo.",María Annette,3.0,5.0,,,,,,,,0,"[3, 5]",2,3.0,Visual Reference Dependence,['reduction'],1,reduction,35,1,0,0,0,r2,long,0,fam=reduction | rules=r2 | len=long | num=0 | lex=0,fam=reduction | rules=r2 | len=long
945,37_LibroUAC_Sincopyright.pdf,"El trabajo de acuñación de moneda e impresión de billetes lo realiza la Casa de Moneda (CMCh) que, aunque tiene carácter de sociedad anónima, pertenece al Estado de Chile.",El trabajo de acuñación de moneda e impresión de billetes lo realiza la Casa de Moneda que pertenece al Estado de Chile aunque tiene carácter de sociedad anónima.,María Annette,3.0,13.0,19.0,,,,,,,0,"[3, 13, 19]",3,3.0,Visual Reference Dependence,"['reduction', 'lexical', 'structural']",3,reduction,29,1,0,0,0,r3,long,0,fam=reduction | rules=r3 | len=long | num=0 | lex=0,fam=reduction | rules=r3 | len=long
948,47_LibroUAC_Sincopyright.pdf,"El cheque es un documento de pago a la vista (pago al momento del cobro), pero la práctica y la costumbre lo llevó a convertirse en un instrumento financiero de garantía en operaciones de crédito y pagos a plazos, a pesar de que la legislación sobre cuentas corrientes bancarias no le asignó tal función.","El cheque es un documento de pago a la vista o pago al momento del cobro, pero llegó a convertirse en un instrumento financiero de garantía en operaciones de crédito y pagos a plazos, a pesar de que la legislación sobre cuentas corrientes bancarias no le asignó tal función.",María Annette,3.0,5.0,,,,,,,,0,"[3, 5]",2,3.0,Visual Reference Dependence,['reduction'],1,reduction,54,1,0,0,0,r2,long,0,fam=reduction | rules=r2 | len=long | num=0 | lex=0,fam=reduction | rules=r2 | len=long
950,51_LibroUAC_Sincopyright.pdf,"En caso de que no haya fondos para pagar el cheque (u otros motivos, como errores en el monto, en las fechas, en la firma, entre otros) el mismo banco cumple con las acciones de protesto (constancia formal del no pago para posteriores acciones de cobros judiciales) y devolución del documento al beneficiario.","En caso de que no haya fondos para pagar el cheque o haya errores en el monto, en las fechas, en la firma, entre otros, el mismo banco cumple con las acciones de protesto que es una constancia formal del no pago para posteriores acciones de cobros judiciales y devolución del documento al beneficiario.",María Annette,15.0,3.0,99.0,,,,,,,0,"[15, 3, 99]",3,15.0,Sentence Length,"['structural', 'reduction', 'unknown']",3,structural,53,1,0,0,0,r3,long,0,fam=structural | rules=r3 | len=long | num=0 | lex=0,fam=structural | rules=r3 | len=long
952,60_LibroUAC_Sincopyright.pdf,"Ambos son documentos de pago a la vista (al momento de su presentación para tal efecto) o a plazo futuro, mediante los que un aceptante se compromete, con su firma, a pagar a otro una cantidad de dinero.",Ambos son documentos de pago a la vista o a plazo futuro mediante los que un aceptante se compromete con su firma a pagar a otro una cantidad de dinero.,María Annette,3.0,5.0,16.0,,,,,,,0,"[3, 5, 16]",3,3.0,Visual Reference Dependence,['reduction'],1,reduction,38,1,0,0,0,r3,long,0,fam=reduction | rules=r3 | len=long | num=0 | lex=0,fam=reduction | rules=r3 | len=long
955,93_LibroUAC_Sincopyright.pdf,"Las tarjetas de crédito permiten efectuar compras sin desembolso inmediato en locales comerciales adheridos a la red de comercio y pago electrónico, para obtener créditos en dinero efectivo y pagar periódicamente (en cuotas) lo gastado.","Las tarjetas de crédito permiten efectuar compras sin desembolso inmediato en locales comerciales adheridos a la red de comercio y pago electrónico, para obtener créditos en dinero efectivo y pagar periódicamente lo gastado.",María Annette,3.0,5.0,,,,,,,,0,"[3, 5]",2,3.0,Visual Reference Dependence,['reduction'],1,reduction,35,1,0,0,0,r2,long,0,fam=reduction | rules=r2 | len=long | num=0 | lex=0,fam=reduction | rules=r2 | len=long
963,938_LibroUAC_Sincopyright.pdf,"Su establecimiento fue por motivos similares al de los impuestos específicos a los alcoholes (licores) y al tabaco; es decir, por ser dañinos a la salud de las personas.","Su establecimiento fue por motivos similares al de los impuestos específicos a los alcoholes y al tabaco. Es decir, por ser dañinos a la salud de las personas.",María Annette,3.0,21.0,,,,,,,,0,"[3, 21]",2,3.0,Visual Reference Dependence,"['reduction', 'structural']",2,reduction,29,1,0,0,0,r2,long,0,fam=reduction | rules=r2 | len=long | num=0 | lex=0,fam=reduction | rules=r2 | len=long
964,942_LibroUAC_Sincopyright.pdf,"En Chile, la reforma tributaria de la Ley N.210 de febrero del 2020, grava con IVA las suscripciones de programas emitidos por empresas de cable operadores de streaming (por ejemplo, Netflix), con lo que las cuentas de los usuarios se han incrementado en un 19 %.","En Chile, la reforma tributaria de la Ley número doscientos diez de febrero del 2020, grava con el impuesto sobre el valor añadido las suscripciones de programas emitidos por empresas de cable operadores de streaming. Por ejemplo, Netflix, con lo que las cuentas de los usuarios se han incrementado en un diecinueve por ciento.",María Annette,14.0,3.0,,,,,,,,0,"[14, 3]",2,14.0,Use of Numerical Expressions,"['structural', 'reduction']",2,structural,46,2,1,0,1,r2,long,0,fam=structural | rules=r2 | len=long | num=1 | lex=0,fam=structural | rules=r2 | len=long
967,982_LibroUAC_Sincopyright.pdf,"Aunque el resultado de un cálculo financiero no te alegre si, por los intereses, te informa que aumentó tu deuda; alguna sonrisa te sacará si te indica las ganancias de tus inversiones.",Aunque el resultado de un cálculo financiero no te alegre si aumentó tu deuda por los intereses. Alguna sonrisa te sacará si te indica las ganancias de tus inversiones.,María Annette,21.0,16.0,19.0,,,,,,,0,"[21, 16, 19]",3,21.0,Use of Complex Punctuation Marks,"['structural', 'reduction']",2,structural,32,1,0,0,0,r3,long,0,fam=structural | rules=r3 | len=long | num=0 | lex=0,fam=structural | rules=r3 | len=long
971,656_LibroBAC.pdf,"Generalmente, cuando una persona tiene creencias negativas y actitudes centradas en la escasez, decimos que la persona vive en una cultura de pobreza, pues no percibe lo que tiene sino lo que no tiene; en lugar de disfrutar los pocos o muchos recursos de que dispone, sufre, se angustia y se amarga por lo que no tiene, o lo que puede perder.","Una persona con actitudes centradas en la escasez vive en la cultura de la pobreza, pues no percibe lo que tiene, sino lo que no tiene. No disfruta los recursos que posee por pensar en aquello que no tiene o que puede perder.",Sugeily,21.0,5.0,15.0,17.0,,,,,,0,"[21, 5, 15, 17]",4,21.0,Use of Complex Punctuation Marks,"['structural', 'reduction']",2,structural,62,1,0,0,0,r4plus,long,0,fam=structural | rules=r4plus | len=long | num=0 | lex=0,fam=structural | rules=r4plus | len=long
972,659_LibroBAC.pdf,"La culpa de sus carencias, de sus desgracias son sus padres, sus familiares, su pareja, sus hijos, los vecinos, el barrio en que viven, los gobernantes, el Estado, etc.","La culpa de sus carencias son sus padres, pareja, el Estado, entre otros.",Sugeily,5.0,13.0,,,,,,,,0,"[5, 13]",2,5.0,Unnecessary Words,"['reduction', 'lexical']",2,reduction,29,1,0,0,0,r2,long,0,fam=reduction | rules=r2 | len=long | num=0 | lex=0,fam=reduction | rules=r2 | len=long
976,676_LibroBAC.pdf,"Saben que en cualquier momento pueden cambiar sus circunstancias más como se han preparado para lo que puede suceder (una crisis financiera, un huracán, una pérdida importante), están en mejores condiciones para hacerle frente.","Saben que en las circunstancias pueden cambiar, pero su preparación les permite hacer frente a cualquier eventualidad.",Sugeily,9.0,16.0,,,,,,,,0,"[9, 16]",2,9.0,Subordinating Conjunctions,"['morphosyntactic', 'reduction']",2,morphosyntactic,34,1,0,0,0,r2,long,0,fam=morphosyntactic | rules=r2 | len=long | num=0 | lex=0,fam=morphosyntactic | rules=r2 | len=long
977,679_LibroBAC.pdf,"En el marco de una cultura de prosperidad o éxito la educación financiera contribuye a la formación en valores, entre otros, como la honestidad, la responsabilidad, el respeto, el cumplimiento; es decir, el desarrollo de comportamientos económicos adecuados como las diversas vías de ganar dinero y su adecuada utilización o administración.","En una cultura de prosperidad, la educación financiera contribuye a la formación de valores para el desarrollo de comportamientos económicos adecuados, como las diversas formas de ganar dinero y su administración.",Sugeily,5.0,8.0,21.0,15.0,,,,,,0,"[5, 8, 21, 15]",4,5.0,Unnecessary Words,"['reduction', 'morphosyntactic', 'structural']",3,reduction,51,1,0,0,0,r4plus,long,0,fam=reduction | rules=r4plus | len=long | num=0 | lex=0,fam=reduction | rules=r4plus | len=long
980,688_LibroBAC.pdf,"Por otro lado, la educación financiera permite simplificar o hacer más sencillos los conocimientos sobre aspectos financieros y económicos para que el aprendizaje sea más efectivo.","Por otro lado, la educación financiera simplifica los conocimientos financieros y económicos para un aprendizaje efectivo.",Sugeily,5.0,6.0,,,,,,,,0,"[5, 6]",2,5.0,Unnecessary Words,"['reduction', 'lexical']",2,reduction,26,1,0,0,0,r2,long,0,fam=reduction | rules=r2 | len=long | num=0 | lex=0,fam=reduction | rules=r2 | len=long
986,698_LibroBAC.pdf,"Asimismo, algunas otras sugerencias se refieren a las siguientes: Un primer paso es reconocer por parte de las diversas entidades involucradas en esta tarea, la necesidad de mejorar la instrucción financiera.",También sugiere que las diversas entidades involucradas en esta tarea deben reconocer la necesidad de mejorar la instrucción financiera.,Sugeily,5.0,16.0,19.0,,,,,,,0,"[5, 16, 19]",3,5.0,Unnecessary Words,"['reduction', 'structural']",2,reduction,31,1,0,0,0,r3,long,0,fam=reduction | rules=r3 | len=long | num=0 | lex=0,fam=reduction | rules=r3 | len=long
989,703_LibroBAC.pdf,"Adicionalmente, las propias instituciones financieras, pueden proveer este tipo de educación no solo a sus clientes, sino también a sus empleados para que ellos también promuevan estas actividades.","Asimismo, las instituciones financieras pueden proveer este tipo de educación a sus clientes y a sus empleados, para que ellos también la promuevan.",Sugeily,8.0,1.0,,,,,,,,1,"[8, 1]",2,8.0,Conjunctions,"['morphosyntactic', 'lexical']",2,morphosyntactic,28,1,0,0,0,r2,long,1,fam=morphosyntactic | rules=r2 | len=long | num=0 | lex=1,fam=morphosyntactic | rules=r2 | len=long
990,704_LibroBAC.pdf,"Este es un proceso activo en el que se van descubriendo las necesidades para cada etapa de la vida de un individuo, por ello también es importante la forma en que se imparte o los canales en que se realiza esta instrucción financiera, para atraer a la mayor cantidad de personas, y que se adecue a sus necesidades y disponibilidad de tiempo.","En este proceso activo se descubren las necesidades para cada etapa de la vida de un individuo. Por este motivo, es importante que la instrucción financiera atraiga a las personas y se adecue a sus necesidades.",Sugeily,5.0,15.0,17.0,12.0,,,,,,0,"[5, 15, 17, 12]",4,5.0,Unnecessary Words,"['reduction', 'structural', 'morphosyntactic']",3,reduction,62,1,0,0,0,r4plus,long,0,fam=reduction | rules=r4plus | len=long | num=0 | lex=0,fam=reduction | rules=r4plus | len=long
994,726_LibroBAC.pdf,"La planificación, el presupuesto personal y familiar y otras decisiones financieras constituyen elementos importantes en la educación financiera. Debe tenerse en cuenta el desarrollo de algunos conceptos básicos, los elementos sobre planificación el presupuesto de gastos, incluyendo su justificación e importancia, las etapas de la vida financiera de las personas, las posibilidades y limitantes en su formulación y la explicación de algunos modelos del presupuesto.","Los elementos importantes de la educación financiera son la planificación, el presupuesto personal y familiar y otras decisiones financieras. Debe tenerse en cuenta el desarrollo de algunos conceptos básicos, los elementos sobre planificación, el presupuesto de gastos, las etapas de la vida financiera de las personas, las posibilidades y limitantes en su formulación y la explicación de algunos modelos del presupuesto.",Sugeily,5.0,15.0,19.0,,,,,,,0,"[5, 15, 19]",3,5.0,Unnecessary Words,"['reduction', 'structural']",2,reduction,65,2,0,0,0,r3,long,0,fam=reduction | rules=r3 | len=long | num=0 | lex=0,fam=reduction | rules=r3 | len=long
999,1874j_LibroBAC.pdf,"El concepto de necesidad, es otro elemento que se hace presente en algunas definiciones de la Economía, porque en la búsqueda del bienestar económico, que es sustancial en el desarrollo de las personas, de la familia y de toda la sociedad humana, surge a la vez la necesidad de demandar y producir bienes y servicios que contribuyan a satisfacer aquellas.",El concepto de necesidad es otro elemento presente en las definiciones de la Economía. En la búsqueda de bienestar económico surge la necesidad de demandar y producir bienes y servicios que contribuyan a satisfacer dichas necesidades.,Sugeily,15.0,5.0,17.0,99.0,,,,,,0,"[15, 5, 17, 99]",4,15.0,Sentence Length,"['structural', 'reduction', 'unknown']",3,structural,60,1,0,0,0,r4plus,long,0,fam=structural | rules=r4plus | len=long | num=0 | lex=0,fam=structural | rules=r4plus | len=long
1005,77_LibroNEFE_Sincopyright.pdf,"Recuerda incluir también las compras de poco valor, por ejemplo, refrigerios o bebidas.","Registre también las compras de poco valor, como refrigerios o bebidas.",Sugeily,18.0,5.0,,,,,,,,0,"[18, 5]",2,18.0,Sentences of formal and aesthetic use,['reduction'],1,reduction,13,1,0,0,0,r2,medium,0,fam=reduction | rules=r2 | len=medium | num=0 | lex=0,fam=reduction | rules=r2 | len=medium
1006,81_LibroNEFE_Sincopyright.pdf,"Cuando termine el mes, compara la lista de gastos previstos con la lista de gastos reales.","Al terminar el mes, compare la lista de gastos previstos y la de gastos reales.",Sugeily,18.0,5.0,,,,,,,,0,"[18, 5]",2,18.0,Sentences of formal and aesthetic use,['reduction'],1,reduction,16,1,0,0,0,r2,medium,0,fam=reduction | rules=r2 | len=medium | num=0 | lex=0,fam=reduction | rules=r2 | len=medium
1008,87_LibroNEFE_Sincopyright.pdf,Eso podría significar que tuvieras que abandonar un hábito costoso o elegir otras alternativas.,esto implica abandonar hábitos costosos o buscar alternativas.,Sugeily,18.0,5.0,,,,,,,,0,"[18, 5]",2,18.0,Sentences of formal and aesthetic use,['reduction'],1,reduction,14,1,0,0,0,r2,medium,0,fam=reduction | rules=r2 | len=medium | num=0 | lex=0,fam=reduction | rules=r2 | len=medium
1016,1914_LibroBAC.pdf,"Cuando el objeto material útil, que en la economía muchas veces tiene carácter de bien y a veces de mercancía, la gente puede conseguirlo con facilidad y sin mayor esfuerzo, es decir, está allí para el que lo quiera o lo necesite, el mismo no tiene valor monetario o de intercambio.","Si el objeto es un material útil y se consigue con facilidad, no tiene valor monetario o de intercambio.",Sugeily,16.0,5.0,,,,,,,,0,"[16, 5]",2,16.0,Parenthetical Phrases,['reduction'],1,reduction,51,1,0,0,0,r2,long,0,fam=reduction | rules=r2 | len=long | num=0 | lex=0,fam=reduction | rules=r2 | len=long
1020,1918_LibroBAC.pdf,"La Economía tiene que ver pues, de manera muy central, con los bienes y servicios económicos que satisfacen necesidades o deseos y los bienes económicos a su vez pueden ser riquezas o ingresos.",La Economía tiene que ver con los bienes y servicios económicos que satisfacen necesidades o deseos. Los bienes económicos pueden ser riquezas o ingresos.,Sugeily,5.0,15.0,16.0,,,,,,,0,"[5, 15, 16]",3,5.0,Unnecessary Words,"['reduction', 'structural']",2,reduction,33,1,0,0,0,r3,long,0,fam=reduction | rules=r3 | len=long | num=0 | lex=0,fam=reduction | rules=r3 | len=long
1021,1920_LibroBAC.pdf,"Los bienes económicos son, por su parte, todo objeto que tiene como características el ser tangible, útil, escaso y transferible.","Los bienes económicos son, por su parte, todo objeto que es tangible, útil, escaso y transferible.",Sugeily,15.0,5.0,,,,,,,,0,"[15, 5]",2,15.0,Sentence Length,"['structural', 'reduction']",2,structural,20,1,0,0,0,r2,medium,0,fam=structural | rules=r2 | len=medium | num=0 | lex=0,fam=structural | rules=r2 | len=medium
1023,1924_LibroBAC.pdf,"Sin embargo, como antónimo, existen también los intangibles, como son, por ejemplo, las ideas, los planes, que son productivos y satisfacen","Sin embargo, existen también los intangibles, por ejemplo, las ideas y los planes, que son productivos y satisfacen",Sugeily,5.0,16.0,,,,,,,,0,"[5, 16]",2,5.0,Unnecessary Words,['reduction'],1,reduction,21,1,0,0,0,r2,medium,0,fam=reduction | rules=r2 | len=medium | num=0 | lex=0,fam=reduction | rules=r2 | len=medium
1027,1948_LibroBAC.pdf,En otra comarca puede considerarse como un gran estorbo y se tiene que incinerar.,En otra comunidad puede considerarse como un estorbo y se tiene que incinerar.,Sugeily,1.0,5.0,,,,,,,,1,"[1, 5]",2,1.0,Word Frequency,"['lexical', 'reduction']",2,lexical,14,1,0,0,0,r2,medium,1,fam=lexical | rules=r2 | len=medium | num=0 | lex=1,fam=lexical | rules=r2 | len=medium
1028,1950_LibroBAC.pdf,"Frecuentemente se encuentra la manera de usar un producto que previamente era inútil, y éste pasa a ser de bien no económico a bien económico.",Seguido se busca dar uso a un producto que era inútil para que sea un bien económico.,Sugeily,5.0,18.0,,,,,,,,0,"[5, 18]",2,5.0,Unnecessary Words,['reduction'],1,reduction,25,1,0,0,0,r2,long,0,fam=reduction | rules=r2 | len=long | num=0 | lex=0,fam=reduction | rules=r2 | len=long
1029,1953_LibroBAC.pdf,"Esto se aplica a muchos objetos o materiales que existen en muchas partes, por ejemplo en el fondo del mar, que por no tener en la actualidad forma de extraerlos y transferirlos para hacerlos útiles, los descalifica como bienes económicos.","Esto aplica para muchos objetos o materiales. Por ejemplo, en el fondo del mar, por no tener forma de extraerlos y hacerlos útiles, los descalifica como bienes económicos.",Sugeily,5.0,15.0,,,,,,,,0,"[5, 15]",2,5.0,Unnecessary Words,"['reduction', 'structural']",2,reduction,40,1,0,0,0,r2,long,0,fam=reduction | rules=r2 | len=long | num=0 | lex=0,fam=reduction | rules=r2 | len=long
1031,1960_LibroBAC.pdf,"Finalmente, un bien público es un bien económico para el proveedor y un bien gratuito para el que lo usa, dicen Cao García y Hailstones, para luego agregar: Generalmente se clasifican como bienes públicos, los parques, las bibliotecas, o el agua de una fuente pública.","Finalmente, un bien público es un bien económico para el proveedor y un bien gratuito para el que lo usa. Cao García y Hailstones dicen: Generalmente se clasifican como bienes públicos, los parques, las bibliotecas, o el agua de una fuente pública"".",Sugeily,15.0,19.0,5.0,,,,,,,0,"[15, 19, 5]",3,15.0,Sentence Length,"['structural', 'reduction']",2,structural,45,1,0,0,0,r3,long,0,fam=structural | rules=r3 | len=long | num=0 | lex=0,fam=structural | rules=r3 | len=long
1034,3622_LibroBAC.pdf,A veces podría ocurrir que el agua estuviese contaminada de gérmenes de la fiebre tifoidea o de otra enfermedad.,El agua podría estar contaminada de gérmenes de la fiebre tifoidea o de otra enfermedad.,Sugeily,15.0,5.0,19.0,,,,,,,0,"[15, 5, 19]",3,15.0,Sentence Length,"['structural', 'reduction']",2,structural,19,1,0,0,0,r3,medium,0,fam=structural | rules=r3 | len=medium | num=0 | lex=0,fam=structural | rules=r3 | len=medium
1040,3638_LibroBAC.pdf,"Hoy en día, con frecuencia leemos en los periódicos, oímos por la radio, vemos en la televisión, o utilizamos en nuestra conversación, algunas palabras sobre las cuales comúnmente las personas no reflexionan a fondo.","Actualmente, en los periódicos, la radio, la televisión, o en las conversaciones, hay palabras sobre las que las personas no reflexionan.",Sugeily,6.0,18.0,15.0,,,,,,,0,"[6, 18, 15]",3,6.0,Complex Phrases,"['lexical', 'reduction', 'structural']",3,lexical,34,1,0,0,0,r3,long,0,fam=lexical | rules=r3 | len=long | num=0 | lex=0,fam=lexical | rules=r3 | len=long
1047,3663_LibroBAC.pdf,"El nivel de vida, pues, es una expresión que dimensiona el grado de comodidades de que dispone una persona, por lo tanto, hay quienes viven mejor, con un nivel de vida alto y quienes no viven tan bien, o sea en un bajo nivel de vida.",El nivel de vida es una expresión que dimensiona el grado de comodidades de las que dispone una persona. Por ello hay quienes viven con un nivel de vida alto y quienes tienen bajo nivel de vida.,Sugeily,15.0,16.0,5.0,,,,,,,0,"[15, 16, 5]",3,15.0,Sentence Length,"['structural', 'reduction']",2,structural,46,1,0,0,0,r3,long,0,fam=structural | rules=r3 | len=long | num=0 | lex=0,fam=structural | rules=r3 | len=long
1049,3665_LibroBAC.pdf,"Por otro lado, infiérase igualmente, que la sociedad está constituida, además de por otros elementos, por conjuntos de familias y comunidades, que finalmente en su totalidad integran la comunidad nacional.","Por otro lado, la sociedad está constituida por conjuntos de familias y comunidades que integran la comunidad nacional.",Sugeily,16.0,5.0,15.0,,,,,,,0,"[16, 5, 15]",3,16.0,Parenthetical Phrases,"['reduction', 'structural']",2,reduction,30,1,0,0,0,r3,long,0,fam=reduction | rules=r3 | len=long | num=0 | lex=0,fam=reduction | rules=r3 | len=long
1050,3666_LibroBAC.pdf,"Sí las familias mejoran y disfrutan de un buen nivel de vida, desde luego, con la intervención económica del Estado, éste mejorará el nivel de vida para toda su comunidad nacional.","Para mejorar el nivel de vida de la comunidad nacional, el Estado debe intervenir y mejorar el nivel de vida de las familias.",Sugeily,18.0,19.0,15.0,,,,,,,0,"[18, 19, 15]",3,18.0,Sentences of formal and aesthetic use,"['reduction', 'structural']",2,reduction,31,1,0,0,0,r3,long,0,fam=reduction | rules=r3 | len=long | num=0 | lex=0,fam=reduction | rules=r3 | len=long
1053,3667_LibroBAC.pdf,"Recordemos, entonces, y en esto seguimos apoyándonos en los mismos Hailstones y Cao García, ya varias veces citados, que para que un objeto sea un bien económico, éste debe reunir las siguientes características: a) tangible, b) útil, c) escaso y d) transferible.","Recordemos que un objeto sea un bien económico es el que reúne las siguientes características: a) tangible, b) útil, c) escaso y d) transferible.",Sugeily,15.0,16.0,5.0,,,,,,,0,"[15, 16, 5]",3,15.0,Sentence Length,"['structural', 'reduction']",2,structural,42,1,0,0,0,r3,long,0,fam=structural | rules=r3 | len=long | num=0 | lex=0,fam=structural | rules=r3 | len=long
1055,3732_LibroBAC.pdf,"Todos, desde cualquier lugar en que nos encontremos, podemos apreciar la manifestación del esfuerzo físico e intelectual ejecutado por el ser humano; basta con mirar a nuestro alrededor para darnos cuenta de ello: la casa que habitamos; la ropa que vestimos; los alimentos que ingerimos; el libro en que estudiamos; el automóvil en que nos transportamos; el edificio de la empresa en que laboramos; materiales y herramientas que utilizamos, etc. son solamente pequeños ejemplos, dice Barajas 43, de lo realizado por medio del trabajo.","Todos pueden apreciar la manifestación del esfuerzo físico e intelectual ejecutado por el ser humano, pues se nota alrededor. Por ejemplo, en la casa habitada; la ropa, los alimentos, el edificio trabajamos; materiales y herramientas usadas.",Sugeily,15.0,16.0,21.0,1.0,,,,,,1,"[15, 16, 21, 1]",4,15.0,Sentence Length,"['structural', 'reduction', 'lexical']",3,structural,84,2,1,0,0,r4plus,long,1,fam=structural | rules=r4plus | len=long | num=1 | lex=1,fam=structural | rules=r4plus | len=long
1057,3743_LibroBAC.pdf,"Por desempeñar un trabajo, el ser humano recibe un ingreso monetario; en la medida en que éste sea suficiente para satisfacer todas las necesidades materiales de él y su familia será positiva; de lo contrario, si la remuneración de su trabajo es insuficiente para satisfacer, cuando menos, las necesidades básicas, será repercusión negativa en el grado que se presente la situación.",El ser humano recibe un ingreso monetario por hacer un trabajo. Es positivo si este es suficiente para satisfacer todas las necesidades materiales de él y su familia. Es negativa si la remuneración de su trabajo es insuficiente para satisfacer las necesidades básicas.,Sugeily,15.0,21.0,19.0,5.0,16.0,,,,,0,"[15, 21, 19, 5, 16]",5,15.0,Sentence Length,"['structural', 'reduction']",2,structural,61,1,0,0,0,r4plus,long,0,fam=structural | rules=r4plus | len=long | num=0 | lex=0,fam=structural | rules=r4plus | len=long
1059,3757_LibroBAC.pdf,"Él era muy popular y siempre tenía un lema para el éxito de todas sus historias: Si un joven desde el principio decide hacer tres cosas: trabajar, ahorrar y aprender, él puede surgir en el mundo.","Él era popular y tenía un lema para el éxito de sus historias: Si un joven desde el principio decide hacer tres cosas: trabajar, ahorrar y aprender, él puede surgir en el mundo.",Sugeily,15.0,5.0,,,,,,,,0,"[15, 5]",2,15.0,Sentence Length,"['structural', 'reduction']",2,structural,36,1,0,0,0,r2,long,0,fam=structural | rules=r2 | len=long | num=0 | lex=0,fam=structural | rules=r2 | len=long
1064,3794_LibroBAC.pdf,"Así que uno tiene que grabarse en la cabeza desde ahora, que para poder ser exitoso financieramente y próspero, uno tiene que trabajar arduamente.","Uno debe entender que, para poder ser exitoso y próspero, se debe trabajar duro.",Sugeily,5.0,16.0,6.0,,,,,,,0,"[5, 16, 6]",3,5.0,Unnecessary Words,"['reduction', 'lexical']",2,reduction,24,1,0,0,0,r3,medium,0,fam=reduction | rules=r3 | len=medium | num=0 | lex=0,fam=reduction | rules=r3 | len=medium
1070,3873_LibroBAC.pdf,"Se denomina sector primario porque en él se producen las materias primas o primeras que pueden ser consumidas sin ser procesadas o con poco proceso, o que sirven para producir otros productos.",Se llama sector primario porque produce materias primas que pueden ser consumidas con poco proceso o para producir otros productos.,Sugeily,1.0,15.0,5.0,8.0,,,,,,1,"[1, 15, 5, 8]",4,1.0,Word Frequency,"['lexical', 'structural', 'reduction', 'morphosyntactic']",4,lexical,32,1,0,0,0,r4plus,long,1,fam=lexical | rules=r4plus | len=long | num=0 | lex=1,fam=lexical | rules=r4plus | len=long
1075,3881_LibroBAC.pdf,En la mayoría son productos alimenticios que tienen que consumir tanto los habitantes de los campos como los de las ciudades.,La mayoría son productos alimenticios que consumen en los campos y en las ciudades.,Sugeily,5.0,8.0,,,,,,,,0,"[5, 8]",2,5.0,Unnecessary Words,"['reduction', 'morphosyntactic']",2,reduction,21,1,0,0,0,r2,medium,0,fam=reduction | rules=r2 | len=medium | num=0 | lex=0,fam=reduction | rules=r2 | len=medium
1079,3889_LibroBAC.pdf,"Todos los que trabajan en el campo, ya mencionados, y algunos otros que quizás omitimos constituyen, entonces, el sector primario de la producción, que además de emplear mucha gente produce dinero y divisas, y muchas veces materia prima para procesos industriales de otros productos derivados.","Los trabajadores del campo constituyen el sector primario de la producción. Además, este sector emplea mucha gente y produce dinero y materia prima para procesos industriales de otros productos derivados.",Sugeily,16.0,15.0,17.0,,,,,,,0,"[16, 15, 17]",3,16.0,Parenthetical Phrases,"['reduction', 'structural']",2,reduction,45,1,0,0,0,r3,long,0,fam=reduction | rules=r3 | len=long | num=0 | lex=0,fam=reduction | rules=r3 | len=long
1080,3890_LibroBAC.pdf,"Forman parte también del sector primario los mineros y otras personas que se ocupan en actividades extractivas de metales preciosos y otros materiales como sal, hierro, caliza, etc.","También forman parte del sector primario los mineros y extractores de metales preciosos y otros materiales como sal, hierro, caliza, entre otros.",Sugeily,15.0,5.0,19.0,13.0,,,,,,0,"[15, 5, 19, 13]",4,15.0,Sentence Length,"['structural', 'reduction', 'lexical']",3,structural,28,1,0,0,0,r4plus,long,0,fam=structural | rules=r4plus | len=long | num=0 | lex=0,fam=structural | rules=r4plus | len=long
1086,3900_LibroBAC.pdf,"o las fábricas que producen carros, camionetas y camiones, que sirven para transportar dichos alimentos a las ciudades.","También las fábricas que producen los carros, camionetas y camiones para transportar los alimentos a las ciudades.",Sugeily,5.0,18.0,,,,,,,,0,"[5, 18]",2,5.0,Unnecessary Words,['reduction'],1,reduction,18,1,0,0,0,r2,medium,0,fam=reduction | rules=r2 | len=medium | num=0 | lex=0,fam=reduction | rules=r2 | len=medium
1088,3907_LibroBAC.pdf,"El sector secundario o industrial tiene también un gran peso en la producción y en la economía de los países, especialmente de aquellos que se han orientado por este rumbo de manera prioritaria y a veces, lamentablemente, con desmedro del sector primario, lo que parece un contrasentido, ya que éste es subsidiario de aquél en cuanto a materia prima, que finalmente tienen que importar y a veces a costos muy elevados.","El sector secundario tiene un gran peso en la producción y en la economía de los países. Principalmente, se da en aquellos en donde es el rumbo prioritario y, lamentablemente, con deterioro del sector primario. Esto es contradictorio porque el primario subsidia al secundario con materia prima, que importa y a veces a costos elevados.",Sugeily,15.0,18.0,1.0,,,,,,,1,"[15, 18, 1]",3,15.0,Sentence Length,"['structural', 'reduction', 'lexical']",3,structural,71,1,0,1,0,r3,long,1,fam=structural | rules=r3 | len=long | num=0 | lex=1,fam=structural | rules=r3 | len=long
1095,3922_LibroBAC.pdf,"A estos servicios prestados por entidades o personas se les conoce como sector terciario de la producción y son absolutamente necesarios para mejorar el nivel de vida de la población, pues sin ellos se carecería de cosas o asuntos que son esenciales para la vida.",Estos servicios son conocidos como el sector terciario de la producción. Son absolutamente necesarios para mejorar el nivel de vida de la población.,Sugeily,15.0,16.0,,,,,,,,0,"[15, 16]",2,15.0,Sentence Length,"['structural', 'reduction']",2,structural,45,1,0,0,0,r2,long,0,fam=structural | rules=r2 | len=long | num=0 | lex=0,fam=structural | rules=r2 | len=long
1096,3924_LibroBAC.pdf,"Este es un concepto económico muy importante y sobre él cabalga, en gran proporción, la riqueza de un país, así como el mejor nivel y la calidad de vida que el Estado pueda brindar a sus ciudadanos y ciudadanas.","Este es un concepto económico muy importante. Sobre este recae la riqueza del país, el nivel y la calidad de vida que brinde el Estado a su ciudadanía.",Sugeily,15.0,16.0,5.0,,,,,,,0,"[15, 16, 5]",3,15.0,Sentence Length,"['structural', 'reduction']",2,structural,39,1,0,0,0,r3,long,0,fam=structural | rules=r3 | len=long | num=0 | lex=0,fam=structural | rules=r3 | len=long
1104,3950_LibroBAC.pdf,"Por productividad se debe entender, por una parte, el aumento de bienes y servicios que se producen en un país, cuando se utiliza la técnica y la tecnología para aumentarlos, o la organización administrativa.","Por productividad se entiende el aumento de bienes y servicios producidos en un país. Esto es resultado del uso de la técnica, la tecnología y la organización administrativa.",Sugeily,16.0,15.0,,,,,,,,0,"[16, 15]",2,16.0,Parenthetical Phrases,"['reduction', 'structural']",2,reduction,34,1,0,0,0,r2,long,0,fam=reduction | rules=r2 | len=long | num=0 | lex=0,fam=reduction | rules=r2 | len=long
1105,3951_LibroBAC.pdf,"Por el otro, se dice que productividad es el fenómeno que consiste en producir más y mejor con los recursos de que se dispone.","Asimismo, la productividad consiste en producir más y mejor con los recursos de los que se dispone.",Sugeily,18.0,15.0,,,,,,,,0,"[18, 15]",2,18.0,Sentences of formal and aesthetic use,"['reduction', 'structural']",2,reduction,24,1,0,0,0,r2,medium,0,fam=reduction | rules=r2 | len=medium | num=0 | lex=0,fam=reduction | rules=r2 | len=medium
1108,3955_LibroBAC.pdf,"Dada la importancia del tema, como parte del contexto para la educación financiera, veamos ahora, en toda su extensión, que no debe preocuparnos, unos ejemplos sencillos y prácticos traídos por Bernal, 50 y adaptados por nosotros sobre la importancia de la productividad, los cuales nos parecen muy ilustrativos para que cualquier persona, máxime si se tratare de jóvenes estudiantes, pueda entenderlo suficientemente.","Dada la importancia del tema dentro de la educación financiera, veamos unos ejemplos. Son sencillos, prácticos y adaptados para que cualquier persona, en especial estudiantes, entienda la importancia de la productividad.",Sugeily,15.0,16.0,5.0,99.0,,,,,,0,"[15, 16, 5, 99]",4,15.0,Sentence Length,"['structural', 'reduction', 'unknown']",3,structural,62,1,1,0,0,r4plus,long,0,fam=structural | rules=r4plus | len=long | num=1 | lex=0,fam=structural | rules=r4plus | len=long
1109,3956_LibroBAC.pdf,"Con la adición que le hicieron a una de las máquinas de la fábrica donde trabajo, podemos producir ahora 130 unidades más, en el mismo tiempo en que antes producíamos 100.","Por la mejora a una máquina de la fábrica, producimos ciento treinta unidades más por el mismo tiempo en que se producían cien.",Sugeily,15.0,14.0,,,,,,,,0,"[15, 14]",2,15.0,Sentence Length,['structural'],1,structural,31,1,1,0,0,r2,long,0,fam=structural | rules=r2 | len=long | num=1 | lex=0,fam=structural | rules=r2 | len=long
1116,3979_LibroBAC.pdf,"Así se convierten en personas prósperas que producen riqueza para ellos y para el país, ya que cuando una persona aumenta sus ganancias, es muy común que inmediatamente quiera hacerlas mayores.","Así se convierten en personas prósperas productoras de riqueza para ellos y para el país. Cuando una persona aumenta sus ganancias, es normal querer hacerlas mayores.",Sugeily,15.0,16.0,17.0,,,,,,,0,"[15, 16, 17]",3,15.0,Sentence Length,"['structural', 'reduction']",2,structural,31,1,0,0,0,r3,long,0,fam=structural | rules=r3 | len=long | num=0 | lex=0,fam=structural | rules=r3 | len=long
1118,3982_LibroBAC.pdf,Todos estos son ejemplos de inversión y esto es lo que ocurre con los comerciantes cuando hacen muy buenas ganancias en un almacén y destinan parte de esas ganancias para establecer otros almacenes.,Estos son ejemplos de inversión. También ocurre con comerciantes que obtienen buenas ganancias en un almacén y establecer otros almacenes con parte de esas ganancias.,Sugeily,15.0,5.0,,,,,,,,0,"[15, 5]",2,15.0,Sentence Length,"['structural', 'reduction']",2,structural,33,1,0,0,0,r2,long,0,fam=structural | rules=r2 | len=long | num=0 | lex=0,fam=structural | rules=r2 | len=long
1119,3983_LibroBAC.pdf,"También con los industriales que obtienen buenas ganancias con las fábricas que tienen, y dedican parte de esas ganancias a la ampliación de las fábricas, a la instalación de otras nuevas o a comprar más maquinaria o materia prima.","También con los industriales que obtienen buenas ganancias con las fábricas que tienen. Estos dedican parte de esas ganancias a ampliar las fábricas, instalar nuevas o a comprar más maquinaria o materia prima.",Sugeily,15.0,5.0,,,,,,,,0,"[15, 5]",2,15.0,Sentence Length,"['structural', 'reduction']",2,structural,39,1,0,0,0,r2,long,0,fam=structural | rules=r2 | len=long | num=0 | lex=0,fam=structural | rules=r2 | len=long
1124,5442_LibroBAC.pdf,"Por ese mismo motivo es que los hombres suelen resistir ir a sesiones de consejería matrimonial, porque ellos no quieren admitir que hay un problema en su matrimonio.","Por ese motivo es que los hombres evitan ir a sesiones de consejería matrimonial, porque no admiten que hay un problema en su matrimonio.",Sugeily,15.0,5.0,,,,,,,,0,"[15, 5]",2,15.0,Sentence Length,"['structural', 'reduction']",2,structural,28,1,0,0,0,r2,long,0,fam=structural | rules=r2 | len=long | num=0 | lex=0,fam=structural | rules=r2 | len=long
1125,5447_LibroBAC.pdf,"Usted no tendrá la certeza de si funcionará, ni tampoco sabrá si cambiará para bien o no, porque en el pasado todos hemos tenido muchas esperanzas que no se han materializado.","No hay certeza de un cambio positivo o negativo, porque en el pasado tuvo esperanzas que no se materializaron.",Sugeily,18.0,15.0,16.0,6.0,,,,,,0,"[18, 15, 16, 6]",4,18.0,Sentences of formal and aesthetic use,"['reduction', 'structural', 'lexical']",3,reduction,31,1,0,0,0,r4plus,long,0,fam=reduction | rules=r4plus | len=long | num=0 | lex=0,fam=reduction | rules=r4plus | len=long
1126,5448_LibroBAC.pdf,"Ha tenido tantas promesas que se han roto y sus finanzas todavía están en una condición deplorable y lo que más desea es que alguien, por favor lo ayude.","Tuvo muchas promesas rotas, sus finanzas todavía están en malas condiciones y desea que alguien lo ayude.",Sugeily,18.0,1.0,,,,,,,,1,"[18, 1]",2,18.0,Sentences of formal and aesthetic use,"['reduction', 'lexical']",2,reduction,29,1,0,0,0,r2,long,1,fam=reduction | rules=r2 | len=long | num=0 | lex=1,fam=reduction | rules=r2 | len=long
1127,5450_LibroBAC.pdf,Usted si puede salir airoso.,Usted sí puede salir exitoso.,Sugeily,18.0,1.0,,,,,,,,1,"[18, 1]",2,18.0,Sentences of formal and aesthetic use,"['reduction', 'lexical']",2,reduction,5,1,0,0,0,r2,short,1,fam=reduction | rules=r2 | len=short | num=0 | lex=1,fam=reduction | rules=r2 | len=short
1132,5470_LibroBAC.pdf,"Esta es una actitud donde uno dice: pues, bien, de acuerdo, yo voy a templarme los dientes y voy a elaborar un presupuesto.","Esta es una actitud donde uno dice: de acuerdo, yo voy a tomar acción y voy a elaborar un presupuesto.",Sugeily,6.0,16.0,,,,,,,,0,"[6, 16]",2,6.0,Complex Phrases,"['lexical', 'reduction']",2,lexical,23,1,0,0,0,r2,medium,0,fam=lexical | rules=r2 | len=medium | num=0 | lex=0,fam=lexical | rules=r2 | len=medium
1134,5480_LibroBAC.pdf,"Tiene que mirar más allá de las impresiones iniciales acerca del presupuesto y visualizar los resultados que obtendrá, producto de cumplirlo fielmente.",Tiene que superar las impresiones iniciales acerca del presupuesto y visualizar los resultados que puede obtener al cumplirlo fielmente.,Sugeily,6.0,5.0,15.0,,,,,,,0,"[6, 5, 15]",3,6.0,Complex Phrases,"['lexical', 'reduction', 'structural']",3,lexical,22,1,0,0,0,r3,medium,0,fam=lexical | rules=r3 | len=medium | num=0 | lex=0,fam=lexical | rules=r3 | len=medium
1136,5489_LibroBAC.pdf,"De hecho, en nuestras sesiones de consejería psicológica nos enseñan que uno de los motivos por los cuales las personas no huyen de una situación familiar mala o adversa, después de que llegan a su edad adulta, es porque ya están muy cómodos en ella.",En las sesiones de consejería psicológica enseñan estar cómodos con esta mala situación económica hace que no huyan de ella en la edad adulta.,Sugeily,15.0,5.0,99.0,,,,,,,0,"[15, 5, 99]",3,15.0,Sentence Length,"['structural', 'reduction', 'unknown']",3,structural,45,1,0,0,0,r3,long,0,fam=structural | rules=r3 | len=long | num=0 | lex=0,fam=structural | rules=r3 | len=long
1139,5499_LibroBAC.pdf,"Su audiencia hasta este punto había sido muy cortés y receptiva, y había estado muy contenta con el material que ella había mostrado.","Su público hasta este punto había sido muy cortés, abierto y estaba contento con el material mostrado.",Sugeily,1.0,18.0,15.0,,,,,,,1,"[1, 18, 15]",3,1.0,Word Frequency,"['lexical', 'reduction', 'structural']",3,lexical,23,1,0,0,0,r3,medium,1,fam=lexical | rules=r3 | len=medium | num=0 | lex=1,fam=lexical | rules=r3 | len=medium
1142,5513_LibroBAC.pdf,Ustedes han ilustrado lo que yo he estado diciendo durante todo este seminario que el motivo por el cual la mayoría de ustedes no cambia es porque hay resistencia a éste en sí mismo.,Ustedes demostraron lo que dije durante todo este seminario. La mayoría de ustedes no cambia porque hay resistencia a cambiar.,Sugeily,15.0,1.0,16.0,,,,,,,1,"[15, 1, 16]",3,15.0,Sentence Length,"['structural', 'lexical', 'reduction']",3,structural,34,1,0,0,0,r3,long,1,fam=structural | rules=r3 | len=long | num=0 | lex=1,fam=structural | rules=r3 | len=long
1143,5514_LibroBAC.pdf,"Uno no desea cambiar nada, inclusive si el cambio es para beneficio propio.","Uno no desea cambiar nada, incluso si el cambio les beneficia.",Sugeily,1.0,5.0,,,,,,,,1,"[1, 5]",2,1.0,Word Frequency,"['lexical', 'reduction']",2,lexical,13,1,0,0,0,r2,medium,1,fam=lexical | rules=r2 | len=medium | num=0 | lex=1,fam=lexical | rules=r2 | len=medium
1144,5517_LibroBAC.pdf,"Saben que necesitan presupuestar, saben que necesitan el cambio y que hay que hacer algo acerca del desorden en el cual se encuentran.","Saben que necesitan presupuestar, hacer el cambio y resolver el desorden en el que se encuentran.",Sugeily,5.0,15.0,,,,,,,,0,"[5, 15]",2,5.0,Unnecessary Words,"['reduction', 'structural']",2,reduction,23,1,0,0,0,r2,medium,0,fam=reduction | rules=r2 | len=medium | num=0 | lex=0,fam=reduction | rules=r2 | len=medium
1148,5530_LibroBAC.pdf,Al final del mes hacer una comparación y deducir en qué se puede economizar y ahorrar o si hay que ganar un poco más para definir cómo.,Al final del mes comparar y deducir las áreas para economizar y ahorrar. Si se necesita ganar definir la manera de hacerlo.,Sugeily,18.0,5.0,,,,,,,,0,"[18, 5]",2,18.0,Sentences of formal and aesthetic use,['reduction'],1,reduction,27,1,0,0,0,r2,long,0,fam=reduction | rules=r2 | len=long | num=0 | lex=0,fam=reduction | rules=r2 | len=long
1151,5534_LibroBAC.pdf,"Otra idea relacionada es el lavado y mantenimiento de algunos aspectos del auto, lo cual también se puede hacer en familia o asignarlo a los hijos e hijas como una respuesta de ellos para obtener dinero.",También lavar y mantener algunos aspectos del auto. Esto se puede hacer en familia o asignarlo a los hijos e hijas como un medio para obtener dinero.,Sugeily,15.0,5.0,,,,,,,,0,"[15, 5]",2,15.0,Sentence Length,"['structural', 'reduction']",2,structural,36,1,0,0,0,r2,long,0,fam=structural | rules=r2 | len=long | num=0 | lex=0,fam=structural | rules=r2 | len=long
1154,5560_LibroBAC.pdf,"Para esto es conveniente cuidar permanentemente los saldos, dejar de gastar compulsivamente, y utilizar la tarjeta sólo para la adquisición de cosas o servicios necesarios entre otros aspectos.","Para esto es conveniente cuidar los saldos, evitar gastos compulsivos, utilizar la tarjeta sólo para gastos necesarios, entre otros aspectos.",Sugeily,15.0,16.0,5.0,99.0,,,,,,0,"[15, 16, 5, 99]",4,15.0,Sentence Length,"['structural', 'reduction', 'unknown']",3,structural,28,1,0,0,0,r4plus,long,0,fam=structural | rules=r4plus | len=long | num=0 | lex=0,fam=structural | rules=r4plus | len=long
1159,6548_LibroBAC.pdf,"Ejemplos de pasivos pueden ser: La hipoteca de una casa, saldos de las tarjetas de crédito, un préstamo para la compra de un automóvil.","Algunos ejemplos son: La hipoteca de una casa, saldos en tarjetas de crédito, préstamos para la compra de un carro.",Sugeily,15.0,1.0,,,,,,,,1,"[15, 1]",2,15.0,Sentence Length,"['structural', 'lexical']",2,structural,24,1,0,0,0,r2,medium,1,fam=structural | rules=r2 | len=medium | num=0 | lex=1,fam=structural | rules=r2 | len=medium
1160,6553_LibroBAC.pdf,"Algunas posesiones, como su automóvil, una TV de pantalla gigante o cualquier otro tamaño, un bote y la ropa, son activos, pero no son activos para la creación de riqueza, porque no generan ningún dinero ni incrementan su valor, ya que más bien cuando se adquieren y se ponen en uso, generan un proceso de depreciación.","Algunas posesiones, el carro, una TV, un bote y ropa son activos, pero no son activos para la creación de riqueza. Estos no generan ningún dinero ni incrementan su valor. Por el contrario, al adquirirlos y usarlos, inician un proceso de pérdida de valor.",Sugeily,15.0,16.0,5.0,1.0,,,,,,1,"[15, 16, 5, 1]",4,15.0,Sentence Length,"['structural', 'reduction', 'lexical']",3,structural,56,1,0,0,0,r4plus,long,1,fam=structural | rules=r4plus | len=long | num=0 | lex=1,fam=structural | rules=r4plus | len=long
1161,6558_LibroBAC.pdf,Un automóvil nuevo disminuye su valor al segundo en que se maneja fuera de la concesionaria donde fue adquirido.,Un carro nuevo disminuye su valor cuando se maneja fuera de la agencia donde fue adquirido.,Sugeily,1.0,5.0,,,,,,,,1,"[1, 5]",2,1.0,Word Frequency,"['lexical', 'reduction']",2,lexical,19,1,0,0,0,r2,medium,1,fam=lexical | rules=r2 | len=medium | num=0 | lex=1,fam=lexical | rules=r2 | len=medium
1162,6559_LibroBAC.pdf,"Su automóvil es una herramienta que lo lleva al trabajo y le facilita la vida, pero no es exactamente un activo para la creación de riqueza.","Su carro es una herramienta para ir al trabajo y facilitar la vida, pero no es un activo que crea riqueza.",Sugeily,1.0,15.0,,,,,,,,1,"[1, 15]",2,1.0,Word Frequency,"['lexical', 'structural']",2,lexical,26,1,0,0,0,r2,long,1,fam=lexical | rules=r2 | len=long | num=0 | lex=1,fam=lexical | rules=r2 | len=long
1168,6577_LibroBAC.pdf,"Para que el dinero sea un medio de intercambio común y generalmente aceptado por una sociedad, debe satisfacer los siguientes tres criterios: debe ser intercambiable, debe ser una unidad contable y debe ser un conservador de valor.","Para que el dinero sea un medio de intercambio común debe satisfacer los siguientes tres criterios: ser intercambiable, ser una unidad contable y ser un conservador de valor.",Sugeily,15.0,16.0,18.0,,,,,,,0,"[15, 16, 18]",3,15.0,Sentence Length,"['structural', 'reduction']",2,structural,37,1,0,0,0,r3,long,0,fam=structural | rules=r3 | len=long | num=0 | lex=0,fam=structural | rules=r3 | len=long
1175,7366_LibroBAC.pdf,Los instrumentos o herramientas que nos dio la educación no son suficientes ni adecuados a la naturaleza de los problemas que se presentan.,Las herramientas que da la educación no son suficientes para enfrentar la naturaleza de los problemas que se presentan.,Sugeily,15.0,5.0,99.0,,,,,,,0,"[15, 5, 99]",3,15.0,Sentence Length,"['structural', 'reduction', 'unknown']",3,structural,23,1,0,0,0,r3,medium,0,fam=structural | rules=r3 | len=medium | num=0 | lex=0,fam=structural | rules=r3 | len=medium
1180,7382_LibroBAC.pdf,"La seguridad financiera, para la cual lamentablemente no educan las instituciones educativas, es una condición por la cual todas las personas deben trabajar, especialmente quienes por cualquier razón no han sido favorecidas con la fortuna monetaria.","Todas las personas, especialmente quienes no poseen una fortuna monetaria, deben trabajar por tener seguridad financiera, que no se enseña en instituciones educativas.",Sugeily,15.0,16.0,9.0,,,,,,,0,"[15, 16, 9]",3,15.0,Sentence Length,"['structural', 'reduction', 'morphosyntactic']",3,structural,36,1,0,0,0,r3,long,0,fam=structural | rules=r3 | len=long | num=0 | lex=0,fam=structural | rules=r3 | len=long
1181,7383_LibroBAC.pdf,"Seguridad financiera, como antes se ha señalado, consiste en, Cumplir con las necesidades que se presenten en el futuro de las personas y al mismo tiempo, cumplir con las obligaciones diarias.","La seguridad financiera es ""cumplir con las necesidades que se presenten en el futuro y cumplir con las obligaciones diarias.",Sugeily,16.0,5.0,15.0,,,,,,,0,"[16, 5, 15]",3,16.0,Parenthetical Phrases,"['reduction', 'structural']",2,reduction,32,1,0,0,0,r3,long,0,fam=reduction | rules=r3 | len=long | num=0 | lex=0,fam=reduction | rules=r3 | len=long
1183,7388a_LibroBAC.pdf,"Usted puede alcanzar todas estas metas si lleva un presupuesto, ahorra e invierte y disminuye la cantidad de deudas en las que usted incurre.","Usted puede alcanzar estas metas si lleva un presupuesto, ahorra, invierte y disminuye la cantidad de deudas en las que cae.",Sugeily,1.0,5.0,,,,,,,,1,"[1, 5]",2,1.0,Word Frequency,"['lexical', 'reduction']",2,lexical,24,1,0,0,0,r2,medium,1,fam=lexical | rules=r2 | len=medium | num=0 | lex=1,fam=lexical | rules=r2 | len=medium
1186,7376_LibroBAC.pdf,"Antes que simplemente planificar y/o presupuestar para la seguridad y el éxito financiero y para que no se conviertan estas actividades en simples ejercicios mecánicos o instrumentales se requiere el cambio de mentalidad o, lo que es casi lo mismo por su estrecha, casi simbiótica relación, el cambio de actitud de las personas y así facilitarles transitar del simple comportamiento reactivo en la vida a un comportamiento proactivo, en esto creemos que es donde estriba la mayor dificultad cuando se quiere educar a las personas en el campo de las finanzas personales y familiares.","Antes de planificar para tener éxito financiero y, para no convertir esto en un ejercicio mecánico, se requiere cambiar de mentalidad. De este modo las personas van a poder transitar del comportamiento reactivo al comportamiento proactivo. Este cambio posee la mayor dificultad cuando se quiere educar a las personas en el campo de las finanzas personales y familiares.",Sugeily,15.0,18.0,5.0,16.0,1.0,,,,,1,"[15, 18, 5, 16, 1]",5,15.0,Sentence Length,"['structural', 'reduction', 'lexical']",3,structural,94,1,0,0,0,r4plus,long,1,fam=structural | rules=r4plus | len=long | num=0 | lex=1,fam=structural | rules=r4plus | len=long
1190,7395_LibroBAC.pdf,"Ante todo, dice el mismo Durán: porque constituyen muestra de la capacidad de enriquecimiento mutuo que poseen; cada una destaca aspectos que las otras consideran menos relevantes, lo que abre la puerta a posibles complementaciones.","Durán dice sobre esto que: poseen capacidad de enriquecimiento mutuo. Cada una destaca aspectos que las otras consideran menos importantes, las hace complementarias.",Sugeily,15.0,16.0,21.0,19.0,1.0,,,,,1,"[15, 16, 21, 19, 1]",5,15.0,Sentence Length,"['structural', 'reduction', 'lexical']",3,structural,35,1,0,0,0,r4plus,long,1,fam=structural | rules=r4plus | len=long | num=0 | lex=1,fam=structural | rules=r4plus | len=long
1191,7399_LibroBAC.pdf,"Y luego, porque hay más puntos de acuerdo que de desacuerdo entre ellas.","Además, tienen más puntos de acuerdo que de desacuerdo entre ellas.",Sugeily,18.0,5.0,,,,,,,,0,"[18, 5]",2,18.0,Sentences of formal and aesthetic use,['reduction'],1,reduction,13,1,0,0,0,r2,medium,0,fam=reduction | rules=r2 | len=medium | num=0 | lex=0,fam=reduction | rules=r2 | len=medium
1192,7400_LibroBAC.pdf,"Entre los diferentes aspectos coincidentes y que favorece, además de las personas implicadas en el cambio, a quienes trabajan por el mismo, como es el propósito de este libro y de la institución que lo patrocina, se encuentra, entre otros, que las actitudes distan de ser realidades inmutables, que el cambio de actitudes no es necesariamente un proceso incontrolable y, finalmente, que el cambio de actitudes se favorece cuando hay un curso deliberado en la búsqueda de metas y objetivos precisos y fijado de antemano, curso deliberado que se expresa técnicamente en un esquema de planificación.","Estas teorías coinciden en que las actitudes son realidades cambiables y que este cambio es un proceso controlable. Finalmente, acuerdan que el cambio de actitudes progresa cuando hay una constante búsqueda de metas precisas y fijadas en un esquema de planificación. Esto favorece a los implicados en el cambio y los que trabajan por él, como este libro y su patrocinador.",Sugeily,16.0,15.0,17.0,5.0,18.0,,,,,0,"[16, 15, 17, 5, 18]",5,16.0,Parenthetical Phrases,"['reduction', 'structural']",2,reduction,96,1,0,0,0,r4plus,long,0,fam=reduction | rules=r4plus | len=long | num=0 | lex=0,fam=reduction | rules=r4plus | len=long
1193,7404_LibroBAC.pdf,"Los sueños de los niños tienen una gran variedad que va desde Tarzán hasta el Agente 007, pasando por Superman.",Los sueños de los niños son variados y van desde Tarzán hasta el Agente 007 y Superman.,Sugeily,12.0,5.0,,,,,,,,0,"[12, 5]",2,12.0,Use of Gerund,"['morphosyntactic', 'reduction']",2,morphosyntactic,20,1,1,0,0,r2,medium,0,fam=morphosyntactic | rules=r2 | len=medium | num=1 | lex=0,fam=morphosyntactic | rules=r2 | len=medium
1194,7410_LibroBAC.pdf,"Esto es sólo un sueño infantil, parecido al de soñar con que un día se va a aparecer un Hada Madrina y, con un golpe de su varita mágica nos va a convertir en un Príncipe encantado o en una reina de belleza.",Esto es un sueño infantil. Igual que soñar con un Hada Madrina que nos convierte en un Príncipe encantado o en una reina de belleza.,Sugeily,5.0,15.0,99.0,,,,,,,0,"[5, 15, 99]",3,5.0,Unnecessary Words,"['reduction', 'structural', 'unknown']",3,reduction,43,1,0,0,0,r3,long,0,fam=reduction | rules=r3 | len=long | num=0 | lex=0,fam=reduction | rules=r3 | len=long
1198,7432_LibroBAC.pdf,Mi amigo F.S. soñaba durante años tener casa propia.,Mi amigo soñó durante años tener casa propia.,Sugeily,13.0,18.0,,,,,,,,0,"[13, 18]",2,13.0,"Abbreviations, Shortenings, Acronyms, and Initialisms","['lexical', 'reduction']",2,lexical,9,3,0,0,0,r2,short,0,fam=lexical | rules=r2 | len=short | num=0 | lex=0,fam=lexical | rules=r2 | len=short
1201,7440_LibroBAC.pdf,"Una vez que convirtió ese sueño en una meta HACIENDO ALGO al respecto, sólo tuvo que esperar dos años para lograr su objetivo.","Cuando hizo algo al respecto y convirtió ese sueño en una meta, sólo esperó dos años para lograr su objetivo.",Sugeily,3.0,12.0,9.0,,,,,,,0,"[3, 12, 9]",3,3.0,Visual Reference Dependence,"['reduction', 'morphosyntactic']",2,reduction,23,1,0,0,0,r3,medium,0,fam=reduction | rules=r3 | len=medium | num=0 | lex=0,fam=reduction | rules=r3 | len=medium
1204,7897b_LibroBAC.pdf,"Para mayor concentración de esta propuesta sobre el Presupuesto Familiar, veamos un ejemplo práctico sobre el mismo, utilizando el modelo explicado atrás y propuesto por Sylvia Porter y complementado por Brailovsky y Ortiz, que es muy representativo de los otros dos modelos mencionados o de cualquier otro que pueda conocerse.","Para enfocarnos en el Presupuesto Familiar, veamos un ejemplo práctico que usa el modelo de Sylvia Porter, Brailovsky y Ortiz. Este modelo es muy representativo de los otros dos modelos mencionados y de muchos otros.",Sugeily,15.0,18.0,12.0,,,,,,,0,"[15, 18, 12]",3,15.0,Sentence Length,"['structural', 'reduction', 'morphosyntactic']",3,structural,50,1,0,0,0,r3,long,0,fam=structural | rules=r3 | len=long | num=0 | lex=0,fam=structural | rules=r3 | len=long
1205,7899_LibroBAC.pdf,"Se trata, para este ejemplo, de una familia de estrato medio, donde el padre y la madre son profesionales, empleados ambos y con dos hijos que están educándose, una, en la educación primaria y el chico en la educación secundaria.","Se tratade una familia de estrato medio, ambos padres profesionales y empleados. Tienen dos hijos: una en primaria y otro en secundaria.",Sugeily,16.0,5.0,15.0,12.0,,,,,,0,"[16, 5, 15, 12]",4,16.0,Parenthetical Phrases,"['reduction', 'structural', 'morphosyntactic']",3,reduction,40,1,0,0,0,r4plus,long,0,fam=reduction | rules=r4plus | len=long | num=0 | lex=0,fam=reduction | rules=r4plus | len=long
1206,7900_LibroBAC.pdf,"La pareja, como es lo indicado, ha decidido no manejar su presupuesto de manera individual sino como pareja, como familia, es decir, mancomunadamente.","La pareja ha decidido manejar su presupuesto en conjunto, como familia.",Sugeily,5.0,1.0,,,,,,,,1,"[5, 1]",2,5.0,Unnecessary Words,"['reduction', 'lexical']",2,reduction,23,1,0,0,0,r2,medium,1,fam=reduction | rules=r2 | len=medium | num=0 | lex=1,fam=reduction | rules=r2 | len=medium
1207,7901_LibroBAC.pdf,"La esposa, como podrá observarse, en el ejemplo, devenga un salario ligeramente superior al del esposo, lo que de todas maneras es un poco favorable para le manejo de las finanzas familiares.",La esposa aporta un salario ligeramente superior al del esposo. Esto es favorable para el manejo de las finanzas familiares.,Sugeily,1.0,5.0,18.0,,,,,,,1,"[1, 5, 18]",3,1.0,Word Frequency,"['lexical', 'reduction']",2,lexical,32,1,0,0,0,r3,long,1,fam=lexical | rules=r3 | len=long | num=0 | lex=1,fam=lexical | rules=r3 | len=long
1210,7906_LibroBAC.pdf,"La situación, entonces, de los ingresos, los gastos fijos, lo disponible para el gasto diario y los gastos diarios reales, es como sigue:","Entonces, la situación de estas cuatro categorías es la siguiente:",Sugeily,5.0,16.0,15.0,18.0,,,,,,0,"[5, 16, 15, 18]",4,5.0,Unnecessary Words,"['reduction', 'structural']",2,reduction,23,1,0,0,0,r4plus,medium,0,fam=reduction | rules=r4plus | len=medium | num=0 | lex=0,fam=reduction | rules=r4plus | len=medium
1211,7967_LibroBAC.pdf,"Como se podrá analizar, el presupuesto resulta casi totalmente ajustado, de tal manera que no queda faltando ni sobrando casi nada en relación con los ingresos y con los egresos o gastos.","El presupuesto resulta casi ajustado, porque no falta nada ni sobra mucho en relación con los ingresos y con los gastos.",Sugeily,5.0,15.0,12.0,,,,,,,0,"[5, 15, 12]",3,5.0,Unnecessary Words,"['reduction', 'structural', 'morphosyntactic']",3,reduction,32,1,0,0,0,r3,long,0,fam=reduction | rules=r3 | len=long | num=0 | lex=0,fam=reduction | rules=r3 | len=long
1212,7970_LibroBAC.pdf,"Lo que debe hacer la familia y dado que es la primera vez que hace un presupuesto de esta naturaleza, es someterlo a prueba durante un año, haciendo un estricto control de sus ingresos y de sus egresos y al cabo de tal fecha, con la información que obtenga, presupuestar el nuevo año con los ajustes más reales que crea que debe realizar y tomar otras decisiones pertinentes.","Lo que la familia debe hacer por ser su primer presupuesto, es someterlo a prueba durante un año. Deber tener un control estricto de sus ingresos y gastos. Al final de la prueba, deben presupuestar el nuevo año con los ajustes que crea necesarios y tomar otras decisiones pertinentes.",Sugeily,15.0,16.0,12.0,19.0,,,,,,0,"[15, 16, 12, 19]",4,15.0,Sentence Length,"['structural', 'reduction', 'morphosyntactic']",3,structural,68,1,0,0,0,r4plus,long,0,fam=structural | rules=r4plus | len=long | num=0 | lex=0,fam=structural | rules=r4plus | len=long
1213,7975_LibroBAC.pdf,"Adquirir un vehículo propio con un costo no mayor a los $9,000 en los próximos dos años.",Adquirir en los próximos dos años un vehículo propio con un costo igual o menor a nueve mil dólares.,Sugeily,14.0,18.0,,,,,,,,0,"[14, 18]",2,14.0,Use of Numerical Expressions,"['structural', 'reduction']",2,structural,17,1,1,1,0,r2,medium,0,fam=structural | rules=r2 | len=medium | num=1 | lex=0,fam=structural | rules=r2 | len=medium
1218,9035_LibroBAC.pdf,"Haga una lista de sus metas Es importante que tenga claro para qué se quiere ahorrar, a mediano y largo plazo.","Haga una lista de sus metas. Es importante que tenga claro los motivos para ahorrar, a mediano y largo plazo.",Sugeily,18.0,5.0,,,,,,,,0,"[18, 5]",2,18.0,Sentences of formal and aesthetic use,['reduction'],1,reduction,21,1,0,0,0,r2,medium,0,fam=reduction | rules=r2 | len=medium | num=0 | lex=0,fam=reduction | rules=r2 | len=medium
1220,11690_LibroBAC.pdf,"Se otorga sobre vehículos del año, 0 kilómetros, nuevos, de agencias reconocidas.","Se otorga sobre carros del año, cero kilómetros, nuevos de agencias reconocidas.",Sugeily,18.0,1.0,,,,,,,,1,"[18, 1]",2,18.0,Sentences of formal and aesthetic use,"['reduction', 'lexical']",2,reduction,12,1,1,0,0,r2,short,1,fam=reduction | rules=r2 | len=short | num=1 | lex=1,fam=reduction | rules=r2 | len=short
1222,11695_LibroBAC.pdf,"Es el financiamiento que se otorga para compra de lote o terreno, con garantía hipotecaria, con la intención de que este sea el paso inicial para que a mediano plazo se dé el paso siguiente que es la construcción de la casa de habitación.",Es el financiamiento que se otorga para compra de un terreno. Viene con garantía hipotecaria y con la intención de que a mediano plazo se construya la casa de habitación.,Sugeily,15.0,17.0,5.0,,,,,,,0,"[15, 17, 5]",3,15.0,Sentence Length,"['structural', 'reduction']",2,structural,44,1,0,0,0,r3,long,0,fam=structural | rules=r3 | len=long | num=0 | lex=0,fam=structural | rules=r3 | len=long
1226,11711_LibroBAC.pdf,"Asimismo, los seguros de automóviles usados son mucho más costosos que los de vehículos nuevos, en caso de estos últimos, inclusive, el ente asegurador otorga descuentos de hasta el 30% sobre el costo de la prima durante los primeros 6 meses de aseguramiento.","Asimismo, los seguros de automóviles usados son mucho más costosos que los de vehículos nuevos. Para estos últimos, el asegurador descuenta hasta el treinta por ciento sobre el costo de la prima. Esto pasa durante los primeros seis meses en se asegura.",Sugeily,15.0,16.0,14.0,12.0,18.0,,,,,0,"[15, 16, 14, 12, 18]",5,15.0,Sentence Length,"['structural', 'reduction', 'morphosyntactic']",3,structural,43,1,1,0,1,r4plus,long,0,fam=structural | rules=r4plus | len=long | num=1 | lex=0,fam=structural | rules=r4plus | len=long
1230,11728_LibroBAC.pdf,"En primer lugar, la persona debe tener muy clara cuál es su capacidad de pago y cuánto puede llegar a pagar por el crédito, sin afectar sustancialmente su flujo de dinero.","Primero, la persona debe tener clara su capacidad de pago y el crédito que puede pagar sin afectar su flujo de dinero.",Sugeily,18.0,15.0,5.0,,,,,,,0,"[18, 15, 5]",3,18.0,Sentences of formal and aesthetic use,"['reduction', 'structural']",2,reduction,31,1,0,0,0,r3,long,0,fam=reduction | rules=r3 | len=long | num=0 | lex=0,fam=reduction | rules=r3 | len=long
1232,11732_LibroBAC.pdf,"Asimismo, debe conocer las obligaciones adicionales al crédito que obligan a mantener en perfecto estado de mantenimiento y conservación la garantía, nos referimos a los seguros y a las responsabilidades propias en que nos hacen incurrir los bienes, tales como derechos de circulación (vehículos) o impuestos territoriales y municipales (vivienda o lote).","Asimismo, debe conocer las obligaciones adicionales al crédito para mantener y conservar la garantía. Nos referimos a los seguros y a las responsabilidades propias en que nos hacen incurrir los bienes. Por ejemplo, derechos de circulación o impuestos territoriales y municipales.",Sugeily,15.0,18.0,16.0,99.0,,,,,,0,"[15, 18, 16, 99]",4,15.0,Sentence Length,"['structural', 'reduction', 'unknown']",3,structural,52,1,0,0,0,r4plus,long,0,fam=structural | rules=r4plus | len=long | num=0 | lex=0,fam=structural | rules=r4plus | len=long
1233,11733_LibroBAC.pdf,"Finalmente, una vez que se tiene el crédito hay que estar atento a las variaciones que se den tanto en las condiciones financieras propias del crédito (revisar oportunamente los estados de cuenta), así como en el entorno, de forma tal que nos permita reaccionar oportunamente en caso de que nuestra situación financiera se vea desmejorada.","Finalmente, al obtener el crédito se deben revisar las variaciones en las condiciones financieras propias del crédito y en el entorno. De esta forma podemos reaccionar oportunamente en caso de que nuestra situación financiera se vea desmejorada.",Sugeily,15.0,5.0,,,,,,,,0,"[15, 5]",2,15.0,Sentence Length,"['structural', 'reduction']",2,structural,55,1,0,0,0,r2,long,0,fam=structural | rules=r2 | len=long | num=0 | lex=0,fam=structural | rules=r2 | len=long
1238,11741_LibroBAC.pdf,"Bajo esta modalidad, el cliente podría acceder a mejores tasas de interés y de comisión que en un crédito prendario, e igualmente, no se ve obligado a asegurar el vehículo full coberturas.","Bajo esta modalidad, el cliente podría acceder a mejores tasas de interés y de comisión que en un crédito prendario. Igualmente, no está obligado a asegurar el vehículo con total cobertura.",Sugeily,18.0,15.0,5.0,,,,,,,0,"[18, 15, 5]",3,18.0,Sentences of formal and aesthetic use,"['reduction', 'structural']",2,reduction,32,1,0,0,0,r3,long,0,fam=reduction | rules=r3 | len=long | num=0 | lex=0,fam=reduction | rules=r3 | len=long
1244,11760_LibroBAC.pdf,"Los Bancos venden varios productos, entre ellos el crédito, por lo que debe tomarse en cuenta que el análisis del crédito no es solo el producto de su situación financiera, ya sea que los ingresos del solicitante del crédito provengan de una actividad propia o bien como asalariado (Capacidad y Carácter); también existen otros elementos como: Capital, Colateral y Condición, sin embargo, capacidad y carácter por mucho, son los elementos primordiales para ganar el crédito.","Los Bancos venden varios productos, entre ellos el crédito. Por lo que debe tomarse en cuenta que el análisis del crédito no es solo el producto de su situación financiera. Ya sea que los ingresos del solicitante provengan de una actividad propia o bien como asalariado (Capacidad y Carácter). También existen otros elementos como: Capital, Colateral y Condición. Sin embargo, capacidad y carácter por mucho, son los elementos primordiales para ganar el crédito.",Sugeily,15.0,16.0,21.0,,,,,,,0,"[15, 16, 21]",3,15.0,Sentence Length,"['structural', 'reduction']",2,structural,75,1,0,0,0,r3,long,0,fam=structural | rules=r3 | len=long | num=0 | lex=0,fam=structural | rules=r3 | len=long
1248,11791_LibroBAC.pdf,"De acuerdo con el uso de la deuda se pueden clasificar también tres tipos: deudas de inversión, deudas de conveniencia y deudas de consumidor.","Según el uso de la deuda hay tres tipos: deudas de inversión, deudas de conveniencia y deudas de consumidor.",Sugeily,15.0,5.0,,,,,,,,0,"[15, 5]",2,15.0,Sentence Length,"['structural', 'reduction']",2,structural,24,1,0,0,0,r2,medium,0,fam=structural | rules=r2 | len=medium | num=0 | lex=0,fam=structural | rules=r2 | len=medium
1257,12606_LibroBAC.pdf,"Como ya se ha señalado en capítulos anteriores, si bien el dinero efectivo ha sido un gran avance en el desarrollo de la economía y las finanzas, dicho dinero tiene también grandes limitaciones y también grandes riesgos, especialmente cuando las operaciones comerciales y de los negocios en general, han ido aumentando en proporciones insospechadas.","Como ya se ha señalado, el dinero efectivo ha sido un gran avance en el desarrollo de la economía y las finanzas. Pero también tiene grandes limitaciones y riesgos. Particularmente cuando las operaciones comerciales y de los negocios en general, han aumentado en proporciones insospechadas.",Sugeily,15.0,5.0,12.0,,,,,,,0,"[15, 5, 12]",3,15.0,Sentence Length,"['structural', 'reduction', 'morphosyntactic']",3,structural,54,1,0,0,0,r3,long,0,fam=structural | rules=r3 | len=long | num=0 | lex=0,fam=structural | rules=r3 | len=long
1260,12609_LibroBAC.pdf,"En este capítulo se describe, por consiguiente, cuáles son los principales medios de pago de la actualidad y sus principales características y ventajas, además se hace mención de los distintos servicios que se han desarrollado a raíz del perfeccionamiento y creciente uso, a nivel mundial, de la Internet.","En este capítulo se describen los principales medios de pago de la actualidad y sus principales características y ventajas. Además, se habla de los distintos servicios que se han desarrollado a raíz del perfeccionamiento y creciente uso de la Internet.",Sugeily,16.0,15.0,,,,,,,,0,"[16, 15]",2,16.0,Parenthetical Phrases,"['reduction', 'structural']",2,reduction,48,1,0,0,0,r2,long,0,fam=reduction | rules=r2 | len=long | num=0 | lex=0,fam=reduction | rules=r2 | len=long
1262,12613_LibroBAC.pdf,"Todos en la vida, desde pequeños, somos permanentemente compradores.",Somos compradores permanentes desde pequeños.,Sugeily,5.0,19.0,18.0,,,,,,,0,"[5, 19, 18]",3,5.0,Unnecessary Words,"['reduction', 'structural']",2,reduction,9,1,0,0,0,r3,short,0,fam=reduction | rules=r3 | len=short | num=0 | lex=0,fam=reduction | rules=r3 | len=short
1265,12627b_LibroBAC.pdf,"Los medios de pago son por lo tanto la herramienta que los agentes de una economía utilizan para transferir valor monetario en una transacción económica con el fin de pagar por algún bien, servicio o activo financiero que se da a cambio.","Los medios de pago son la herramienta que los agentes de una economía utilizan para transferir valor monetario en una transacción económica. Tienen el fin de pagar por algún bien, servicio o activo financiero.",Sugeily,5.0,15.0,,,,,,,,0,"[5, 15]",2,5.0,Unnecessary Words,"['reduction', 'structural']",2,reduction,42,1,0,0,0,r2,long,0,fam=reduction | rules=r2 | len=long | num=0 | lex=0,fam=reduction | rules=r2 | len=long
1267,12636_LibroBAC.pdf,"Sin embargo, cuando las transacciones son varias y de montos considerables, no es práctico que una persona lleve consigo grandes cantidades de efectivo, lo cual representa un alto riesgo para dicha persona.","Sin embargo, cuando son varias transacciones y de montos considerables, no es práctico que una persona lleve consigo grandes cantidades de efectivo. Esto puede representar un alto riesgo.",Sugeily,15.0,5.0,,,,,,,,0,"[15, 5]",2,15.0,Sentence Length,"['structural', 'reduction']",2,structural,32,1,0,0,0,r2,long,0,fam=structural | rules=r2 | len=long | num=0 | lex=0,fam=structural | rules=r2 | len=long
1269,12642_LibroBAC.pdf,Para el pago de estos documentos la persona que los recibe en pago (librado) puede acudir a la institución bancaria que los emite (ya sea para pago en efectivo o depósito en cuenta del mismo banco) o presentarlos en otra institución bancaria para depósito en cuenta.,Para el pago de estos documentos la persona que los recibe en pago puede acudir a la institución bancaria que los emite. Puede ser para pago en efectivo o depósito en cuenta del mismo banco. También puede presentarlos en otra institución bancaria para depósito en cuenta.,Sugeily,15.0,16.0,5.0,,,,,,,0,"[15, 16, 5]",3,15.0,Sentence Length,"['structural', 'reduction']",2,structural,46,1,0,0,0,r3,long,0,fam=structural | rules=r3 | len=long | num=0 | lex=0,fam=structural | rules=r3 | len=long
1273,12649_LibroBAC.pdf,"Para la operación óptima de dicha infraestructura ha sido necesaria la inversión de cifras millonarias de dinero para la compra, actualización y mantenimiento de equipo, redes de comunicación y software, con el fin de mantener los servicios operando las 24 horas de todos los días del año.","Para la operación eficiente de esta infraestructura fue necesaria la inversión de cifras millonarias de dinero. Se ha invertido en la compra, actualización y mantenimiento de equipo, redes de comunicación y software para mantener los servicios operando todos los días del año.",Sugeily,15.0,5.0,1.0,,,,,,,1,"[15, 5, 1]",3,15.0,Sentence Length,"['structural', 'reduction', 'lexical']",3,structural,47,1,1,0,0,r3,long,1,fam=structural | rules=r3 | len=long | num=1 | lex=1,fam=structural | rules=r3 | len=long
1275,12653_LibroBAC.pdf,"En términos generales, el banco adquiriente cobra al comercio afiliado un porcentaje del valor de la transacción y transfiere a su vez la mayor parte de ese porcentaje al banco emisor de la tarjeta, debido a que es este último el que incurre en el riesgo de crédito.","En términos generales, el banco adquiriente cobra al comercio afiliado un porcentaje del valor de la transacción. Este transfiere la mayor parte de ese porcentaje al banco emisor de la tarjeta, porque este último incurre en el riesgo de crédito.",Sugeily,15.0,5.0,,,,,,,,0,"[15, 5]",2,15.0,Sentence Length,"['structural', 'reduction']",2,structural,48,1,0,0,0,r2,long,0,fam=structural | rules=r2 | len=long | num=0 | lex=0,fam=structural | rules=r2 | len=long
1278,12657_LibroBAC.pdf,"Una operación en un cajero automático involucra al tarjetahabiente, al banco emisor de la tarjeta, al propio cajero automático (que puede o no ser propiedad del banco que emite la tarjeta) y a la red a la cual tanto el emisor como el cajero automático están conectados.","Una operación en un cajero automático involucra cuatro agentes. Por un lado, al tarjetahabiente y al banco emisor de la tarjeta. Por otro lado, al cajero automático, sea o no propiedad del banco que emite la tarjeta. Por último, a la red a la que están conectados el emisor y el cajero automático.",Sugeily,15.0,5.0,,,,,,,,0,"[15, 5]",2,15.0,Sentence Length,"['structural', 'reduction']",2,structural,47,1,0,0,0,r2,long,0,fam=structural | rules=r2 | len=long | num=0 | lex=0,fam=structural | rules=r2 | len=long
1279,15586_LibroBAC.pdf,"Las exenciones de primas se aplican en caso de que la persona asegurada presente invalidez total y permanente, y consiste en que no tendrá que seguir pagando la prima del seguro, la cual se mantendrá vigente hacia el final del plazo contratado.","Las excepciones de primas se aplican en caso de que la persona asegurada presente invalidez total y permanente. Estas consisten en no tener que pagar la prima del seguro, que estará vigente hacia el final del plazo contratado.",Sugeily,1.0,15.0,21.0,,,,,,,1,"[1, 15, 21]",3,1.0,Word Frequency,"['lexical', 'structural']",2,lexical,42,1,0,0,0,r3,long,1,fam=lexical | rules=r3 | len=long | num=0 | lex=1,fam=lexical | rules=r3 | len=long
1283,15595_LibroBAC.pdf,"Lorenzo: Fíjate Rogelio, tuve una experiencia espeluznante en relación con los gastos que uno debe hacer por alguna enfermedad.",Lorenzo: Fíjate Rogelio. Tuve una experiencia horrible en relación con los gastos que uno debe hacer por alguna enfermedad.,Sugeily,15.0,1.0,,,,,,,,1,"[15, 1]",2,15.0,Sentence Length,"['structural', 'lexical']",2,structural,19,1,0,0,0,r2,medium,1,fam=structural | rules=r2 | len=medium | num=0 | lex=1,fam=structural | rules=r2 | len=medium
1286,15627_LibroBAC.pdf,"Este seguro es un mecanismo que lo primero que hace es darte tranquilidad, debido a que con él puedes hacer frente a los gastos provocados por una enfermedad grave o por un accidente.",Este seguro es un mecanismo para darte tranquilidad. Debido a que con él puedes hacer frente a los gastos provocados por una enfermedad grave o por un accidente.,Sugeily,15.0,5.0,,,,,,,,0,"[15, 5]",2,15.0,Sentence Length,"['structural', 'reduction']",2,structural,33,1,0,0,0,r2,long,0,fam=structural | rules=r2 | len=long | num=0 | lex=0,fam=structural | rules=r2 | len=long
1292,15655_LibroBAC.pdf,Esta le devolverá el dinero dentro de un determinado plazo y descontará el deducible o el coaseguro si esa es la modalidad.,Esta devolverá el dinero en un determinado plazo y descontará el deducible o el coaseguro si esa es la modalidad.,Sugeily,15.0,5.0,,,,,,,,0,"[15, 5]",2,15.0,Sentence Length,"['structural', 'reduction']",2,structural,22,1,0,0,0,r2,medium,0,fam=structural | rules=r2 | len=medium | num=0 | lex=0,fam=structural | rules=r2 | len=medium
1294,15659_LibroBAC.pdf,"Para contratar un seguro médico, obviamente también pueden darse algunos riesgos, por ello hay que dejar muy claro, antes de la decisión de su contratación, cuáles son los tratamientos y las enfermedades no cubiertas por un lado, y por el otro, lo que finalmente cubre el seguro.","Al contratar un seguro médico pueden existir algunos riesgos. Por ello, antes de contratarlo, debe estar claro los tratamientos y las enfermedades que cubre y las que no cubre.",Sugeily,15.0,16.0,18.0,,,,,,,0,"[15, 16, 18]",3,15.0,Sentence Length,"['structural', 'reduction']",2,structural,47,1,0,0,0,r3,long,0,fam=structural | rules=r3 | len=long | num=0 | lex=0,fam=structural | rules=r3 | len=long
1296,15661_LibroBAC.pdf,"Ante lo anterior, es necesario leer con demasiada atención el contrato, sin premuras y comprendiendo de manera exhaustiva cada una de las cláusulas del mismo.","Ante lo anterior, es necesario leer con demasiada atención el contrato. Hacerlo sin apuros, para comprender de manera exhaustiva cada una de las cláusulas.",Sugeily,15.0,12.0,1.0,,,,,,,1,"[15, 12, 1]",3,15.0,Sentence Length,"['structural', 'morphosyntactic', 'lexical']",3,structural,25,1,0,0,0,r3,long,1,fam=structural | rules=r3 | len=long | num=0 | lex=1,fam=structural | rules=r3 | len=long
1302,15669b_LibroBAC.pdf,"El seguro obligatorio, o también llamado de riesgo mínimo, está sujeto a la que una compañía aseguradora establezca asumir, generalmente, un solo riesgo.","El seguro obligatorio, o de riesgo mínimo, está sujeto a lo que una compañía aseguradora establezca asumir. Generalmente, es un solo riesgo.",Sugeily,15.0,18.0,5.0,,,,,,,0,"[15, 18, 5]",3,15.0,Sentence Length,"['structural', 'reduction']",2,structural,23,1,0,0,0,r3,medium,0,fam=structural | rules=r3 | len=medium | num=0 | lex=0,fam=structural | rules=r3 | len=medium
1304,15686_LibroBAC.pdf,"La vivienda, casa o residencia es la propiedad esencial que quieren obtener y conservar todas las personas y las familias, de allí su preocupación por protegerla de diferentes circunstancias que puedan atentar contra ella como robos, daños y desastres naturales como terremotos y finalmente incendios, entre otros.","La vivienda es la propiedad esencial que quieren obtener y conservar todas las personas y las familias. De allí su preocupación por protegerla de circunstancias que atenten contra ella, como robos, daños y desastres naturales e incendios.",Sugeily,15.0,5.0,,,,,,,,0,"[15, 5]",2,15.0,Sentence Length,"['structural', 'reduction']",2,structural,47,1,0,0,0,r2,long,0,fam=structural | rules=r2 | len=long | num=0 | lex=0,fam=structural | rules=r2 | len=long
1305,15690_LibroBAC.pdf,"Casi como leyenda, se comenta que los seguros de vida nacen como una apuesta de la compañía de seguros; se comenta que en la Gran Bretaña del Siglo XXI, un comerciante le recomienda a un marinero no realizar su viaje ese día debido al mal tiempo.","Casi como leyenda, se comenta que los seguros de vida nacen como una apuesta de la compañía de seguros. Se dice que en la Gran Bretaña del Siglo Veintiuno, un comerciante recomendó a un marinero no viajar ese día debido al mal tiempo.",Sugeily,15.0,21.0,13.0,,,,,,,0,"[15, 21, 13]",3,15.0,Sentence Length,"['structural', 'lexical']",2,structural,46,1,0,0,0,r3,long,0,fam=structural | rules=r3 | len=long | num=0 | lex=0,fam=structural | rules=r3 | len=long
1307,15698_LibroBAC.pdf,"El asegurar a un campesino su cosecha, por ejemplo, es riesgoso, ya que existen muchas razones por las cuáles esta se puede perder; sin embargo asegurar a un gran número de campesinos todas sus cosechas, hace que las probabilidades mejoren, y que si uno o varios de los campesinos tienen problemas, su pérdida pueda ser compensada.","Asegurar la cosecha de un campesino es riesgoso porque existen muchas razones por las que esta se puede perder. Sin embargo, asegurar a un gran número de campesinos y sus cosechas, hace que las probabilidades mejoren. La razón de esto es que, si uno o varios de los campesinos tienen problemas, su pérdida pueda ser compensada.",Sugeily,15.0,21.0,18.0,,,,,,,0,"[15, 21, 18]",3,15.0,Sentence Length,"['structural', 'reduction']",2,structural,56,1,0,0,0,r3,long,0,fam=structural | rules=r3 | len=long | num=0 | lex=0,fam=structural | rules=r3 | len=long
1311,15705_LibroBAC.pdf,"Por ejemplo, al adquirir un crédito hipotecario, se le puede solicitar al mismo, un seguro contra incendios para la casa, un seguro de desempleo, o bien, un seguro de vida.","Por ejemplo, al adquirir un crédito hipotecario puede solicitar un seguro contra incendios para la casa, uno de desempleo o de vida.",Sugeily,15.0,5.0,16.0,,,,,,,0,"[15, 5, 16]",3,15.0,Sentence Length,"['structural', 'reduction']",2,structural,30,1,0,0,0,r3,long,0,fam=structural | rules=r3 | len=long | num=0 | lex=0,fam=structural | rules=r3 | len=long
1313,15710_LibroBAC.pdf,"Las tarifas o costos de los seguros se calculan y manejan mediante el principio de Grandes Números antes descrito, estas son las llamadas Ciencias actuariales, las cuales tienen conceptos históricos de tipo estadístico (Modelo Monte Carlo) que averiguan el futuro de lo que puede suceder y calculan el costo del seguro para que cubra gastos y deje utilidad.","Las tarifas de los seguros se calculan y manejan mediante el principio de Grandes Números. Estas son las llamadas Ciencias actuariales, las cuales tienen conceptos históricos de tipo estadístico (Modelo Monte Carlo). Estos lo que puede suceder y calculan el costo del seguro para que cubra gastos y deje utilidad.",Sugeily,15.0,5.0,,,,,,,,0,"[15, 5]",2,15.0,Sentence Length,"['structural', 'reduction']",2,structural,58,1,0,0,0,r2,long,0,fam=structural | rules=r2 | len=long | num=0 | lex=0,fam=structural | rules=r2 | len=long
1314,15712_LibroBAC.pdf,"Los Tipos de Seguros son: - Saldo deudor, - De desempleo, - De incendio y líneas aliadas, - Automóviles, - Seguros marítimos y otros (específicos por industria).","Los Tipos de Seguros son: Saldo deudor, de desempleo, de incendio y líneas aliadas. También los de automóviles, seguros marítimos y otros (específicos por industria).",Sugeily,21.0,15.0,5.0,,,,,,,0,"[21, 15, 5]",3,21.0,Use of Complex Punctuation Marks,"['structural', 'reduction']",2,structural,27,1,0,0,0,r3,long,0,fam=structural | rules=r3 | len=long | num=0 | lex=0,fam=structural | rules=r3 | len=long
1316,15719_LibroBAC.pdf,"Si a una persona le interesa comprar un seguro, puede considerar las dos siguientes posibilidades a su alcance: acercarse a una compañía aseguradora y exponer sus necesidades, o bien, hacerlo a través de intermediarios (agentes, comercializadoras, brokers) quienes se dedican a buscar en el mercado las diferentes opciones en el mismo, para ofrecerle al cliente la que en su perspectiva es la mejor.","Si una persona quiere comprar un seguro, tiene dos posibilidades. Primero, acercarse a una compañía aseguradora y exponer sus necesidades. Segundo, hacerlo mediante intermediarios que buscan en el mercado las opciones y ofrecen al cliente la que le parece mejor.",Sugeily,15.0,16.0,5.0,,,,,,,0,"[15, 16, 5]",3,15.0,Sentence Length,"['structural', 'reduction']",2,structural,63,1,0,0,0,r3,long,0,fam=structural | rules=r3 | len=long | num=0 | lex=0,fam=structural | rules=r3 | len=long
1318,15722_LibroBAC.pdf,"Al adquirir un seguro, lo primero que debe cuestionar la persona es a quién se lo va a comprar, en especial si posee un historial de solvencia, es decir si ha contado con los recursos para desembolsar los pagos comprometidos.","Al adquirir un seguro, lo primero que debe cuestionar la persona es a quién se lo va a comprar. En especial si posee un historial de responsabilidad, es decir, si cuenta con los recursos para realizarlos pagos comprometidos.",Sugeily,15.0,18.0,1.0,,,,,,,1,"[15, 18, 1]",3,15.0,Sentence Length,"['structural', 'reduction', 'lexical']",3,structural,40,1,0,0,0,r3,long,1,fam=structural | rules=r3 | len=long | num=0 | lex=1,fam=structural | rules=r3 | len=long
1319,15729_LibroBAC.pdf,"En el caso de seguros exigidos, llamados compulsivos y entre los cuales podemos mencionar lo que la persona debe tener legalmente o para adquirir un préstamo de su interés, la mejor herramienta es averiguar opciones y precios.","Para los seguros exigidos o para adquirir un préstamo de su interés, la mejor herramienta es averiguar opciones y precios.",Sugeily,15.0,5.0,,,,,,,,0,"[15, 5]",2,15.0,Sentence Length,"['structural', 'reduction']",2,structural,37,1,0,0,0,r2,long,0,fam=structural | rules=r2 | len=long | num=0 | lex=0,fam=structural | rules=r2 | len=long
1320,15733_LibroBAC.pdf,"Por las anteriores circunstancias es que ha surgido el seguro del cual nos estamos ocupando, cuya cobertura más común en nuestros países es: Protección contra terremotos, protección contra incendio, protección contra robo con violencia y asalto, protección de bienes familiares (equipos, dinero, valores y menaje general de la casa), responsabilidad civil para que cada miembro de la familia quede protegido en caso de provocar daño voluntario a personas o propiedades, etc.","Por esto surge este seguro, cuya cobertura en nuestros países es: Protección contra terremotos, incendios, contra robo con violencia y asalto. Asimismo, protección de bienes familiares, responsabilidad civil para protección en caso de provocar daño voluntario a personas o propiedades, etcétera.",Sugeily,15.0,12.0,13.0,99.0,,,,,,0,"[15, 12, 13, 99]",4,15.0,Sentence Length,"['structural', 'morphosyntactic', 'lexical', 'unknown']",4,structural,71,1,0,0,0,r4plus,long,0,fam=structural | rules=r4plus | len=long | num=0 | lex=0,fam=structural | rules=r4plus | len=long
1321,15735_LibroBAC.pdf,"También, las aseguradoras admiten la contratación de otros servicios adicionales tales como el personal doméstico, en caso de que sufra daños en el desempeño de sus funciones permitiendo cubrir, por ejemplo, la hospitalización.","También, las aseguradoras admiten la contratación de servicios adicionales, por ejemplo, el personal doméstico. Si sufre daños en el desempeño de sus funciones podrí cubrir, por ejemplo, la hospitalización.",Sugeily,15.0,5.0,12.0,,,,,,,0,"[15, 5, 12]",3,15.0,Sentence Length,"['structural', 'reduction', 'morphosyntactic']",3,structural,33,1,0,0,0,r3,long,0,fam=structural | rules=r3 | len=long | num=0 | lex=0,fam=structural | rules=r3 | len=long
1325,15741_LibroBAC.pdf,"En este marco de asuntos surgen los Seguros, como una forma o modalidad financiera, que permite a las personas visualizar el futuro contingencial y tener los recursos económicos para enfrentarlo.","En este marco, surgen los seguros. Son una modalidad financiera que permite a las personas visualizar el futuro probable y tener los recursos económicos para enfrentarlo.",Sugeily,15.0,1.0,,,,,,,,1,"[15, 1]",2,15.0,Sentence Length,"['structural', 'lexical']",2,structural,30,1,0,0,0,r2,long,1,fam=structural | rules=r2 | len=long | num=0 | lex=1,fam=structural | rules=r2 | len=long
1332,17337_LibroBAC.pdf,"Por ser una herramienta de fácil adquisición, instalación y uso, atractiva a los ojos de los usuarios de banca hogareña, se convierte en blanco para que personas malintencionadas que no necesitan ser duchas en la materia, cometan fechorías y fraudes sorprendiendo a los usuarios de la banca en línea.","Por ser una herramienta de fácil de adquirir, instalar y usar, es atractiva para los usuarios de banca hogareña. Pero es objetivo de personas malintencionadas sin experiencia que cometen y fraudes y sorprenden a los usuarios de la banca en línea.",Sugeily,15.0,1.0,18.0,6.0,12.0,,,,,1,"[15, 1, 18, 6, 12]",5,15.0,Sentence Length,"['structural', 'lexical', 'reduction', 'morphosyntactic']",4,structural,49,1,0,0,0,r4plus,long,1,fam=structural | rules=r4plus | len=long | num=0 | lex=1,fam=structural | rules=r4plus | len=long
1335,17344_LibroBAC.pdf,"Este programa también puede llegar a la PC hogareña a través de Internet, adjunto a un mensaje de correo electrónico, o escondido dentro de ciertos utilitarios (por ejemplo, un software de DVD) que se ofrecen gratuitamente en la Web.","Este programa puede llegar a la computadora hogareña a través de Internet, adjunto a un correo electrónico. También escondido dentro de utilitarios (por ejemplo, un software disco digital versátil) que se ofrecen gratuitamente en la Web.",Sugeily,13.0,15.0,,,,,,,,0,"[13, 15]",2,13.0,"Abbreviations, Shortenings, Acronyms, and Initialisms","['lexical', 'structural']",2,lexical,39,1,0,0,0,r2,long,0,fam=lexical | rules=r2 | len=long | num=0 | lex=0,fam=lexical | rules=r2 | len=long
1336,17350_LibroBAC.pdf,"Instale en la computadora de su uso frecuente un firewall, ya que es la mejor manera de evitar controlar todo lo que entra y sale de su computador.","Instale en su computadora un cortafuegos, pues así puede evitar controlar todo lo que entra y sale de su computador.",Sugeily,18.0,15.0,,,,,,,,0,"[18, 15]",2,18.0,Sentences of formal and aesthetic use,"['reduction', 'structural']",2,reduction,28,1,0,0,0,r2,long,0,fam=reduction | rules=r2 | len=long | num=0 | lex=0,fam=reduction | rules=r2 | len=long
1339,17364_LibroBAC.pdf,"Al pinchar el link adjunto en el comunicado, direcciona al destinatario a una página que es una réplica exacta de la original.","Al tocar el enlace del comunicado, direcciona al destinatario a una página exactamente de la original.",Sugeily,18.0,15.0,,,,,,,,0,"[18, 15]",2,18.0,Sentences of formal and aesthetic use,"['reduction', 'structural']",2,reduction,22,1,0,0,0,r2,medium,0,fam=reduction | rules=r2 | len=medium | num=0 | lex=0,fam=reduction | rules=r2 | len=medium
1341,17380_LibroBAC.pdf,"Consiste en la manipulación de la resolución de nombres en Internet, llevada a cabo por algún código malicioso que ha sido introducido en el equipo intencionalmente.","Consiste en manipular la resolución de nombres en Internet, hecho por algún código malicioso que se introducide en el equipo intencionalmente.",Sugeily,15.0,5.0,,,,,,,,0,"[15, 5]",2,15.0,Sentence Length,"['structural', 'reduction']",2,structural,26,1,0,0,0,r2,long,0,fam=structural | rules=r2 | len=long | num=0 | lex=0,fam=structural | rules=r2 | len=long
1345,17394_LibroBAC.pdf,"Como hemos mencionado en los demás temas relacionados con el fraude electrónico, la solución inmediata es tener instalado un antivirus robusto, el cual reducirá al mínimo los riesgos de esta nueva amenaza, ya que para llevar a cabo el pharming se requiere que alguna aplicación se instale en el sistema a atacar (un fichero .exe, un script , etc.).","Como se mencionó en lo relacionado al fraude electrónico, la solución inmediata es tener instalado un antivirus robusto. Este reducirá los riesgos la amenaza, porque para atacar el pharming requiere la instalación de una aplicación en el sistema.",Sugeily,15.0,16.0,18.0,,,,,,,0,"[15, 16, 18]",3,15.0,Sentence Length,"['structural', 'reduction']",2,structural,59,3,0,0,0,r3,long,0,fam=structural | rules=r3 | len=long | num=0 | lex=0,fam=structural | rules=r3 | len=long
1350,17413_LibroBAC.pdf,"Lea detenidamente la documentación que acompaña al software para conocer el funcionamiento básico de su antivirus, permitiéndole actuar con mucha mayor tranquilidad cuando surja algún problema relacionado con un virus.",Lea detenidamente la documentación que acompaña al software. Así puede conocer el funcionamiento básico de su antivirus para actuar con tranquilidad cuando surjan problemas relacionados con un virus.,Sugeily,15.0,12.0,,,,,,,,0,"[15, 12]",2,15.0,Sentence Length,"['structural', 'morphosyntactic']",2,structural,30,1,0,0,0,r2,long,0,fam=structural | rules=r2 | len=long | num=0 | lex=0,fam=structural | rules=r2 | len=long
1354,17442_LibroBAC.pdf,"Para que no lo tomen por sorpresa, manténgase informado sobre nuevas actualizaciones de programas, aparición de nuevos virus, etc. a través de los diferentes boletines de seguridad que puede encontrar en Internet.","Para prepararse, infórmese de actualizaciones de programas, aparición de virus, etcétera, mediante los boletines de seguridad que están en Internet.",Sugeily,13.0,15.0,,,,,,,,0,"[13, 15]",2,13.0,"Abbreviations, Shortenings, Acronyms, and Initialisms","['lexical', 'structural']",2,lexical,32,2,0,0,0,r2,long,0,fam=lexical | rules=r2 | len=long | num=0 | lex=0,fam=lexical | rules=r2 | len=long
1356,17446_LibroBAC.pdf,"Entre los timos más conocidos dentro de las instalaciones bancarias están: el timo de la llanta estallada, el timo del manchonazo, el timo del falso funcionario o que te estén marcando y sea abordado a la salida del banco para asaltarte.","Entre los timos más conocidos dentro del banco están: el timo de la llanta estallada, el timo del manchonazo y el timo del falso funcionario. También es común que te llamen y seas abordado a la salida del banco para asaltarte.",Sugeily,15.0,12.0,18.0,,,,,,,0,"[15, 12, 18]",3,15.0,Sentence Length,"['structural', 'morphosyntactic', 'reduction']",3,structural,41,1,0,0,0,r3,long,0,fam=structural | rules=r3 | len=long | num=0 | lex=0,fam=structural | rules=r3 | len=long
1357,17448_LibroBAC.pdf,"La única manera de evitarlo es estar atento, tomar medidas de precaución y ser muy precavido en el momento de hacer cualquier transacción personal en el banco.",La única manera de evitarlo es estar atento. Tomar medidas de precaución en el momento de hacer cualquier transacción personal en el banco.,Sugeily,5.0,15.0,,,,,,,,0,"[5, 15]",2,5.0,Unnecessary Words,"['reduction', 'structural']",2,reduction,27,1,0,0,0,r2,long,0,fam=reduction | rules=r2 | len=long | num=0 | lex=0,fam=reduction | rules=r2 | len=long
1367,2524_LibroUide_Sincopyright.pdf,El mercado de desintermediación financiera constituye un espacio para el intercambio de recursos desde aquellos que están dispuestos a invertir hasta aquellos que captan inversiones para sus operaciones.,El mercado de desintermediación financiera es un espacio para el intercambio de recursos. Aquellos recursos que están dispuestos a invertir y los que captan inversiones para sus operaciones.,Sugeily,15.0,18.0,,,,,,,,0,"[15, 18]",2,15.0,Sentence Length,"['structural', 'reduction']",2,structural,28,1,0,0,0,r2,long,0,fam=structural | rules=r2 | len=long | num=0 | lex=0,fam=structural | rules=r2 | len=long
1368,2525_LibroUide_Sincopyright.pdf,"Entre los participantes de este mercado se pueden mencionar: empresas emisoras, inversionistas, bolsas de valores, casas de valores, administradoras de fondos, supervisores, reguladores, entre otros.","Algunos participantes de este mercado son: empresas emisoras, inversionistas, bolsas de valores, casas de valores, administradoras de fondos, supervisores, reguladores.",Sugeily,15.0,5.0,,,,,,,,0,"[15, 5]",2,15.0,Sentence Length,"['structural', 'reduction']",2,structural,25,1,0,0,0,r2,long,0,fam=structural | rules=r2 | len=long | num=0 | lex=0,fam=structural | rules=r2 | len=long
1369,2529_LibroUide_Sincopyright.pdf,"La supervisión del mercado, como se indicó anteriormente, está a cargo de la Superintendencia de Compañías, Valores y Seguros; la cual vigila, audita, interviene, controla y supervisa el mercado de capitales.","La supervisión del mercado está a cargo de la Superintendencia de Compañías, Valores y Seguros. Esta vigila, audita, interviene, controla y supervisa el mercado de capitales.",Sugeily,16.0,5.0,15.0,,,,,,,0,"[16, 5, 15]",3,16.0,Parenthetical Phrases,"['reduction', 'structural']",2,reduction,31,1,0,0,0,r3,long,0,fam=reduction | rules=r3 | len=long | num=0 | lex=0,fam=reduction | rules=r3 | len=long
1375,2557_LibroUide_Sincopyright.pdf,"Constituyen una participación de la empresa y otorgan voz y voto al propietario, en el caso de las acciones comunes; y voz sin voto, en el caso de las acciones preferentes.","Estos constituyen una participación de la empresa. Otorgan voz y voto al propietario, en el caso de las acciones comunes y voz sin voto, en el caso de las acciones preferentes.",Sugeily,15.0,21.0,,,,,,,,0,"[15, 21]",2,15.0,Sentence Length,['structural'],1,structural,31,1,0,0,0,r2,long,0,fam=structural | rules=r2 | len=long | num=0 | lex=0,fam=structural | rules=r2 | len=long
1379,2566_LibroUide_Sincopyright.pdf,"Así mismo, estos bonos incluyen una tasa de interés conocida como tasa cupón, la cual se calcula sobre el valor nominal del mismo.","Asimismo, estos bonos incluyen una tasa de interés, llamada tasa cupón, que se calcula sobre el valor representativo este.",Sugeily,18.0,15.0,,,,,,,,0,"[18, 15]",2,18.0,Sentences of formal and aesthetic use,"['reduction', 'structural']",2,reduction,23,1,0,0,0,r2,medium,0,fam=reduction | rules=r2 | len=medium | num=0 | lex=0,fam=reduction | rules=r2 | len=medium
1381,2570_LibroUide_Sincopyright.pdf,"Titularizaciones. Este mecanismo de financiamiento es utilizado por aquellas compañías que desean expandir su negocio, permitiéndoles obtener recursos financieros que ayuden a la compañía a desarrollar sus actividades con recursos de costos más bajos y plazos más largos.",Titularizaciones: este mecanismo de financiamiento es utilizado por compañías que desean expandir su negocio. Les permite obtener recursos financieros para desarrollar sus actividades con recursos de costos más bajos y plazos más largos.,Sugeily,15.0,5.0,,,,,,,,0,"[15, 5]",2,15.0,Sentence Length,"['structural', 'reduction']",2,structural,38,2,0,0,0,r2,long,0,fam=structural | rules=r2 | len=long | num=0 | lex=0,fam=structural | rules=r2 | len=long
1382,2572_LibroUide_Sincopyright.pdf,"Es un proceso tendiente a transformar activos generadores de dinero en títulos a ser adquiridos por inversores (Dirección Nacional de Investigación y Estudios, 2016).",Es un proceso que tiende a transformar activos generadores de dinero en títulos para ser adquiridos por inversores.,Sugeily,16.0,18.0,,,,,,,,0,"[16, 18]",2,16.0,Parenthetical Phrases,['reduction'],1,reduction,24,1,1,0,0,r2,medium,0,fam=reduction | rules=r2 | len=medium | num=1 | lex=0,fam=reduction | rules=r2 | len=medium
1383,2588_LibroUide_Sincopyright.pdf,"Si el título y/o el emisor son confiables, el valor será alto y probablemente mayor al valor nominal; por el contrario, si la reputación es mala, el valor se verá castigado con un descuento.","Si el título y el emisor son confiables, el valor será alto y probablemente mayor al valor nominal. Por el contrario, si la reputación es mala, el valor tendrá un descuento.",Sugeily,18.0,21.0,15.0,,,,,,,0,"[18, 21, 15]",3,18.0,Sentences of formal and aesthetic use,"['reduction', 'structural']",2,reduction,34,1,0,0,0,r3,long,0,fam=reduction | rules=r3 | len=long | num=0 | lex=0,fam=reduction | rules=r3 | len=long
1384,2594_LibroUide_Sincopyright.pdf,"La información provista por la entidad consiste en el tipo de instrumento, emisor del mismo, plazo en días para su vencimiento, rentabilidad anual del título y precio.","La información que ofrece la entidad consiste en el tipo de instrumento y su emisor. Además, el plazo para su vencimiento, rentabilidad anual del título y precio.",Sugeily,18.0,15.0,5.0,1.0,,,,,,1,"[18, 15, 5, 1]",4,18.0,Sentences of formal and aesthetic use,"['reduction', 'structural', 'lexical']",3,reduction,27,1,0,0,0,r4plus,long,1,fam=reduction | rules=r4plus | len=long | num=0 | lex=1,fam=reduction | rules=r4plus | len=long
1386,2599_LibroUide_Sincopyright.pdf,"Por el contrario, en aquellos casos en los que se observa que el precio está por debajo del 100%, se entiende que se cotizan por debajo del valor nominal y se denomina precio con descuento.","Por el contrario, cuando precio está por debajo del cien por ciento, se cotizan por debajo del valor nominal. Esto se denomina precio con descuento.",Sugeily,15.0,14.0,5.0,,,,,,,0,"[15, 14, 5]",3,15.0,Sentence Length,"['structural', 'reduction']",2,structural,35,1,1,0,1,r3,long,0,fam=structural | rules=r3 | len=long | num=1 | lex=0,fam=structural | rules=r3 | len=long
1389,444_LibroUAC_Sincopyright.pdf,"» los con mayor percepción de corrupción: Sudán del Sur, Somalia y Corea del Norte en los lugares 174, 175 y 176 respectivamente.","Con mayor percepción de corrupción: Sudán del Sur, Somalia y Corea del Norte. Obtuvieron los lugares ciento setenta y cuatro, ciento setenta y cinco y siento setenta y seis, respectivamente.",Sugeily,21.0,14.0,15.0,,,,,,,0,"[21, 14, 15]",3,21.0,Use of Complex Punctuation Marks,['structural'],1,structural,23,1,1,0,0,r3,medium,0,fam=structural | rules=r3 | len=medium | num=1 | lex=0,fam=structural | rules=r3 | len=medium
1390,446_LibroUAC_Sincopyright.pdf,"» Chile se ubicó en el lugar 24, o sea, entre los países de baja corrupción.","Chile se ubicó en el lugar veinticuatro. Es decir, entre los países de baja corrupción.",Sugeily,14.0,8.0,,,,,,,,0,"[14, 8]",2,14.0,Use of Numerical Expressions,"['structural', 'morphosyntactic']",2,structural,16,1,1,0,0,r2,medium,0,fam=structural | rules=r2 | len=medium | num=1 | lex=0,fam=structural | rules=r2 | len=medium
1391,447_LibroUAC_Sincopyright.pdf,Expresiones como soborno y cohecho se refieren a ilícitos vinculados a la compra de la voluntad de un individuo para provecho personal.,Expresiones como soborno y cohecho se refieren a delitos vinculados a comprar la voluntad de alguien para provecho personal.,Sugeily,1.0,15.0,5.0,18.0,,,,,,1,"[1, 15, 5, 18]",4,1.0,Word Frequency,"['lexical', 'structural', 'reduction']",3,lexical,22,1,0,0,0,r4plus,medium,1,fam=lexical | rules=r4plus | len=medium | num=0 | lex=1,fam=lexical | rules=r4plus | len=medium
1392,449_LibroUAC_Sincopyright.pdf,LA PERSONA QUE SOBORNA ES QUIEN COMPRA VOLUNTADES;,LA PERSONA QUE SOBORNA ES QUIEN COMPRA VOLUNTADES;,Sugeily,,,,,,,,,,0,[],0,,,[],0,unknown,8,1,0,0,0,r1,short,0,fam=unknown | rules=r1 | len=short | num=0 | lex=0,fam=unknown | rules=r1 | len=short
1393,450_LibroUAC_Sincopyright.pdf,Quien accede o se doblega incurre en el delito de cohecho.,Quien accede o se doblega incurre en el delito de cohecho.,Sugeily,,,,,,,,,,0,[],0,,,[],0,unknown,11,1,0,0,0,r1,short,0,fam=unknown | rules=r1 | len=short | num=0 | lex=0,fam=unknown | rules=r1 | len=short
1395,452_LibroUAC_Sincopyright.pdf,"Si bien el actuar ético de las personas es el que garantiza bajos niveles de corrupción y define a los países más probos, también influyen las leyes de cada uno, las penas para los distintos delitos y las actuaciones judiciales en los procesos, así como las instituciones de Estado que cumplen funciones fiscalizadoras.",El actuar ético de las personas garantiza bajos niveles de corrupción y define a los países más honestos. Pero también influyen las leyes y las penas para estos delitos. Así como las actuaciones judiciales en los procesos y las instituciones de Estado que cumplen funciones fiscalizadoras.,Sugeily,15.0,1.0,,,,,,,,1,"[15, 1]",2,15.0,Sentence Length,"['structural', 'lexical']",2,structural,53,1,0,0,0,r2,long,1,fam=structural | rules=r2 | len=long | num=0 | lex=1,fam=structural | rules=r2 | len=long
1398,459_LibroUAC_Sincopyright.pdf,"Consejo de Auditoría Interna General de Gobierno (CAIGG): ""Se Encarga De La Auditoría Interna De Las Instituciones Del Gobierno Central Y Municipal.""","Consejo de Auditoría Interna General de Gobierno: hace la auditoría interna de las instituciones del gobierno central y municipal.""",Sugeily,18.0,21.0,16.0,15.0,,,,,,0,"[18, 21, 16, 15]",4,18.0,Sentences of formal and aesthetic use,"['reduction', 'structural']",2,reduction,22,2,0,0,0,r4plus,medium,0,fam=reduction | rules=r4plus | len=medium | num=0 | lex=0,fam=reduction | rules=r4plus | len=medium
1399,461_LibroUAC_Sincopyright.pdf,"DIRECCIÓN DE PRESUPUESTO (DIPRES): ""formula y lleva el control presupuestario de la nación.""",DIRECCIÓN DE PRESUPUESTO: formula y lleva el control presupuestario de la nación.,Sugeily,18.0,16.0,21.0,,,,,,,0,"[18, 16, 21]",3,18.0,Sentences of formal and aesthetic use,"['reduction', 'structural']",2,reduction,13,2,0,0,0,r3,medium,0,fam=reduction | rules=r3 | len=medium | num=0 | lex=0,fam=reduction | rules=r3 | len=medium
1400,463_LibroUAC_Sincopyright.pdf,"SUPERINTENDENCIAS SECTORIALES: ""cumplen funciones de ejecución y control de disposiciones en sectores económicos y no económicos del Estado bajo su supervisión.""",SUPERINTENDENCIAS SECTORIALES: ejecutan y controlan disposiciones en sectores económicos y no económicos del Estado bajo su supervisión.,Sugeily,18.0,21.0,15.0,,,,,,,0,"[18, 21, 15]",3,18.0,Sentences of formal and aesthetic use,"['reduction', 'structural']",2,reduction,21,2,0,0,0,r3,medium,0,fam=reduction | rules=r3 | len=medium | num=0 | lex=0,fam=reduction | rules=r3 | len=medium
1402,491_LibroUAC_Sincopyright.pdf,"Aunque el origen de las organizaciones empresariales es antiguo, su estructura ?tal y como la conocemos hoy? data de la revolución industrial (iniciada a mediados del siglo XVII en Gran Bretaña), aunque en el camino ha sido perfeccionada gracias a la implemen- CHARLES CHAPLIN EN LA PELICULA TIEMPOS MODERNOS DE 1936 FILM TASTE OF CINEMA, DOMINIO PÚBLICO.","Aunque el origen de las organizaciones empresariales es antiguo, su estructura data de la revolución industrial. Pero en el camino ha sido perfeccionada gracias a la implemenCHARLES CHAPLIN EN LA PELICULA TIEMPOS MODERNOS DE 1936 FILM TASTE OF CINEMA, DOMINIO PÚBLICO.",Sugeily,15.0,21.0,16.0,18.0,,,,,,0,"[15, 21, 16, 18]",4,15.0,Sentence Length,"['structural', 'reduction']",2,structural,57,3,1,0,0,r4plus,long,0,fam=structural | rules=r4plus | len=long | num=1 | lex=0,fam=structural | rules=r4plus | len=long
1404,495_LibroUAC_Sincopyright.pdf,"La empresa se caracteriza por la fabricación masiva de productos, el trabajo asalariado, las estructuras jerarquizadas y los mercados de intercambio y consumo, y su función permanente es procesar demandas (necesidades de la población) y producir bienes y servicios destinados a satisfacerlas.","La empresa se caracteriza por la fabricación masiva de productos, trabajo asalariado, estructuras jerarquizadas y mercados de intercambio y consumo. Su función permanente es procesar necesidades y producir bienes y servicios destinados a satisfacerlas.",Sugeily,15.0,21.0,16.0,5.0,,,,,,0,"[15, 21, 16, 5]",4,15.0,Sentence Length,"['structural', 'reduction']",2,structural,42,1,0,0,0,r4plus,long,0,fam=structural | rules=r4plus | len=long | num=0 | lex=0,fam=structural | rules=r4plus | len=long
1405,496_LibroUAC_Sincopyright.pdf,"Por ejemplo, si en un sector hay necesidad de consumo de pan se instalará una panadería para hacer pan en sus diversas formas. Si los consumidores se satisfacen con ese producto, en calidad, precio y hora de entrega, seguirán comprando y la panadería continuará produciendo.","Por ejemplo, si hay necesidad de consumo de pan, se instalará una panadería para hacer diversos tipos de pan. Si los consumidores aprueban ese producto en calidad, precio y hora de entrega, la panadería continuará su producción.",Sugeily,12.0,15.0,18.0,,,,,,,0,"[12, 15, 18]",3,12.0,Use of Gerund,"['morphosyntactic', 'structural', 'reduction']",3,morphosyntactic,45,2,0,0,0,r3,long,0,fam=morphosyntactic | rules=r3 | len=long | num=0 | lex=0,fam=morphosyntactic | rules=r3 | len=long
1407,499_LibroUAC_Sincopyright.pdf,"Por otro lado, aunque no todas las empresas se guían por el interés de lucro de sus propietarios, sí procuran el mejor aprovechamiento de sus recursos para obtener excedentes; es decir, ingresos superiores a sus costos y gastos con el fin de mantenerse en el tiempo y entregar rentabilidad a inversionistas y dueños; además de continuar siendo una fuente de trabajo.","Por otro lado, aunque no todas las empresas buscan el lucro de sus propietarios, aprovechan mejor sus recursos para obtener excedentes. Es decir, buscan ingresos superiores a sus costos y gastos para mantenerse en tiempo y entregar rentabilidad a los dueños. Además de continuar siendo una fuente de trabajo.",Sugeily,15.0,18.0,21.0,12.0,,,,,,0,"[15, 18, 21, 12]",4,15.0,Sentence Length,"['structural', 'reduction', 'morphosyntactic']",3,structural,61,1,0,0,0,r4plus,long,0,fam=structural | rules=r4plus | len=long | num=0 | lex=0,fam=structural | rules=r4plus | len=long
1412,541_LibroUAC_Sincopyright.pdf,"Finalmente, en la cadena productor-comercio-consumidor, el precio que paga el comprador está formado por el costo (de fabricar), más los gastos (de ventas, de administración y financieros), la utilidad (margen de beneficio del fabricante/vendedor) y el impuesto que afecta la compraventa de mercancías.","Finalmente, en la cadena entre productor comercio y consumidor, el precio que paga el comprador está formado por los diferentes costos. El de fabricación, los de ventas, de administración y financieros, la utilidad y el impuesto que afecta la compraventa de mercancías.",Sugeily,15.0,21.0,16.0,99.0,,,,,,0,"[15, 21, 16, 99]",4,15.0,Sentence Length,"['structural', 'reduction', 'unknown']",3,structural,43,1,0,0,0,r4plus,long,0,fam=structural | rules=r4plus | len=long | num=0 | lex=0,fam=structural | rules=r4plus | len=long
1415,552_LibroUAC_Sincopyright.pdf,"En el caso de las inversiones (de diverso tipo), estas producen utilidades cuando el valor de recuperación o rescate es superior al valor de la inversión inicial.","Para las diversas inversiones, estas producen utilidades cuando el valor de recuperación es superior al valor de la inversión inicial.",Sugeily,16.0,15.0,21.0,5.0,,,,,,0,"[16, 15, 21, 5]",4,16.0,Parenthetical Phrases,"['reduction', 'structural']",2,reduction,27,1,0,0,0,r4plus,long,0,fam=reduction | rules=r4plus | len=long | num=0 | lex=0,fam=reduction | rules=r4plus | len=long
1417,558_LibroUAC_Sincopyright.pdf,"Una persona que invierte 100 pesos para la compra de productos al por mayor y que, luego de revenderlos a un consumidor, obtiene 140 pesos, ha conseguido una utilidad de 40 pesos, en el caso contrario, hay pérdida, es decir, cuando se recupera un valor menor que el invertido.","Alguien que invierte cien pesos en productos al por mayor y obtiene ciento cuarenta pesos por revenderlos, tuvo una utilidad de cuarenta pesos. En el caso contrario, hay pérdida cuando se recupera un valor menor al invertido.",Sugeily,15.0,14.0,5.0,99.0,,,,,,0,"[15, 14, 5, 99]",4,15.0,Sentence Length,"['structural', 'reduction', 'unknown']",3,structural,49,1,1,1,0,r4plus,long,0,fam=structural | rules=r4plus | len=long | num=1 | lex=0,fam=structural | rules=r4plus | len=long
1418,1300_LibroUAC_Sincopyright.pdf,Estas remuneraciones están afectas a descuentos previsionales en favor del empleado y a retenciones de impuesto a la renta del trabajo.,Estas remuneraciones están sujetas a descuentos previsionales a favor del empleado y a retenciones de impuesto a la renta del trabajo.,Sugeily,1.0,18.0,,,,,,,,1,"[1, 18]",2,1.0,Word Frequency,"['lexical', 'reduction']",2,lexical,21,1,0,0,0,r2,medium,1,fam=lexical | rules=r2 | len=medium | num=0 | lex=1,fam=lexical | rules=r2 | len=medium
1419,1303b_LibroUAC_Sincopyright.pdf,"El mismo Código del Trabajo entrega, además, otras precisiones acerca de diversos aspectos que los trabajadores deben de tener en cuenta, por ejemplo, para las personas menores de 18 años o mayores de 65 los horarios y sueldos pueden ser más bajos que los mínimos generales.","El mismo Código del Trabajo entrega otras precisiones acerca de diversos aspectos que los trabajadores deben de tener en cuenta. Por ejemplo, para menores de dieciocho años o mayores de sesenta y cinco, los horarios y sueldos pueden ser más bajos que los mínimos generales.",Sugeily,15.0,5.0,14.0,,,,,,,0,"[15, 5, 14]",3,15.0,Sentence Length,"['structural', 'reduction']",2,structural,46,1,1,0,0,r3,long,0,fam=structural | rules=r3 | len=long | num=1 | lex=0,fam=structural | rules=r3 | len=long
1425,1321_LibroUAC_Sincopyright.pdf,"Suele ocurrir que la primera fuente de dinero de un joven urbano será como empaquetador en un supermercado, vendedora en una tienda de juguetes o una librería o de ayudante en un ciberday.","Pasa que el primer trabajo de un joven será como empaquetador en un supermercado, vendedora en tiendas o ayudante de ventas en línea.",Sugeily,15.0,18.0,,,,,,,,0,"[15, 18]",2,15.0,Sentence Length,"['structural', 'reduction']",2,structural,33,1,0,0,0,r2,long,0,fam=structural | rules=r2 | len=long | num=0 | lex=0,fam=structural | rules=r2 | len=long
1426,1322_LibroUAC_Sincopyright.pdf,"En los campos, niños y niñas concurren al trabajo de temporeros en períodos de cosechas o, en zonas costeras, colaboran con sus padres en la preparación de las redes para la pesca.","En los campos, niños y niñas trabajan de temporeros en períodos de cosechas. También, en zonas costeras, colaboran con sus padres en la preparación de las redes para la pesca.",Sugeily,15.0,5.0,,,,,,,,0,"[15, 5]",2,15.0,Sentence Length,"['structural', 'reduction']",2,structural,32,1,0,0,0,r2,long,0,fam=structural | rules=r2 | len=long | num=0 | lex=0,fam=structural | rules=r2 | len=long
1428,1325_LibroUAC_Sincopyright.pdf,"Estas actividades son un poco más formales que las primeras, ya que es posible disponer de un contrato de trabajo y, de esta forma, disciplinarse laboralmente a través del cumplimiento de horarios, reportando a una jefatura, trabajando en equipos, recibiendo un pago formal por el trabajo realizado, entre otras.","Estas actividades son un poco más formales que las primeras, ya que es posible disponer de un contrato de trabajo. Así pueden disciplinarse laboralmente al cumplir horarios, reportarse a una jefatura, trabajar en equipos. Asimismo, al recibir un pago formal por el trabajo realizado, entre otras.",Sugeily,15.0,12.0,,,,,,,,0,"[15, 12]",2,15.0,Sentence Length,"['structural', 'morphosyntactic']",2,structural,49,1,0,0,0,r2,long,0,fam=structural | rules=r2 | len=long | num=0 | lex=0,fam=structural | rules=r2 | len=long
1430,1334_LibroUAC_Sincopyright.pdf,"Deben emitir boletas de honorarios por los montos pactados por los trabajos e incorporar en esta la retención del 10,75 % (porcentaje actualizado en enero de 2020), valor que será destinado a pagar el impuesto al trabajo y a cubrir sus aportes previsionales.",Deben emitir boletas de honorarios por los montos pactados por los trabajos e incorporar en esta la retención del diez como setenta y cinco por ciento. Este valor será destinado a pagar el impuesto al trabajo y a cubrir sus aportes previsionales.,Sugeily,15.0,14.0,16.0,99.0,,,,,,0,"[15, 14, 16, 99]",4,15.0,Sentence Length,"['structural', 'reduction', 'unknown']",3,structural,43,1,1,0,1,r4plus,long,0,fam=structural | rules=r4plus | len=long | num=1 | lex=0,fam=structural | rules=r4plus | len=long
1434,1353_LibroUAC_Sincopyright.pdf,Denominado también «trabajo a distancia» especialmente desde el domicilio particular de ahí la expresión anglosajona de work at home o home office (trabajo desde la casa).,"Denominado también ""trabajo a distancia"", especialmente desde el domicilio particular. De ahí la expresión anglosajona de work at home o home office (trabajo desde la casa).",Sugeily,21.0,15.0,,,,,,,,0,"[21, 15]",2,21.0,Use of Complex Punctuation Marks,['structural'],1,structural,26,1,0,0,0,r2,long,0,fam=structural | rules=r2 | len=long | num=0 | lex=0,fam=structural | rules=r2 | len=long
1441,1409_LibroUAC_Sincopyright.pdf,El monto del seguro considera el sueldo del trabajador y el tiempo que hizo aportes estando activo.,El monto del seguro considera el sueldo del trabajador y el tiempo que hizo aportes cuando estaba activo.,Sugeily,12.0,18.0,,,,,,,,0,"[12, 18]",2,12.0,Use of Gerund,"['morphosyntactic', 'reduction']",2,morphosyntactic,17,1,0,0,0,r2,medium,0,fam=morphosyntactic | rules=r2 | len=medium | num=0 | lex=0,fam=morphosyntactic | rules=r2 | len=medium
1442,1410_LibroUAC_Sincopyright.pdf,Los límites sobre el seguro de desempleo están previstos en la ley n.728 de 2001.,Los límites sobre el seguro de desempleo están previstos en la Ley número setecientos veintiocho de dos mil uno.,Sugeily,14.0,13.0,,,,,,,,0,"[14, 13]",2,14.0,Use of Numerical Expressions,"['structural', 'lexical']",2,structural,15,2,1,0,0,r2,medium,0,fam=structural | rules=r2 | len=medium | num=1 | lex=0,fam=structural | rules=r2 | len=medium
1443,1417_LibroUAC_Sincopyright.pdf,"A partir de un monto exento, equivalente de 13,5 UTM, la tasa va aumentando por tramo hasta llegar a 35 % para rentas sobre 120 UTM (en 2019).","Desde un monto exento, equivalente de trece coma cinco Unidad Tributaria Mensual, la tasa aumenta hasta treinta y cinco por ciento para rentas sobre ciento veinte Unidad Tributaria Mensual (en dos mil diecinueve).",Sugeily,16.0,15.0,14.0,13.0,,,,,,0,"[16, 15, 14, 13]",4,16.0,Parenthetical Phrases,"['reduction', 'structural', 'lexical']",3,reduction,28,1,1,0,1,r4plus,long,0,fam=reduction | rules=r4plus | len=long | num=1 | lex=0,fam=reduction | rules=r4plus | len=long
1445,1460_LibroUAC_Sincopyright.pdf,Este impuesto se calcula sobre el total de las remuneraciones sin considerar los beneficios de colación o alimentación y rebajando los descuentos previsionales del trabajador.,"Este impuesto se calcula sobre el total de las remuneraciones sin considerar los beneficios de colación o alimentación. Además, rebaja los descuentos previsionales del trabajador.",Sugeily,15.0,12.0,,,,,,,,0,"[15, 12]",2,15.0,Sentence Length,"['structural', 'morphosyntactic']",2,structural,25,1,0,0,0,r2,long,0,fam=structural | rules=r2 | len=long | num=0 | lex=0,fam=structural | rules=r2 | len=long
1447,1466_LibroUAC_Sincopyright.pdf,"Tiene una remuneración líquida imponible que se ubica en el segundo tramo tabla progresiva (entre 13,5 utm y hasta 30 utm) y solo paga impuesto por lo que excede a las 13,5 utm pues las primeras 13,5 utm están exentas de pago.",Tiene una remuneración líquida imponible que se ubica en el segundo tramo de la tabla progresiva. Esto es entre trece coma cinco y hasta treinta Unidad Tributaria Mensual. Solo paga impuesto por lo que excede las trece coma cinco Unidad Tributaria Mensual pues estas están exentas de pago.,Sugeily,15.0,14.0,13.0,,,,,,,0,"[15, 14, 13]",3,15.0,Sentence Length,"['structural', 'lexical']",2,structural,42,1,1,0,0,r3,long,0,fam=structural | rules=r3 | len=long | num=1 | lex=0,fam=structural | rules=r3 | len=long
1449,1513_LibroUAC_Sincopyright.pdf,"Pero ¿de dónde podría surgir el ahorro para hacer inversiones? La respuesta tiene relación con que los ingresos de las personas, cualquiera que sea su origen, pueden tener hasta dos destinos: el consumo y, si queda algo, el ahorro.",Pero ¿de dónde podría surgir el ahorro para hacer inversiones? Los ingresos de las personas pueden tener hasta dos destinos: el consumo y el ahorro.,Sugeily,15.0,5.0,,,,,,,,0,"[15, 5]",2,15.0,Sentence Length,"['structural', 'reduction']",2,structural,39,2,0,0,0,r2,long,0,fam=structural | rules=r2 | len=long | num=0 | lex=0,fam=structural | rules=r2 | len=long
1450,1516_LibroUAC_Sincopyright.pdf,"El consumo es aquella parte de los ingresos que se destina a los gastos de la vida diaria, a todo aquello que consideramos imprescindible (alimento, vivienda, vestuario, educación, salud).",El consumo es aquella parte de los ingresos que se destina a los gastos que consideramos imprescindible.,Sugeily,16.0,5.0,,,,,,,,0,"[16, 5]",2,16.0,Parenthetical Phrases,['reduction'],1,reduction,29,1,0,0,0,r2,long,0,fam=reduction | rules=r2 | len=long | num=0 | lex=0,fam=reduction | rules=r2 | len=long
1452,1521_LibroUAC_Sincopyright.pdf,"Luego, la inversión no es otra cosa que el empleo productivo de los ahorros personales y familiares, aunque también se puede invertir con recursos ajenos (préstamos, créditos), siempre y cuando la rentabilidad de la inversión sea mayor al costo de utilizar recursos de terceros.","La inversión es emplear productivamente los ahorros personales y familiares. También se puede invertir con préstamos o créditos, mientras la rentabilidad sea mayor al costo de utilizar recursos de terceros.",Sugeily,15.0,5.0,,,,,,,,0,"[15, 5]",2,15.0,Sentence Length,"['structural', 'reduction']",2,structural,44,1,0,0,0,r2,long,0,fam=structural | rules=r2 | len=long | num=0 | lex=0,fam=structural | rules=r2 | len=long
1455,1533_LibroUAC_Sincopyright.pdf,"Asimismo, una persona con estudios de posgrado y/o con dominio de otros idiomas puede aumentar significativamente sus ingresos en corto tiempo y recuperar por esa vía lo invertido en un par de años.","Asimismo, alguien con estudios de posgrado o dominio de otros idiomas puede aumentar significativamente sus ingresos en corto tiempo. Así puede recuperar o invertido en un par de años.",Sugeily,15.0,18.0,,,,,,,,0,"[15, 18]",2,15.0,Sentence Length,"['structural', 'reduction']",2,structural,33,1,0,0,0,r2,long,0,fam=structural | rules=r2 | len=long | num=0 | lex=0,fam=structural | rules=r2 | len=long
1468,807_LibroBAC.pdf,"El ahorro que se invierte produce un interés, que es una expresión del valor del dinero en el tiempo.","El ahorro invertido genera intereses, los cuales son pruebas del valor del dinero a largo plazo.",Valeria,2.0,9.0,17.0,,,,,,,0,"[2, 9, 17]",3,2.0,Abstract vs. Concrete Language,"['lexical', 'morphosyntactic', 'structural']",3,lexical,19,1,0,0,0,r3,medium,0,fam=lexical | rules=r3 | len=medium | num=0 | lex=0,fam=lexical | rules=r3 | len=medium
1472,816_LibroBAC.pdf,"El problema está en que se gastan todo lo que le entra, no hay nada para el futuro.","Gastar todos los ingresos es un problema, porque no queda dinero para el futuro.",Valeria,18.0,19.0,,,,,,,,0,"[18, 19]",2,18.0,Sentences of formal and aesthetic use,"['reduction', 'structural']",2,reduction,18,1,0,0,0,r2,medium,0,fam=reduction | rules=r2 | len=medium | num=0 | lex=0,fam=reduction | rules=r2 | len=medium
1473,817_LibroBAC.pdf,"Cuando hablo del futuro, no pienso en un plan de pensiones o algo parecido, pienso en que realmente como se sostendrán cuando ya quieran dejar de trabajar.","Al hablar del futuro, no debe pensarse en un plan de pensiones, sino en cómo se sostendrán las personas cuando dejen de trabajar.",Valeria,2.0,4.0,5.0,7.0,,,,,,0,"[2, 4, 5, 7]",4,2.0,Abstract vs. Concrete Language,"['lexical', 'reduction', 'morphosyntactic']",3,lexical,27,1,0,0,0,r4plus,long,0,fam=lexical | rules=r4plus | len=long | num=0 | lex=0,fam=lexical | rules=r4plus | len=long
1474,819_LibroBAC.pdf,"El invertir es lo más lógico para todo el mundo, eso requiere una cuota importante de sacrificio, una disciplina, y más que eso un hábito.",Invertir es un hábito que requiere sacrificio y disciplina.,Valeria,5.0,15.0,,,,,,,,0,"[5, 15]",2,5.0,Unnecessary Words,"['reduction', 'structural']",2,reduction,25,1,0,0,0,r2,long,0,fam=reduction | rules=r2 | len=long | num=0 | lex=0,fam=reduction | rules=r2 | len=long
1479,1837_LibroBAC.pdf,"El qué, cómo y para quién producir es una decisión de todos los individuos en su conjunto, ya que las necesidades que cada individuo tiene y las manifiesta a la colectividad, van a ser tomadas en cuenta por otros individuos para producir o proveer los bienes que las satisfagan.","Los individuos deciden qué, cómo y para quién producir tomando en cuenta las necesidades de cada uno con el fin de proveer bienes que las satisfagan.",Valeria,2.0,4.0,5.0,15.0,16.0,19.0,,,,0,"[2, 4, 5, 15, 16, 19]",6,2.0,Abstract vs. Concrete Language,"['lexical', 'reduction', 'structural']",3,lexical,49,1,0,0,0,r4plus,long,0,fam=lexical | rules=r4plus | len=long | num=0 | lex=0,fam=lexical | rules=r4plus | len=long
1480,1838_LibroBAC.pdf,"Todos los habitantes de la sociedad toman decisiones económicas, para mejorar sus remuneraciones, su consumo y, consecuentemente, elevar su bienestar.","Los ciudadanos toman decisiones económicas para mejorar sus sueldos, su consumo y su bienestar.",Valeria,1.0,5.0,16.0,,,,,,,1,"[1, 5, 16]",3,1.0,Word Frequency,"['lexical', 'reduction']",2,lexical,20,1,0,0,0,r3,medium,1,fam=lexical | rules=r3 | len=medium | num=0 | lex=1,fam=lexical | rules=r3 | len=medium
1486,3671_LibroBAC.pdf,"Así, sus libros, lápices, automóviles, computadoras, zapatos y miles de otras mercancías son bienes económicos.","Algunos bienes económicos son libros, lápices, automóviles, entre otros.",Valeria,5.0,19.0,,,,,,,,0,"[5, 19]",2,5.0,Unnecessary Words,"['reduction', 'structural']",2,reduction,15,1,0,0,0,r2,medium,0,fam=reduction | rules=r2 | len=medium | num=0 | lex=0,fam=reduction | rules=r2 | len=medium
1487,3672_LibroBAC.pdf,"Ciertos intangibles, como las ideas, son productivas y satisfacen necesidades de la misma manera que lo hacen los bienes y servicios económicos.","Algunas cosas inmateriales, como las ideas, satisfacen las mismas necesidades que los bienes y servicios económicos.",Valeria,2.0,19.0,,,,,,,,0,"[2, 19]",2,2.0,Abstract vs. Concrete Language,"['lexical', 'structural']",2,lexical,22,1,0,0,0,r2,medium,0,fam=lexical | rules=r2 | len=medium | num=0 | lex=0,fam=lexical | rules=r2 | len=medium
1488,3673_LibroBAC.pdf,"Sin embargo, generalmente no se clasifican como bienes económicos por ser intangibles, aunque en la actualidad, muchas ideas traducidas en fórmulas para producir algo, por ejemplo, la fórmula de la Coca Cola, para mencionar algo tan conocido, se clasifica y se contabiliza como un bien que vale millones y millones de dólares.","A pesar de que las ideas son inmateriales, algunas se materializan y se convierten en bienes económicos, como la fórmula de la Coca Cola.",Valeria,5.0,15.0,16.0,,,,,,,0,"[5, 15, 16]",3,5.0,Unnecessary Words,"['reduction', 'structural']",2,reduction,52,1,0,1,0,r3,long,0,fam=reduction | rules=r3 | len=long | num=0 | lex=0,fam=reduction | rules=r3 | len=long
1489,3676_LibroBAC.pdf,"La mayoría de los productos son útiles, incluso aquéllos de que de cierta manera no se conoce su utilidad, por algo existen, ya que en la naturaleza y en la vida no existe nada que no tenga su razón implícita o explícita de ser, o de existir.","La mayoría de los productos son útiles, incluso aquellos de los que aún se desconoce su utilidad.",Valeria,2.0,5.0,15.0,16.0,,,,,,0,"[2, 5, 15, 16]",4,2.0,Abstract vs. Concrete Language,"['lexical', 'reduction', 'structural']",3,lexical,47,1,0,0,0,r4plus,long,0,fam=lexical | rules=r4plus | len=long | num=0 | lex=0,fam=lexical | rules=r4plus | len=long
1494,3684_LibroBAC.pdf,"Frecuentemente, también, se encuentra la manera de usar un producto que previamente era útil, y éste pasa de ser de bien no económico a bien económico, a lo cual contribuye enormemente el reciclaje.","Cuando se usa algo que antes era útil, pasa de ser un bien no económico a uno económico, como el reciclaje.",Valeria,16.0,19.0,,,,,,,,0,"[16, 19]",2,16.0,Parenthetical Phrases,"['reduction', 'structural']",2,reduction,33,1,0,0,0,r2,long,0,fam=reduction | rules=r2 | len=long | num=0 | lex=0,fam=reduction | rules=r2 | len=long
1496,3687_LibroBAC.pdf,"Escaso: la escasez es también una característica esencial de un bien económico, porque es éste el elemento, junto con la utilidad del artículo, que determina su valor o precio.","La escasez es una característica de un bien económico, pues ella y la utilidad del artículo determinan su precio.",Valeria,5.0,16.0,,,,,,,,0,"[5, 16]",2,5.0,Unnecessary Words,['reduction'],1,reduction,29,1,0,0,0,r2,long,0,fam=reduction | rules=r2 | len=long | num=0 | lex=0,fam=reduction | rules=r2 | len=long
1498,3690_LibroBAC.pdf,"Tal es el caso del aire, que es tal vez el bien más útil y libre que existe, pero que también en la actualidad, para ciertos casos especiales de necesidad se ha ido comercializando, como está ocurriendo con otros productos como el agua.","El aire es el bien más útil y libre que existe, pero actualmente se ha comercializado para ciertos casos de necesidad.",Valeria,5.0,15.0,16.0,19.0,,,,,,0,"[5, 15, 16, 19]",4,5.0,Unnecessary Words,"['reduction', 'structural']",2,reduction,43,1,0,0,0,r4plus,long,0,fam=reduction | rules=r4plus | len=long | num=0 | lex=0,fam=reduction | rules=r4plus | len=long
1504,5374_LibroBAC.pdf,"He venido a este seminario de negocios y estoy muy emocionada con este entrenamiento, pero realmente no me puedo dar el lujo de venir a ningún otro porque sencillamente no tengo dinero suficiente para hacerlo.","Vine a este seminario de negocios y estoy emocionada con el entrenamiento, pero no puedo venir más porque no tengo dinero.",Valeria,5.0,6.0,15.0,21.0,,,,,,0,"[5, 6, 15, 21]",4,5.0,Unnecessary Words,"['reduction', 'lexical', 'structural']",3,reduction,35,1,0,0,0,r4plus,long,0,fam=reduction | rules=r4plus | len=long | num=0 | lex=0,fam=reduction | rules=r4plus | len=long
1508,5389_LibroBAC.pdf,"No quería hacer un presupuesto, no quería construir su futuro porque ella realmente no estaba dispuesta a ceder a sus gustos actuales.","No quería hacer un presupuesto ni construir su futuro, porque no estaba dispuesta a dejar sus gustos actuales.",Valeria,5.0,15.0,,,,,,,,0,"[5, 15]",2,5.0,Unnecessary Words,"['reduction', 'structural']",2,reduction,22,1,0,0,0,r2,medium,0,fam=reduction | rules=r2 | len=medium | num=0 | lex=0,fam=reduction | rules=r2 | len=medium
1514,5404_LibroBAC.pdf,Es más fácil disciplinarse en esta área si usted visualiza cuál será su presupuesto futuro.,"Si usted visualiza su presupuesto, es más fácil tener disciplina.",Valeria,2.0,5.0,19.0,,,,,,,0,"[2, 5, 19]",3,2.0,Abstract vs. Concrete Language,"['lexical', 'reduction', 'structural']",3,lexical,15,1,0,0,0,r3,medium,0,fam=lexical | rules=r3 | len=medium | num=0 | lex=0,fam=lexical | rules=r3 | len=medium
1515,5405_LibroBAC.pdf,"Piense, en el futuro, cuando usted esté pagando sus cuentas con confianza, cuando las categorías presupuestales estén funcionando bien y cuando usted realmente esté ahorrando o invirtiendo dinero.","Cuando esté pagando cuentas y ahorrando e invirtiendo dinero, piense en el futuro.",Valeria,5.0,9.0,15.0,16.0,,,,,,0,"[5, 9, 15, 16]",4,5.0,Unnecessary Words,"['reduction', 'morphosyntactic', 'structural']",3,reduction,28,1,0,0,0,r4plus,long,0,fam=reduction | rules=r4plus | len=long | num=0 | lex=0,fam=reduction | rules=r4plus | len=long
1516,5410_LibroBAC.pdf,Tal vez se cuestione por qué tiene que someterse a esta disciplina e inconveniencia de presupuestar su propia vida.,Tal vez se pregunte por qué tiene que ser disciplinado y presupuestar su propia vida.,Valeria,1.0,2.0,5.0,,,,,,,1,"[1, 2, 5]",3,1.0,Word Frequency,"['lexical', 'reduction']",2,lexical,19,1,0,0,0,r3,medium,1,fam=lexical | rules=r3 | len=medium | num=0 | lex=1,fam=lexical | rules=r3 | len=medium
1523,5420_LibroBAC.pdf,"Tal vez dicen que no es justo, pero la justicia nada tiene que ver en este asunto.","En este asunto, la justicia no tiene nada que ver.",Valeria,5.0,19.0,,,,,,,,0,"[5, 19]",2,5.0,Unnecessary Words,"['reduction', 'structural']",2,reduction,17,1,0,0,0,r2,medium,0,fam=reduction | rules=r2 | len=medium | num=0 | lex=0,fam=reduction | rules=r2 | len=medium
1525,5424_LibroBAC.pdf,"Verán, la justicia actualmente no tiene que ver con nada y si usted tiene esa actitud cuando ya es adulto, le va a impedir que llegue a la madurez financiera.","Actualmente, la justicia no tiene que ver con nada. Si usted tiene esa actitud, no tendrá madurez financiera.",Valeria,5.0,19.0,,,,,,,,0,"[5, 19]",2,5.0,Unnecessary Words,"['reduction', 'structural']",2,reduction,30,1,0,0,0,r2,long,0,fam=reduction | rules=r2 | len=long | num=0 | lex=0,fam=reduction | rules=r2 | len=long
1526,5425_LibroBAC.pdf,Usted no puede darse el lujo de tener esa actitud y no va a querer tenerla.,Usted no puede tener ni querer esa actitud.,Valeria,5.0,6.0,,,,,,,,0,"[5, 6]",2,5.0,Unnecessary Words,"['reduction', 'lexical']",2,reduction,16,1,0,0,0,r2,medium,0,fam=reduction | rules=r2 | len=medium | num=0 | lex=0,fam=reduction | rules=r2 | len=medium
1528,6426_LibroBAC.pdf,"Desde tiempos remotos, el hombre ideó sistemas para dar valor a las cosas y poder intercambiarlas, primero se utilizó el trueque (intercambio directo de una mercancía por otra), pero ésta no fue una solución muy efectiva, pues el comercio siguió en crecimiento y no dio abasto, por lo que se tomó la determinación de adoptar ciertos productos que fueran aceptados, de un modo general, como unidad de cambio y medida de valor, surgiendo así el concepto de dinero mercancía, el cual consistía en un bien que era aceptado como medio de pago, que a su vez tuviera una medida de valor y también se pudiera utilizar para consumo final, o sea, que tenía un valor de uso, como por ejemplo: el ganado.","El hombre ha creado sistemas para darle valor a las cosas y poder intercambiarlas. Por ejemplo, se usó primero el trueque y luego el dinero mercancía, que es un bien que se usa como medio de pago y como producto de consumo final, como el ganado.",Valeria,5.0,12.0,15.0,16.0,17.0,21.0,,,,0,"[5, 12, 15, 16, 17, 21]",6,5.0,Unnecessary Words,"['reduction', 'morphosyntactic', 'structural']",3,reduction,122,1,0,0,0,r4plus,long,0,fam=reduction | rules=r4plus | len=long | num=0 | lex=0,fam=reduction | rules=r4plus | len=long
1532,6433_LibroBAC.pdf,"En épocas posteriores, porque esa modalidad comercial primitiva duró mucho tiempo en la historia humana, una comunidad o grupo, por ejemplo, dice Soule, experimentaba la necesidad de una cantidad mayor de cierto alimento de la que ellos poseían, miraban a su alrededor para ver qué era lo que podían economizar y ofrecer en cambio de lo necesitado, y trataban de concertar un trato.","Luego, cuando una comunidad necesitaba más cantidades de ciertos alimentos, buscaban qué podían ofrecer a cambio de lo que necesitaban y así hacían tratos.",Valeria,5.0,15.0,16.0,,,,,,,0,"[5, 15, 16]",3,5.0,Unnecessary Words,"['reduction', 'structural']",2,reduction,63,1,0,0,0,r3,long,0,fam=reduction | rules=r3 | len=long | num=0 | lex=0,fam=reduction | rules=r3 | len=long
1535,6416_LibroBAC.pdf,"Pero algunos adquirieron mayor pericia en trabajos de herrería que otros, los vecinos se acostumbraron a recurrir a ellos para encargarles las tareas más difíciles, pagándoles posiblemente con alimentos o pieles.","Como algunos talleres eran mejores que otros, los vecinos iban a ellos para encargarles tareas más difíciles y les pagaban con alimentos o pieles.",Valeria,1.0,4.0,12.0,15.0,,,,,,1,"[1, 4, 12, 15]",4,1.0,Word Frequency,"['lexical', 'morphosyntactic', 'structural']",3,lexical,31,1,0,0,0,r4plus,long,1,fam=lexical | rules=r4plus | len=long | num=0 | lex=1,fam=lexical | rules=r4plus | len=long
1536,6417_LibroBAC.pdf,"Una segunda etapa, por la que pasa el dinero, es la del dinero metálico, en la cual el dinero se expresó en monedas y especies metálicas.","En una segunda etapa, el dinero se hizo metálico, o sea, se expresó en monedas y otras especies metálicas.",Valeria,5.0,16.0,,,,,,,,0,"[5, 16]",2,5.0,Unnecessary Words,['reduction'],1,reduction,26,1,0,0,0,r2,long,0,fam=reduction | rules=r2 | len=long | num=0 | lex=0,fam=reduction | rules=r2 | len=long
1539,6421_LibroBAC.pdf,"Las primeras monedas que se conocen, se acuñaron en Lidia, la actual Turquía en el Siglo VII A., eran de electro-acción natural de oro y plata, ya que para todos los pueblos el oro era el metal más valioso seguido de la plata, patrón que se trasladó a la fabricación del dinero.","Las primeras monedas conocidas eran de electro-acción natural de oro y plata, pues estos eran los metales más importantes.",Valeria,1.0,15.0,16.0,19.0,,,,,,1,"[1, 15, 16, 19]",4,1.0,Word Frequency,"['lexical', 'structural', 'reduction']",3,lexical,52,2,0,0,0,r4plus,long,1,fam=lexical | rules=r4plus | len=long | num=0 | lex=1,fam=lexical | rules=r4plus | len=long
1541,6435_LibroBAC.pdf,"El pionero en utilizar billetes, fue el emperador mongol, Kubali Khan en el Siglo XI, para él, era el certificado de propiedad de una cantidad de monedas de oro en Europa.","El emperador mongol Kubali Khan fue el primero en usar billetes, para él eran el certificado de propiedad de una cantidad de monedas de oro en Europa.",Valeria,16.0,19.0,,,,,,,,0,"[16, 19]",2,16.0,Parenthetical Phrases,"['reduction', 'structural']",2,reduction,31,1,0,0,0,r2,long,0,fam=reduction | rules=r2 | len=long | num=0 | lex=0,fam=reduction | rules=r2 | len=long
1543,6439_LibroBAC.pdf,"La necesidad cada vez más creciente de especies monetarias le fue mermando respaldo metálico al papel moneda, hasta hacerlo desaparecer y quedar solo los billetes como símbolo de papel moneda, los cuales son aceptados por ser establecidos por el Estado, y por ser aceptados en general, lo cual dio paso al dinero bancario el cheque.","Cuando el respaldo metálico al papel moneda desapareció, solo quedaron los billetes, los cuales son aceptados porque los establece el Estado. Luego, esa aceptación dio paso a los cheques.",Valeria,4.0,5.0,15.0,16.0,21.0,,,,,0,"[4, 5, 15, 16, 21]",5,4.0,Ambiguity in Word Meaning,"['lexical', 'reduction', 'structural']",3,lexical,55,1,0,0,0,r4plus,long,0,fam=lexical | rules=r4plus | len=long | num=0 | lex=0,fam=lexical | rules=r4plus | len=long
1547,6446_LibroBAC.pdf,"Si el tema se toca a fondo se descubrirá que no es fácil definirlo, sobre todo cuando se contextualiza en toda la Economía.","Es difícil definirlo, especialmente si se contextualiza en la Economía.",Valeria,5.0,19.0,,,,,,,,0,"[5, 19]",2,5.0,Unnecessary Words,"['reduction', 'structural']",2,reduction,23,1,0,0,0,r2,medium,0,fam=reduction | rules=r2 | len=medium | num=0 | lex=0,fam=reduction | rules=r2 | len=medium
1548,6448_LibroBAC.pdf,"Definir el dinero, apropiadamente, debe incluir una definición más amplia que incluya todos los aspectos de la oferta monetaria.",Una definición amplia del dinero debe incluir todos los aspectos de la oferta monetaria.,Valeria,5.0,16.0,,,,,,,,0,"[5, 16]",2,5.0,Unnecessary Words,['reduction'],1,reduction,19,1,0,0,0,r2,medium,0,fam=reduction | rules=r2 | len=medium | num=0 | lex=0,fam=reduction | rules=r2 | len=medium
1550,6450_LibroBAC.pdf,Estos son únicamente el tipo de dinero con que por lo general está familiarizada toda la gente.,Este es solo el tipo de dinero con el que la gente está familiarizada.,Valeria,5.0,19.0,,,,,,,,0,"[5, 19]",2,5.0,Unnecessary Words,"['reduction', 'structural']",2,reduction,17,1,0,0,0,r2,medium,0,fam=reduction | rules=r2 | len=medium | num=0 | lex=0,fam=reduction | rules=r2 | len=medium
1553,6454_LibroBAC.pdf,"Una definición más amplia, como antes se pide, dice que el dinero es todo lo que es comúnmente aceptado a cambio de otros bienes o servicios.","En una definición más amplia, el dinero es todo lo que es comúnmente aceptado a cambio de otros bienes o servicios.",Valeria,16.0,19.0,,,,,,,,0,"[16, 19]",2,16.0,Parenthetical Phrases,"['reduction', 'structural']",2,reduction,26,1,0,0,0,r2,long,0,fam=reduction | rules=r2 | len=long | num=0 | lex=0,fam=reduction | rules=r2 | len=long
1556,6458_LibroBAC.pdf,"Los hombres de tropa, pues, compraban a los alemanes objetos que pagaban con cigarrillos, y aun los mismos alemanes utilizaron los cigarrillos como dinero.",Los hombres de tropa compraban a los alemanes objetos que pagaban con cigarrillos y también los mismos alemanes usaban los cigarrillos como dinero.,Valeria,5.0,16.0,,,,,,,,0,"[5, 16]",2,5.0,Unnecessary Words,['reduction'],1,reduction,24,1,0,0,0,r2,medium,0,fam=reduction | rules=r2 | len=medium | num=0 | lex=0,fam=reduction | rules=r2 | len=medium
1557,6459_LibroBAC.pdf,"De muchos artículos se decía que valían tanto cuanto cigarrillos, o tantos o cuantos paquetes.",Se decía que algunos artículos valían tantos cigarrillos o paquetes.,Valeria,5.0,19.0,,,,,,,,0,"[5, 19]",2,5.0,Unnecessary Words,"['reduction', 'structural']",2,reduction,15,1,0,0,0,r2,medium,0,fam=reduction | rules=r2 | len=medium | num=0 | lex=0,fam=reduction | rules=r2 | len=medium
1560,6466_LibroBAC.pdf,¿Qué tenemos en abundancia que deseen consumir ellos?,¿Qué tenemos en abundancia que ellos quieran consumir?,Valeria,2.0,,,,,,,,,0,[2],1,2.0,Abstract vs. Concrete Language,['lexical'],1,lexical,8,1,0,0,0,r1,short,0,fam=lexical | rules=r1 | len=short | num=0 | lex=0,fam=lexical | rules=r1 | len=short
1569,6477_LibroBAC.pdf,"¡Cuánto más sencillo sería aceptar dinero de quien tuviere un aparato de televisión que necesitara reparación, y luego comprar sus comestibles y otros artículos con ese dinero!","Sería más fácil reparar un televisor, aceptar el dinero y luego comprar lo que se necesita.",Valeria,1.0,4.0,5.0,18.0,,,,,,1,"[1, 4, 5, 18]",4,1.0,Word Frequency,"['lexical', 'reduction']",2,lexical,27,1,0,0,0,r4plus,long,1,fam=lexical | rules=r4plus | len=long | num=0 | lex=1,fam=lexical | rules=r4plus | len=long
1575,6484_LibroBAC.pdf,"Debe ser intercambiable: cuando un bien es requerido únicamente por la posibilidad de ser intercambiado por otras cosas, posee esta propiedad.",Debe ser intercambiable.,Valeria,5.0,7.0,21.0,,,,,,,0,"[5, 7, 21]",3,5.0,Unnecessary Words,"['reduction', 'morphosyntactic', 'structural']",3,reduction,21,1,0,0,0,r3,medium,0,fam=reduction | rules=r3 | len=medium | num=0 | lex=0,fam=reduction | rules=r3 | len=medium
1576,6489_LibroBAC.pdf,Debe ser una unidad contable: cuando el valor de un bien es utilizado.,Debe ser una unidad contable.,Valeria,5.0,21.0,,,,,,,,0,"[5, 21]",2,5.0,Unnecessary Words,"['reduction', 'structural']",2,reduction,13,1,0,0,0,r2,medium,0,fam=reduction | rules=r2 | len=medium | num=0 | lex=0,fam=reduction | rules=r2 | len=medium
1581,6499_LibroBAC.pdf,"Se estima, por otra parte, que el papel dinero es más conveniente que los metales, para todo cuanto no sean sumas pequeñas.","Para todo aquello que no sean sumas pequeñas, el papel es mejor que el metal.",Valeria,9.0,16.0,19.0,,,,,,,0,"[9, 16, 19]",3,9.0,Subordinating Conjunctions,"['morphosyntactic', 'reduction', 'structural']",3,morphosyntactic,22,1,0,0,0,r3,medium,0,fam=morphosyntactic | rules=r3 | len=medium | num=0 | lex=0,fam=morphosyntactic | rules=r3 | len=medium
1582,6507_LibroBAC.pdf,"Empecemos por una explicación de Hailstones y Cao García, que nos parece bastante útil, para introducir este tema y la cual describe una importante función del dinero, independientemente de que luego podamos señalar otras.",Empecemos por una explicación sobre una importante función del dinero.,Valeria,5.0,15.0,16.0,,,,,,,0,"[5, 15, 16]",3,5.0,Unnecessary Words,"['reduction', 'structural']",2,reduction,34,1,0,0,0,r3,long,0,fam=reduction | rules=r3 | len=long | num=0 | lex=0,fam=reduction | rules=r3 | len=long
1586,6514_LibroBAC.pdf,La gente dudaría de almacenar sus riquezas en la forma de dinero si supieran que el valor adquisitivo del dinero fuera a decaer sustancialmente durante el período durante el cual el dinero fuese a ser guardado.,La gente no guardaría sus riquezas en forma de dinero si supiera que su valor fuera a decaer durante ese período en el que está guardado.,Valeria,5.0,15.0,21.0,,,,,,,0,"[5, 15, 21]",3,5.0,Unnecessary Words,"['reduction', 'structural']",2,reduction,36,1,0,0,0,r3,long,0,fam=reduction | rules=r3 | len=long | num=0 | lex=0,fam=reduction | rules=r3 | len=long
1587,6515_LibroBAC.pdf,"Lo anterior, entre otros aspectos, muestra que el dinero es un sustituto o representación del valor de las cosas que a través del tiempo, como lo vimos atrás en la historia, ha tomado diferentes formas, que luego señalaremos.",El dinero es un sustituto o representación del valor de las cosas que a través del tiempo ha tomado diferentes formas.,Valeria,5.0,15.0,16.0,17.0,,,,,,0,"[5, 15, 16, 17]",4,5.0,Unnecessary Words,"['reduction', 'structural']",2,reduction,38,1,0,0,0,r4plus,long,0,fam=reduction | rules=r4plus | len=long | num=0 | lex=0,fam=reduction | rules=r4plus | len=long
1588,6517_LibroBAC.pdf,"El dinero, como ya lo hemos señalado, es una unidad de medida para el valor o como una unidad de cuenta.",El dinero es una unidad de medida de valor o de cuenta.,Valeria,5.0,16.0,,,,,,,,0,"[5, 16]",2,5.0,Unnecessary Words,['reduction'],1,reduction,21,1,0,0,0,r2,medium,0,fam=reduction | rules=r2 | len=medium | num=0 | lex=0,fam=reduction | rules=r2 | len=medium
1589,6519_LibroBAC.pdf,"El dinero es, entonces, un gran sintetizador, lo cual queda también muy bien explicado con la función de acumulador de valores que antes se le asignó.",El dinero es un gran sintetizador.,Valeria,5.0,15.0,16.0,,,,,,,0,"[5, 15, 16]",3,5.0,Unnecessary Words,"['reduction', 'structural']",2,reduction,26,1,0,0,0,r3,long,0,fam=reduction | rules=r3 | len=long | num=0 | lex=0,fam=reduction | rules=r3 | len=long
1604,7875_LibroBAC.pdf,Si ejecuta este proceso encontrará que se sentirá mejor acerca de sí mismo por haberlo hecho.,Si hace esto se sentirá mejor acerca de sí mismo.,Valeria,2.0,4.0,,,,,,,,0,"[2, 4]",2,2.0,Abstract vs. Concrete Language,['lexical'],1,lexical,16,1,0,0,0,r2,medium,0,fam=lexical | rules=r2 | len=medium | num=0 | lex=0,fam=lexical | rules=r2 | len=medium
1606,7882_LibroBAC.pdf,Van a necesitar trabajarle a los gastos y a los ingresos una y otra vez hasta hacer todos los ajustes sobre la marcha.,Van a necesitar ajustar los gastos e ingresos hasta que estén listos.,Valeria,2.0,4.0,5.0,,,,,,,0,"[2, 4, 5]",3,2.0,Abstract vs. Concrete Language,"['lexical', 'reduction']",2,lexical,23,1,0,0,0,r3,medium,0,fam=lexical | rules=r3 | len=medium | num=0 | lex=0,fam=lexical | rules=r3 | len=medium
1608,7886_LibroBAC.pdf,Su elaboración es tan sencilla como seguir estos prácticos consejos.,"Su elaboración es sencilla, así como seguir estos prácticos consejos.",Valeria,8.0,,,,,,,,,0,[8],1,8.0,Conjunctions,['morphosyntactic'],1,morphosyntactic,10,1,0,0,0,r1,short,0,fam=morphosyntactic | rules=r1 | len=short | num=0 | lex=0,fam=morphosyntactic | rules=r1 | len=short
1610,9068_LibroBAC.pdf,"Si puede, no lleve a sus niños cuando vaya a hacer las compras.","Si puede, no lleve a sus hijos cuando vaya a hacer compras.",Valeria,1.0,4.0,,,,,,,,1,"[1, 4]",2,1.0,Word Frequency,['lexical'],1,lexical,13,1,0,0,0,r2,medium,1,fam=lexical | rules=r2 | len=medium | num=0 | lex=1,fam=lexical | rules=r2 | len=medium
1612,9076b_LibroBAC.pdf,"Busque información sobre los planes de ahorro para educación y jubilación en diferentes bancos, tanto nacionales como privados.",Busque información sobre los planes de ahorro para educación y jubilación en diferentes bancos nacionales y privados.,Valeria,8.0,,,,,,,,,0,[8],1,8.0,Conjunctions,['morphosyntactic'],1,morphosyntactic,18,1,0,0,0,r1,medium,0,fam=morphosyntactic | rules=r1 | len=medium | num=0 | lex=0,fam=morphosyntactic | rules=r1 | len=medium
1617,9090_LibroBAC.pdf,"Puede invertir cuando utiliza parte de sus ahorros para comprar bonos de ahorros, acciones o depositar el dinero en un banco a un plazo fijo (DP).",Puede invertir cuando usa parte de sus ahorros para comprar bonos y acciones o depositar dinero a un plazo fijo.,Valeria,1.0,5.0,21.0,,,,,,,1,"[1, 5, 21]",3,1.0,Word Frequency,"['lexical', 'reduction', 'structural']",3,lexical,26,1,0,0,0,r3,long,1,fam=lexical | rules=r3 | len=long | num=0 | lex=1,fam=lexical | rules=r3 | len=long
1618,9091_LibroBAC.pdf,"Sin embargo, cuando se invierte, la oportunidad de perder dinero es mayor que cuando se ahorra.","Cuando invierte, la oportunidad de perder dinero es mayor que cuando ahorra.",Valeria,8.0,16.0,,,,,,,,0,"[8, 16]",2,8.0,Conjunctions,"['morphosyntactic', 'reduction']",2,morphosyntactic,16,1,0,0,0,r2,medium,0,fam=morphosyntactic | rules=r2 | len=medium | num=0 | lex=0,fam=morphosyntactic | rules=r2 | len=medium
1621,9100_LibroBAC.pdf,"En las empresas se toman decisiones todos los días, y dependiendo si éstas son buenas o malas, el precio de sus acciones sube o baja.","Las empresas toman decisiones diariamente y dependiendo de si estas son buenas o malas, el precio de sus acciones sube o baja.",Valeria,5.0,16.0,,,,,,,,0,"[5, 16]",2,5.0,Unnecessary Words,['reduction'],1,reduction,25,1,0,0,0,r2,long,0,fam=reduction | rules=r2 | len=long | num=0 | lex=0,fam=reduction | rules=r2 | len=long
1627,9115_LibroBAC.pdf,"Es decir, como un activo productivo que, a lo largo del tiempo, permite producir más dinero.",Como un activo productivo que permite producir más dinero a lo largo del tiempo.,Valeria,8.0,16.0,19.0,,,,,,,0,"[8, 16, 19]",3,8.0,Conjunctions,"['morphosyntactic', 'reduction', 'structural']",3,morphosyntactic,16,1,0,0,0,r3,medium,0,fam=morphosyntactic | rules=r3 | len=medium | num=0 | lex=0,fam=morphosyntactic | rules=r3 | len=medium
1631,17681_LibroBAC.pdf,"Ingresos activos: Están constituidos por el salario o sueldo que se percibe, cuando se tiene un empleo; honorarios que se cobran como contraprestación de servicios, comisiones y otros pagos de la misma naturaleza.",Los ingresos activos están constituidos por el salario que se percibe cuando se tiene un empleo.,Valeria,5.0,15.0,21.0,,,,,,,0,"[5, 15, 21]",3,5.0,Unnecessary Words,"['reduction', 'structural']",2,reduction,33,1,0,0,0,r3,long,0,fam=reduction | rules=r3 | len=long | num=0 | lex=0,fam=reduction | rules=r3 | len=long
1635,17691_LibroBAC.pdf,"Interés: Cantidad de dinero que recibe una persona por el servicio de prestar su dinero, o costo en que un deudor incurre al hacer uso de un préstamo.",El interés es la cantidad de dinero que recibe alguien por prestar su dinero o el costo en que un deudor cae al usar un préstamo.,Valeria,1.0,5.0,21.0,,,,,,,1,"[1, 5, 21]",3,1.0,Word Frequency,"['lexical', 'reduction', 'structural']",3,lexical,28,1,0,0,0,r3,long,1,fam=lexical | rules=r3 | len=long | num=0 | lex=1,fam=lexical | rules=r3 | len=long
1636,17695_LibroBAC.pdf,"Interés compuesto: Es la suma del capital y el interés acumulado, que se va multiplicando según los plazos convenidos. La tasa de interés es el porcentaje que se aplica a un préstamo o inversión realizada.",El interés compuesto es la suma del capital y el interés acumulado. La tasa de interés es el porcentaje aplicado a un préstamo o inversión realizada.,Valeria,5.0,15.0,17.0,21.0,,,,,,0,"[5, 15, 17, 21]",4,5.0,Unnecessary Words,"['reduction', 'structural']",2,reduction,35,2,0,0,0,r4plus,long,0,fam=reduction | rules=r4plus | len=long | num=0 | lex=0,fam=reduction | rules=r4plus | len=long
1641,17710_LibroBAC.pdf,Inversión financiera: Son recursos financieros que se comprometen y que generan renta o interés como ahorros en un banco o adquisición de certificados o títulos y otros tipos de instrumentos de inversión.,Las inversiones financieras son recursos que se comprometen y generan renta o interés.,Valeria,5.0,15.0,21.0,,,,,,,0,"[5, 15, 21]",3,5.0,Unnecessary Words,"['reduction', 'structural']",2,reduction,32,1,0,0,0,r3,long,0,fam=reduction | rules=r3 | len=long | num=0 | lex=0,fam=reduction | rules=r3 | len=long
1644,17718_LibroBAC.pdf,"Inversión social: Se denomina así a los dineros u otros recursos que se destinan, por parte del Estado, al mejoramiento del nivel de vida de las comunidades humanas del mismo.",Una inversión social es dinero del Estado destinado al mejoramiento del nivel de vida de las comunidades.,Valeria,5.0,15.0,16.0,21.0,,,,,,0,"[5, 15, 16, 21]",4,5.0,Unnecessary Words,"['reduction', 'structural']",2,reduction,30,1,0,0,0,r4plus,long,0,fam=reduction | rules=r4plus | len=long | num=0 | lex=0,fam=reduction | rules=r4plus | len=long
1645,17720_LibroBAC.pdf,"Lavado de dinero: (Lavado o blanqueo de capitales, lavado de activos, etc.). Es el proceso por medio del cual es encubierto el origen de los fondos generados mediante el ejercicio de algunas actividades ilegales o criminales (tráfico de drogas o estupefacientes, contrabando de armas, corrupción, desfalco, fraude, crímenes de guante blanco etc.",Lavado de dinero es el proceso de encubrir el origen de los fondos generados mediante el ejercicio de algunas actividades ilegales o criminales.,Valeria,5.0,15.0,21.0,,,,,,,0,"[5, 15, 21]",3,5.0,Unnecessary Words,"['reduction', 'structural']",2,reduction,52,3,0,0,0,r3,long,0,fam=reduction | rules=r3 | len=long | num=0 | lex=0,fam=reduction | rules=r3 | len=long
1648,17731_LibroBAC.pdf,"Letra de cambio: Es un título de crédito que contiene la orden incondicional que una persona llamada girador da a otra llamada girado, de pagar una suma de dinero a un tercero denominado beneficiario, en época y lugar determinados.",Una letra de cambio contiene la orden que un girador da a un girado de pagarle dinero a un beneficiario en cierto momento.,Valeria,5.0,15.0,16.0,21.0,,,,,,0,"[5, 15, 16, 21]",4,5.0,Unnecessary Words,"['reduction', 'structural']",2,reduction,39,1,0,0,0,r4plus,long,0,fam=reduction | rules=r4plus | len=long | num=0 | lex=0,fam=reduction | rules=r4plus | len=long
1650,17735_LibroBAC.pdf,Libertad financiera: Cuando el dinero produce más de lo que gasta o consume se puede decir que se es libre financieramente. Cuando se puede mantener una buena calidad de vida sin depender de los ingresos lineales. Cuando se generan ingresos pasivos.,"Hay libertad financiera cuando se produce más de lo que gasta, se vive bien sin depender de ingresos lineales y se generan ingresos pasivos.",Valeria,5.0,15.0,21.0,,,,,,,0,"[5, 15, 21]",3,5.0,Unnecessary Words,"['reduction', 'structural']",2,reduction,41,3,0,0,0,r3,long,0,fam=reduction | rules=r3 | len=long | num=0 | lex=0,fam=reduction | rules=r3 | len=long
1654,17746_LibroBAC.pdf,Materia prima: Se llama así a la materia primera que sirve para producir un objeto o mercancía en el proceso productivo.,La materia prima sirve para producir un objeto o mercancía en el proceso productivo.,Valeria,5.0,21.0,,,,,,,,0,"[5, 21]",2,5.0,Unnecessary Words,"['reduction', 'structural']",2,reduction,21,1,0,0,0,r2,medium,0,fam=reduction | rules=r2 | len=medium | num=0 | lex=0,fam=reduction | rules=r2 | len=medium
1665,17772_LibroBAC.pdf,"Portafolios de inversión: Están constituidos por un conjunto de instrumentos financieros diversificados que reduce al mínimo los riesgos de la persona que invierte, incrementa sus rendimientos y maneja su liquidez.","Los portafolios de inversión reducen los riesgos de un inversor, incrementan su rendimiento y manejan su liquidez.",Valeria,5.0,15.0,21.0,,,,,,,0,"[5, 15, 21]",3,5.0,Unnecessary Words,"['reduction', 'structural']",2,reduction,30,1,0,0,0,r3,long,0,fam=reduction | rules=r3 | len=long | num=0 | lex=0,fam=reduction | rules=r3 | len=long
1668,17779_LibroBAC.pdf,"Productividad: Es el aumento de bienes y servicios que se producen en un país, cuando se utiliza la técnica y la tecnología para aumentarlos. Para otros consiste en producir más y mejor con los recursos de que se dispone.",La productividad es el aumento de bienes y servicios que se produce en un país cuando se utilizan técnicas y tecnologías para ello.,Valeria,5.0,15.0,21.0,,,,,,,0,"[5, 15, 21]",3,5.0,Unnecessary Words,"['reduction', 'structural']",2,reduction,39,2,0,0,0,r3,long,0,fam=reduction | rules=r3 | len=long | num=0 | lex=0,fam=reduction | rules=r3 | len=long
1669,17784_LibroBAC.pdf,"Recursos naturales: Son aquellos bienes que ofrece el globo terrestre o el universo y que la humanidad aprovecha para su subsistencia, tales como el agua, el aire, la energía solar, los ríos, los vegetales, los minerales y los animales.",Los recursos naturales los ofrece la tierra y los aprovecha la humanidad.,Valeria,5.0,15.0,21.0,,,,,,,0,"[5, 15, 21]",3,5.0,Unnecessary Words,"['reduction', 'structural']",2,reduction,39,1,0,0,0,r3,long,0,fam=reduction | rules=r3 | len=long | num=0 | lex=0,fam=reduction | rules=r3 | len=long
1683,750_LibroBAC.pdf,"La economía, recursos y productividad permite, en una educación financiera, revisar los aspectos relacionados con la producción en el país y el nivel de vida de las personas, de la familia y de la sociedad.","En una educación financiera, la economía, los recursos y la utilidad permiten revisar los aspectos relacionados con la producción del país y el nivel de vida de las personas, la familia y la sociedad.",Verónica,18.0,19.0,,,,,,,,0,"[18, 19]",2,18.0,Sentences of formal and aesthetic use,"['reduction', 'structural']",2,reduction,35,1,0,0,0,r2,long,0,fam=reduction | rules=r2 | len=long | num=0 | lex=0,fam=reduction | rules=r2 | len=long
1684,752_LibroBAC.pdf,"Los elementos básicos sobre la riqueza económica individual, familiar y de la nación, se plantean como aspectos que permiten la revisión del concepto económico de riqueza, lo que constituye la riqueza de las personas, de las familias, de las empresas u organizaciones y de la Nación; el desarrollo y la administración de la riqueza por parte de las personas, familias, empresas y países; las claves o principios hacia la prosperidad y seguridad financiera y el proceso de economizar.","Los elementos básicos sobre la riqueza individual, familiar y de la nación son aspectos que permiten la revisión del concepto económico de la riqueza. Además, permiten entender el desarrollo y la administración de esta riqueza por parte de las personas, familias, empresas y países. También, conocer las razones de la prosperidad y seguridad financiera y el proceso para economizar.",Verónica,2.0,15.0,21.0,18.0,,,,,,0,"[2, 15, 21, 18]",4,2.0,Abstract vs. Concrete Language,"['lexical', 'structural', 'reduction']",3,lexical,78,1,0,0,0,r4plus,long,0,fam=lexical | rules=r4plus | len=long | num=0 | lex=0,fam=lexical | rules=r4plus | len=long
1685,756_LibroBAC.pdf,"El origen, concepto, desarrollo e importancia del dinero; sus características; el valor y las formas del dinero; los activos y los pasivos para el uso y los activos para creación de riqueza.","Saber el origen, concepto, desarrollo e importancia del dinero, sus características, su valor y formas. También sobre los activos y los pasivos para el consumo y sobre los activos para la creación de riqueza.",Verónica,21.0,18.0,15.0,4.0,,,,,,0,"[21, 18, 15, 4]",4,21.0,Use of Complex Punctuation Marks,"['structural', 'reduction', 'lexical']",3,structural,32,1,0,0,0,r4plus,long,0,fam=structural | rules=r4plus | len=long | num=0 | lex=0,fam=structural | rules=r4plus | len=long
1696,788_LibroBAC.pdf,"Los ingresos pasivos se generan cuando se hace una inversión y se reciben por concepto de intereses, dividendos, rentas, utilidades u otros rubros que no requiere la presencia de la persona que realiza la inversión.","Los ingresos pasivos se generan cuando se hace una inversión. Estos se reciben por concepto de intereses, dividendos, rentas, utilidades u otra ganancia que no requiere la presencia de la persona que realiza la inversión.",Verónica,18.0,4.0,,,,,,,,0,"[18, 4]",2,18.0,Sentences of formal and aesthetic use,"['reduction', 'lexical']",2,reduction,35,1,0,0,0,r2,long,0,fam=reduction | rules=r2 | len=long | num=0 | lex=0,fam=reduction | rules=r2 | len=long
1699,794_LibroBAC.pdf,"La austeridad significa realizar el gasto necesario y está asociado al ahorro, que tiene una connotación completamente diferente al de avaricia que se refiere a un afán desordenado de poseer riquezas o dinero para atesorarlo, que puede inducir a actuar con envidia y actos negativos.","La austeridad significa realizar el gasto necesario y está asociada al ahorro. El ahorro tiene un sentido completamente diferente al de la avaricia, esta se refiere a un afán desordenado de poseer riquezas o dinero para atesorarlo y puede inducir a actuar con envidia y de manera negativa.",Verónica,17.0,15.0,1.0,,,,,,,1,"[17, 15, 1]",3,17.0,Relative Clauses,"['structural', 'lexical']",2,structural,45,1,0,0,0,r3,long,1,fam=structural | rules=r3 | len=long | num=0 | lex=1,fam=structural | rules=r3 | len=long
1700,796_LibroBAC.pdf,"Chauvin (2005) señala en un artículo sobre ¿Seguridad económica o libertad financiera? que la libertad financiera no se mide por cuánto dinero hace una persona trabajando, sino por cuánto dinero le ingresa cuando NO trabaja o trabaja poco.","En un artículo del dos mil cinco titulado ¿Seguridad económica o libertad financiera?, Chauvin afirma que la libertad financiera no se mide por cuánto dinero hace una persona trabajando, sino por cuánto dinero le ingresa cuando no trabaja o trabaja poco.",Verónica,4.0,21.0,1.0,14.0,,,,,,1,"[4, 21, 1, 14]",4,4.0,Ambiguity in Word Meaning,"['lexical', 'structural']",2,lexical,38,2,1,0,0,r4plus,long,1,fam=lexical | rules=r4plus | len=long | num=1 | lex=1,fam=lexical | rules=r4plus | len=long
1701,799_LibroBAC.pdf,"Los ingresos pasivos no son una novedad, es lo que la gente que goza de un buen pasar económico ha hecho siempre.","Los ingresos pasivos no son una novedad, la gente que goza de una buena situación económica siempre ha recurrido a este tipo de ingresos.",Verónica,19.0,18.0,,,,,,,,0,"[19, 18]",2,19.0,Sentence Order,"['structural', 'reduction']",2,structural,22,1,0,0,0,r2,medium,0,fam=structural | rules=r2 | len=medium | num=0 | lex=0,fam=structural | rules=r2 | len=medium
1702,1844_LibroBAC.pdf,Aprender en qué consiste un crédito hipotecario y los tipos de interés puede ayudarnos a administrarnos; tomar una mayor conciencia de los determinantes del costo y el ingreso permite tomar mejores decisiones económicas.,Aprender en qué consiste un crédito hipotecario y los tipos de interés ayuda a gestionar nuestra economía. Entender los factores determinantes del costo y el ingreso permite tomar mejores decisiones económicas.,Verónica,21.0,18.0,4.0,15.0,2.0,,,,,0,"[21, 18, 4, 15, 2]",5,21.0,Use of Complex Punctuation Marks,"['structural', 'reduction', 'lexical']",3,structural,33,1,0,0,0,r4plus,long,0,fam=structural | rules=r4plus | len=long | num=0 | lex=0,fam=structural | rules=r4plus | len=long
1705,1855_LibroBAC.pdf,El bienestar económico involucra la capacidad de las personas de consumir más y mejores bienes y servicios.,El bienestar económico se relaciona con la capacidad de las personas para consumir más y mejores bienes y servicios.,Verónica,18.0,4.0,,,,,,,,0,"[18, 4]",2,18.0,Sentences of formal and aesthetic use,"['reduction', 'lexical']",2,reduction,17,1,0,0,0,r2,medium,0,fam=reduction | rules=r2 | len=medium | num=0 | lex=0,fam=reduction | rules=r2 | len=medium
1719,135_LibroNEFE_Sincopyright.pdf,"Al finalizar el mes, mira nuevamente esta página para ver tus avances.","Al finalizar el mes, ingresa de nuevo a esta página para ver tus avances.",Verónica,4.0,1.0,,,,,,,,1,"[4, 1]",2,4.0,Ambiguity in Word Meaning,['lexical'],1,lexical,12,1,0,0,0,r2,short,1,fam=lexical | rules=r2 | len=short | num=0 | lex=1,fam=lexical | rules=r2 | len=short
1720,144_LibroNEFE_Sincopyright.pdf,Guardar los comprobantes en caso de que tenga que devolver un artículo.,Guardar las facturas en caso de que necesite devolver un artículo.,Verónica,4.0,17.0,,,,,,,,0,"[4, 17]",2,4.0,Ambiguity in Word Meaning,"['lexical', 'structural']",2,lexical,12,1,0,0,0,r2,short,0,fam=lexical | rules=r2 | len=short | num=0 | lex=0,fam=lexical | rules=r2 | len=short
1721,149_LibroNEFE_Sincopyright.pdf,Evitar las costosas tiendas 24 horas.,Evitar las costosas tiendas que trabajan veinticuatro horas.,Verónica,14.0,2.0,,,,,,,,0,"[14, 2]",2,14.0,Use of Numerical Expressions,"['structural', 'lexical']",2,structural,6,1,1,0,0,r2,short,0,fam=structural | rules=r2 | len=short | num=1 | lex=0,fam=structural | rules=r2 | len=short
1736,1988_LibroBAC.pdf,"Como es obvio, el resultado de esta fase es el conjunto de productos (bienes y servicios) que requiere la sociedad para satisfacción de las necesidades, surgiendo así el sector primario de la economía, al que en el próximo capítulo nos referiremos.","El resultado de esta fase es el conjunto de productos, bienes y servicios, que requiere la sociedad para satisfacción de las necesidades y así surge el sector primario de la economía. En el próximo capítulo se explicará esto.",Verónica,5.0,12.0,1.0,15.0,,,,,,1,"[5, 12, 1, 15]",4,5.0,Unnecessary Words,"['reduction', 'morphosyntactic', 'lexical', 'structural']",4,reduction,41,1,0,0,0,r4plus,long,1,fam=reduction | rules=r4plus | len=long | num=0 | lex=1,fam=reduction | rules=r4plus | len=long
1737,1990_LibroBAC.pdf,"La segunda fase de la economía es el intercambio, que como el nombre lo dice, es la que permite llegar o realizar el mercadeo de la producción, mediante diferentes estrategias y canales.","La segunda fase del proceso económico es el intercambio, como su nombre lo dice, se trata de realizar el mercadeo de la producción mediante diferentes estrategias y canales.",Verónica,4.0,17.0,2.0,,,,,,,0,"[4, 17, 2]",3,4.0,Ambiguity in Word Meaning,"['lexical', 'structural']",2,lexical,32,1,0,0,0,r3,long,0,fam=lexical | rules=r3 | len=long | num=0 | lex=0,fam=lexical | rules=r3 | len=long
1738,1991_LibroBAC.pdf,"La tercera fase es la de distribución, o sea, los pagos que debe hacer la empresa por el uso de los factores de producción incorporados en la misma.","La tercera fase es la de distribución, es decir, se trata de los pagos que debe hacer la empresa por el uso de elementos de producción incorporados en ella.",Verónica,8.0,4.0,,,,,,,,0,"[8, 4]",2,8.0,Conjunctions,"['morphosyntactic', 'lexical']",2,morphosyntactic,28,1,0,0,0,r2,long,0,fam=morphosyntactic | rules=r2 | len=long | num=0 | lex=0,fam=morphosyntactic | rules=r2 | len=long
1740,3585_LibroBAC.pdf,La producción en un país se realiza mediante lo que se conoce como factores de producción y de los cuales nos ocuparemos en detalle más adelante.,A través de los factores de producción se realiza la producción en un país. Más adelante nos ocuparemos en detalle de estos factores.,Verónica,9.0,1.0,18.0,,,,,,,1,"[9, 1, 18]",3,9.0,Subordinating Conjunctions,"['morphosyntactic', 'lexical', 'reduction']",3,morphosyntactic,26,1,0,0,0,r3,long,1,fam=morphosyntactic | rules=r3 | len=long | num=0 | lex=1,fam=morphosyntactic | rules=r3 | len=long
1742,3588_LibroBAC.pdf,"A pesar de que algunos critican al intermediario, se necesita a este individuo en la economía.","Aunque algunas personas critican al intermediario, este individuo es necesario en la economía.",Verónica,9.0,4.0,18.0,,,,,,,0,"[9, 4, 18]",3,9.0,Subordinating Conjunctions,"['morphosyntactic', 'lexical', 'reduction']",3,morphosyntactic,16,1,0,0,0,r3,medium,0,fam=morphosyntactic | rules=r3 | len=medium | num=0 | lex=0,fam=morphosyntactic | rules=r3 | len=medium
1744,3592_LibroBAC.pdf,"La Economía, como se ha visto en capítulos anteriores y se seguirá percibiendo en lo sucesivo, es una disciplina o ciencia social que entre sus variados propósitos permite describir, analizar, racionalizar y proyectar la mejor utilización constituida, a nivel personal o social, por los diferentes recursos (Bienes y servicios) de las personas, las familias, las empresas y organizaciones de un país y del país mismo.","Entre sus diversos propósitos, la economía es una disciplina o ciencia social que describe, analiza, racionaliza y proyecta la mejor utilización de los diferentes recursos, entre ellos bienes y servicios, por parte de las personas, familias, empresas, las organizaciones de un país y del país mismo.",Verónica,3.0,16.0,21.0,18.0,,,,,,0,"[3, 16, 21, 18]",4,3.0,Visual Reference Dependence,"['reduction', 'structural']",2,reduction,65,1,0,0,0,r4plus,long,0,fam=reduction | rules=r4plus | len=long | num=0 | lex=0,fam=reduction | rules=r4plus | len=long
1745,3594_LibroBAC.pdf,"Sin embargo, tal ejercicio, tiene una finalidad, y es buscar el mejor nivel o calidad de vida de las personas, de las familias y por ende de la sociedad y del país y esto porque la economía, finalmente, sólo tiene sentido cuando está al servicio del ser humano.","El ejercicio de la economía tiene la finalidad de buscar la mejor calidad de vida de las personas, las familias, la sociedad y del país, porque la economía, finalmente, solo tiene importancia cuando está al servicio del ser humano.",Verónica,8.0,18.0,4.0,,,,,,,0,"[8, 18, 4]",3,8.0,Conjunctions,"['morphosyntactic', 'reduction', 'lexical']",3,morphosyntactic,48,1,0,0,0,r3,long,0,fam=morphosyntactic | rules=r3 | len=long | num=0 | lex=0,fam=morphosyntactic | rules=r3 | len=long
1755,5099_LibroBAC.pdf,"La riqueza con cara humana es lo que percibe y estudia el humanismo, y bajo esta óptica, es que debe inclinarse la educación financiera que deben tener todas las personas que se propongan como meta construir un futuro personal, familiar y social, tranquilo y sostenible.","Desde una visión humana, la riqueza es un término que distingue y estudia el humanismo. Esta óptica es la que debe seguir la educación financiera y todas las personas que se propongan como meta construir un futuro personal, familiar y social, tranquilo y sostenible.",Verónica,2.0,4.0,1.0,15.0,18.0,17.0,,,,1,"[2, 4, 1, 15, 18, 17]",6,2.0,Abstract vs. Concrete Language,"['lexical', 'structural', 'reduction']",3,lexical,45,1,0,0,0,r4plus,long,1,fam=lexical | rules=r4plus | len=long | num=0 | lex=1,fam=lexical | rules=r4plus | len=long
1757,5101_LibroBAC.pdf,"Para atender el desarrollo coherente del tema, se inició con el concepto de riqueza económica y lo que la constituye, así como con el concepto de pobreza, que es inevitable cuando se discurre sobre aquélla.","Para atender al desarrollo coherente del tema, se inicia con el concepto de riqueza económica y sus componentes. También se explica el concepto de pobreza que es inevitable de mencionar cuando se reflexiona sobre la riqueza.",Verónica,18.0,4.0,8.0,1.0,15.0,,,,,1,"[18, 4, 8, 1, 15]",5,18.0,Sentences of formal and aesthetic use,"['reduction', 'lexical', 'morphosyntactic', 'structural']",4,reduction,35,1,0,0,0,r4plus,long,1,fam=reduction | rules=r4plus | len=long | num=0 | lex=1,fam=reduction | rules=r4plus | len=long
1758,5103_LibroBAC.pdf,"Para concluir el capítulo, se explica el concepto de economizar, que también es ineludible al tratar un tema como la riqueza.","Para concluir el capítulo, se explica cómo economizar, tema que también es necesario exponer al hablar sobre la riqueza.",Verónica,2.0,19.0,1.0,,,,,,,1,"[2, 19, 1]",3,2.0,Abstract vs. Concrete Language,"['lexical', 'structural']",2,lexical,21,1,0,0,0,r3,medium,1,fam=lexical | rules=r3 | len=medium | num=0 | lex=1,fam=lexical | rules=r3 | len=medium
1759,5104a_LibroBAC.pdf,El capítulo finaliza con un habitual resumen del mismo y la bibliografía que sirvió de fuente para el desarrollo del tema.,El capítulo finaliza con un resumen y la bibliografía que sirvió de referencia para el desarrollo del tema.,Verónica,18.0,4.0,,,,,,,,0,"[18, 4]",2,18.0,Sentences of formal and aesthetic use,"['reduction', 'lexical']",2,reduction,21,1,0,0,0,r2,medium,0,fam=reduction | rules=r2 | len=medium | num=0 | lex=0,fam=reduction | rules=r2 | len=medium
1763,5123_LibroBAC.pdf,"Cuando se dieron los descubrimientos en el Siglo XV, por los navegantes europeos que buscaban riquezas, las ideas que se tenían era que la riqueza se encontraba en el atesoramiento de oro y plata, recordemos si no el descubrimiento de América.","Cuando en el siglo quince ocurrieron los descubrimientos de los navegantes europeos que buscaban riquezas, en esta época se tenía la idea de que la riqueza se encontraba en la acumulación de oro y plata, recordemos, por ejemplo, el descubrimiento de América.",Verónica,14.0,4.0,17.0,1.0,,,,,,1,"[14, 4, 17, 1]",4,14.0,Use of Numerical Expressions,"['structural', 'lexical']",2,structural,41,1,0,0,0,r4plus,long,1,fam=structural | rules=r4plus | len=long | num=0 | lex=1,fam=structural | rules=r4plus | len=long
1767,5109_LibroBAC.pdf,"Las industrias transformativas y el comercio no constituían riqueza para estos últimos, llamados fisiócratas.","Para los llamados fisiócratas, las industrias con capacidad de transformación y el comercio no establecían una forma de riqueza.",Verónica,19.0,4.0,,,,,,,,0,"[19, 4]",2,19.0,Sentence Order,"['structural', 'lexical']",2,structural,14,1,0,0,0,r2,medium,0,fam=structural | rules=r2 | len=medium | num=0 | lex=0,fam=structural | rules=r2 | len=medium
1770,5112_LibroBAC.pdf,"Para este economista, la riqueza tenía un significado concreto: era la suma total de los valores en cambio de los bienes en poder de los individuos o de una nación.","Para este economista, la riqueza significaba la suma total de los valores de cambio y de los bienes en poder de los individuos o de una nación.",Verónica,18.0,21.0,,,,,,,,0,"[18, 21]",2,18.0,Sentences of formal and aesthetic use,"['reduction', 'structural']",2,reduction,30,1,0,0,0,r2,long,0,fam=reduction | rules=r2 | len=long | num=0 | lex=0,fam=reduction | rules=r2 | len=long
1775,5127_LibroBAC.pdf,"De esta manera, el concepto de riqueza ha ido complementándose a través de la historia hasta nuestros días.","De esta manera, el concepto de la riqueza se ha estudiado a través de la historia hasta la época actual.",Verónica,6.0,4.0,,,,,,,,0,"[6, 4]",2,6.0,Complex Phrases,['lexical'],1,lexical,18,1,0,0,0,r2,medium,0,fam=lexical | rules=r2 | len=medium | num=0 | lex=0,fam=lexical | rules=r2 | len=medium
1781,5140_LibroBAC.pdf,"La riqueza genera renta y la renta aumenta la riqueza, por lo que la renta es una variable flujo que refleja la variación en el tiempo de dos niveles de riqueza.","La riqueza genera renta y la renta aumenta la riqueza, por ello, la renta es una variable flujo, es decir, una variable que mide la variación de los niveles de riqueza en el tiempo.",Verónica,17.0,4.0,19.0,21.0,,,,,,0,"[17, 4, 19, 21]",4,17.0,Relative Clauses,"['structural', 'lexical']",2,structural,31,1,0,0,0,r4plus,long,0,fam=structural | rules=r4plus | len=long | num=0 | lex=0,fam=structural | rules=r4plus | len=long
1784,5144_LibroBAC.pdf,"Otros incluyen, como parte de la riqueza, el valor total de todos los recursos naturales, sin tomar en consideración si estos han sido extraídos o si se encuentran en su estado original.","Otros economistas incluyen, como parte de la riqueza, el valor total de todos los recursos naturales, sin considerar si estos se han extraído o si se encuentran en su estado original.",Verónica,2.0,6.0,,,,,,,,0,"[2, 6]",2,2.0,Abstract vs. Concrete Language,['lexical'],1,lexical,32,1,0,0,0,r2,long,0,fam=lexical | rules=r2 | len=long | num=0 | lex=0,fam=lexical | rules=r2 | len=long
1785,5150_LibroBAC.pdf,"La riqueza nacional, nos dice el mencionado Diccionario Espasa, es el Conjunto de bienes y servicios que posee una nación para estimar la riqueza de un país, como el método del balance o inventario, que consiste en sumar el valor de todos los activos que tiene una nación, o el método consiste en capitalizar la renta percibida por la población a un tipo de interés estimado.","En el diccionario Espasa dice que la riqueza nacional es el conjunto de bienes y servicios que posee una nación para calcular la riqueza de un país. Por ejemplo, este cálculo se hace con el método del balance o inventario, que consiste en sumar el precio de todos los activos que tiene una nación, o también consiste en capitalizar la renta cobrada a la población por medio de un nuevo interés estipulado.",Verónica,19.0,21.0,4.0,15.0,,,,,,0,"[19, 21, 4, 15]",4,19.0,Sentence Order,"['structural', 'lexical']",2,structural,66,1,0,0,0,r4plus,long,0,fam=structural | rules=r4plus | len=long | num=0 | lex=0,fam=structural | rules=r4plus | len=long
1786,5152_LibroBAC.pdf,Algunos expertos miden la riqueza sumando el total de la propiedad de los individuos y de las empresas privadas de una economía.,Algunos expertos miden la riqueza económica al sumar el total de propiedades de los individuos y el total de bienes de las empresas privadas.,Verónica,12.0,4.0,18.0,99.0,,,,,,0,"[12, 4, 18, 99]",4,12.0,Use of Gerund,"['morphosyntactic', 'lexical', 'reduction', 'unknown']",4,morphosyntactic,22,1,0,0,0,r4plus,medium,0,fam=morphosyntactic | rules=r4plus | len=medium | num=0 | lex=0,fam=morphosyntactic | rules=r4plus | len=medium
1789,5164_LibroBAC.pdf,El Estado tiene una base muy aproximada con las declaraciones de herencias y donaciones entre vivos durante una generación.,El Estado establece una base de impuestos muy aproximada para las declaraciones de herencias y para las donaciones.,Verónica,18.0,4.0,2.0,,,,,,,0,"[18, 4, 2]",3,18.0,Sentences of formal and aesthetic use,"['reduction', 'lexical']",2,reduction,19,1,0,0,0,r3,medium,0,fam=reduction | rules=r3 | len=medium | num=0 | lex=0,fam=reduction | rules=r3 | len=medium
1790,5165_LibroBAC.pdf,El impuesto a los réditos es también un buen instrumento para conocer el monto de las rentas y de la riqueza nacional.,El impuesto a las utilidades también es un buen método para conocer el monto de las rentas y de la riqueza nacional.,Verónica,1.0,4.0,,,,,,,,1,"[1, 4]",2,1.0,Word Frequency,['lexical'],1,lexical,22,1,0,0,0,r2,medium,1,fam=lexical | rules=r2 | len=medium | num=0 | lex=1,fam=lexical | rules=r2 | len=medium
1791,5167_LibroBAC.pdf,"Frecuentemente, hay también confusión entre los conceptos de riqueza y de ingreso.","Con frecuencia, también hay confusión entre los conceptos de riqueza e ingreso.",Verónica,1.0,19.0,,,,,,,,1,"[1, 19]",2,1.0,Word Frequency,"['lexical', 'structural']",2,lexical,12,1,0,0,0,r2,short,1,fam=lexical | rules=r2 | len=short | num=0 | lex=1,fam=lexical | rules=r2 | len=short
1792,5168_LibroBAC.pdf,"La riqueza es un concepto de inventario; es el valor total de nuestros bienes económicos en cualquier momento específico, reiteramos.",La riqueza es un concepto de inventario. Reiteramos que esta corresponde al precio total de nuestros bienes económicos en un tiempo específico.,Verónica,21.0,19.0,15.0,4.0,,,,,,0,"[21, 19, 15, 4]",4,21.0,Use of Complex Punctuation Marks,"['structural', 'lexical']",2,structural,20,1,0,0,0,r4plus,medium,0,fam=structural | rules=r4plus | len=medium | num=0 | lex=0,fam=structural | rules=r4plus | len=medium
1793,5170_LibroBAC.pdf,"Por otro lado, el concepto de ingreso, es un concepto referente a un flujo; es el valor total de los bienes y servicios que se producen en un período específico de tiempo, generalmente un año.","El concepto de ingreso hace referencia a un movimiento de dinero, es decir, es el monto total de los bienes y servicios que se producen en un período específico de tiempo, generalmente un año.",Verónica,16.0,4.0,21.0,,,,,,,0,"[16, 4, 21]",3,16.0,Parenthetical Phrases,"['reduction', 'lexical', 'structural']",3,reduction,35,1,0,0,0,r3,long,0,fam=reduction | rules=r3 | len=long | num=0 | lex=0,fam=reduction | rules=r3 | len=long
1794,5173_LibroBAC.pdf,La mayor parte de los ingresos se consumen a medida que se producen.,La mayor parte de los ingresos se consumen cuando se producen.,Verónica,9.0,,,,,,,,,0,[9],1,9.0,Subordinating Conjunctions,['morphosyntactic'],1,morphosyntactic,13,1,0,0,0,r1,medium,0,fam=morphosyntactic | rules=r1 | len=medium | num=0 | lex=0,fam=morphosyntactic | rules=r1 | len=medium
1798,5181_LibroBAC.pdf,"Mientras más grande sea nuestra producción o los ingresos que recibamos, más alto será nuestro nivel de vida.","Entre más producción y mayores ingresos recibidos, más alto será nuestro nivel de vida.",Verónica,17.0,18.0,,,,,,,,0,"[17, 18]",2,17.0,Relative Clauses,"['structural', 'reduction']",2,structural,18,1,0,0,0,r2,medium,0,fam=structural | rules=r2 | len=medium | num=0 | lex=0,fam=structural | rules=r2 | len=medium
1801,5184_LibroBAC.pdf,"El concepto de pobreza que en la actualidad tanto se utiliza y preocupa, en general, varía de un país a otro.","El concepto de pobreza, tan utilizado en la actualidad, varía de un país a otro. La pobreza es una problemática que preocupa a muchas personas.",Verónica,4.0,16.0,2.0,,,,,,,0,"[4, 16, 2]",3,4.0,Ambiguity in Word Meaning,"['lexical', 'reduction']",2,lexical,21,1,0,0,0,r3,medium,0,fam=lexical | rules=r3 | len=medium | num=0 | lex=0,fam=lexical | rules=r3 | len=medium
1802,5185_LibroBAC.pdf,"Pobreza, a simple nivel empírico, es la carencia durante un tiempo prolongado que tiene una persona, una familia, una comunidad o un país de los bienes y servicios necesarios que le garanticen una vida digna.","La pobreza es la carencia prolongada que tiene una persona, una familia, una comunidad o un país de los bienes y servicios necesarios para garantizarse una vida digna.",Verónica,16.0,18.0,,,,,,,,0,"[16, 18]",2,16.0,Parenthetical Phrases,['reduction'],1,reduction,35,1,0,0,0,r2,long,0,fam=reduction | rules=r2 | len=long | num=0 | lex=0,fam=reduction | rules=r2 | len=long
1803,5186_LibroBAC.pdf,"El Banco Mundial, en el libro Más Allá del Crecimiento Económico dice que: En términos generales, cuanto más rico es un país, más alta es la línea que fija para demarcar la pobreza.","En el libro titulado Más allá del crecimiento económico, el Banco Mundial dice que en entre más rico es un país, más alta es la cifra que este fija para delimitar la pobreza.",Verónica,21.0,16.0,4.0,1.0,,,,,,1,"[21, 16, 4, 1]",4,21.0,Use of Complex Punctuation Marks,"['structural', 'reduction', 'lexical']",3,structural,33,1,0,0,0,r4plus,long,1,fam=structural | rules=r4plus | len=long | num=0 | lex=1,fam=structural | rules=r4plus | len=long
1804,5188_LibroBAC.pdf,"Para poder efectuar comparaciones internacionales, el Banco Mundial ha establecido una línea internacional de pobreza de $ 1 (un dólar) al día por persona, a precios de 1985, ajustados para tener en cuenta la paridad del poder adquisitivo.","Para efectuar comparaciones internacionales, el Banco Mundial estableció una cifra de pobreza de un dólar al día por persona. Esta cifra se ajustó según los precios de mil novecientos ochenta y cinco para tener una equivalencia del poder adquisitivo de las personas.",Verónica,18.0,4.0,14.0,3.0,15.0,,,,,0,"[18, 4, 14, 3, 15]",5,18.0,Sentences of formal and aesthetic use,"['reduction', 'lexical', 'structural']",3,reduction,38,1,1,1,0,r4plus,long,0,fam=reduction | rules=r4plus | len=long | num=1 | lex=0,fam=reduction | rules=r4plus | len=long
1806,5732_LibroBAC.pdf,"Quizás más bien ocurra lo contrario: mientras más éxito se tenga, más problemas se van a tener.","Quizás ocurra lo contrario, mientras más éxito tienen las personas, más problemas pueden surgir.",Verónica,18.0,21.0,,,,,,,,0,"[18, 21]",2,18.0,Sentences of formal and aesthetic use,"['reduction', 'structural']",2,reduction,17,1,0,0,0,r2,medium,0,fam=reduction | rules=r2 | len=medium | num=0 | lex=0,fam=reduction | rules=r2 | len=medium
1810,5737_LibroBAC.pdf,"El éxito va emparejado con los problemas, pero eso es lo que lleva a madurar a las personas y a ser tozudas o persistentes en sus empeños.","El éxito viene junto con los problemas, pero esto hace madurar a las personas y les ayuda a persistir en sus aspiraciones.",Verónica,18.0,4.0,1.0,,,,,,,1,"[18, 4, 1]",3,18.0,Sentences of formal and aesthetic use,"['reduction', 'lexical']",2,reduction,27,1,0,0,0,r3,long,1,fam=reduction | rules=r3 | len=long | num=0 | lex=1,fam=reduction | rules=r3 | len=long
1811,5739_LibroBAC.pdf,"Éste, está probado, no se tiene con el simple ahorro, o al menos con éste aquél es lento y no con la celeridad que quizás se desea, al fin y al cabo la vida es bastante corta y llena de permanentes riesgos y contingencias que es necesario enfrentar permanentemente.","Se ha comprobado que el éxito financiero no se obtiene con el ahorro. Cuando solo practicamos el ahorro, el éxito no llega con la rapidez deseada.",Verónica,4.0,18.0,2.0,15.0,1.0,5.0,,,,1,"[4, 18, 2, 15, 1, 5]",6,4.0,Ambiguity in Word Meaning,"['lexical', 'reduction', 'structural']",3,lexical,49,1,0,0,0,r4plus,long,1,fam=lexical | rules=r4plus | len=long | num=0 | lex=1,fam=lexical | rules=r4plus | len=long
1813,5741_LibroBAC.pdf,"Ser inversionista, es el principio básico al cual nos estamos refiriendo.",La importancia de ser inversionista es el argumento básico al que nos referimos.,Verónica,2.0,4.0,9.0,12.0,,,,,,0,"[2, 4, 9, 12]",4,2.0,Abstract vs. Concrete Language,"['lexical', 'morphosyntactic']",2,lexical,11,1,0,0,0,r4plus,short,0,fam=lexical | rules=r4plus | len=short | num=0 | lex=0,fam=lexical | rules=r4plus | len=short
1823,5752_LibroBAC.pdf,Hay dos tipos de personas motivadas por sus necesidades: los supervivientes y lo que se mantienen.,"Hay dos tipos de personas categorizadas según sus necesidades, los supervivientes y los que se mantienen por sí mismos.",Verónica,4.0,21.0,2.0,,,,,,,0,"[4, 21, 2]",3,4.0,Ambiguity in Word Meaning,"['lexical', 'structural']",2,lexical,16,1,0,0,0,r3,medium,0,fam=lexical | rules=r3 | len=medium | num=0 | lex=0,fam=lexical | rules=r3 | len=medium
1828,5766_LibroBAC.pdf,"En cambio, los recursos personales o familiares (los ingresos o la riqueza) con los cuales obtenemos los bienes y servicios, generalmente son limitados.","Pero, los recursos personales o familiares, como son los ingresos o la riqueza, con los que obtenemos bienes y servicios por lo general son limitados.",Verónica,8.0,3.0,21.0,9.0,1.0,,,,,1,"[8, 3, 21, 9, 1]",5,8.0,Conjunctions,"['morphosyntactic', 'reduction', 'structural', 'lexical']",4,morphosyntactic,23,1,0,0,0,r4plus,medium,1,fam=morphosyntactic | rules=r4plus | len=medium | num=0 | lex=1,fam=morphosyntactic | rules=r4plus | len=medium
1829,5768_LibroBAC.pdf,"Economizar es, entonces, el proceso de utilizar recursos escasos para intentar satisfacer deseos ilimitados, sea que nos refiramos a individuos o a toda la economía.","Según lo anterior, economizar es el proceso donde se utilizan pocos recursos para intentar satisfacer deseos ilimitados. Este significado se refiere a los individuos y a toda la economía.",Verónica,16.0,4.0,17.0,15.0,,,,,,0,"[16, 4, 17, 15]",4,16.0,Parenthetical Phrases,"['reduction', 'lexical', 'structural']",3,reduction,25,1,0,0,0,r4plus,long,0,fam=reduction | rules=r4plus | len=long | num=0 | lex=0,fam=reduction | rules=r4plus | len=long
1834,5774_LibroBAC.pdf,En algún momento la mamá y el papá tal vez tengan el placer de elegir entre películas y raquetas de tenis.,La mamá y el papá tal vez puedan elegir entre películas y raquetas de tenis en algún momento.,Verónica,18.0,19.0,,,,,,,,0,"[18, 19]",2,18.0,Sentences of formal and aesthetic use,"['reduction', 'structural']",2,reduction,21,1,0,0,0,r2,medium,0,fam=reduction | rules=r2 | len=medium | num=0 | lex=0,fam=reduction | rules=r2 | len=medium
1842,5799_LibroBAC.pdf,"Generalmente cuanto más grande sea la población en una nación determinada, mayor será la producción total de bienes y servicios.","En general, cuanto más grande es la población en determinada nación, mayor es la producción total de bienes y servicios.",Verónica,18.0,,,,,,,,,0,[18],1,18.0,Sentences of formal and aesthetic use,['reduction'],1,reduction,20,1,0,0,0,r1,medium,0,fam=reduction | rules=r1 | len=medium | num=0 | lex=0,fam=reduction | rules=r1 | len=medium
1843,5801_LibroBAC.pdf,"Hoy, el caso de la China es un muy buen y vigente o actual ejemplo.","En la actualidad, el caso de China es un buen ejemplo.",Verónica,4.0,18.0,,,,,,,,0,"[4, 18]",2,4.0,Ambiguity in Word Meaning,"['lexical', 'reduction']",2,lexical,15,1,0,0,0,r2,medium,0,fam=lexical | rules=r2 | len=medium | num=0 | lex=0,fam=lexical | rules=r2 | len=medium
1848,5810_LibroBAC.pdf,"Una nación de abundantes bosques, carbón, petróleo, mineral de hierro y otros minerales se encuentra en mejor posición económica que una nación que no tiene esos recursos.","Una nación con abundantes bosques, carbón, petróleo, hierro y otros minerales tiene una mejor posición económica a diferencia de una nación que no tiene esos recursos.",Verónica,18.0,17.0,,,,,,,,0,"[18, 17]",2,18.0,Sentences of formal and aesthetic use,"['reduction', 'structural']",2,reduction,27,1,0,0,0,r2,long,0,fam=reduction | rules=r2 | len=long | num=0 | lex=0,fam=reduction | rules=r2 | len=long
1849,5811_LibroBAC.pdf,"Los ríos, lagos y el litoral son importantes no sólo como medios de transporte y para el desarrollo de energía eléctrica sino también como posibles fuentes de alimentos y minerales.","Los ríos, lagos y litorales son importantes para el transporte y el desarrollo de la energía eléctrica. Estos también son una fuente de alimentos y minerales.",Verónica,18.0,4.0,15.0,,,,,,,0,"[18, 4, 15]",3,18.0,Sentences of formal and aesthetic use,"['reduction', 'lexical', 'structural']",3,reduction,30,1,0,0,0,r3,long,0,fam=reduction | rules=r3 | len=long | num=0 | lex=0,fam=reduction | rules=r3 | len=long
1853,5820_LibroBAC.pdf,"En estos momentos se espera que se promueva un progreso aún mayor por el desarrollo de la energía atómica y nuclear, que tanto preocupa a los países en términos de la seguridad de las naciones.","En la actualidad, se busca promover un mayor progreso en el desarrollo de la energía atómica y nuclear. El uso de esta energía preocupa a muchos países en términos de su seguridad.",Verónica,4.0,18.0,17.0,15.0,,,,,,0,"[4, 18, 17, 15]",4,4.0,Ambiguity in Word Meaning,"['lexical', 'reduction', 'structural']",3,lexical,35,1,0,0,0,r4plus,long,0,fam=lexical | rules=r4plus | len=long | num=0 | lex=0,fam=lexical | rules=r4plus | len=long
1854,5821_LibroBAC.pdf,"Si bien la gente ha podido utilizar su trabajo, recursos naturales y hasta equipos de capital para producir bienes y servicios, se puede obtener una mayor productividad mediante la correcta combinación y dirección de la utilización de estos recursos.","Aunque la gente ha utilizado su trabajo, sus recursos naturales y hasta su capital para producir bienes y servicios, se obtiene una mayor productividad mediante la combinación y dirección correcta de estos recursos.",Verónica,9.0,6.0,4.0,18.0,,,,,,0,"[9, 6, 4, 18]",4,9.0,Subordinating Conjunctions,"['morphosyntactic', 'lexical', 'reduction']",3,morphosyntactic,39,1,0,0,0,r4plus,long,0,fam=morphosyntactic | rules=r4plus | len=long | num=0 | lex=0,fam=morphosyntactic | rules=r4plus | len=long
1857,5826_LibroBAC.pdf,"A este respecto, la naturaleza y tipos de las empresas, el sistema monetario, la estructura del capital de las diferentes industrias, y el grado de reglamentación gubernamental ejercen una influencia sobre las actividades de los empresarios de una nación y, por lo tanto, sobre la producción total y el nivel de vida.","Al respecto, los tipos de empresas, el sistema monetario, la estructura del capital de las diferentes industrias y el grado de reglamentación gubernamental son factores que influyen en las actividades de los empresarios de una nación, en la producción total y el nivel de vida de las personas.",Verónica,18.0,16.0,,,,,,,,0,"[18, 16]",2,18.0,Sentences of formal and aesthetic use,['reduction'],1,reduction,52,1,0,0,0,r2,long,0,fam=reduction | rules=r2 | len=long | num=0 | lex=0,fam=reduction | rules=r2 | len=long
1867,6397_LibroBAC.pdf,"¿Ha pensado usted cómo sería el mundo, la vida, sin dinero?",¿Usted ha pensado cómo sería el mundo o la vida sin dinero?,Verónica,19.0,21.0,,,,,,,,0,"[19, 21]",2,19.0,Sentence Order,['structural'],1,structural,11,1,0,0,0,r2,short,0,fam=structural | rules=r2 | len=short | num=0 | lex=0,fam=structural | rules=r2 | len=short
1871,6403_LibroBAC.pdf,"¿Qué es el dinero?, ¿cuál es su origen y su importancia?, ¿cuáles son sus características?, son algunos de los importantes temas que se abordarán en este capítulo y que consideramos que deben conocer todas las personas, máxime cuando es un factor o elemento que estamos recibiendo permanentemente y al mismo tiempo entregándolo en nuestras transacciones cotidianas, por más elementales que parezcan.","Qué es el dinero, cuál es su origen y su importancia, cuáles son sus características, estos son algunos de los temas que se abordan en este capítulo y que consideramos importantes. Sobre todo, cuando es un elemento que se recibe y entrega de manera permanente en nuestras transacciones cotidianas, por más elementales que estas parezcan.",Verónica,21.0,18.0,1.0,15.0,12.0,,,,,1,"[21, 18, 1, 15, 12]",5,21.0,Use of Complex Punctuation Marks,"['structural', 'reduction', 'lexical', 'morphosyntactic']",4,structural,61,4,0,0,0,r4plus,long,1,fam=structural | rules=r4plus | len=long | num=0 | lex=1,fam=structural | rules=r4plus | len=long
1876,7833_LibroBAC.pdf,Agregue cualquier otra fuente de ingreso ingresos por trabajos que usted hace fuera de las horas laborales.,"Agregue cualquier otra fuente de ingreso, por ejemplo, ingresos por trabajos que usted hace fuera de las horas laborales.",Verónica,21.0,4.0,,,,,,,,0,"[21, 4]",2,21.0,Use of Complex Punctuation Marks,"['structural', 'lexical']",2,structural,17,1,0,0,0,r2,medium,0,fam=structural | rules=r2 | len=medium | num=0 | lex=0,fam=structural | rules=r2 | len=medium
1877,7834_LibroBAC.pdf,"Incluya también pagos de fondos de mutuales, de intereses sobre los ahorros, bolsa de dinero, etc.","Incluya también pagos de fondos de mutuales, ingresos de intereses sobre los ahorros, pagos en bolsa de valores, etcétera.",Verónica,13.0,4.0,,,,,,,,0,"[13, 4]",2,13.0,"Abbreviations, Shortenings, Acronyms, and Initialisms",['lexical'],1,lexical,16,1,0,0,0,r2,medium,0,fam=lexical | rules=r2 | len=medium | num=0 | lex=0,fam=lexical | rules=r2 | len=medium
1881,7844_LibroBAC.pdf,"Deberá también incluir algunas categorías que con facilidad uno olvida, como el pago anual por salud o las visitas al doctor o las citas donde el odontólogo o las prescripciones para nuevas gafas, etc.","También incluya otras categorías que se suelen olvidar, como el pago anual por la salud, las visitas al doctor, las citas al odontólogo o la receta para unas nuevas gafas, etcétera.",Verónica,18.0,1.0,13.0,,,,,,,1,"[18, 1, 13]",3,18.0,Sentences of formal and aesthetic use,"['reduction', 'lexical']",2,reduction,34,1,0,0,0,r3,long,1,fam=reduction | rules=r3 | len=long | num=0 | lex=1,fam=reduction | rules=r3 | len=long
1884,7851_LibroBAC.pdf,"Estas, como atrás se dijo, son las sumas totales adeudadas a bancos o instituciones financieras por concepto de préstamos para compra de casa, vehículos o tarjetas de crédito y/o adquirir otro préstamo personal.","Deudas. Es la suma total que le debemos a los bancos o instituciones financieras por concepto de préstamos para compra de casa o vehículos, préstamos con tarjetas de crédito o préstamos personales.",Verónica,4.0,16.0,18.0,,,,,,,0,"[4, 16, 18]",3,4.0,Ambiguity in Word Meaning,"['lexical', 'reduction']",2,lexical,33,1,0,0,0,r3,long,0,fam=lexical | rules=r3 | len=long | num=0 | lex=0,fam=lexical | rules=r3 | len=long
1890,9121_LibroBAC.pdf,"Estos cálculos nos permiten conocer el valor de nuestros ahorros en un futuro (valor futuro), a partir de una inversión realizada en el presente.","Con estos cálculos conocemos el valor de nuestros ahorros en un futuro, es decir, el valor futuro, a partir de una inversión realizada en el presente.",Verónica,18.0,21.0,,,,,,,,0,"[18, 21]",2,18.0,Sentences of formal and aesthetic use,"['reduction', 'structural']",2,reduction,24,1,0,0,0,r2,medium,0,fam=reduction | rules=r2 | len=medium | num=0 | lex=0,fam=reduction | rules=r2 | len=medium
1897,9131_LibroBAC.pdf,"El método del VA responde a la siguiente pregunta: ¿Cuánto capital inicial tendría que invertir en mi inversión alternativa (el DP), para obtener los mismos $10,000 que me promete el proyecto Z?","El método del Valor Actual responde a la siguiente pregunta, ¿cuánto capital inicial tendría que invertir en mi inversión alternativa que es el Depósito a Plazo, para obtener los mismos diez mil dólares que ofrece el proyecto Z?",Verónica,13.0,14.0,21.0,,,,,,,0,"[13, 14, 21]",3,13.0,"Abbreviations, Shortenings, Acronyms, and Initialisms","['lexical', 'structural']",2,lexical,32,1,1,1,0,r3,long,0,fam=lexical | rules=r3 | len=long | num=1 | lex=0,fam=lexical | rules=r3 | len=long
1904,9148_LibroBAC.pdf,"Tomando en cuenta los siguientes pasos: a- Para empezar, necesitamos que el interés generado o valor futuro del DP en un período de año y medio, sea igual al valor futuro que tendrá el proyecto Z durante el mismo período de tiempo.","Tomar en cuenta los siguientes pasos. Para empezar, necesitamos que el interés generado o valor futuro del Depósito a Plazo, en un período de año y medio, sea igual al valor futuro que tendrá el proyecto Z durante el mismo período de tiempo.",Verónica,12.0,13.0,21.0,3.0,,,,,,0,"[12, 13, 21, 3]",4,12.0,Use of Gerund,"['morphosyntactic', 'lexical', 'structural', 'reduction']",4,morphosyntactic,42,1,0,0,0,r4plus,long,0,fam=morphosyntactic | rules=r4plus | len=long | num=0 | lex=0,fam=morphosyntactic | rules=r4plus | len=long
1912,9181_LibroBAC.pdf,"En realidad, el proyecto Z es $360.17 más barata que el DP, por lo que la recomendación es realizar el proyecto Z.",Identificar metas para ahorrar es un aspecto de gran importancia para la decisión financiera del ahorro.,Verónica,4.0,16.0,,,,,,,,0,"[4, 16]",2,4.0,Ambiguity in Word Meaning,"['lexical', 'reduction']",2,lexical,22,2,1,1,0,r2,medium,0,fam=lexical | rules=r2 | len=medium | num=1 | lex=0,fam=lexical | rules=r2 | len=medium
1913,9183_LibroBAC.pdf,"Este aspecto, como puede inferirse, es de gran importancia, en la decisión financiera del ahorro.","Una meta es un propósito, es algo que deseamos o necesitamos, esta se obtiene si seguimos ciertos pasos. Algunas veces hacemos sacrificios para cumplir las metas.",Verónica,9.0,12.0,15.0,,,,,,,0,"[9, 12, 15]",3,9.0,Subordinating Conjunctions,"['morphosyntactic', 'structural']",2,morphosyntactic,15,1,0,0,0,r3,medium,0,fam=morphosyntactic | rules=r3 | len=medium | num=0 | lex=0,fam=morphosyntactic | rules=r3 | len=medium
1919,9197_LibroBAC.pdf,"Realistas: Estimo manejar unas 3.5 horas para llegar a Puerto Limón, saliendo desde San José, y no: Quiero llegar en dos horas y media a Limón, saliendo desde San José.""","Realistas. Por ejemplo, tenemos una meta realista cuando estimamos manejar tres horas y media desde San José hasta Puerto Limón, mientras que no la tenemos cuando queremos llegar en dos horas y media desde San José a Limón.",Verónica,21.0,14.0,12.0,4.0,,,,,,0,"[21, 14, 12, 4]",4,21.0,Use of Complex Punctuation Marks,"['structural', 'morphosyntactic', 'lexical']",3,structural,30,3,1,0,0,r4plus,long,0,fam=structural | rules=r4plus | len=long | num=1 | lex=0,fam=structural | rules=r4plus | len=long
1920,9201_LibroBAC.pdf,"También es de mucha ayuda separar las metas en tres períodos de tiempo para los propósitos de planeamiento, y aun cuando esto ya se trató en el capítulo anterior, se reitera tan importante aspecto, centrados en el tema del presente y con la intención de reforzar el manejo del mismo:","También ayuda separar las metas en tres períodos de tiempo para cumplir con los propósitos planteados. Aunque este aspecto ya se trató en el capítulo anterior, reiteramos su importancia:",Verónica,18.0,21.0,4.0,,,,,,,0,"[18, 21, 4]",3,18.0,Sentences of formal and aesthetic use,"['reduction', 'structural', 'lexical']",3,reduction,50,1,0,0,0,r3,long,0,fam=reduction | rules=r3 | len=long | num=0 | lex=0,fam=reduction | rules=r3 | len=long
1921,9202_LibroBAC.pdf,"Metas a corto plazo: Estas son las cosas que usted quiere comprar dentro de uno a dos años, como una computadora nueva o unas vacaciones.","Metas a corto plazo. Estas son, por ejemplo, las cosas que queremos comprar dentro de uno a dos años, como una computadora nueva o unas vacaciones.",Verónica,21.0,18.0,,,,,,,,0,"[21, 18]",2,21.0,Use of Complex Punctuation Marks,"['structural', 'reduction']",2,structural,25,1,0,0,0,r2,long,0,fam=structural | rules=r2 | len=long | num=0 | lex=0,fam=structural | rules=r2 | len=long
1923,14393_LibroBAC.pdf,Los magnates miraban con cierta indignación maligna () todo grado de prosperidad e independencia que comenzaba a gozar la clase inferior de sus vasallos.,Los magnates miraban con indignación maligna todo grado de prosperidad e independencia que comenzaban a tener sus vasallos.,Verónica,21.0,18.0,4.0,,,,,,,0,"[21, 18, 4]",3,21.0,Use of Complex Punctuation Marks,"['structural', 'reduction', 'lexical']",3,structural,25,1,0,0,0,r3,long,0,fam=structural | rules=r3 | len=long | num=0 | lex=0,fam=structural | rules=r3 | len=long
1925,14397_LibroBAC.pdf,"Los abusos no nacen tanto de la naturaleza y tendencia del impuesto como de la falta de claridad, exactitud y distinción en las palabras de las leyes que lo impusieron.","Los abusos de un impuesto no están en su naturaleza y tendencia, sino en la falta de claridad y exactitud de las leyes que lo impusieron.",Verónica,18.0,4.0,,,,,,,,0,"[18, 4]",2,18.0,Sentences of formal and aesthetic use,"['reduction', 'lexical']",2,reduction,30,1,0,0,0,r2,long,0,fam=reduction | rules=r2 | len=long | num=0 | lex=0,fam=reduction | rules=r2 | len=long
1930,14409_LibroBAC.pdf,"Un intendente escribe al ministro diciendo, aunque figuren en todos los edictos, las declaraciones y acuerdos para establecer los impuestos, eso nunca ha impedido las excepciones.","Un intendente escribe al ministro y le dice, aunque figuren leyes en los edictos, las declaraciones y los acuerdos para establecer los impuestos, eso nunca ha impedido las excepciones.",Verónica,21.0,16.0,4.0,,,,,,,0,"[21, 16, 4]",3,21.0,Use of Complex Punctuation Marks,"['structural', 'reduction', 'lexical']",3,structural,26,1,0,0,0,r3,long,0,fam=structural | rules=r3 | len=long | num=0 | lex=0,fam=structural | rules=r3 | len=long
1936,14422_LibroBAC.pdf,No hay labrador honrado que esté cubierto de su ferocidad y voracidad.,Ningún labrador honrado se libra de su ferocidad y voracidad.,Verónica,4.0,18.0,,,,,,,,0,"[4, 18]",2,4.0,Ambiguity in Word Meaning,"['lexical', 'reduction']",2,lexical,12,1,0,0,0,r2,short,0,fam=lexical | rules=r2 | len=short | num=0 | lex=0,fam=lexical | rules=r2 | len=short
1941,14429_LibroBAC.pdf,"En cambio, aunque desaparecieran todos los privilegios y quedara únicamente el privilegio fiscal, bastaría esta desigualdad para mantener separadas las clases, ya que nunca podrían reunirse para discutir y decidir los asuntos que más les interesan y los que con mayor frecuencia se suscitan.","Pero si desaparecen todos los privilegios y solo queda el privilegio fiscal, bastaría esta desigualdad para mantener separadas las clases. Estas nunca podrían reunirse para discutir y decidir los asuntos que más se presentan y que más les interesan.",Verónica,8.0,18.0,1.0,,,,,,,1,"[8, 18, 1]",3,8.0,Conjunctions,"['morphosyntactic', 'reduction', 'lexical']",3,morphosyntactic,44,1,0,0,0,r3,long,1,fam=morphosyntactic | rules=r3 | len=long | num=0 | lex=1,fam=morphosyntactic | rules=r3 | len=long
1942,14430a_LibroBAC.pdf,"Cuando empecé a estudiar las leyes fiscales (dice Mollien en sus Memorias) me horroricé de lo que veía: multas, prisiones, castigos corporales al arbitrio de tribunales especiales; los delegados tenían en sus manos a personas y bienes.","Mollien dice en su texto titulado Memorias, cuando empecé a estudiar las leyes fiscales me asusté de lo que veía, multas, personas en prisión, castigos corporales que sentenciaban los tribunales especiales, los delegados tenían el control de lo que sucedía con las personas y sus bienes.",Verónica,18.0,21.0,1.0,4.0,2.0,,,,,1,"[18, 21, 1, 4, 2]",5,18.0,Sentences of formal and aesthetic use,"['reduction', 'structural', 'lexical']",3,reduction,37,1,0,0,0,r4plus,long,1,fam=reduction | rules=r4plus | len=long | num=0 | lex=1,fam=reduction | rules=r4plus | len=long
1944,14434_LibroBAC.pdf,"Cuando se visita a los norteamericanos y se estudian sus leyes, se ve que la autoridad que han dado a los legistas y la influencia que les han dejado tener en el gobierno, forman hoy la más poderosa barrera contra los desvíos de la democracia.","Cuando visitamos a los norteamericanos y estudiamos sus leyes, vemos que la autoridad de los legisladores y su influencia en los asuntos del gobierno, forman parte de la poderosa barrera contra los desvíos de la democracia.",Verónica,18.0,1.0,,,,,,,,1,"[18, 1]",2,18.0,Sentences of formal and aesthetic use,"['reduction', 'lexical']",2,reduction,45,1,0,0,0,r2,long,1,fam=reduction | rules=r2 | len=long | num=0 | lex=1,fam=reduction | rules=r2 | len=long
1945,14436_LibroBAC.pdf,Los hombres no llegan a las funciones más que por azar y no tienen ninguna seguridad de mantenerse en ellas.,Las personas llegan a las funciones públicas solo por circunstancias y no tienen ninguna seguridad de mantenerse en ellas.,Verónica,4.0,18.0,,,,,,,,0,"[4, 18]",2,4.0,Ambiguity in Word Meaning,"['lexical', 'reduction']",2,lexical,20,1,0,0,0,r2,medium,0,fam=lexical | rules=r2 | len=medium | num=0 | lex=0,fam=lexical | rules=r2 | len=medium
1951,14445_LibroBAC.pdf,"Toda persona que sea ordenada y se haya encaminado o se encamine a una administración adecuada de sus finanzas personales que implican también muchas veces las finanzas familiares, debe conocer y estar atenta al comportamiento de los impuestos, especialmente de aquellos que debe atender permanente y periódicamente o de aquéllos que ocasionalmente pudieran presentarse por gestiones en su actividad financiera.","Toda persona ordenada y encaminada hacia una administración adecuada de sus finanzas personales y familiares debe conocer el tema de los impuestos y estar atenta a ellos, especialmente, a aquellos que debe pagar de manera permanente o aquellos que se presentan de forma ocasional en las gestiones de su actividad financiera.",Verónica,18.0,5.0,4.0,6.0,,,,,,0,"[18, 5, 4, 6]",4,18.0,Sentences of formal and aesthetic use,"['reduction', 'lexical']",2,reduction,60,1,0,0,0,r4plus,long,0,fam=reduction | rules=r4plus | len=long | num=0 | lex=0,fam=reduction | rules=r4plus | len=long
1955,14452_LibroBAC.pdf,"Al pagar los impuestos, utilizar el medio de pago que además de seguridad no le signifique ningún recargo económico, por ejemplo, por el pago en cheque o con tarjeta.","Segundo. Al pagar los impuestos, utilizar el medio de pago más seguro y que no le genere ningún recargo económico, por ejemplo, con el pago en cheque o con tarjeta.",Verónica,19.0,18.0,4.0,,,,,,,0,"[19, 18, 4]",3,19.0,Sentence Order,"['structural', 'reduction', 'lexical']",3,structural,29,1,0,0,0,r3,long,0,fam=structural | rules=r3 | len=long | num=0 | lex=0,fam=structural | rules=r3 | len=long
1956,14456_LibroBAC.pdf,"Si algo no tiene claro sobre sus impuestos, aclare primero todo lo pertinente sobre ellos, antes de tomar cualquier decisión.","Cuarto. Si no tiene algún aspecto claro sobre sus impuestos, aclare primero todo lo relacionado con ellos antes de tomar cualquier decisión.",Verónica,19.0,4.0,,,,,,,,0,"[19, 4]",2,19.0,Sentence Order,"['structural', 'lexical']",2,structural,20,1,0,0,0,r2,medium,0,fam=structural | rules=r2 | len=medium | num=0 | lex=0,fam=structural | rules=r2 | len=medium
1957,14457_LibroBAC.pdf,En caso de que no pueda obtener la claridad deseada o requerida busque asesoría.,Si no obtiene la aclaración deseada o requerida busque asesoría.,Verónica,18.0,4.0,,,,,,,,0,"[18, 4]",2,18.0,Sentences of formal and aesthetic use,"['reduction', 'lexical']",2,reduction,14,1,0,0,0,r2,medium,0,fam=reduction | rules=r2 | len=medium | num=0 | lex=0,fam=reduction | rules=r2 | len=medium
1958,14459_LibroBAC.pdf,Mantenga bien archivados sus recibos o constancias de pago de sus impuestos y no los pierda ya que pueden ser muy útiles en algún momento.,Quinto. Guardar bien los recibos o las constancias de pago de sus impuestos porque pueden ser útiles en algún momento.,Verónica,18.0,4.0,5.0,,,,,,,0,"[18, 4, 5]",3,18.0,Sentences of formal and aesthetic use,"['reduction', 'lexical']",2,reduction,25,1,0,0,0,r3,long,0,fam=reduction | rules=r3 | len=long | num=0 | lex=0,fam=reduction | rules=r3 | len=long
1959,14461a_LibroBAC.pdf,"Cuando haga la planeación financiera del año, considere muy especialmente el pago de los impuestos, procurando no tener ningún olvido u omisión sobre ellos y saber cómo y en qué momento afectarán las finanzas para tomar las previsiones debidas sobre ello.","Sexto. Cuando haga la planeación financiera del año, considere el pago de los impuestos y procure no olvidar algún aspecto respecto a ellos. Revise cómo y en qué momento los impuestos afectarán sus finanzas para tomar las precauciones necesarias.",Verónica,5.0,12.0,18.0,15.0,4.0,,,,,0,"[5, 12, 18, 15, 4]",5,5.0,Unnecessary Words,"['reduction', 'morphosyntactic', 'structural', 'lexical']",4,reduction,41,1,0,0,0,r4plus,long,0,fam=reduction | rules=r4plus | len=long | num=0 | lex=0,fam=reduction | rules=r4plus | len=long
1961,14463_LibroBAC.pdf,"El impuesto es una cuota involuntaria que deben pagar al Estado los individuos mayores, las empresas y las organizaciones, por diferentes medios de pago, según las posibilidades del contribuyente.","El impuesto es una cuota obligatoria que le pagan al Estado los individuos mayores de edad, las empresas y las organizaciones. Estos impuestos se cancelan por diferentes medios de pago, según las posibilidades del contribuyente.",Verónica,1.0,18.0,4.0,15.0,,,,,,1,"[1, 18, 4, 15]",4,1.0,Word Frequency,"['lexical', 'reduction', 'structural']",3,lexical,29,1,0,0,0,r4plus,long,1,fam=lexical | rules=r4plus | len=long | num=0 | lex=1,fam=lexical | rules=r4plus | len=long
1964,14467_LibroBAC.pdf,"Los impuestos, y por ende la tributación, tienen orígenes remotos en la cultura o desarrollo de la sociedad humana, pero es en la Edad Media, en el Feudalismo, donde se perfilan numerosos impuestos que proyectan su presencia, con algunas de sus características, a los impuestos contemporáneos.","Los impuestos y su tributación tienen orígenes remotos en el desarrollo de la sociedad humana. En la Edad Media, en el Feudalismo, es donde se presentan numerosos impuestos, algunas características de estos se reflejan en los impuestos contemporáneos.",Verónica,18.0,19.0,4.0,15.0,,,,,,0,"[18, 19, 4, 15]",4,18.0,Sentences of formal and aesthetic use,"['reduction', 'structural', 'lexical']",3,reduction,46,1,0,0,0,r4plus,long,0,fam=reduction | rules=r4plus | len=long | num=0 | lex=0,fam=reduction | rules=r4plus | len=long
1968,14473_LibroBAC.pdf,"Los impuestos, por otra parte, en Centroamérica, tienen muchas similitudes con los de los demás países latinoamericanos y quizás de muchos otros países del mundo por razones históricas, antropológicas, sociológicas y económicas, entre otras.","En Centroamérica, los impuestos tienen muchas similitudes con los impuestos de los demás países latinoamericanos y quizás de otros países del mundo. Estas similitudes se dan por razones históricas, antropológicas, sociológicas y económicas.",Verónica,16.0,18.0,15.0,,,,,,,0,"[16, 18, 15]",3,16.0,Parenthetical Phrases,"['reduction', 'structural']",2,reduction,34,1,0,0,0,r3,long,0,fam=reduction | rules=r3 | len=long | num=0 | lex=0,fam=reduction | rules=r3 | len=long
1974,957_LibroNEFE_Sincopyright.pdf,Al crear un fondo de emergencia recuerda estos puntos:,Al crear un fondo de emergencia recuerde estos puntos:,Verónica,18.0,21.0,,,,,,,,0,"[18, 21]",2,18.0,Sentences of formal and aesthetic use,"['reduction', 'structural']",2,reduction,9,1,0,0,0,r2,short,0,fam=reduction | rules=r2 | len=short | num=0 | lex=0,fam=reduction | rules=r2 | len=short
1976,962_LibroNEFE_Sincopyright.pdf,"Usa el dinero solo para emergencias reales, como gastos médicos imprevistos.","Utilice el dinero solo para emergencias reales, como gastos médicos de emergencia.",Verónica,18.0,4.0,,,,,,,,0,"[18, 4]",2,18.0,Sentences of formal and aesthetic use,"['reduction', 'lexical']",2,reduction,11,1,0,0,0,r2,short,0,fam=reduction | rules=r2 | len=short | num=0 | lex=0,fam=reduction | rules=r2 | len=short
1978,971_LibroNEFE_Sincopyright.pdf,"Independientemente de lo que sueñes para tu jubilación, una buena idea es comenzar a planificar, y también invertir, ahora para ese momento.",Es una buena idea comenzar a planificar el momento de la jubilación e invertir desde ahora para ello.,Verónica,5.0,18.0,19.0,,,,,,,0,"[5, 18, 19]",3,5.0,Unnecessary Words,"['reduction', 'structural']",2,reduction,22,1,0,0,0,r3,medium,0,fam=reduction | rules=r3 | len=medium | num=0 | lex=0,fam=reduction | rules=r3 | len=medium
1980,974_LibroNEFE_Sincopyright.pdf,"Por ejemplo, tu empleador, si se lo pides, puede transferir una parte de tu salario directamente a tu cuenta de ahorros para la jubilación.","Por ejemplo, le puede pedir a su empleador que transfiera directamente una parte de su salario a su cuenta de ahorros para la jubilación.",Verónica,18.0,19.0,,,,,,,,0,"[18, 19]",2,18.0,Sentences of formal and aesthetic use,"['reduction', 'structural']",2,reduction,24,1,0,0,0,r2,medium,0,fam=reduction | rules=r2 | len=medium | num=0 | lex=0,fam=reduction | rules=r2 | len=medium
1983,980_LibroNEFE_Sincopyright.pdf,"Asegúrate de preguntar por los costos, como los cargos anuales y los cargos por venta, antes de abrir una cuenta de ahorro jubilatorio.","Asegúrese de preguntar por los costos, como los cargos anuales y los cargos por venta, antes de abrir una cuenta de ahorro de jubilación.",Verónica,18.0,1.0,,,,,,,,1,"[18, 1]",2,18.0,Sentences of formal and aesthetic use,"['reduction', 'lexical']",2,reduction,23,1,0,0,0,r2,medium,1,fam=reduction | rules=r2 | len=medium | num=0 | lex=1,fam=reduction | rules=r2 | len=medium
1986,985_LibroNEFE_Sincopyright.pdf,"Puedes consultarla por Internet en www.ebri.org, en inglés (escribe R3 en el campo de búsqueda de la parte superior).","Puede consultar la calificación por Internet, ingrese a la página doble u, doble u, doble u, punto, ebri, punto, o ere ge y escriba R3 en el campo de búsqueda de la parte superior.",Verónica,21.0,5.0,3.0,,,,,,,0,"[21, 5, 3]",3,21.0,Use of Complex Punctuation Marks,"['structural', 'reduction']",2,structural,19,3,1,0,0,r3,medium,0,fam=structural | rules=r3 | len=medium | num=1 | lex=0,fam=structural | rules=r3 | len=medium
1987,989_LibroNEFE_Sincopyright.pdf,Visita www.ssa.gov (en inglés) y haz clic en Retirement (jubilación) para averiguar qué ingresos del Seguro Social puedes esperar o crea una cuenta para tener una estimación personalizada del beneficio.,"Visite la página web en inglés doble u, doble u, doble u, punto, ese ese a, punto, ge o uve y haga clic en Retirement que significa jubilación. En esta opción averigua qué ingresos del Seguro Social puede esperar. También puede crear una cuenta en la página para tener una estimación personalizada del beneficio.",Verónica,18.0,21.0,3.0,15.0,,,,,,0,"[18, 21, 3, 15]",4,18.0,Sentences of formal and aesthetic use,"['reduction', 'structural']",2,reduction,30,3,0,0,0,r4plus,long,0,fam=reduction | rules=r4plus | len=long | num=0 | lex=0,fam=reduction | rules=r4plus | len=long
1990,1002_LibroNEFE_Sincopyright.pdf,"El dinero que colocas en una cuenta personal de jubilación con frecuencia se puede deducir de tus ingresos gravables, lo que te permite pagar menos en impuestos cada año.","El dinero que se coloca en una cuenta personal de jubilación con frecuencia se puede deducir de sus ingresos gravables, esto le permite pagar menos en impuestos cada año.",Verónica,18.0,9.0,,,,,,,,0,"[18, 9]",2,18.0,Sentences of formal and aesthetic use,"['reduction', 'morphosyntactic']",2,reduction,29,1,0,0,0,r2,long,0,fam=reduction | rules=r2 | len=long | num=0 | lex=0,fam=reduction | rules=r2 | len=long
2004,1029_LibroNEFE_Sincopyright.pdf,"Por ejemplo, un empleador podría aportar entre el 25 y el 50 por ciento por cada dólar (entre 25 y 50 centavos) que aportas al plan.","Por ejemplo, un empleador podría aportar entre el veinticinco y el cincuenta por ciento por cada dólar que usted aporta al plan, es decir, entre veinticinco y el cincuenta centavos.",Verónica,18.0,21.0,14.0,,,,,,,0,"[18, 21, 14]",3,18.0,Sentences of formal and aesthetic use,"['reduction', 'structural']",2,reduction,26,1,1,1,1,r3,long,0,fam=reduction | rules=r3 | len=long | num=1 | lex=0,fam=reduction | rules=r3 | len=long
2008,1035_LibroNEFE_Sincopyright.pdf,"El dinero que aportas a un plan 401(k) generalmente se puede invertir en una variedad de inversiones, que van desde inversiones razonablemente seguras a otras muy riesgosas.","El dinero aportado a un plan cuatrocientos uno k generalmente se puede invertir en una variedad de inversiones, estas van desde inversiones seguras a otras muy riesgosas.",Verónica,17.0,21.0,14.0,,,,,,,0,"[17, 21, 14]",3,17.0,Relative Clauses,['structural'],1,structural,27,1,1,0,0,r3,long,0,fam=structural | rules=r3 | len=long | num=1 | lex=0,fam=structural | rules=r3 | len=long
2010,1037_LibroNEFE_Sincopyright.pdf,"Es cierto que algunas cuentas 401(k) te permiten pedir dinero prestado, pero hacerlo enlentece el ritmo de crecimiento de la cuenta.","Es cierto que algunas cuentas cuatrocientos uno k le permiten pedir dinero prestado, pero hacer esto retrasa el ritmo de crecimiento de la cuenta.",Verónica,18.0,14.0,21.0,1.0,,,,,,1,"[18, 14, 21, 1]",4,18.0,Sentences of formal and aesthetic use,"['reduction', 'structural', 'lexical']",3,reduction,21,1,1,0,0,r4plus,medium,1,fam=reduction | rules=r4plus | len=medium | num=1 | lex=1,fam=reduction | rules=r4plus | len=medium
2019,1051_LibroNEFE_Sincopyright.pdf,Existen límites sobre la cantidad que puedes aportar cada año.,Existen límites sobre la cantidad de dinero que puede aportar cada año.,Verónica,4.0,18.0,,,,,,,,0,"[4, 18]",2,4.0,Ambiguity in Word Meaning,"['lexical', 'reduction']",2,lexical,10,1,0,0,0,r2,short,0,fam=lexical | rules=r2 | len=short | num=0 | lex=0,fam=lexical | rules=r2 | len=short
2027,17813_LibroBAC.pdf,Seguridad financiera: Consiste en cumplir con las necesidades que se presentan en el futuro de las personas y al mismo tiempo cumplir con las obligaciones diarias.,"Seguridad financiera, consiste en cumplir con las necesidades económicas que se presentan en el futuro de las personas y también cumplir con las obligaciones financieras diarias.",Verónica,21.0,18.0,4.0,,,,,,,0,"[21, 18, 4]",3,21.0,Use of Complex Punctuation Marks,"['structural', 'reduction', 'lexical']",3,structural,26,1,0,0,0,r3,long,0,fam=structural | rules=r3 | len=long | num=0 | lex=0,fam=structural | rules=r3 | len=long
2029,17817_LibroBAC.pdf,Simbiótica: Perteneciente o relativo a la simbiosis. Que se dan unidos y participan de la misma vida.,"Simbiótica, perteneciente o relativo a la simbiosis, sucede cuando dos elementos interactúan unidos y participan de la misma vida.",Verónica,21.0,4.0,,,,,,,,0,"[21, 4]",2,21.0,Use of Complex Punctuation Marks,"['structural', 'lexical']",2,structural,17,2,0,0,0,r2,medium,0,fam=structural | rules=r2 | len=medium | num=0 | lex=0,fam=structural | rules=r2 | len=medium
2031,17823_LibroBAC.pdf,"Sistema Bursátil: Comprende las bolsas de valores, los puestos de bolsa, los agentes de bolsa, los emisores, los inversionistas, la central de valores y las diferentes instituciones públicas y privadas de cada país que tengan que ver con el asunto.","Sistema Bursátil, comprende las bolsas de valores, los puestos de bolsa, los agentes de bolsa, los emisores, los inversionistas, la central de valores y las diferentes instituciones públicas y privadas de cada país que están dentro de este sistema.",Verónica,21.0,4.0,,,,,,,,0,"[21, 4]",2,21.0,Use of Complex Punctuation Marks,"['structural', 'lexical']",2,structural,40,1,0,0,0,r2,long,0,fam=structural | rules=r2 | len=long | num=0 | lex=0,fam=structural | rules=r2 | len=long
2032,17825_LibroBAC.pdf,Sistema económico: Forma de organización social y económica que los países adoptan en la solución del problema económico.,"Sistema económico, forma de organización social y económica que los países ponen en práctica para la solución del problema económico.",Verónica,21.0,4.0,,,,,,,,0,"[21, 4]",2,21.0,Use of Complex Punctuation Marks,"['structural', 'lexical']",2,structural,18,1,0,0,0,r2,medium,0,fam=structural | rules=r2 | len=medium | num=0 | lex=0,fam=structural | rules=r2 | len=medium
2034,17829_LibroBAC.pdf,"Sociedades de inversión: Instituciones financieras que administran las inversiones de los accionistas en cuanto a valores mobiliarios e inmobiliarios, ofrecen una diversidad de instrumentos de inversión que son administrados por especialistas.","Sociedades de inversión, son instituciones financieras que administran las inversiones de los accionistas en cuanto a valores mobiliarios e inmobiliarios, estas ofrecen una diversidad de instrumentos de inversión que son administrados por especialistas.",Verónica,21.0,18.0,,,,,,,,0,"[21, 18]",2,21.0,Use of Complex Punctuation Marks,"['structural', 'reduction']",2,structural,31,1,0,0,0,r2,long,0,fam=structural | rules=r2 | len=long | num=0 | lex=0,fam=structural | rules=r2 | len=long
2036,17836_LibroBAC.pdf,Suntuoso: Grande y costoso. Dicho de una persona: magnífica en su gasto y porte.,"Suntuoso, significa grande y costoso. Dicho de una persona que es magnífica en su gasto y apariencia.",Verónica,21.0,18.0,4.0,,,,,,,0,"[21, 18, 4]",3,21.0,Use of Complex Punctuation Marks,"['structural', 'reduction', 'lexical']",3,structural,14,2,0,0,0,r3,medium,0,fam=structural | rules=r3 | len=medium | num=0 | lex=0,fam=structural | rules=r3 | len=medium
2041,17855_LibroBAC.pdf,"Tiempo en la Inversión: Los resultados en una inversión pueden ser diferentes cuando se relacionan con la rentabilidad y los factores de seguridad. Tener una rentabilidad mayor en el menor plazo posible, para contar con una mayor seguridad por el tiempo corto de la inversión. Esto significa que entre dos o más inversiones iguales en rentabilidad y seguridad es mucho mejor cuanto más corta sea la duración de la inversión.","Tiempo en la Inversión, los resultados en una inversión son diferentes cuando se relacionan con la rentabilidad y los factores de seguridad. Tener una rentabilidad mayor en el menor plazo posible sirve para contar con una mayor seguridad por el tiempo corto de la inversión. Esto significa que entre dos o más inversiones iguales en rentabilidad y seguridad es mucho mejor que la duración de la inversión sea más corta.",Verónica,21.0,18.0,,,,,,,,0,"[21, 18]",2,21.0,Use of Complex Punctuation Marks,"['structural', 'reduction']",2,structural,70,3,0,0,0,r2,long,0,fam=structural | rules=r2 | len=long | num=0 | lex=0,fam=structural | rules=r2 | len=long
2044,17871_LibroBAC.pdf,Utilidad (ganancia): Sinónimo de ganancia. Es la medida de un excedente entre los ingresos y los costos expresados en alguna unidad monetaria. Representa el monto que se gana.,"Utilidad, es sinónimo de ganancia. Es la cantidad que sobra entre los ingresos y los costos expresados en alguna unidad monetaria. La utilidad representa el monto de la ganancia.",Verónica,21.0,18.0,4.0,,,,,,,0,"[21, 18, 4]",3,21.0,Use of Complex Punctuation Marks,"['structural', 'reduction', 'lexical']",3,structural,28,3,0,0,0,r3,long,0,fam=structural | rules=r3 | len=long | num=0 | lex=0,fam=structural | rules=r3 | len=long
2045,17875_LibroBAC.pdf,Utilidad de forma: Consiste en mejorar o aumentar la capacidad que tenga un producto para producir bienestar al cambiar su forma o apariencia.,"Utilidad de forma, consiste en mejorar o aumentar la capacidad de un producto para producir bienestar al cambiar su forma o apariencia.",Verónica,21.0,18.0,,,,,,,,0,"[21, 18]",2,21.0,Use of Complex Punctuation Marks,"['structural', 'reduction']",2,structural,23,1,0,0,0,r2,medium,0,fam=structural | rules=r2 | len=medium | num=0 | lex=0,fam=structural | rules=r2 | len=medium
2049,17887_LibroBAC.pdf,Valor de uso: Es una propiedad o característica de una mercancía centrada en el uso o utilidad que ella misma tiene para satisfacer una necesidad.,"Valor de uso, es la característica de una mercancía centrada en el uso o utilidad que ella tiene para satisfacer una necesidad.",Verónica,21.0,18.0,,,,,,,,0,"[21, 18]",2,21.0,Use of Complex Punctuation Marks,"['structural', 'reduction']",2,structural,25,1,0,0,0,r2,long,0,fam=structural | rules=r2 | len=long | num=0 | lex=0,fam=structural | rules=r2 | len=long
2051,17892_LibroBAC.pdf,"Virtual: Que tiene virtud para producir un efecto, aunque no lo produce de presente, frecuentemente en oposición a efectivo o real. Implícito, tácito. Que tiene existencia aparente y no real.","Virtual, es algo que tiene virtud para producir un efecto, frecuentemente, en oposición a lo efectivo o real. Lo virtual se refiere a algo implícito, que tiene existencia aparente y no real.",Verónica,21.0,18.0,16.0,4.0,,,,,,0,"[21, 18, 16, 4]",4,21.0,Use of Complex Punctuation Marks,"['structural', 'reduction', 'lexical']",3,structural,30,3,0,0,0,r4plus,long,0,fam=structural | rules=r4plus | len=long | num=0 | lex=0,fam=structural | rules=r4plus | len=long
2054,15_LibroBAC.pdf,Podemos ayudar a los que amamos y garantizar a nuestros hijos mejores oportunidades,Podemos ayudar a quienes amamos y garantizar mejores oportunidades a nuestros hijos...,Vivian,9.0,19.0,,,,,,,,0,"[9, 19]",2,9.0,Subordinating Conjunctions,"['morphosyntactic', 'structural']",2,morphosyntactic,13,1,0,0,0,r2,medium,0,fam=morphosyntactic | rules=r2 | len=medium | num=0 | lex=0,fam=morphosyntactic | rules=r2 | len=medium
2059,35_LibroBAC.pdf,Y son estos aspectos los que determinan qué tan prósperos somos en nuestra vida.,Y son estos aspectos que determinan cuan prósperos somos en nuestra vida.,Vivian,9.0,15.0,,,,,,,,0,"[9, 15]",2,9.0,Subordinating Conjunctions,"['morphosyntactic', 'structural']",2,morphosyntactic,14,1,0,0,0,r2,medium,0,fam=morphosyntactic | rules=r2 | len=medium | num=0 | lex=0,fam=morphosyntactic | rules=r2 | len=medium
2062,42_LibroBAC.pdf,"Moré señala, y esto nos parece relevante aquí, que: El ser humano posee varias razones para conocer de finanzas, aunque no sea especialista y con mucha mayor razón si lo es, entre las cuales se puede mencionar la necesidad de administrar los recursos propios para que no se cumpla el viejo refrán que dice que el tonto y el dinero pronto se separan.","Moré dice que el ser humano posee varias razones para conocer de finanzas, como la necesidad de administrar los recursos propios.",Vivian,21.0,5.0,16.0,,,,,,,0,"[21, 5, 16]",3,21.0,Use of Complex Punctuation Marks,"['structural', 'reduction']",2,structural,63,1,0,0,0,r3,long,0,fam=structural | rules=r3 | len=long | num=0 | lex=0,fam=structural | rules=r3 | len=long
2064,46_LibroBAC.pdf,"La cuarta razón puede ser para tomar decisiones argumentadas en asuntos públicos como ciudadano, para lo cual es vital comprender el sistema financiero básico en la infraestructura de las sociedades capitalistas, siempre orientadas al mercadeo.","La cuarta razón es para tomar decisiones argumentadas en asuntos públicos. Para ello, es vital comprender el sistema financiero básico en la infraestructura de las sociedades capitalistas orientadas al mercadeo.",Vivian,5.0,15.0,,,,,,,,0,"[5, 15]",2,5.0,Unnecessary Words,"['reduction', 'structural']",2,reduction,35,1,0,0,0,r2,long,0,fam=reduction | rules=r2 | len=long | num=0 | lex=0,fam=reduction | rules=r2 | len=long
2065,47_LibroBAC.pdf,"La última, pero no menos importante razón, puede ser encontrar un fascinante campo de acción intelectual para comprender el mundo real.",La última es encontrar un campo de acción intelectual para comprender el mundo real.,Vivian,5.0,16.0,,,,,,,,0,"[5, 16]",2,5.0,Unnecessary Words,['reduction'],1,reduction,21,1,0,0,0,r2,medium,0,fam=reduction | rules=r2 | len=medium | num=0 | lex=0,fam=reduction | rules=r2 | len=medium
2082,837_LibroBAC.pdf,"Por lo tanto, una de las definiciones de riqueza con las que más nos identificamos es la cantidad de tiempo que usted pasar sin disminuir su calidad de vida si su fuente lineal de ingresos desaparece.","Por lo tanto, nos identificamos con el concepto de riqueza definido como el tiempo que usted pasa sin disminuir su calidad de vida cuando su fuente lineal de ingresos desaparece es la definición de riqueza.",Vivian,5.0,15.0,19.0,,,,,,,0,"[5, 15, 19]",3,5.0,Unnecessary Words,"['reduction', 'structural']",2,reduction,36,1,0,0,0,r3,long,0,fam=reduction | rules=r3 | len=long | num=0 | lex=0,fam=reduction | rules=r3 | len=long
2090,1874_LibroBAC.pdf,Los hombres se dedicaban preferentemente a la caza y confeccionaban los utensilios de piedra.,Los hombres se dedicaban a la caza y hacían las herramientas de piedra.,Vivian,5.0,1.0,2.0,,,,,,,1,"[5, 1, 2]",3,5.0,Unnecessary Words,"['reduction', 'lexical']",2,reduction,14,1,0,0,0,r3,medium,1,fam=reduction | rules=r3 | len=medium | num=0 | lex=1,fam=reduction | rules=r3 | len=medium
2095,1903_LibroBAC.pdf,"En 1971, Maslow agregó a su jerarquía de necesidades dos clases más: necesidad de saber y comprender y las necesidades estéticas.","En mil novecientos setenta y uno, Maslow agregó dos clases más a su jerarquía de necesidades: necesidad de saber y comprender y las necesidades estéticas.",Vivian,19.0,14.0,,,,,,,,0,"[19, 14]",2,19.0,Sentence Order,['structural'],1,structural,21,1,1,0,0,r2,medium,0,fam=structural | rules=r2 | len=medium | num=1 | lex=0,fam=structural | rules=r2 | len=medium
2096,1905_LibroBAC.pdf,"Estas necesidades serían derivaciones de las necesidades básicas, expresándose las primeras, en la forma de deseo de saber la causa de las cosas y de encontrarse pasivo frente al mundo.",Estas necesidades se derivan de las necesidades básicas. Las primeras se expresan como deseo de saber la causa de las cosas y de encontrarse pasivo frente al mundo.,Vivian,6.0,15.0,99.0,,,,,,,0,"[6, 15, 99]",3,6.0,Complex Phrases,"['lexical', 'structural', 'unknown']",3,lexical,30,1,0,0,0,r3,long,0,fam=lexical | rules=r3 | len=long | num=0 | lex=0,fam=lexical | rules=r3 | len=long
2097,1906_LibroBAC.pdf,"Se basan en la necesidad que tiene el ser humano por saber y descubrir cosas nuevas y de las que ya lo rodean en el mundo, así como también de explorar lo desconocido.",Se basan en la necesidad del ser humano por descubrir las cosas que lo rodean y de explorar lo desconocido.,Vivian,17.0,5.0,,,,,,,,0,"[17, 5]",2,17.0,Relative Clauses,"['structural', 'reduction']",2,structural,33,1,0,0,0,r2,long,0,fam=structural | rules=r2 | len=long | num=0 | lex=0,fam=structural | rules=r2 | len=long
2101,1911_LibroBAC.pdf,"Los bienes y servicios utilizados por las personas o la sociedad para satisfacer sus necesidades se denominan satisfactores o productos, o simplemente bienes.","Los bienes y servicios utilizados por las personas para satisfacer sus necesidades se llaman satisfactores, productos o bienes.",Vivian,5.0,1.0,99.0,,,,,,,1,"[5, 1, 99]",3,5.0,Unnecessary Words,"['reduction', 'lexical', 'unknown']",3,reduction,23,1,0,0,0,r3,medium,1,fam=reduction | rules=r3 | len=medium | num=0 | lex=1,fam=reduction | rules=r3 | len=medium
2103,1925_LibroBAC.pdf,Nuestro futuro depende no sólo de nuestra capacidad sino también de cómo influyan en los salarios algunas fuerzas que no controlamos.,Nuestro futuro depende de nuestra capacidad y de cómo influyan en los salarios algunas fuerzas que no controlamos.,Vivian,8.0,,,,,,,,,0,[8],1,8.0,Conjunctions,['morphosyntactic'],1,morphosyntactic,21,1,0,0,0,r1,medium,0,fam=morphosyntactic | rules=r1 | len=medium | num=0 | lex=0,fam=morphosyntactic | rules=r1 | len=medium
2104,1926_LibroBAC.pdf,"La economía puede ayudarnos, además, a invertir los ingresos que hemos ahorrado y también muy importante, a preparar nuestro futuro y el de la familia.",La economía nos puede ayudar a invertir los ingresos ahorrados y a preparar nuestro futuro y de la familia.,Vivian,16.0,17.0,5.0,,,,,,,0,"[16, 17, 5]",3,16.0,Parenthetical Phrases,"['reduction', 'structural']",2,reduction,25,1,0,0,0,r3,long,0,fam=reduction | rules=r3 | len=long | num=0 | lex=0,fam=reduction | rules=r3 | len=long
2105,1928_LibroBAC.pdf,"Así es como algunos hablan de una definición etimológica, en el sentido de que la economía fue definida primigeniamente como proveniente de un antiguo vocablo griego que significaba administración del hogar, de la casa o de la comunidad doméstica, derivando el concepto del griego oikos, que es casa u hogar y nomos: ley.","Algunos definieron la economía como proveniente de una antigua palabra griega que significaba administración del hogar o de la casa. Luego, del concepto del griego oikos que es casa u hogar y nomos que es ley.",Vivian,1.0,4.0,12.0,5.0,15.0,18.0,,,,1,"[1, 4, 12, 5, 15, 18]",6,1.0,Word Frequency,"['lexical', 'morphosyntactic', 'reduction', 'structural']",4,lexical,53,1,0,0,0,r4plus,long,1,fam=lexical | rules=r4plus | len=long | num=0 | lex=1,fam=lexical | rules=r4plus | len=long
2113,13_LibroNEFE_Sincopyright.pdf,"Tomar mejores decisiones sobre tus gastos te ayudará a liberar dinero, que podrás ahorrar y destinar al cumplimiento de tus metas.","Tomar mejores decisiones sobre tus gastos te ayudará a liberar dinero. Por ello, podrás ahorrar para el cumplimiento de tus metas.",Vivian,17.0,5.0,,,,,,,,0,"[17, 5]",2,17.0,Relative Clauses,"['structural', 'reduction']",2,structural,21,1,0,0,0,r2,medium,0,fam=structural | rules=r2 | len=medium | num=0 | lex=0,fam=structural | rules=r2 | len=medium
2114,15_LibroNEFE_Sincopyright.pdf,"Si has intentado recortar tus gastos una y otra vez, pero no lo lograste, podría ser útil que analices qué te incentiva a comprar cosas.","Si intentaste recortar tus gastos sin lograrlo, podrías analizar qué te incentiva a comprar cosas.",Vivian,5.0,15.0,10.0,,,,,,,0,"[5, 15, 10]",3,5.0,Unnecessary Words,"['reduction', 'structural', 'morphosyntactic']",3,reduction,25,1,0,0,0,r3,long,0,fam=reduction | rules=r3 | len=long | num=0 | lex=0,fam=reduction | rules=r3 | len=long
2120,43_LibroNEFE_Sincopyright.pdf,"Al concentrarte en el bienestar financiero, el centro de atención se mantiene puesto en ti y en tus necesidades financieras, y no en las posesiones materiales.","Al concentrarte en el bienestar financiero, la atención se mantiene en ti, en tus necesidades y no en las posesiones materiales.",Vivian,6.0,5.0,,,,,,,,0,"[6, 5]",2,6.0,Complex Phrases,"['lexical', 'reduction']",2,lexical,26,1,0,0,0,r2,long,0,fam=lexical | rules=r2 | len=long | num=0 | lex=0,fam=lexical | rules=r2 | len=long
2123,51_LibroNEFE_Sincopyright.pdf,Usaré mi dinero para tener un futuro seguro.,Usaré mi dinero para asegurar mi futuro.,Vivian,5.0,6.0,,,,,,,,0,"[5, 6]",2,5.0,Unnecessary Words,"['reduction', 'lexical']",2,reduction,8,1,0,0,0,r2,short,0,fam=reduction | rules=r2 | len=short | num=0 | lex=0,fam=reduction | rules=r2 | len=short
2124,55_LibroNEFE_Sincopyright.pdf,"Cuando hayas establecido tus nuevos compromisos respecto al dinero y estés trabajando para alcanzar tus metas, podrás tomar mejores decisiones en cuanto a tus gastos.",Podrás tomar mejores decisiones sobre los gastos cuando establezcas tus compromisos respecto al dinero y trabajes en alcanzar tus metas.,Vivian,11.0,5.0,12.0,19.0,6.0,,,,,0,"[11, 5, 12, 19, 6]",5,11.0,Subjunctive Mood Verb Forms,"['morphosyntactic', 'reduction', 'structural', 'lexical']",4,morphosyntactic,25,1,0,0,0,r4plus,long,0,fam=morphosyntactic | rules=r4plus | len=long | num=0 | lex=0,fam=morphosyntactic | rules=r4plus | len=long
2126,58_LibroNEFE_Sincopyright.pdf,"Lee tus compromisos con el dinero frecuentemente, en particular, cuando corras el riesgo de retroceder y volver a los negativos hábitos de consumo que tenías anteriormente.","Lee tus compromisos con el dinero constantemente. Principalmente, cuando estés en riesgo de retroceder a los negativos hábitos de consumo anteriores.",Vivian,5.0,1.0,17.0,,,,,,,1,"[5, 1, 17]",3,5.0,Unnecessary Words,"['reduction', 'lexical', 'structural']",3,reduction,26,1,0,0,0,r3,long,1,fam=reduction | rules=r3 | len=long | num=0 | lex=1,fam=reduction | rules=r3 | len=long
2133,167_LibroNEFE_Sincopyright.pdf,"Puede ser algo que ya compraste, algo que estés planeando comprar o algo que realmente quieres comprar, pero crees que no tienes el dinero suficiente para hacerlo.","Puede ser algo que ya compraste o planeas comprar, pero sin tener el dinero suficiente para hacerlo.",Vivian,13.0,17.0,5.0,,,,,,,0,"[13, 17, 5]",3,13.0,"Abbreviations, Shortenings, Acronyms, and Initialisms","['lexical', 'structural', 'reduction']",3,lexical,27,1,0,0,0,r3,long,0,fam=lexical | rules=r3 | len=long | num=0 | lex=0,fam=lexical | rules=r3 | len=long
2135,169_LibroNEFE_Sincopyright.pdf,¿Cuáles son mis argumentos para comprar esto en particular?,¿Cuáles son mis razones para comprar esto?,Vivian,5.0,1.0,,,,,,,,1,"[5, 1]",2,5.0,Unnecessary Words,"['reduction', 'lexical']",2,reduction,9,1,0,0,0,r2,short,1,fam=reduction | rules=r2 | len=short | num=0 | lex=1,fam=reduction | rules=r2 | len=short
2140,176_LibroNEFE_Sincopyright.pdf,"Ejemplos: Si tuviera algo lindo que ponerme, me invitarían más a salir.","Ejemplos: Si tuviera ropa linda, saldría más.",Vivian,17.0,4.0,5.0,6.0,,,,,,0,"[17, 4, 5, 6]",4,17.0,Relative Clauses,"['structural', 'lexical', 'reduction']",3,structural,12,1,0,0,0,r4plus,short,0,fam=structural | rules=r4plus | len=short | num=0 | lex=0,fam=structural | rules=r4plus | len=short
2142,182_LibroNEFE_Sincopyright.pdf,Podría investigar las marcas genéricas en vez de buscar las marcas conocidas.,Podría investigar las marcas comunes y no buscar las conocidas.,Vivian,6.0,1.0,5.0,,,,,,,1,"[6, 1, 5]",3,6.0,Complex Phrases,"['lexical', 'reduction']",2,lexical,12,1,0,0,0,r3,short,1,fam=lexical | rules=r3 | len=short | num=0 | lex=1,fam=lexical | rules=r3 | len=short
2146,186_LibroNEFE_Sincopyright.pdf,"Para evitar esa pérdida, que sería como concederte un aumento de sueldo del 30 por ciento, tienes que elaborar un plan de gastos.",Debes hacer un presupuesto para evitar esa pérdida.,Vivian,16.0,6.0,19.0,1.0,,,,,,1,"[16, 6, 19, 1]",4,16.0,Parenthetical Phrases,"['reduction', 'lexical', 'structural']",3,reduction,23,1,1,0,1,r4plus,medium,1,fam=reduction | rules=r4plus | len=medium | num=1 | lex=1,fam=reduction | rules=r4plus | len=medium
2148,189_LibroNEFE_Sincopyright.pdf,Para elaborar un plan de gastos debes seguir cuatro pasos:,Debes seguir cuatro pasos para hacer un presupuesto:,Vivian,19.0,1.0,,,,,,,,1,"[19, 1]",2,19.0,Sentence Order,"['structural', 'lexical']",2,structural,10,1,0,0,0,r2,short,1,fam=structural | rules=r2 | len=short | num=0 | lex=1,fam=structural | rules=r2 | len=short
2150,201_LibroNEFE_Sincopyright.pdf,"No te olvides de las facturas que debes pagar cada poco mes, por ejemplo, la del seguro del auto.",No olvides pagar las facturas de cada poco mes.,Vivian,5.0,15.0,,,,,,,,0,"[5, 15]",2,5.0,Unnecessary Words,"['reduction', 'structural']",2,reduction,19,1,0,0,0,r2,medium,0,fam=reduction | rules=r2 | len=medium | num=0 | lex=0,fam=reduction | rules=r2 | len=medium
2151,202_LibroNEFE_Sincopyright.pdf,"Para casos como este, ingresa el monto promedio que debes pagar cada mes en la hoja de gastos mensuales.","Para casos similares, ingresa el monto promedio de los pagos mensuales en la hoja de gastos mensuales.",Vivian,6.0,17.0,,,,,,,,0,"[6, 17]",2,6.0,Complex Phrases,"['lexical', 'structural']",2,lexical,19,1,0,0,0,r2,medium,0,fam=lexical | rules=r2 | len=medium | num=0 | lex=0,fam=lexical | rules=r2 | len=medium
2152,203_LibroNEFE_Sincopyright.pdf,"Por ejemplo, si por el seguro del auto pagas $450 cada seis meses, debes ahorrar $75 por mes ($450 ÷ 6 = $75).","Por ejemplo: Si pagas cuatrocientos cincuenta dólares cada seis meses por el seguro del carro, debes ahorrar setenta y cinco dólares por mes.",Vivian,19.0,14.0,5.0,,,,,,,0,"[19, 14, 5]",3,19.0,Sentence Order,"['structural', 'reduction']",2,structural,23,1,1,1,0,r3,medium,0,fam=structural | rules=r3 | len=medium | num=1 | lex=0,fam=structural | rules=r3 | len=medium
2156,2000_LibroBAC.pdf,"Aunque ya en las definiciones dadas se vislumbra esto, explicitemos que el objetivo general de la economía es el de satisfacer las necesidades humanas por medio del crecimiento económico sostenido, por lo que mientras más se produce, habrá más bienes para el consumo nacional y para la exportación y, aumentando los puestos de trabajo, existirá un mejor equilibrio en los precios y utópicamente las personas pobres mejorarán su calidad de vida.","Recordemos que el objetivo general de la economía es satisfacer las necesidades humanas por medio del crecimiento económico sostenido. Por ello, mientras más se produce, habrá más productos para el consumo nacional y la exportación. El aumento de los puestos laborales producirá un mejor equilibrio en los precios.",Vivian,5.0,6.0,1.0,15.0,13.0,99.0,,,,1,"[5, 6, 1, 15, 13, 99]",6,5.0,Unnecessary Words,"['reduction', 'lexical', 'structural', 'unknown']",4,reduction,71,1,0,0,0,r4plus,long,1,fam=reduction | rules=r4plus | len=long | num=0 | lex=1,fam=reduction | rules=r4plus | len=long
2159,2009_LibroBAC.pdf,"La Economía como una disciplina científica que es y que tiene, por consiguiente, su propia estructura de conocimientos tiene asimismo una serie de principios y leyes como los siguientes: Los individuos se enfrentan a disyuntivas o alternativas.","La Economía es una disciplina científica con su propia estructura de conocimientos. Por eso, tiene los siguientes principios y leyes: Las personas se enfrentan a dudas o alternativas.",Vivian,16.0,17.0,1.0,5.0,,,,,,1,"[16, 17, 1, 5]",4,16.0,Parenthetical Phrases,"['reduction', 'structural', 'lexical']",3,reduction,37,1,0,0,0,r4plus,long,1,fam=reduction | rules=r4plus | len=long | num=0 | lex=1,fam=reduction | rules=r4plus | len=long
2161,2020_LibroBAC.pdf,"Con base en los principios, antes mencionados, podemos concluir que los primeros cuatro (4) principios están relacionados con la toma de decisiones.","Con base en los principios mencionados, concluimos que los primeros cuatro principios se relacionan con las decisiones.",Vivian,16.0,6.0,5.0,,,,,,,0,"[16, 6, 5]",3,16.0,Parenthetical Phrases,"['reduction', 'lexical']",2,reduction,22,1,1,0,0,r3,medium,0,fam=reduction | rules=r3 | len=medium | num=1 | lex=0,fam=reduction | rules=r3 | len=medium
2163,2022_LibroBAC.pdf,"El proceso económico (Lange, 1966: 51), por otra parte, no es más que un conjunto de acciones humanas que se repiten constantemente.","Según Lange (mil novecientos sesenta y seis), el proceso económico es un conjunto de acciones humanas repetidas constantemente.",Vivian,16.0,17.0,14.0,21.0,,,,,,0,"[16, 17, 14, 21]",4,16.0,Parenthetical Phrases,"['reduction', 'structural']",2,reduction,22,1,1,0,0,r4plus,medium,0,fam=reduction | rules=r4plus | len=medium | num=1 | lex=0,fam=reduction | rules=r4plus | len=medium
2189,3533_LibroBAC.pdf,"La producción permite que a partir de unos insumos, materias primas, fuerza de trabajo y energía, entre otros, se transforme creativamente a aquéllos en otros objetos (mercancías, bienes o servicios) que hacen más útiles a aquéllos mismos; utilidad que no tenían en su estado natural u originario, es decir, que se les da valor agregado.","La producción permite transformar insumos, materias primas, fuerza de trabajo y energía en objetos más útiles con un valor agregado.",Vivian,17.0,16.0,5.0,19.0,,,,,,0,"[17, 16, 5, 19]",4,17.0,Relative Clauses,"['structural', 'reduction']",2,structural,55,1,0,0,0,r4plus,long,0,fam=structural | rules=r4plus | len=long | num=0 | lex=0,fam=structural | rules=r4plus | len=long
2190,3535_LibroBAC.pdf,Ahora bien: una necesidad es sencillamente la falta o carencia de algo que es indispensable para la vida o la realización de las personas o de la sociedad.,"Ahora bien, una necesidad es la falta de algo indispensable para la vida de una persona o de la sociedad.",Vivian,5.0,17.0,,,,,,,,0,"[5, 17]",2,5.0,Unnecessary Words,"['reduction', 'structural']",2,reduction,28,1,0,0,0,r2,long,0,fam=reduction | rules=r2 | len=long | num=0 | lex=0,fam=reduction | rules=r2 | len=long
2194,3524_LibroBAC.pdf,"El sentido de utilidad es un concepto de mucha importancia en la producción, de allí que Hailstones 39 y Cao García la clasifiquen, según se reconoce con más frecuencia, en cuatro categorías, así: 1) de forma, 2) de lugar, 3) de tiempo y 4) de posesión.","El sentido de utilidad es muy importante en la producción. Hailstones y Cao García la clasifican en cuatro categorías. La primera es de forma, la segunda es de lugar, la tercera es de tiempo y la cuarta es de posesión.",Vivian,14.0,6.0,5.0,15.0,,,,,,0,"[14, 6, 5, 15]",4,14.0,Use of Numerical Expressions,"['structural', 'lexical', 'reduction']",3,structural,46,1,1,0,0,r4plus,long,0,fam=structural | rules=r4plus | len=long | num=1 | lex=0,fam=structural | rules=r4plus | len=long
2195,3526_LibroBAC.pdf,"La utilidad de forma, dicen los autores, se refiere a los productos que son perceptibles en la naturaleza; pero no a los servicios que son intangibles.",La utilidad de forma se refiere a los productos perceptibles en la naturaleza. Pero no a los servicios inmateriales.,Vivian,16.0,17.0,21.0,1.0,,,,,,1,"[16, 17, 21, 1]",4,16.0,Parenthetical Phrases,"['reduction', 'structural', 'lexical']",3,reduction,26,1,0,0,0,r4plus,long,1,fam=reduction | rules=r4plus | len=long | num=0 | lex=1,fam=reduction | rules=r4plus | len=long
2202,3560_LibroBAC.pdf,"En esta situación, el auto le es útil ahora y no más tarde, pues sin él puede perder la oportunidad de ese empleo.","Por eso, el carro es útil ahora, pues sin él puede perder la oportunidad de ese empleo.",Vivian,1.0,5.0,,,,,,,,1,"[1, 5]",2,1.0,Word Frequency,"['lexical', 'reduction']",2,lexical,23,1,0,0,0,r2,medium,1,fam=lexical | rules=r2 | len=medium | num=0 | lex=1,fam=lexical | rules=r2 | len=medium
2204,3562_LibroBAC.pdf,"Suponga que compra un carro que considera barato, por un precio de $ 5.000 y lo va a pagar a plazos durante tres años.",Suponga que compra un carro barato en cinco mil dólares y lo pagará a cuotas durante tres años.,Vivian,17.0,14.0,1.0,6.0,,,,,,1,"[17, 14, 1, 6]",4,17.0,Relative Clauses,"['structural', 'lexical']",2,structural,24,2,1,1,0,r4plus,medium,1,fam=structural | rules=r4plus | len=medium | num=1 | lex=1,fam=structural | rules=r4plus | len=medium
2207,3569_LibroBAC.pdf,"(La suma global pagada por el esquema crediticio seleccionado es $172,22, por 36 meses).",La suma total pagada por el esquema crediticio seleccionado es de ciento setenta y dos dólares con veintidós centavos por treinta y seis meses.,Vivian,14.0,21.0,,,,,,,,0,"[14, 21]",2,14.0,Use of Numerical Expressions,['structural'],1,structural,14,1,1,1,0,r2,medium,0,fam=structural | rules=r2 | len=medium | num=1 | lex=0,fam=structural | rules=r2 | len=medium
2209,3571_LibroBAC.pdf,"La persona, banco o empresa financiera que presta dinero, cede ese dinero por un tiempo para que el cliente pueda ahora obtener un producto.","La persona, banco o empresa financiera prestamista, aporta el dinero por un tiempo para que el cliente obtenga un producto.",Vivian,1.0,17.0,,,,,,,,1,"[1, 17]",2,1.0,Word Frequency,"['lexical', 'structural']",2,lexical,24,1,0,0,0,r2,medium,1,fam=lexical | rules=r2 | len=medium | num=0 | lex=1,fam=lexical | rules=r2 | len=medium
2215,3581_LibroBAC.pdf,"Los vendedores son quienes ayudan a crear las utilidades de posesión, de lugar y de tiempo, nos dicen también Hailstones y Cao García y luego agregan:","Según Hailstones y Cao García los vendedores crean utilidades de posesión, de lugar y de tiempo. Además, agregan:",Vivian,5.0,15.0,,,,,,,,0,"[5, 15]",2,5.0,Unnecessary Words,"['reduction', 'structural']",2,reduction,26,1,0,0,0,r2,long,0,fam=reduction | rules=r2 | len=long | num=0 | lex=0,fam=reduction | rules=r2 | len=long
2216,3582_LibroBAC.pdf,"Por lo tanto, se justifican económicamente los sueldos y comisiones que reciben.","Por lo tanto, los sueldos y comisiones recibidos se justifican económicamente.",Vivian,21.0,17.0,19.0,,,,,,,0,"[21, 17, 19]",3,21.0,Use of Complex Punctuation Marks,['structural'],1,structural,12,1,0,0,0,r3,short,0,fam=structural | rules=r3 | len=short | num=0 | lex=0,fam=structural | rules=r3 | len=short
2219,3808_LibroBAC.pdf,"El empleo de los recursos naturales requiere de la acción del ser humano, quien se sirve de su inteligencia, su trabajo y los medios que proporcionan la ciencia y la tecnología.","El uso de los recursos naturales necesita la acción del ser humano, quien utiliza su inteligencia, su trabajo y los medios proporcionados por la ciencia y la tecnología.",Vivian,5.0,17.0,1.0,,,,,,,1,"[5, 17, 1]",3,5.0,Unnecessary Words,"['reduction', 'structural', 'lexical']",3,reduction,31,1,0,0,0,r3,long,1,fam=reduction | rules=r3 | len=long | num=0 | lex=1,fam=reduction | rules=r3 | len=long
2226,3826_LibroBAC.pdf,"El beneficio de los minerales y especialmente de los metales; la transformación de la madera y demás productos forestales, la agricultura con sus cultivos, la cría y levante de animales domésticos, el aprovechamiento de la navegación o energía; la pesca, la transformación industrial, la distribución, el transporte y el comercio de los artículos elaborados, todo ello es lo que constituye la riqueza o economía del país.","La riqueza o economía del país se constituye por el beneficio de los minerales. La transformación de la madera y de los productos forestales, la agricultura, el aprovechamiento de la navegación o energía. La pesca, la transformación industrial, la distribución, el transporte y el comercio de los productos.",Vivian,21.0,5.0,19.0,,,,,,,0,"[21, 5, 19]",3,21.0,Use of Complex Punctuation Marks,"['structural', 'reduction']",2,structural,66,1,0,0,0,r3,long,0,fam=structural | rules=r3 | len=long | num=0 | lex=0,fam=structural | rules=r3 | len=long
2227,3829_LibroBAC.pdf,"Concluye Méndez diciendo que: de lo anterior surge la importancia de ejercer controles ambientales de la producción agrícola teniendo en cuenta los efectos microclimáticos, los nutrientes, los suelos, la combinación de cultivos, la erosión y los efectos del fuego y de la reforestación.","Méndez concluye que la importancia de ejercer controles ambientales de la producción agrícola surge de lo anterior. Pues se debe atender los efectos microclimáticos, los nutrientes, los suelos, la combinación de cultivos, la erosión y la reforestación.",Vivian,19.0,15.0,,,,,,,,0,"[19, 15]",2,19.0,Sentence Order,['structural'],1,structural,43,1,0,0,0,r2,long,0,fam=structural | rules=r2 | len=long | num=0 | lex=0,fam=structural | rules=r2 | len=long
2238,3846_LibroBAC.pdf,"Artículos como los altos hornos, las prensas cortadoras, los edificios, las computadoras, los camiones, los aviones y otras cosas parecidas se consideran capital; la palabra capital, muchas veces se usa para referirse al dinero, en un sentido bastante estrecho.","Artículos como los altos homos, las prensas cortadoras, los edificios, las computadoras, los camiones, los aviones y otros objetos similares se consideran capital. Aunque la palabra capital a veces se usa para referirse al dinero.",Vivian,5.0,21.0,,,,,,,,0,"[5, 21]",2,5.0,Unnecessary Words,"['reduction', 'structural']",2,reduction,39,1,0,0,0,r2,long,0,fam=reduction | rules=r2 | len=long | num=0 | lex=0,fam=reduction | rules=r2 | len=long
2241,3851_LibroBAC.pdf,"Este recurso es muy propio de Hailstones y Cao García, ya que otros autores no lo mencionan como un recurso de producción, refiriéndose sólo al trabajo, la tierra y el capital.","Este recurso es propio de Hailstones y Cao García. Otros autores solo refieren al trabajo, la tierra y el capital.",Vivian,15.0,5.0,,,,,,,,0,"[15, 5]",2,15.0,Sentence Length,"['structural', 'reduction']",2,structural,31,1,0,0,0,r2,long,0,fam=structural | rules=r2 | len=long | num=0 | lex=0,fam=structural | rules=r2 | len=long
2242,3856_LibroBAC.pdf,"El empresario es el que combina los demás factores de la producción tierra, trabajo y capital para producir un producto final.","El empresario combina factores de producción como tierra, trabajo y capital para hacer un producto final.",Vivian,5.0,17.0,,,,,,,,0,"[5, 17]",2,5.0,Unnecessary Words,"['reduction', 'structural']",2,reduction,21,1,0,0,0,r2,medium,0,fam=reduction | rules=r2 | len=medium | num=0 | lex=0,fam=reduction | rules=r2 | len=medium
2245,3859_LibroBAC.pdf,"Una misión que deben tener las economías de nuestro país es promover, estimular e incentivar el empresarialismo.","Las economías de nuestros países deben promover, estimular e incentivar el empresarialismo.",Vivian,6.0,5.0,,,,,,,,0,"[6, 5]",2,6.0,Complex Phrases,"['lexical', 'reduction']",2,lexical,17,1,0,0,0,r2,medium,0,fam=lexical | rules=r2 | len=medium | num=0 | lex=0,fam=lexical | rules=r2 | len=medium
2253,3993_LibroBAC.pdf,"Se ha creado pues en esta fábrica nuevas oportunidades de trabajo, y algunas personas que antes estaban desocupadas encuentran aquí posibilidades de empleo y podrán devengar un salario con el cual puedan atender sus necesidades y las de sus familias.","En esta fábrica se crearon nuevas oportunidades laborales. Así, algunas personas desempleadas encontraron empleo y tendrán un salario para atender sus necesidades y las de sus familias.",Vivian,10.0,5.0,17.0,,,,,,,0,"[10, 5, 17]",3,10.0,Past anterior and future perfect tense,"['morphosyntactic', 'reduction', 'structural']",3,morphosyntactic,40,1,0,0,0,r3,long,0,fam=morphosyntactic | rules=r3 | len=long | num=0 | lex=0,fam=morphosyntactic | rules=r3 | len=long
2255,3996_LibroBAC.pdf,"Sin embargo, cuando no hay productividad, o sea, cuando no se utiliza adecuadamente la maquinaria, o los trabajadores son perezosos en su trabajo, o se desperdicia la materia prima, las utilidades son menores e incluso se corre el riesgo de la pérdida.","Sin embargo, cuando no hay productividad las ganancias son menores y hay riesgo de pérdida.",Vivian,5.0,15.0,6.0,1.0,,,,,,1,"[5, 15, 6, 1]",4,5.0,Unnecessary Words,"['reduction', 'structural', 'lexical']",3,reduction,42,1,0,0,0,r4plus,long,1,fam=reduction | rules=r4plus | len=long | num=0 | lex=1,fam=reduction | rules=r4plus | len=long
2257,3999_LibroBAC.pdf,"Mediante ella, y ya lo hemos demostrado, los productores (bien sean agricultores, ganaderos, pescadores, mineros, obreros, industriales, comerciantes o profesionales) pueden aumentar sus utilidades.",Mediante ella los productores pueden aumentar sus ganancias.,Vivian,16.0,5.0,1.0,,,,,,,1,"[16, 5, 1]",3,16.0,Parenthetical Phrases,"['reduction', 'lexical']",2,reduction,24,1,0,0,0,r3,medium,1,fam=reduction | rules=r3 | len=medium | num=0 | lex=1,fam=reduction | rules=r3 | len=medium
2260,4003_LibroBAC.pdf,"Eficiencia por parte de los trabajadores que deben saber el oficio completamente y cumplirlo con alegría y respeto; eficiencia en el uso de las instalaciones y de la maquinaria, que consiste en no tener máquinas ociosas, sin ocuparlas en algo, y en manejarlas en forma tal que duren más y produzcan todo lo que son capaces de producir; eficiencia en el uso de las materias primas para no desperdiciarlas y utilizarlas al máximo.","Eficiencia por parte de los trabajadores. Eficiencia en el uso de las instalaciones y de la maquinaria. Eficiencia en el uso de las materias primas, usarlas al máximo y sin desperdicio.",Vivian,21.0,15.0,5.0,6.0,,,,,,0,"[21, 15, 5, 6]",4,21.0,Use of Complex Punctuation Marks,"['structural', 'reduction', 'lexical']",3,structural,73,1,0,0,0,r4plus,long,0,fam=structural | rules=r4plus | len=long | num=0 | lex=0,fam=structural | rules=r4plus | len=long
2264,4010_LibroBAC.pdf,Con lo que antes se compraba doce kilos de papa hoy se compra la mitad y así pasa con muchos de los demás productos de la llamada canasta familiar.,Con lo que antes se compraba doce kilos de papa hoy se compra la mitad. Lo mismo pasa con muchos productos de la canasta familiar.,Vivian,5.0,15.0,,,,,,,,0,"[5, 15]",2,5.0,Unnecessary Words,"['reduction', 'structural']",2,reduction,29,1,0,0,0,r2,long,0,fam=reduction | rules=r2 | len=long | num=0 | lex=0,fam=reduction | rules=r2 | len=long
2268,4014_LibroBAC.pdf,"Si los bienes son escasos o no existen, una solución es producirlos a bajos costos, o encontrar la manera de bajar los aranceles.",Si los bienes son escasos o no existen se pueden producir a bajos costos o bajar los impuestos.,Vivian,15.0,5.0,,,,,,,,0,"[15, 5]",2,15.0,Sentence Length,"['structural', 'reduction']",2,structural,23,1,0,0,0,r2,medium,0,fam=structural | rules=r2 | len=medium | num=0 | lex=0,fam=structural | rules=r2 | len=medium
2269,4015_LibroBAC.pdf,"La producción que se haga, ya se sabe, debe utilizar eficiencia y técnica, o lo que es lo mismo, lograr la productividad.","La producción debe usar eficiencia y técnica. Es decir, debe lograr la productividad.",Vivian,5.0,15.0,,,,,,,,0,"[5, 15]",2,5.0,Unnecessary Words,"['reduction', 'structural']",2,reduction,22,1,0,0,0,r2,medium,0,fam=reduction | rules=r2 | len=medium | num=0 | lex=0,fam=reduction | rules=r2 | len=medium
2275,4022_LibroBAC.pdf,"Cuando hay abundancia de artículos y precios al alcance de todos los bolsillos y posibilidades de recreación y de ahorro, aumenta el bienestar social de las familias y de las comunidades, porque entonces también hay posibilidad de trabajo para todos y mejores salarios.",El bienestar social de las familias y las comunidades aumenta cuando hay muchos artículos y precios al alcance de todas las personas.,Vivian,15.0,5.0,19.0,1.0,,,,,,1,"[15, 5, 19, 1]",4,15.0,Sentence Length,"['structural', 'reduction', 'lexical']",3,structural,43,1,0,0,0,r4plus,long,1,fam=structural | rules=r4plus | len=long | num=0 | lex=1,fam=structural | rules=r4plus | len=long
2276,4023_LibroBAC.pdf,"La gente sin trabajo disminuye y así mismo los atracos, los robos y en general, la inseguridad social.",El desempleo y la inseguridad social disminuyen.,Vivian,6.0,5.0,,,,,,,,0,"[6, 5]",2,6.0,Complex Phrases,"['lexical', 'reduction']",2,lexical,18,1,0,0,0,r2,medium,0,fam=lexical | rules=r2 | len=medium | num=0 | lex=0,fam=lexical | rules=r2 | len=medium
2277,4024_LibroBAC.pdf,"Una fórmula, entonces, para vivir bien, para una vida mejor, para obtener un alto nivel de vida para todos es la productividad, obligación que todos tenemos en todos los momentos, no sólo por razón cívica, como ya lo dijimos, sino también por razón de dignidad y razón explicablemente ética.",La productividad es una fórmula para tener calidad de vida.,Vivian,16.0,5.0,19.0,,,,,,,0,"[16, 5, 19]",3,16.0,Parenthetical Phrases,"['reduction', 'structural']",2,reduction,49,1,0,0,0,r3,long,0,fam=reduction | rules=r3 | len=long | num=0 | lex=0,fam=reduction | rules=r3 | len=long
2283,4041_LibroBAC.pdf,"Tal concepto dimensiona, por otro lado, el grado de comodidades de que dispone una persona, por lo tanto, hay quienes viven mejor, con un nivel de vida alto y quienes no viven tan bien, o sea, tienen un nivel de vida medio o bajo.","Por otro lado, este concepto mide el nivel de comodidades que tiene una persona. Es decir, algunas personas tienen un nivel de vida alto y otras un nivel de vida medio o bajo.",Vivian,15.0,4.0,,,,,,,,0,"[15, 4]",2,15.0,Sentence Length,"['structural', 'lexical']",2,structural,44,1,0,0,0,r2,long,0,fam=structural | rules=r2 | len=long | num=0 | lex=0,fam=structural | rules=r2 | len=long
2287,4048_LibroBAC.pdf,"Cada uno de los factores de producción, como es obvio, tiene un papel decisivo específico en la misma.",Cada factor de producción tiene un papel específico en esta.,Vivian,16.0,4.0,6.0,,,,,,,0,"[16, 4, 6]",3,16.0,Parenthetical Phrases,"['reduction', 'lexical']",2,reduction,18,1,0,0,0,r3,medium,0,fam=reduction | rules=r3 | len=medium | num=0 | lex=0,fam=reduction | rules=r3 | len=medium
2288,4049a_LibroBAC.pdf,"Por otra parte, en la economía existen los llamados sectores de la producción como son el rural, campesino, agrario o extractivo que se conoce como sector primario; el de la industria que se denomina sector secundario y el del comercio y servicios que es el sector terciario.","Por otra parte, en la economía existen sectores de producción. El sector primario es el rural, campesino o agrario. El sector secundario es la industria. Y el sector terciario es el del comercio y servicios.",Vivian,5.0,21.0,,,,,,,,0,"[5, 21]",2,5.0,Unnecessary Words,"['reduction', 'structural']",2,reduction,47,1,0,0,0,r2,long,0,fam=reduction | rules=r2 | len=long | num=0 | lex=0,fam=reduction | rules=r2 | len=long
2291,4053_LibroBAC.pdf,"La productividad, además de aumentar el deseo de producir e incrementar el empleo, ayuda a vivir mejor y a disminuir el costo de vida, lo que puede redundar en un mejor nivel de vida.","La productividad eleva el deseo de producción y aumento de empleo, ayuda a vivir mejor y a disminuir el costo de vida.",Vivian,5.0,16.0,1.0,,,,,,,1,"[5, 16, 1]",3,5.0,Unnecessary Words,"['reduction', 'lexical']",2,reduction,34,1,0,0,0,r3,long,1,fam=reduction | rules=r3 | len=long | num=0 | lex=1,fam=reduction | rules=r3 | len=long
2297,5581_LibroBAC.pdf,"Se pueden buscar y encontrar sitios donde la comida tiene un precio razonable, pero no ir a sitios que tienen decorados pomposos, papel de colgadura, alfombra, jefe de meseros y todas esas extras por las cuales pagan muchas personas normalmente.",Es mejor buscar lugares donde la comida tiene un precio razonable y no ir a lugares lujosos.,Vivian,15.0,4.0,18.0,,,,,,,0,"[15, 4, 18]",3,15.0,Sentence Length,"['structural', 'lexical', 'reduction']",3,structural,40,1,0,0,0,r3,long,0,fam=structural | rules=r3 | len=long | num=0 | lex=0,fam=structural | rules=r3 | len=long
2298,5584_LibroBAC.pdf,"En el caso del almuerzo en el trabajo, no olvide que la lonchera es una solución muy económica.",La lonchera es una solución muy económica para el almuerzo en el trabajo.,Vivian,19.0,5.0,,,,,,,,0,"[19, 5]",2,19.0,Sentence Order,"['structural', 'reduction']",2,structural,18,1,0,0,0,r2,medium,0,fam=structural | rules=r2 | len=medium | num=0 | lex=0,fam=structural | rules=r2 | len=medium
2299,5586_LibroBAC.pdf,"Hay, como ya se dijo en otra parte de este libro, emergencias y contingencias que ocurren inevitablemente y que se vuelven un problema mayor si no hay con que atenderlas.","Como se dijo, hay emergencias y accidentes inevitables. Estas se vuelve un problema si no se atienden.",Vivian,5.0,15.0,1.0,,,,,,,1,"[5, 15, 1]",3,5.0,Unnecessary Words,"['reduction', 'structural', 'lexical']",3,reduction,30,1,0,0,0,r3,long,1,fam=reduction | rules=r3 | len=long | num=0 | lex=1,fam=reduction | rules=r3 | len=long
2303,5592_LibroBAC.pdf,"Lo importante es que se den en un plan de respeto, con objetividad (ojalá documental cuando sea necesario) y sin imposiciones.","Es importante que se den con respeto, objetividad y sin imposiciones.",Vivian,16.0,6.0,,,,,,,,0,"[16, 6]",2,16.0,Parenthetical Phrases,"['reduction', 'lexical']",2,reduction,21,1,0,0,0,r2,medium,0,fam=reduction | rules=r2 | len=medium | num=0 | lex=0,fam=reduction | rules=r2 | len=medium
2304,5593_LibroBAC.pdf,"Las deudas, la elaboración del presupuesto familiar, las cuentas por pagar, etc. pueden ser objeto de dolorosos conflictos familiares y, por esta razón, muchas parejas optan por no hablar de dinero para evitar disputas y con lo cual no se hacen ningún favor.","Las deudas, la elaboración del presupuesto familiar pueden causar dolorosos conflictos familiares. Por eso, muchas parejas prefieren no hablar de dinero para evitar peleas.",Vivian,5.0,4.0,15.0,1.0,,,,,,1,"[5, 4, 15, 1]",4,5.0,Unnecessary Words,"['reduction', 'lexical', 'structural']",3,reduction,43,2,0,0,0,r4plus,long,1,fam=reduction | rules=r4plus | len=long | num=0 | lex=1,fam=reduction | rules=r4plus | len=long
2305,5596_LibroBAC.pdf,"Sin embargo, aunque el amor y los sentimientos se interpongan, es importante, por no decir que necesario, que la pareja y la familia tomen en conjunto las decisiones que tienen que ver con la realidad y futuro financiero de las mismas.","Sin embargo, es importante que la pareja y la familia tomen en conjunto las decisiones con respecto a su realidad y futuro financiero.",Vivian,5.0,17.0,16.0,,,,,,,0,"[5, 17, 16]",3,5.0,Unnecessary Words,"['reduction', 'structural']",2,reduction,41,1,0,0,0,r3,long,0,fam=reduction | rules=r3 | len=long | num=0 | lex=0,fam=reduction | rules=r3 | len=long
2313,5612_LibroBAC.pdf,"Puede que algunos documentos estén bien guardados en una caja de seguridad, pero otros podrían estar regados descuidada y anárquicamente en una gaveta en la oficina o en la misma casa, e incluso muchos pueden haber ido a la basura.","Algunos documentos pueden estar guardados en una caja de seguridad, pero otros podrían estar tirados en cualquier lugar o en la basura.",Vivian,19.0,5.0,15.0,6.0,,,,,,0,"[19, 5, 15, 6]",4,19.0,Sentence Order,"['structural', 'reduction', 'lexical']",3,structural,40,1,0,0,0,r4plus,long,0,fam=structural | rules=r4plus | len=long | num=0 | lex=0,fam=structural | rules=r4plus | len=long
2316,5615_LibroBAC.pdf,"Alguien de confianza, por lo demás, debe saber de los documentos y poder acceder a ellos en caso necesario.",Alguien de confianza debe saber sobre los documentos y tener acceso a ellos cuando sea necesario.,Vivian,16.0,6.0,,,,,,,,0,"[16, 6]",2,16.0,Parenthetical Phrases,"['reduction', 'lexical']",2,reduction,19,1,0,0,0,r2,medium,0,fam=reduction | rules=r2 | len=medium | num=0 | lex=0,fam=reduction | rules=r2 | len=medium
2323,5632_LibroBAC.pdf,"Las familias a su vez, entregan al aparato productivo fuerza de trabajo, recursos naturales, capitales y conocimientos tecnológicos, conjunto que recibe el nombre de recursos productivos.","Las familias entregan al aparato productivo recursos productivos como fuerza de trabajo, recursos naturales, capitales y conocimientos tecnológicos.",Vivian,5.0,16.0,,,,,,,,0,"[5, 16]",2,5.0,Unnecessary Words,['reduction'],1,reduction,26,1,0,0,0,r2,long,0,fam=reduction | rules=r2 | len=long | num=0 | lex=0,fam=reduction | rules=r2 | len=long
2326,5637_LibroBAC.pdf,"La riqueza nacional o de un país no se logra sólo porque aumente su producción, sus exportaciones o sus ingresos.","La riqueza nacional no se logra solo por el aumento de su producción, sus exportaciones o sus ingresos.",Vivian,5.0,6.0,,,,,,,,0,"[5, 6]",2,5.0,Unnecessary Words,"['reduction', 'lexical']",2,reduction,20,1,0,0,0,r2,medium,0,fam=reduction | rules=r2 | len=medium | num=0 | lex=0,fam=reduction | rules=r2 | len=medium
2327,5639_LibroBAC.pdf,"La forma de organización social y económica que los países adopten en la solución del problema económico es lo que se denomina un sistema económico, dándose en éste, a la vez, los llamados agentes económicos que son principalmente el Estado, las comunidades y las familias y las empresas de los tres sectores económicos ya varias veces mencionados.","El sistema económico es la forma de organización social y económica adoptada por los países en la solución de un problema económico. A la vez se dan los agentes económicos como el Estado, las familias, las comunidades y las empresas.",Vivian,15.0,19.0,5.0,,,,,,,0,"[15, 19, 5]",3,15.0,Sentence Length,"['structural', 'reduction']",2,structural,57,1,0,0,0,r3,long,0,fam=structural | rules=r3 | len=long | num=0 | lex=0,fam=structural | rules=r3 | len=long
2332,5644_LibroBAC.pdf,"Para cumplir con sus funciones y lograr sus objetivos debe, además, planificar sus gastos y obtener el financiamiento respectivo.",Debe planificar sus gastos y obtener el financiamiento necesario para cumplir sus funciones.,Vivian,19.0,1.0,,,,,,,,1,"[19, 1]",2,19.0,Sentence Order,"['structural', 'lexical']",2,structural,19,1,0,0,0,r2,medium,1,fam=structural | rules=r2 | len=medium | num=0 | lex=1,fam=structural | rules=r2 | len=medium
2335,5650_LibroBAC.pdf,Empresas estatales que proporcionan utilidades directamente por las ventas de bienes y servicios.,Empresas estatales proveedoras de ganancias directas por las ventas de bienes y servicios.,Vivian,1.0,17.0,,,,,,,,1,"[1, 17]",2,1.0,Word Frequency,"['lexical', 'structural']",2,lexical,13,1,0,0,0,r2,medium,1,fam=lexical | rules=r2 | len=medium | num=0 | lex=1,fam=lexical | rules=r2 | len=medium
2338,5656_LibroBAC.pdf,"Como regulador económico, el gobierno vigila el funcionamiento de bancos y otras instituciones financieras, empresas telefónicas, radiotelefonía, tráfico aéreo, compañías de agua, gas y electricidad, sistemas de tracción y muchos otros servicios públicos de propiedad privada.","El gobierno vigila el funcionamiento de bancos, otras instituciones financieras, empresas telefónicas, radiotelefonía, tráfico aéreo, compañías de agua, gas y electricidad, sistemas de tracción y otros servicios de propiedad privada.",Vivian,21.0,5.0,,,,,,,,0,"[21, 5]",2,21.0,Use of Complex Punctuation Marks,"['structural', 'reduction']",2,structural,36,1,0,0,0,r2,long,0,fam=structural | rules=r2 | len=long | num=0 | lex=0,fam=structural | rules=r2 | len=long
2341,5660_LibroBAC.pdf,"Prepararse para el futuro es también prepararse para la jubilación y para los posibles gastos médicos todo lo cual requiere planeación, ahorro y un número limitado de deudas.",Prepararse para el futuro implica prepararse para la pensión y para los posibles gastos médicos.,Vivian,6.0,5.0,1.0,,,,,,,1,"[6, 5, 1]",3,6.0,Complex Phrases,"['lexical', 'reduction']",2,lexical,28,1,0,0,0,r3,long,1,fam=lexical | rules=r3 | len=long | num=0 | lex=1,fam=lexical | rules=r3 | len=long
2345,5666_LibroBAC.pdf,"Al soñar se incrementan los niveles de energía, se ayuda a superar los obstáculos y se crea un enfoque claro para el futuro.","Soñar nos ayuda a subir los niveles de energía, superar obstáculos y enfocarnos hacia el futuro.",Vivian,6.0,5.0,1.0,,,,,,,1,"[6, 5, 1]",3,6.0,Complex Phrases,"['lexical', 'reduction']",2,lexical,23,1,0,0,0,r3,medium,1,fam=lexical | rules=r3 | len=medium | num=0 | lex=1,fam=lexical | rules=r3 | len=medium
2350,5673_LibroBAC.pdf,"Si bien sobre los sueños se puede construir la prosperidad y la seguridad financiera, ya que mediante ellos se pueden incentivar las metas y convertirlas en realidad, esto no invita al extremo de perder o distanciar los pies de la realidad.",Aunque la prosperidad y la seguridad financiera se construyen sobre los sueños no debemos evadir la realidad.,Vivian,16.0,5.0,20.0,6.0,,,,,,0,"[16, 5, 20, 6]",4,16.0,Parenthetical Phrases,"['reduction', 'lexical']",2,reduction,41,1,0,0,0,r4plus,long,0,fam=reduction | rules=r4plus | len=long | num=0 | lex=0,fam=reduction | rules=r4plus | len=long
2359,5683_LibroBAC.pdf,El trabajar es una responsabilidad que se adquiere desde la familia para que los sueños se hagan realidad.,Trabajar por los sueños es una responsabilidad adquirida desde la familia.,Vivian,17.0,5.0,19.0,,,,,,,0,"[17, 5, 19]",3,17.0,Relative Clauses,"['structural', 'reduction']",2,structural,18,1,0,0,0,r3,medium,0,fam=structural | rules=r3 | len=medium | num=0 | lex=0,fam=structural | rules=r3 | len=medium
2364,5691_LibroBAC.pdf,"Nada en la vida de las personas ni en el universo ocurre al azar, al menos eso afirman los científicos, sin una causa explicativa y muchas veces esa causa o razón que hace que algo acontezca, o le pase a una persona es el entusiasmo.",En la vida nada ocurre sin una causa. Esa causa puede ser el entusiasmo.,Vivian,16.0,15.0,5.0,,,,,,,0,"[16, 15, 5]",3,16.0,Parenthetical Phrases,"['reduction', 'structural']",2,reduction,45,1,0,0,0,r3,long,0,fam=reduction | rules=r3 | len=long | num=0 | lex=0,fam=reduction | rules=r3 | len=long
2365,5692_LibroBAC.pdf,"Si el entusiasmo, y esto no es idealismo ramplón, se orienta hacia la salud, la belleza, el éxito, la felicidad, lo más probable es que se obtenga la salud, la belleza, el éxito y la felicidad.","Si el entusiasmo se dirige hacia la salud, la belleza, el éxito, la felicidad es probable que los consigamos.",Vivian,16.0,1.0,,,,,,,,1,"[16, 1]",2,16.0,Parenthetical Phrases,"['reduction', 'lexical']",2,reduction,36,1,0,0,0,r2,long,1,fam=reduction | rules=r2 | len=long | num=0 | lex=1,fam=reduction | rules=r2 | len=long
2371,5706_LibroBAC.pdf,"Prácticamente, todas las personas quieren tener éxito en la vida y éste lo dimensionan en buena parte los resultados financieros.",Muchas personas relacionan el éxito con los resultados financieros.,Vivian,1.0,5.0,6.0,,,,,,,1,"[1, 5, 6]",3,1.0,Word Frequency,"['lexical', 'reduction']",2,lexical,20,1,0,0,0,r3,medium,1,fam=lexical | rules=r3 | len=medium | num=0 | lex=1,fam=lexical | rules=r3 | len=medium
2372,5707_LibroBAC.pdf,"Sabemos, además, que las personas pueden ser felices y triunfar en la vida.",Las personas pueden ser felices y triunfadoras.,Vivian,5.0,17.0,6.0,,,,,,,0,"[5, 17, 6]",3,5.0,Unnecessary Words,"['reduction', 'structural', 'lexical']",3,reduction,13,1,0,0,0,r3,medium,0,fam=reduction | rules=r3 | len=medium | num=0 | lex=0,fam=reduction | rules=r3 | len=medium
2376,5715_LibroBAC.pdf,"Para vivir en ese clima de fe y optimismo, indispensable a la felicidad, hemos de hacer la guerra a dos enemigos: el escepticismo y los estados o fenómenos psicológicos enemigos del optimismo.",Debemos alejar la incredulidad y los enemigos del optimismo para vivir con fe.,Vivian,5.0,16.0,1.0,,,,,,,1,"[5, 16, 1]",3,5.0,Unnecessary Words,"['reduction', 'lexical']",2,reduction,32,1,0,0,0,r3,long,1,fam=reduction | rules=r3 | len=long | num=0 | lex=1,fam=reduction | rules=r3 | len=long
2381,5725_LibroBAC.pdf,"Esto ocurre con frecuencia con los que ingresan a los negocios, que al ver que después de los tres o seis meses no se cumplen sus expectativas entonces optan por retirarse, sin considerar que los negocios, como muchas metas de la vida, son a largo plazo.",Esto ocurre frecuentemente con quienes inician un negocio porque se retiran cuando no se cumplen sus expectativas después de tres o seis meses.,Vivian,9.0,5.0,16.0,,,,,,,0,"[9, 5, 16]",3,9.0,Subordinating Conjunctions,"['morphosyntactic', 'reduction']",2,morphosyntactic,46,1,0,0,0,r3,long,0,fam=morphosyntactic | rules=r3 | len=long | num=0 | lex=0,fam=morphosyntactic | rules=r3 | len=long
2392,9223_LibroBAC.pdf,Una manera de conocer su flujo de efectivo es rastreando sus gastos diariamente por un período de tiempo.,Una manera de conocer su riqueza es rastrear sus gastos diariamente por un periodo.,Vivian,12.0,5.0,1.0,,,,,,,1,"[12, 5, 1]",3,12.0,Use of Gerund,"['morphosyntactic', 'reduction', 'lexical']",3,morphosyntactic,18,1,0,0,0,r3,medium,1,fam=morphosyntactic | rules=r3 | len=medium | num=0 | lex=1,fam=morphosyntactic | rules=r3 | len=medium
2394,9226_LibroBAC.pdf,¿Cómo pasa esto?,¿Cómo pasó?,Vivian,21.0,5.0,,,,,,,,0,"[21, 5]",2,21.0,Use of Complex Punctuation Marks,"['structural', 'reduction']",2,structural,3,1,0,0,0,r2,short,0,fam=structural | rules=r2 | len=short | num=0 | lex=0,fam=structural | rules=r2 | len=short
2396,9229_LibroBAC.pdf,"Para que se le haga más fácil, pida un recibo de todo lo que compre.",Pida un recibo por cada cosa comprada.,Vivian,5.0,17.0,,,,,,,,0,"[5, 17]",2,5.0,Unnecessary Words,"['reduction', 'structural']",2,reduction,15,1,0,0,0,r2,medium,0,fam=reduction | rules=r2 | len=medium | num=0 | lex=0,fam=reduction | rules=r2 | len=medium
2397,9231_LibroBAC.pdf,"Cuando haya pasado el mes, observe todo lo que ha gastado.",Observe los gastos pasados el mes.,Vivian,11.0,17.0,,,,,,,,0,"[11, 17]",2,11.0,Subjunctive Mood Verb Forms,"['morphosyntactic', 'structural']",2,morphosyntactic,11,1,0,0,0,r2,short,0,fam=morphosyntactic | rules=r2 | len=short | num=0 | lex=0,fam=morphosyntactic | rules=r2 | len=short
2400,9237_LibroBAC.pdf,"Ahora, si ya sabe dónde quiere llegar (sus metas) y qué tiene para lograrlo (sus recursos financieros), debemos definir cómo llegar hasta allá.","Cuando ya tiene sus metas y cuáles son sus recursos financieros, defina cómo llegará a ellas.",Vivian,5.0,16.0,,,,,,,,0,"[5, 16]",2,5.0,Unnecessary Words,['reduction'],1,reduction,23,1,0,0,0,r2,medium,0,fam=reduction | rules=r2 | len=medium | num=0 | lex=0,fam=reduction | rules=r2 | len=medium
2405,9245_LibroBAC.pdf,"Total: Adquirir este benéfico hábito, es un problema que involucra actitud y además educación, por no hablar de responsabilidad.","Adquirir el hábito del ahorro implica actitud, educación y responsabilidad.",Vivian,5.0,15.0,,,,,,,,0,"[5, 15]",2,5.0,Unnecessary Words,"['reduction', 'structural']",2,reduction,19,1,0,0,0,r2,medium,0,fam=reduction | rules=r2 | len=medium | num=0 | lex=0,fam=reduction | rules=r2 | len=medium
2408,9255_LibroBAC.pdf,"Las cuentas de ahorros son de varios tipos tales como cuentas corrientes, cuentas de ahorro, el mercado monetario, el depósito a plazo, entre otros.","Las cuentas de ahorros son de varios tipos. Algunas son cuentas corrientes, de ahorros, el mercado monetario y el depósito a plazo.",Vivian,9.0,5.0,,,,,,,,0,"[9, 5]",2,9.0,Subordinating Conjunctions,"['morphosyntactic', 'reduction']",2,morphosyntactic,24,1,0,0,0,r2,medium,0,fam=morphosyntactic | rules=r2 | len=medium | num=0 | lex=0,fam=morphosyntactic | rules=r2 | len=medium
2409,9256_LibroBAC.pdf,"Para manejar y aumentar los ahorros es importante seguir varias recomendaciones como: Analizar las deudas, abrir la cuenta adecuada, ahorrar cierta cantidad cada mes, hacer una lista de metas, organizar la información, analizar los gastos e ingresos, determinar cómo se pueden reducir los gastos, entre otros.","Debemos seguir varias recomendaciones para manejar y aumentar los ahorros. Algunas son analizar las deudas, abrir la cuenta adecuada, ahorrar mensualmente, hacer una lista de metas, organizar la información, analizar los gastos e ingresos.",Vivian,19.0,15.0,5.0,,,,,,,0,"[19, 15, 5]",3,19.0,Sentence Order,"['structural', 'reduction']",2,structural,46,1,0,0,0,r3,long,0,fam=structural | rules=r3 | len=long | num=0 | lex=0,fam=structural | rules=r3 | len=long
2410,9259_LibroBAC.pdf,Invertir significa usar el dinero ahorrado para comprar o participar en una oportunidad empresarial en la que se puede obtener ganancia o interés.,Invertir es usar el dinero ahorrado en una oportunidad empresarial donde se obtiene ganancia.,Vivian,9.0,1.0,5.0,6.0,,,,,,1,"[9, 1, 5, 6]",4,9.0,Subordinating Conjunctions,"['morphosyntactic', 'lexical', 'reduction']",3,morphosyntactic,23,1,0,0,0,r4plus,medium,1,fam=morphosyntactic | rules=r4plus | len=medium | num=0 | lex=1,fam=morphosyntactic | rules=r4plus | len=medium
2411,9261_LibroBAC.pdf,"Un aspecto también muy importante, en el tema del ahorro, es considerar el valor del dinero en el tiempo, ya que este último factor juega un gran papel, especialmente porque la tasa de interés es el precio del dinero por unidad de tiempo, para lo cual existen varios cálculos que se pueden realizar.",Un aspecto importante en el ahorro es considerar el valor del dinero en el tiempo. Esto porque la tasa de interés es el precio del dinero por el plazo.,Vivian,15.0,5.0,1.0,,,,,,,1,"[15, 5, 1]",3,15.0,Sentence Length,"['structural', 'reduction', 'lexical']",3,structural,53,1,0,0,0,r3,long,1,fam=structural | rules=r3 | len=long | num=0 | lex=1,fam=structural | rules=r3 | len=long
2412,9262_LibroBAC.pdf,Para ahorrar se requiere principalmente de disciplina y de paciencia.,Ahorrar requiere disciplina y paciencia.,Vivian,6.0,5.0,,,,,,,,0,"[6, 5]",2,6.0,Complex Phrases,"['lexical', 'reduction']",2,lexical,10,1,0,0,0,r2,short,0,fam=lexical | rules=r2 | len=short | num=0 | lex=0,fam=lexical | rules=r2 | len=short
2413,9263_LibroBAC.pdf,"El ahorro que una persona puede realizar apartando dinero en forma regular, preferiblemente.","Preferiblemente, el ahorro realizado por una persona regularmente.",Vivian,12.0,17.0,6.0,,,,,,,0,"[12, 17, 6]",3,12.0,Use of Gerund,"['morphosyntactic', 'structural', 'lexical']",3,morphosyntactic,13,1,0,0,0,r3,medium,0,fam=morphosyntactic | rules=r3 | len=medium | num=0 | lex=0,fam=morphosyntactic | rules=r3 | len=medium
2415,9999_LibroBAC.pdf,"En el lenguaje económico y de la administración de las finanzas, es muy común oír hablar de la inversión, como una modalidad o recurso que le permite a las personas, a las familias, a las empresas y organizaciones e incluso al Estado, poner a trabajar sus ahorros, en función de incrementarlos y aportarle a ellos un valor agregado mediante los intereses, dividendos u otros dineros que se obtienen con la inversión, según sea el tipo o modalidad de inversión por la que se opte.",En el lenguaje económico y de la administración de las finanzas es común escuchar sobre inversión. Como un recurso que les permite a las personas aumentar sus ahorros según la modalidad de inversión escogida.,Vivian,15.0,5.0,17.0,1.0,,,,,,1,"[15, 5, 17, 1]",4,15.0,Sentence Length,"['structural', 'reduction', 'lexical']",3,structural,84,1,0,0,0,r4plus,long,1,fam=structural | rules=r4plus | len=long | num=0 | lex=1,fam=structural | rules=r4plus | len=long
2420,10011_LibroBAC.pdf,"Se observa, claramente, la importancia de la inversión en la educación para el logro de la libertad financiera.",Observamos la importancia de la inversión en la educación para conseguir la libertad financiera.,Vivian,16.0,6.0,,,,,,,,0,"[16, 6]",2,16.0,Parenthetical Phrases,"['reduction', 'lexical']",2,reduction,18,1,0,0,0,r2,medium,0,fam=reduction | rules=r2 | len=medium | num=0 | lex=0,fam=reduction | rules=r2 | len=medium
2421,10015_LibroBAC.pdf,"Existen diversas alternativas de inversión, que se describirán más adelante, unas más beneficiosas que otras, incluyendo aquellas en las que se corren riesgos hasta de perder dinero, lo cual hace aconsejable reunir mucha información y contar, si es posible, con elementos de parte de los conocedores del mundo de las inversiones.",Existen diversas alternativas de inversión. Unas más beneficiosas que otras.,Vivian,15.0,5.0,,,,,,,,0,"[15, 5]",2,15.0,Sentence Length,"['structural', 'reduction']",2,structural,51,1,0,0,0,r2,long,0,fam=structural | rules=r2 | len=long | num=0 | lex=0,fam=structural | rules=r2 | len=long
2428,10026_LibroBAC.pdf,"Desde los primeros capítulos de este Libro Maestro se ha podido observar, como ya se ha mencionado, el papel clave de la inversión para una persona, la familia, la comunidad o el país.",Desde los primeros capítulos vemos el papel clave de la inversión.,Vivian,16.0,6.0,5.0,,,,,,,0,"[16, 6, 5]",3,16.0,Parenthetical Phrases,"['reduction', 'lexical']",2,reduction,33,1,0,0,0,r3,long,0,fam=reduction | rules=r3 | len=long | num=0 | lex=0,fam=reduction | rules=r3 | len=long
2430,10034_LibroBAC.pdf,"Esta diferencia conceptual es muy útil, pues no es lo mismo tener una utilidad de 100 cuando la inversión es de 1,000 que cuando la inversión es de 10,000, por ejemplo.",Esta diferencia conceptual es importante. No es lo mismo una ganancia de cien cuando la inversión es de mil que cuando la inversión es de diez mil.,Vivian,14.0,5.0,,,,,,,,0,"[14, 5]",2,14.0,Use of Numerical Expressions,"['structural', 'reduction']",2,structural,31,1,1,0,0,r2,long,0,fam=structural | rules=r2 | len=long | num=1 | lex=0,fam=structural | rules=r2 | len=long
2431,10035_LibroBAC.pdf,"En el primer caso, la rentabilidad sería de 10%, mientras que en el segundo caso sería de 1%.","En el primer caso, la rentabilidad sería de diez por ciento y en el segundo caso sería de uno por ciento.",Vivian,14.0,6.0,,,,,,,,0,"[14, 6]",2,14.0,Use of Numerical Expressions,"['structural', 'lexical']",2,structural,18,1,1,0,1,r2,medium,0,fam=structural | rules=r2 | len=medium | num=1 | lex=0,fam=structural | rules=r2 | len=medium
2433,10037_LibroBAC.pdf,Los intereses corresponden a pagos que se realizan por la utilización de dinero por un cierto plazo.,Los intereses son pagos realizados por el uso del dinero por un cierto tiempo.,Vivian,17.0,6.0,1.0,,,,,,,1,"[17, 6, 1]",3,17.0,Relative Clauses,"['structural', 'lexical']",2,structural,17,1,0,0,0,r3,medium,1,fam=structural | rules=r3 | len=medium | num=0 | lex=1,fam=structural | rules=r3 | len=medium
2436,10042_LibroBAC.pdf,"Existe, asimismo, la tasa preferencial que se refiere a tasas de interés más bajas que se otorga a clientes preferenciales, cuando se adquiere un préstamo, especialmente cuando se realizan inversiones en proyectos o asuntos calificados.",Las tasas preferenciales son las tasas de interés más bajas otorgadas a clientes preferenciales cuando adquieren un préstamo.,Vivian,15.0,5.0,,,,,,,,0,"[15, 5]",2,15.0,Sentence Length,"['structural', 'reduction']",2,structural,35,1,0,0,0,r2,long,0,fam=structural | rules=r2 | len=long | num=0 | lex=0,fam=structural | rules=r2 | len=long
2437,10044_LibroBAC.pdf,"Los inversionistas inteligentes miran mucho más allá, al colocar su dinero en inversiones en forma regular y al mantenerlo invertido por cinco, diez, quince o veinte años.","Los inversionistas inteligentes invierten regularmente por cinco, diez, quince o veinte años.",Vivian,5.0,6.0,,,,,,,,0,"[5, 6]",2,5.0,Unnecessary Words,"['reduction', 'lexical']",2,reduction,27,1,0,0,0,r2,long,0,fam=reduction | rules=r2 | len=long | num=0 | lex=0,fam=reduction | rules=r2 | len=long
2441,10052_LibroBAC.pdf,"Esta etapa, asimismo, permitirá la realización final de la evaluación para tomar lecciones de la experiencia y contar con recomendaciones que permitan orientar otras inversiones o reinversiones que se propongan realizar.","Además, permite evaluar para aprender de la experiencia y hacer recomendaciones que orienten inversiones futuras.",Vivian,15.0,5.0,6.0,,,,,,,0,"[15, 5, 6]",3,15.0,Sentence Length,"['structural', 'reduction', 'lexical']",3,structural,31,1,0,0,0,r3,long,0,fam=structural | rules=r3 | len=long | num=0 | lex=0,fam=structural | rules=r3 | len=long
2443,10055_LibroBAC.pdf,"Por lo general, se orientan hacia el mercado de capitales, pero también hay diversas opciones como las inversiones en educación propia y previsiones para el futuro cuando tenga sus hijos e hijas, en bienes inmobiliarios, en la creación de empresas y microempresas, en la participación por medio de acciones en empresas y compañías, en el establecimiento de negocios vía oferta de servicios, en la adquisición de otros bienes y servicios que con el tiempo aumentan de valor (muebles antiguos, pinturas, colecciones), en el desarrollo de negocios pequeños, medianos y grandes, en el financiamiento de proyectos y otras inversiones.","Generalmente, se orientan hacia el mercado de capitales, pero también hay diversas opciones como las inversiones en educación propia y previsiones para el futuro.",Vivian,15.0,16.0,5.0,6.0,,,,,,0,"[15, 16, 5, 6]",4,15.0,Sentence Length,"['structural', 'reduction', 'lexical']",3,structural,99,1,0,0,0,r4plus,long,0,fam=structural | rules=r4plus | len=long | num=0 | lex=0,fam=structural | rules=r4plus | len=long
2445,10059_LibroBAC.pdf,"Este tipo de inversiones permite ir ganando experiencia utilizando sus recursos de inmediato, al mismo tiempo que puede analizar los riesgos; pero, en lo posible, debe pensarse en inversiones a largo plazo Como se señaló anteriormente, la inversión utiliza parte o el total de recursos del ahorro de una persona, familia, empresa, comunidad o país que, a su vez, es el resultado de los ingresos menos el consumo.","Estas inversiones permiten ganar experiencia con el uso inmediato de los recursos y analizar los riesgos. Como se mencionó, la inversión utiliza parte o el total del dinero ahorrado.",Vivian,6.0,12.0,15.0,5.0,21.0,,,,,0,"[6, 12, 15, 5, 21]",5,6.0,Complex Phrases,"['lexical', 'morphosyntactic', 'structural', 'reduction']",4,lexical,68,1,0,0,0,r4plus,long,0,fam=lexical | rules=r4plus | len=long | num=0 | lex=0,fam=lexical | rules=r4plus | len=long
2447,10063_LibroBAC.pdf,"En el contexto de la inversión es importante, asimismo, la utilización del enfoque de planificación, en sus tres etapas principales que comprenden: diagnóstico; programación con la fijación de metas y resultados esperados y el correspondiente plan de acción, la asignación de recursos por tipos de inversión; y finalmente, el seguimiento o monitoreo y la evaluación.","En la inversión es importante el uso del enfoque de planificación. Este tiene tres etapas principales: diagnóstico. Programación de metas, plan de acción y asignación de recursos por tipos de inversión. Seguimiento y evaluación.",Vivian,15.0,21.0,5.0,,,,,,,0,"[15, 21, 5]",3,15.0,Sentence Length,"['structural', 'reduction']",2,structural,55,1,0,0,0,r3,long,0,fam=structural | rules=r3 | len=long | num=0 | lex=0,fam=structural | rules=r3 | len=long
2449,10069_LibroBAC.pdf,"En la segunda etapa de programación, se definen los objetivos y se fijan las metas o resultados esperados, que deben ser lo más específicos y precisos posibles, para tener claridad en lo que se trata de alcanzar con las inversiones por realizar; por ejemplo, los tipos de inversión y los montos que se pretenden lograr en un tiempo definido y otros que pueden describirse en términos de logro o resultados que se desean alcanzar.","En la segunda etapa de programación, se definen los objetivos y se fijan las metas específicas.",Vivian,15.0,5.0,,,,,,,,0,"[15, 5]",2,15.0,Sentence Length,"['structural', 'reduction']",2,structural,74,1,0,0,0,r2,long,0,fam=structural | rules=r2 | len=long | num=0 | lex=0,fam=structural | rules=r2 | len=long
2455,10081_LibroBAC.pdf,El capital que se separa para crear la riqueza personal no puede afectarse para gastos personales.,El dinero separado para crear la riqueza personas no se usa para gastos personales.,Vivian,21.0,17.0,1.0,,,,,,,1,"[21, 17, 1]",3,21.0,Use of Complex Punctuation Marks,"['structural', 'lexical']",2,structural,16,1,0,0,0,r3,medium,1,fam=structural | rules=r3 | len=medium | num=0 | lex=1,fam=structural | rules=r3 | len=medium
2458,10086_LibroBAC.pdf,"Puede ocurrir que por sus habilidades personales, aptitudes o circunstancias, puede completar estos objetivos ANTES de que se cumpla un año -y entonces podrá iniciar el ciclo siguiente-, pero en el caso que no vaya acelerado, al menos tiene que cumplir los objetivos UNA VEZ al año (en este caso usará ciclos anuales).",Puede completar sus metas antes de un año por sus habilidades personales o circunstancias. Pero debe cumplir los objetivos al menos una vez al año.,Vivian,6.0,15.0,21.0,16.0,5.0,,,,,0,"[6, 15, 21, 16, 5]",5,6.0,Complex Phrases,"['lexical', 'structural', 'reduction']",3,lexical,53,1,0,0,0,r4plus,long,0,fam=lexical | rules=r4plus | len=long | num=0 | lex=0,fam=lexical | rules=r4plus | len=long
2462,10091_LibroBAC.pdf,"Básicamente, esta experiencia que va a empezar, es un proceso de autoeducación motivada en que tiene objetivos por cumplir.",Esta experiencia es un proceso de autoeducación motivada con objetivos por cumplir.,Vivian,5.0,17.0,,,,,,,,0,"[5, 17]",2,5.0,Unnecessary Words,"['reduction', 'structural']",2,reduction,19,1,0,0,0,r2,medium,0,fam=reduction | rules=r2 | len=medium | num=0 | lex=0,fam=reduction | rules=r2 | len=medium
2464,10093_LibroBAC.pdf,"En el campo de las inversiones hay que tener en cuenta, asimismo, que pueden aparecer, como lo señalan Alonso, Brailovsky y Ortiz (1999), los fenómenos de mente colectiva, cuando aparecen los gurús de las inversiones para aconsejar sobre las inversiones del momento, cuál genera más recursos y, por lo tanto, dónde deben orientar su inversión._x000D_
Sobre el particular, dicen que las personas dentro de una multitud son arrastradas a hacer cosas que solas no lo harían y, citan lo siguiente:_x000D_
Acerca de cómo la persona pierde su individualidad y se convierte en masa o ","Según Alonso, Brailovsky y Ortiz (mil novecientos noventa y nueve) en las inversiones pueden aparecer fenómenos de mente colectiva. Esto cuando aparecen los líderes de las inversiones para aconsejar sobre ellas.",Vivian,21.0,14.0,15.0,1.0,5.0,,,,,1,"[21, 14, 15, 1, 5]",5,21.0,Use of Complex Punctuation Marks,"['structural', 'lexical', 'reduction']",3,structural,94,2,1,0,0,r4plus,long,1,fam=structural | rules=r4plus | len=long | num=1 | lex=1,fam=structural | rules=r4plus | len=long
2468,10101_LibroBAC.pdf,"Luego el autor define qué entiende por mente colectiva: Cualesquiera que sean los individuos que la componen, o sin importar qué tan parecido o dispar sea su modo de vida, sus ocupaciones, su carácter o su inteligencia, el hecho es que se han transformado en una multitud que los hace poseedores de una especie de mente colectiva que los induce a sentir, pensar y actuar de una manera por completo diferente de aquella que cada individuo sentiría, pensaría y actuaría si estuviera solo.","Luego el autor define mente colectiva como aquella que lleva a un grupo de individuos a sentir, pensar y actuar de manera diferente de aquella que cada uno sentiría, pensaría y actuaría si estuviera solo.",Vivian,21.0,15.0,5.0,,,,,,,0,"[21, 15, 5]",3,21.0,Use of Complex Punctuation Marks,"['structural', 'reduction']",2,structural,83,1,0,0,0,r3,long,0,fam=structural | rules=r3 | len=long | num=0 | lex=0,fam=structural | rules=r3 | len=long
2473,10109_LibroBAC.pdf,Contar con informaciones de seguridad financiera es muy importante en el campo de la inversión.,En la inversión es importante informarse sobre seguridad financiera.,Vivian,19.0,6.0,,,,,,,,0,"[19, 6]",2,19.0,Sentence Order,"['structural', 'lexical']",2,structural,15,1,0,0,0,r2,medium,0,fam=structural | rules=r2 | len=medium | num=0 | lex=0,fam=structural | rules=r2 | len=medium
2475,10112_LibroBAC.pdf,"así como considerar el tiempo y seguir, lo que comúnmente se aconseja, diversificando sus inversiones, cuando el monto de capital disponible para inversión, lo justifica.",También debemos considerar el tiempo y variar la inversión cuando el dinero lo permita.,Vivian,1.0,5.0,,,,,,,,1,"[1, 5]",2,1.0,Word Frequency,"['lexical', 'reduction']",2,lexical,25,1,0,0,0,r2,long,1,fam=lexical | rules=r2 | len=long | num=0 | lex=1,fam=lexical | rules=r2 | len=long
2476,10114_LibroBAC.pdf,"Los criterios clásicos podemos resumirlos en tres, tan sencillos que podrás apreciarlos y aplicarlos:",Los criterios básicos son tres:,Vivian,21.0,5.0,,,,,,,,0,"[21, 5]",2,21.0,Use of Complex Punctuation Marks,"['structural', 'reduction']",2,structural,14,1,0,0,0,r2,medium,0,fam=structural | rules=r2 | len=medium | num=0 | lex=0,fam=structural | rules=r2 | len=medium
2479,10317_LibroBAC.pdf,Tienen una tasa de interés y una fecha para pago de intereses que se definen desde el momento de su emisión.,Tienen una tasa de interés y una fecha de pago de intereses definidas desde su emisión.,Vivian,17.0,5.0,,,,,,,,0,"[17, 5]",2,17.0,Relative Clauses,"['structural', 'reduction']",2,structural,21,1,0,0,0,r2,medium,0,fam=structural | rules=r2 | len=medium | num=0 | lex=0,fam=structural | rules=r2 | len=medium
2481,10324_LibroBAC.pdf,"Los pagos del interés pactado pueden hacerse de forma mensual, trimestral, semestral o anual, dependiendo de la necesidad de quién está invirtiendo los fondos.","Los pagos del interés pueden ser mensuales, trimestrales, semestrales o anuales según la necesidad del inversionista.",Vivian,5.0,6.0,,,,,,,,0,"[5, 6]",2,5.0,Unnecessary Words,"['reduction', 'lexical']",2,reduction,24,1,0,0,0,r2,medium,0,fam=reduction | rules=r2 | len=medium | num=0 | lex=0,fam=reduction | rules=r2 | len=medium
2482,10341_LibroBAC.pdf,"¿Cómo puede variar un certificado de depósito de otras formas de inversión (intereses, comisiones, saldos mínimos, etc.",Cómo se diferencia un certificado de depósito de otras formas de inversión.,Vivian,21.0,5.0,6.0,,,,,,,0,"[21, 5, 6]",3,21.0,Use of Complex Punctuation Marks,"['structural', 'reduction', 'lexical']",3,structural,17,1,0,0,0,r3,medium,0,fam=structural | rules=r3 | len=medium | num=0 | lex=0,fam=structural | rules=r3 | len=medium
2485,10345_LibroBAC.pdf,¿Qué riesgos puede tener el uso de certificados de depósito?,¿Cuáles son los riesgos de los certificados de depósito?,Vivian,21.0,6.0,,,,,,,,0,"[21, 6]",2,21.0,Use of Complex Punctuation Marks,"['structural', 'lexical']",2,structural,10,1,0,0,0,r2,short,0,fam=structural | rules=r2 | len=short | num=0 | lex=0,fam=structural | rules=r2 | len=short
2488,10354_LibroBAC.pdf,"En cuánto a liquidez, los certificados de inversión no son la mejor opción ya que no cuentan con la posibilidad de redimirse anticipadamente.",Los certificados de inversión no son la mejor opción de liquidez porque no es posible retirarlos anticipadamente.,Vivian,6.0,19.0,1.0,,,,,,,1,"[6, 19, 1]",3,6.0,Complex Phrases,"['lexical', 'structural']",2,lexical,23,1,0,0,0,r3,medium,1,fam=lexical | rules=r3 | len=medium | num=0 | lex=1,fam=lexical | rules=r3 | len=medium
2491,10360_LibroBAC.pdf,"¿Cómo se accede a los certificados de depósito (lugares, requisitos, documentos, etc.)?",¿Cómo acceder a los certificados de depósito?,Vivian,21.0,16.0,,,,,,,,0,"[21, 16]",2,21.0,Use of Complex Punctuation Marks,"['structural', 'reduction']",2,structural,12,2,0,0,0,r2,short,0,fam=structural | rules=r2 | len=short | num=0 | lex=0,fam=structural | rules=r2 | len=short
2493,10384_LibroBAC.pdf,"El 31 de enero, en Mutual Alajuela por una inversión a un año, con retiro de intereses, en forma mensual, ofrecen una tasa de 10,75% en colones, en títulos físicos.","El treinta y uno de enero, en Mutual Alajuela ofrecen una tasa de diez coma setenta y cinco por ciento por una inversión en colones a un año con retiro mensual de intereses.",Vivian,14.0,16.0,,,,,,,,0,"[14, 16]",2,14.0,Use of Numerical Expressions,"['structural', 'reduction']",2,structural,30,1,1,0,1,r2,long,0,fam=structural | rules=r2 | len=long | num=1 | lex=0,fam=structural | rules=r2 | len=long
2496,10396_LibroBAC.pdf,"Valores cuyo rendimiento no se reconoce en forma explícita bajo la forma de intereses, sino a través de descuentos sobre el valor nominal (original).",Valores con ganancia no explícita bajo la forma de intereses sino por descuentos sobre el valor original.,Vivian,1.0,16.0,,,,,,,,1,"[1, 16]",2,1.0,Word Frequency,"['lexical', 'reduction']",2,lexical,24,1,0,0,0,r2,medium,1,fam=lexical | rules=r2 | len=medium | num=0 | lex=1,fam=lexical | rules=r2 | len=medium
2504,10416_LibroBAC.pdf,Están gravados con el 8% de impuesto.,Tienen el ocho por ciento de impuesto.,Vivian,14.0,1.0,,,,,,,,1,"[14, 1]",2,14.0,Use of Numerical Expressions,"['structural', 'lexical']",2,structural,7,1,1,0,1,r2,short,1,fam=structural | rules=r2 | len=short | num=1 | lex=1,fam=structural | rules=r2 | len=short
2515,250_LibroNEFE_Sincopyright.pdf,"El tipo de deuda menos beneficioso se denomina deuda de consumo; se trata del dinero que pides prestado (a un banco, tarjeta de crédito u otra fuente) para comprar artículos que no aumentan de valor con el paso del tiempo.",La deuda de consumo es la menos beneficiosa. Es el dinero prestado para comprar artículos que no suben de precio con el tiempo.,Vivian,16.0,21.0,5.0,19.0,,,,,,0,"[16, 21, 5, 19]",4,16.0,Parenthetical Phrases,"['reduction', 'structural']",2,reduction,40,1,0,0,0,r4plus,long,0,fam=reduction | rules=r4plus | len=long | num=0 | lex=0,fam=reduction | rules=r4plus | len=long
2518,263_LibroNEFE_Sincopyright.pdf,"Antes de suscribirte a un plan de recompensas de una tarjeta de crédito que tiene un costo anual alto o tasas de interés elevadas, ten en cuenta que las millas de la aerolínea solo sirven si realmente puedes usarlas, y es posible que los incentivos en efectivo no cubran el cargo anual.","Antes de suscribirte a un plan de recompensas de una tarjeta de crédito debes tomar en cuenta algunos aspectos. Por ejemplo, las millas de aerolínea sirven si puedes usarlas y los premios en efectivo no cubren el cargo anual.",Vivian,15.0,5.0,,,,,,,,0,"[15, 5]",2,15.0,Sentence Length,"['structural', 'reduction']",2,structural,52,1,0,0,0,r2,long,0,fam=structural | rules=r2 | len=long | num=0 | lex=0,fam=structural | rules=r2 | len=long
2527,298_LibroNEFE_Sincopyright.pdf,"No obstante, debes solicitar una copia del informe a la agencia que lo elaboró dentro de un plazo específico, generalmente, 60 días después de que te denegaron el crédito.","Sin embargo, debes pedir a la agencia una copia del informo en un plazo específico.",Vivian,20.0,5.0,,,,,,,,0,"[20, 5]",2,20.0,Common Discourse Markers,"['lexical', 'reduction']",2,lexical,29,1,1,0,0,r2,long,0,fam=lexical | rules=r2 | len=long | num=1 | lex=0,fam=lexical | rules=r2 | len=long
2528,300_LibroNEFE_Sincopyright.pdf,Aproximadamente el 20 por ciento de los informes crediticios contienen información inexacta.,Aproximadamente el veinte por ciento de los informes crediticios tienen información incorrecta.,Vivian,21.0,1.0,,,,,,,,1,"[21, 1]",2,21.0,Use of Complex Punctuation Marks,"['structural', 'lexical']",2,structural,12,1,1,0,1,r2,short,1,fam=structural | rules=r2 | len=short | num=1 | lex=1,fam=structural | rules=r2 | len=short
2533,310_LibroNEFE_Sincopyright.pdf,"Quizás puedas solucionar el problema con una simple llamada tele fónica, pero siempre pide documentos escritos para certificarlo, por ejemplo, un correo electrónico o una carta.","Quizás soluciones el problema por llamada, pero necesitas documentos escritos para certificarlo.",Vivian,5.0,6.0,,,,,,,,0,"[5, 6]",2,5.0,Unnecessary Words,"['reduction', 'lexical']",2,reduction,26,1,0,0,0,r2,long,0,fam=reduction | rules=r2 | len=long | num=0 | lex=0,fam=reduction | rules=r2 | len=long
2539,328_LibroNEFE_Sincopyright.pdf,"Si pierdes la tarjeta o te la roban, serás responsable de pagar como máximo $50 de los cargos no autorizados, siempre que llames a la empresa emisora de la tarjeta no bien te percates de que no la tienes.",Si pierdes la tarjeta pagarás máximo cincuenta dólares de los cargos no autorizados. Pero debes llamar a la empresa emisora de la tarjeta.,Vivian,14.0,15.0,6.0,,,,,,,0,"[14, 15, 6]",3,14.0,Use of Numerical Expressions,"['structural', 'lexical']",2,structural,39,1,1,1,0,r3,long,0,fam=structural | rules=r3 | len=long | num=1 | lex=0,fam=structural | rules=r3 | len=long
2540,331_LibroNEFE_Sincopyright.pdf,También puedes querer usar una tarjeta de crédito para determinar tu solvencia.,También puedes usar una tarjeta de crédito para determinar tu capacidad financiera.,Vivian,6.0,1.0,,,,,,,,1,"[6, 1]",2,6.0,Complex Phrases,['lexical'],1,lexical,12,1,0,0,0,r2,short,1,fam=lexical | rules=r2 | len=short | num=0 | lex=1,fam=lexical | rules=r2 | len=short
2541,333_LibroNEFE_Sincopyright.pdf,"Si solicitas una tarjeta de crédito, úsala para comprar cosas que puedes pagar y paga lo que debes a la brevedad.","Si pides una tarjeta de crédito, compra lo que puedes pagar y paga rápido tus deudas.",Vivian,1.0,6.0,,,,,,,,1,"[1, 6]",2,1.0,Word Frequency,['lexical'],1,lexical,21,1,0,0,0,r2,medium,1,fam=lexical | rules=r2 | len=medium | num=0 | lex=1,fam=lexical | rules=r2 | len=medium
2544,345_LibroNEFE_Sincopyright.pdf,"Sal recibió la oferta de esa tarjeta, que cobraba una tasa de interés del 18 por ciento, en su correo durante el último año de la universidad.",Sal recibió la oferta de la tarjeta en su correo. Cobraba una tasa de interés del dieciocho por ciento.,Vivian,16.0,14.0,,,,,,,,0,"[16, 14]",2,16.0,Parenthetical Phrases,"['reduction', 'structural']",2,reduction,27,1,1,0,1,r2,long,0,fam=reduction | rules=r2 | len=long | num=1 | lex=0,fam=reduction | rules=r2 | len=long
2547,351_LibroNEFE_Sincopyright.pdf,"Además de pagar los $1000 iniciales, tuvo que pagar $474 de intereses.","Además de los mil dólares, pagó cuatrocientos setenta y cuatro dólares de intereses.",Vivian,5.0,6.0,14.0,,,,,,,0,"[5, 6, 14]",3,5.0,Unnecessary Words,"['reduction', 'lexical', 'structural']",3,reduction,12,1,1,1,0,r3,short,0,fam=reduction | rules=r3 | len=short | num=1 | lex=0,fam=reduction | rules=r3 | len=short
2550,357_LibroNEFE_Sincopyright.pdf,Estas tarjetas acarrean pocos riesgos y te ayudan a crear buenos antecedentes crediticios al mostrar tu capacidad para usar una tarjeta con responsabilidad.,Estas tarjetas traen pocos riesgos y ayudan a crear buen historial crediticio.,Vivian,5.0,1.0,,,,,,,,1,"[5, 1]",2,5.0,Unnecessary Words,"['reduction', 'lexical']",2,reduction,23,1,0,0,0,r2,medium,1,fam=reduction | rules=r2 | len=medium | num=0 | lex=1,fam=reduction | rules=r2 | len=medium
2552,360_LibroNEFE_Sincopyright.pdf,Usa las tarjetas de crédito solo para las compras fundamentales o los gastos que puedes pagar el mes siguiente antes de que te cobren intereses.,Usa las tarjetas de crédito solo para compras importantes o gastos a pagar el mes siguiente.,Vivian,6.0,5.0,,,,,,,,0,"[6, 5]",2,6.0,Complex Phrases,"['lexical', 'reduction']",2,lexical,25,1,0,0,0,r2,long,0,fam=lexical | rules=r2 | len=long | num=0 | lex=0,fam=lexical | rules=r2 | len=long
2554,370_LibroNEFE_Sincopyright.pdf,"Si el saldo sigue aumentando, llama al emisor de la tarjeta y pide que te bajen el límite del crédito.","Si el saldo aumenta, llama al emisor de la tarjeta y pide un rebajo del límite del crédito.",Vivian,6.0,13.0,,,,,,,,0,"[6, 13]",2,6.0,Complex Phrases,['lexical'],1,lexical,20,1,0,0,0,r2,medium,0,fam=lexical | rules=r2 | len=medium | num=0 | lex=0,fam=lexical | rules=r2 | len=medium
2556,376_LibroNEFE_Sincopyright.pdf,Usa la hoja de cálculo de la página 15 para comparar créditos y compara las tasas de interés y los costos de al menos tres entidades crediticias.,"Usa la hoja de cálculo de la página quince para comparar créditos, tasas de interés y costos de mínimo tres empresas crediticias.",Vivian,5.0,14.0,1.0,,,,,,,1,"[5, 14, 1]",3,5.0,Unnecessary Words,"['reduction', 'structural', 'lexical']",3,reduction,27,1,1,0,0,r3,long,1,fam=reduction | rules=r3 | len=long | num=1 | lex=1,fam=reduction | rules=r3 | len=long
2557,379_LibroNEFE_Sincopyright.pdf,Presta atención a la información sobre los pagos mínimos que aparece en los estados de cuenta de la tarjeta de crédito.,Considera los pagos mínimos presentes en los estados de cuenta de la tarjeta de crédito.,Vivian,6.0,5.0,,,,,,,,0,"[6, 5]",2,6.0,Complex Phrases,"['lexical', 'reduction']",2,lexical,21,1,0,0,0,r2,medium,0,fam=lexical | rules=r2 | len=medium | num=0 | lex=0,fam=lexical | rules=r2 | len=medium
2560,384_LibroNEFE_Sincopyright.pdf,"Incluso cuando pagues tus deudas, estarás pagando intereses sobre el saldo restante.","Incluso cuando pagues tus deudas, pagarás intereses sobre el saldo.",Vivian,12.0,5.0,,,,,,,,0,"[12, 5]",2,12.0,Use of Gerund,"['morphosyntactic', 'reduction']",2,morphosyntactic,12,1,0,0,0,r2,short,0,fam=morphosyntactic | rules=r2 | len=short | num=0 | lex=0,fam=morphosyntactic | rules=r2 | len=short
2563,398_LibroNEFE_Sincopyright.pdf,"En cambio, felicítate a ti mismo por vivir con menos de lo que tienes.","En cambio, felicítate por vivir con menos.",Vivian,5.0,17.0,,,,,,,,0,"[5, 17]",2,5.0,Unnecessary Words,"['reduction', 'structural']",2,reduction,14,1,0,0,0,r2,medium,0,fam=reduction | rules=r2 | len=medium | num=0 | lex=0,fam=reduction | rules=r2 | len=medium
2570,432_LibroNEFE_Sincopyright.pdf,"La sensación de desesperanza que aparece frecuentemente cuando el endeudamiento es excesivo puede afectar tu comportamiento, perjudicar tu bienestar físico y emocional, y afectar relaciones importantes.","La desesperanza aparece cuando el endeudamiento es excesivo. Afecta tu comportamiento, tus relaciones y tu bienestar físico y emocional.",Vivian,15.0,5.0,,,,,,,,0,"[15, 5]",2,15.0,Sentence Length,"['structural', 'reduction']",2,structural,26,1,0,0,0,r2,long,0,fam=structural | rules=r2 | len=long | num=0 | lex=0,fam=structural | rules=r2 | len=long
2572,439_LibroNEFE_Sincopyright.pdf,"Las deudas, al igual que las inversiones, se forman en el transcurso del tiempo.",Las deudas se forman con el tiempo.,Vivian,5.0,16.0,,,,,,,,0,"[5, 16]",2,5.0,Unnecessary Words,['reduction'],1,reduction,14,1,0,0,0,r2,medium,0,fam=reduction | rules=r2 | len=medium | num=0 | lex=0,fam=reduction | rules=r2 | len=medium
2574,442_LibroNEFE_Sincopyright.pdf,"Si cancelas una deuda, no dejes de apartar ese dinero: destínalo a pagar otra deuda.","Si pagas una deuda, usa ese dinero para pagar otra deuda.",Vivian,1.0,5.0,,,,,,,,1,"[1, 5]",2,1.0,Word Frequency,"['lexical', 'reduction']",2,lexical,15,1,0,0,0,r2,medium,1,fam=lexical | rules=r2 | len=medium | num=0 | lex=1,fam=lexical | rules=r2 | len=medium
2579,451_LibroNEFE_Sincopyright.pdf,"Posiblemente sea mejor cambiar el auto por otro más barato o usar un medio de transporte alternativo, en vez de dejar que el acreedor recupere el auto, lo que dañaría tus antecedentes crediticios.",Puedes cambiarlo por uno más barato o usar otro medio de transporte. No dejes que el fiador recupere el carro porque daña tu historial crediticio.,Vivian,15.0,5.0,1.0,,,,,,,1,"[15, 5, 1]",3,15.0,Sentence Length,"['structural', 'reduction', 'lexical']",3,structural,33,1,0,0,0,r3,long,1,fam=structural | rules=r3 | len=long | num=0 | lex=1,fam=structural | rules=r3 | len=long
2581,454_LibroNEFE_Sincopyright.pdf,"(Si tienes responsabilidades familiares, primero considera cómo afectaría tu ausencia al bienestar de tu familia).","Si tienes responsabilidades familiares, considera cómo afectará tu ausencia al bienestar de tu familia.",Vivian,21.0,5.0,,,,,,,,0,"[21, 5]",2,21.0,Use of Complex Punctuation Marks,"['structural', 'reduction']",2,structural,15,1,0,0,0,r2,medium,0,fam=structural | rules=r2 | len=medium | num=0 | lex=0,fam=structural | rules=r2 | len=medium
2582,456_LibroNEFE_Sincopyright.pdf,Cambia los préstamos con tasas de interés altas por un único préstamo con tasas de interés bajas y deja de generar nuevos cargos.,Cambia los préstamos con tasas de interés altas por uno con tasas de interés bajas y no hagas más cargos.,Vivian,6.0,1.0,5.0,,,,,,,1,"[6, 1, 5]",3,6.0,Complex Phrases,"['lexical', 'reduction']",2,lexical,23,1,0,0,0,r3,medium,1,fam=lexical | rules=r3 | len=medium | num=0 | lex=1,fam=lexical | rules=r3 | len=medium
2590,487_LibroNEFE_Sincopyright.pdf,"Ten cuidado con las promesas del estilo: Podemos borrar tus malos antecedentes, ¡100 por ciento garantizado!",¡Cuídate de promesas como borramos tus malos antecedentes o cien por ciento garantizado!,Vivian,21.0,14.0,,,,,,,,0,"[21, 14]",2,21.0,Use of Complex Punctuation Marks,['structural'],1,structural,16,1,1,0,1,r2,medium,0,fam=structural | rules=r2 | len=medium | num=1 | lex=0,fam=structural | rules=r2 | len=medium
2591,490_LibroNEFE_Sincopyright.pdf,"Con frecuencia, estas compañías cobran honorarios costosos por cosas que podrías hacer tú mismo.",Estas compañías cobran precios muy altos.,Vivian,5.0,1.0,,,,,,,,1,"[5, 1]",2,5.0,Unnecessary Words,"['reduction', 'lexical']",2,reduction,14,1,0,0,0,r2,medium,1,fam=reduction | rules=r2 | len=medium | num=0 | lex=1,fam=reduction | rules=r2 | len=medium
2594,505_LibroNEFE_Sincopyright.pdf,"En poco tiempo, si continúas haciendo los pagos regularmente, los montos adeudados disminuirán.","En poco tiempo, los montos adeudados bajarán.",Vivian,16.0,1.0,,,,,,,,1,"[16, 1]",2,16.0,Parenthetical Phrases,"['reduction', 'lexical']",2,reduction,13,1,0,0,0,r2,medium,1,fam=reduction | rules=r2 | len=medium | num=0 | lex=1,fam=reduction | rules=r2 | len=medium
2596,507_LibroNEFE_Sincopyright.pdf,"Cuando elimines una deuda, celebra tu progreso, pero evita que la celebración te haga contraer deudas nuevamente.","Cuando elimines una deuda, celebra sin adquirir nuevas deudas.",Vivian,15.0,4.0,,,,,,,,0,"[15, 4]",2,15.0,Sentence Length,"['structural', 'lexical']",2,structural,17,1,0,0,0,r2,medium,0,fam=structural | rules=r2 | len=medium | num=0 | lex=0,fam=structural | rules=r2 | len=medium
2599,517_LibroNEFE_Sincopyright.pdf,Mantén la relación entre deuda e ingresos por debajo del 20 por ciento (sin incluir la deuda hipotecaria).,Mantén la relación entre deuda e ingresos por debajo del veinte por ciento.,Vivian,14.0,5.0,,,,,,,,0,"[14, 5]",2,14.0,Use of Numerical Expressions,"['structural', 'reduction']",2,structural,18,1,1,0,1,r2,medium,0,fam=structural | rules=r2 | len=medium | num=1 | lex=0,fam=structural | rules=r2 | len=medium
2602,525_LibroNEFE_Sincopyright.pdf,"En la quiebra prevista en el capítulo 7, tus activos se venden y el dinero se divide entre tus acreedores.","En la quiebra del capítulo siete, tus recursos se venden y el dinero se reparte entre tus fiadores.",Vivian,1.0,14.0,5.0,,,,,,,1,"[1, 14, 5]",3,1.0,Word Frequency,"['lexical', 'structural', 'reduction']",3,lexical,20,1,1,0,0,r3,medium,1,fam=lexical | rules=r3 | len=medium | num=1 | lex=1,fam=lexical | rules=r3 | len=medium
2603,526_LibroNEFE_Sincopyright.pdf,"Posiblemente puedas conservar algunos artículos, por ejemplo, el auto y algunos bienes personales.",Posiblemente conserves algunos artículos.,Vivian,6.0,5.0,,,,,,,,0,"[6, 5]",2,6.0,Complex Phrases,"['lexical', 'reduction']",2,lexical,13,1,0,0,0,r2,medium,0,fam=lexical | rules=r2 | len=medium | num=0 | lex=0,fam=lexical | rules=r2 | len=medium
2607,530_LibroNEFE_Sincopyright.pdf,"En 2005 se modificaron las leyes federales sobre quiebra, aumentando las exigencias para que las personas puedan solicitar la quiebra del capítulo 7.",En dos mil cinco se modificaron las leyes federales sobre quiebra. Aumentaron los requisitos para solicitar la quiebra.,Vivian,14.0,12.0,5.0,1.0,,,,,,1,"[14, 12, 5, 1]",4,14.0,Use of Numerical Expressions,"['structural', 'morphosyntactic', 'reduction', 'lexical']",4,structural,23,1,1,0,0,r4plus,medium,1,fam=structural | rules=r4plus | len=medium | num=1 | lex=1,fam=structural | rules=r4plus | len=medium
2609,536_LibroNEFE_Sincopyright.pdf,"En general, los acreedores están de acuerdo en aceptar un monto menor al monto total adeudado.","Generalmente, los fiadores acuerdan aceptar un monto menor al total de la deuda.",Vivian,6.0,5.0,,,,,,,,0,"[6, 5]",2,6.0,Complex Phrases,"['lexical', 'reduction']",2,lexical,16,1,0,0,0,r2,medium,0,fam=lexical | rules=r2 | len=medium | num=0 | lex=0,fam=lexical | rules=r2 | len=medium
2610,538_LibroNEFE_Sincopyright.pdf,La quiebra del capítulo 13 permanece en tus antecedentes crediticios por al menos siete años.,Esta quiebra permanece en tu historial por siete años.,Vivian,5.0,1.0,,,,,,,,1,"[5, 1]",2,5.0,Unnecessary Words,"['reduction', 'lexical']",2,reduction,15,1,1,0,0,r2,medium,1,fam=reduction | rules=r2 | len=medium | num=1 | lex=1,fam=reduction | rules=r2 | len=medium
2611,541_LibroNEFE_Sincopyright.pdf,Después supe que el empleador había consultado mis antecedentes crediticios y vio que me había declarado en quiebra unos años atrás.,Después supe que el empleador consultó mi historial crediticio y vio mi declaración de quiebra de unos años atrás.,Vivian,10.0,1.0,,,,,,,,1,"[10, 1]",2,10.0,Past anterior and future perfect tense,"['morphosyntactic', 'lexical']",2,morphosyntactic,21,1,0,0,0,r2,medium,1,fam=morphosyntactic | rules=r2 | len=medium | num=0 | lex=1,fam=morphosyntactic | rules=r2 | len=medium
2618,552_LibroNEFE_Sincopyright.pdf,"Solicité la quiebra prevista en el capítulo 13 hace cinco años, y ahora tengo que comprar un auto nuevo.",Solicité la quiebra mencionada en el capítulo trece hace cinco años. Ahora debo comprar carro.,Vivian,6.0,14.0,1.0,5.0,,,,,,1,"[6, 14, 1, 5]",4,6.0,Complex Phrases,"['lexical', 'structural', 'reduction']",3,lexical,19,1,1,0,0,r4plus,medium,1,fam=lexical | rules=r4plus | len=medium | num=1 | lex=1,fam=lexical | rules=r4plus | len=medium
2623,566_LibroNEFE_Sincopyright.pdf,"Apartar dinero es como decir: ""Creo en mi futuro y estoy dispuesto a hacerme cargo de él"".",Ahorrar es responsabilizarse del futuro.,Vivian,21.0,5.0,6.0,,,,,,,0,"[21, 5, 6]",3,21.0,Use of Complex Punctuation Marks,"['structural', 'reduction', 'lexical']",3,structural,17,1,0,0,0,r3,medium,0,fam=structural | rules=r3 | len=medium | num=0 | lex=0,fam=structural | rules=r3 | len=medium
2629,12664_LibroBAC.pdf,Cuentan con capacidad para operar 7 días a la semana las 24 horas del día y con una alta confiabilidad en sus transacciones.,Trabajan siete días a la semana las veinticuatro horas. Sus transacciones son muy confiables.,Vivian,14.0,6.0,1.0,,,,,,,1,"[14, 6, 1]",3,14.0,Use of Numerical Expressions,"['structural', 'lexical']",2,structural,23,1,1,0,0,r3,medium,1,fam=structural | rules=r3 | len=medium | num=1 | lex=1,fam=structural | rules=r3 | len=medium
2631,12676_LibroBAC.pdf,"Hay 2 tipos de cajeros: el dispensador especializado en retiros de efectivo y el cajero con depositario, con capacidad para recibir pagos y/o depósitos en sobre.",Hay dos tipos de cajeros. Uno para retirar efectivo y otro para recibir pagos o depósitos en sobre.,Vivian,5.0,14.0,,,,,,,,0,"[5, 14]",2,5.0,Unnecessary Words,"['reduction', 'structural']",2,reduction,26,1,1,0,0,r2,long,0,fam=reduction | rules=r2 | len=long | num=1 | lex=0,fam=reduction | rules=r2 | len=long
2632,12679_LibroBAC.pdf,"Las principales ventajas de los cajeros automáticos sobre las ventanillas bancarias son: Mayor cobertura geográfica, casi 200 cajeros BAC, por ejemplo, en todo el país (Costa Rica).",Las principales ventajas de los cajeros automáticos sobre las ventanillas bancarias son: Mayor cobertura geográfica.,Vivian,14.0,16.0,5.0,,,,,,,0,"[14, 16, 5]",3,14.0,Use of Numerical Expressions,"['structural', 'reduction']",2,structural,27,1,1,0,0,r3,long,0,fam=structural | rules=r3 | len=long | num=1 | lex=0,fam=structural | rules=r3 | len=long
2638,12705_LibroBAC.pdf,"Para usar el cajero automático, solo se requiere su tarjeta (débito o crédito) y una clave secreta temporizada.",Para usar el cajero automático solo necesita su tarjeta y una clave secreta.,Vivian,16.0,1.0,5.0,,,,,,,1,"[16, 1, 5]",3,16.0,Parenthetical Phrases,"['reduction', 'lexical']",2,reduction,18,1,0,0,0,r3,medium,1,fam=reduction | rules=r3 | len=medium | num=0 | lex=1,fam=reduction | rules=r3 | len=medium
2641,12712_LibroBAC.pdf,"La respuesta es que en principio las mismas características de cualquier otro medio de pago, algunas de las cuales ya se mencionaron en capítulos anteriores; a continuación se mencionan nuevamente complementadas con otras:",Debe tener las mismas características de cualquier otro medio de pago. Se mencionan a continuación:,Vivian,21.0,5.0,,,,,,,,0,"[21, 5]",2,21.0,Use of Complex Punctuation Marks,"['structural', 'reduction']",2,structural,33,1,0,0,0,r2,long,0,fam=structural | rules=r2 | len=long | num=0 | lex=0,fam=structural | rules=r2 | len=long
2642,12718_LibroBAC.pdf,Liquidez del instrumento se refiera a que el que el que reciba el pago pueda utilizarlo inmediatamente para comprar o pagar otras cosas.,Liquidez del instrumento. Quien recibe el pago puede usarlo inmediatamente.,Vivian,17.0,5.0,,,,,,,,0,"[17, 5]",2,17.0,Relative Clauses,"['structural', 'reduction']",2,structural,23,1,0,0,0,r2,medium,0,fam=structural | rules=r2 | len=medium | num=0 | lex=0,fam=structural | rules=r2 | len=medium
2643,12720_LibroBAC.pdf,Fraccionamiento refiere a que pueda ser dividido en céntimos para hacer pagos exactos.,Fraccionamiento. Se puede dividir en céntimos para pagos exactos.,Vivian,17.0,5.0,,,,,,,,0,"[17, 5]",2,17.0,Relative Clauses,"['structural', 'reduction']",2,structural,13,1,0,0,0,r2,medium,0,fam=structural | rules=r2 | len=medium | num=0 | lex=0,fam=structural | rules=r2 | len=medium
2653,12739_LibroBAC.pdf,"En cualquier caso, siendo el ciberespacio un territorio relativamente joven y con tantas perspectivas de utilización comercial, es natural que estén surgiendo con profusión nuevos medios de pago diseñados específicamente para Internet.",Es normal que aparezcan nuevos medios de pagos por internet porque este es un campo reciente.,Vivian,15.0,12.0,4.0,5.0,,,,,,0,"[15, 12, 4, 5]",4,15.0,Sentence Length,"['structural', 'morphosyntactic', 'lexical', 'reduction']",4,structural,32,1,0,0,0,r4plus,long,0,fam=structural | rules=r4plus | len=long | num=0 | lex=0,fam=structural | rules=r4plus | len=long
2654,12743_LibroBAC.pdf,Los pagos electrónicos son aquellas transacciones en que se utilizan canales electrónicos para realizar pagos monetarios sin el empleo de efectivo como medio de pago.,Los pagos electrónicos son los que usan medios electrónicos para hacer pagos sin usar efectivo.,Vivian,5.0,1.0,6.0,,,,,,,1,"[5, 1, 6]",3,5.0,Unnecessary Words,"['reduction', 'lexical']",2,reduction,25,1,0,0,0,r3,long,1,fam=reduction | rules=r3 | len=long | num=0 | lex=1,fam=reduction | rules=r3 | len=long
2655,12744_LibroBAC.pdf,"Si bien es cierto, el efectivo es de amplio uso y alcance universal, la administración del mismo tiene un costo implícito (monetario, de disponibilidad y riesgo) dentro de la actividad comercial de las empresas y personas, por lo que su utilización ha disminuido en relación con los pagos electrónicos.","La administración del dinero tiene un costo en la actividad comercial de las empresas y personas. Por eso, disminuye su uso en relación con los pagos electrónicos.",Vivian,16.0,15.0,19.0,5.0,,,,,,0,"[16, 15, 19, 5]",4,16.0,Parenthetical Phrases,"['reduction', 'structural']",2,reduction,49,1,0,0,0,r4plus,long,0,fam=reduction | rules=r4plus | len=long | num=0 | lex=0,fam=reduction | rules=r4plus | len=long
2657,12746_LibroBAC.pdf,"Adicionalmente, el canal móvil (celulares) es de alto potencial para utilizar pagos a través de mensajería de texto SMS permitiendo, desde cualquier lugar donde se tenga acceso al servicio inalámbrico, realizar pagos electrónicos.","Además, los celulares permiten realizar pagos electrónicos desde cualquier lugar con acceso al servicio inalámbrico.",Vivian,20.0,16.0,15.0,5.0,,,,,,0,"[20, 16, 15, 5]",4,20.0,Common Discourse Markers,"['lexical', 'reduction', 'structural']",3,lexical,33,1,0,0,0,r4plus,long,0,fam=lexical | rules=r4plus | len=long | num=0 | lex=0,fam=lexical | rules=r4plus | len=long
2659,12749_LibroBAC.pdf,"Actualmente, es posible pagar prácticamente cualquier servicio público de alcance universal, y otros servicios que por su naturaleza tienen un especial interés en cuanto a frecuencia y volumen (escuelas, colegios, universidades, mensualidades, alquileres, etc.).","Actualmente, podemos pagar cualquier servicio público y otros servicios básicos.",Vivian,5.0,15.0,,,,,,,,0,"[5, 15]",2,5.0,Unnecessary Words,"['reduction', 'structural']",2,reduction,34,2,0,0,0,r2,long,0,fam=reduction | rules=r2 | len=long | num=0 | lex=0,fam=reduction | rules=r2 | len=long
2662,12758_LibroBAC.pdf,"Resguardar su información personal privada: es recomendable no divulgar su información personal  dirección, teléfono, números de identificación, cuentas bancarias y direcciones de correo electrónicos  a menos que tenga certeza de quién es el que recolecta la información y cuál será su uso posterior.",No comparta su información personal privada.,Vivian,1.0,5.0,,,,,,,,1,"[1, 5]",2,1.0,Word Frequency,"['lexical', 'reduction']",2,lexical,45,1,0,0,0,r2,long,1,fam=lexical | rules=r2 | len=long | num=0 | lex=1,fam=lexical | rules=r2 | len=long
2663,12759_LibroBAC.pdf,"Realice pagos electrónicos solo en sitios que conozca y sean reconocidos: nunca entregue su contraseña a alguien en línea, y no descargue archivos que provengan de extraños o vínculos de páginas desconocidas.",Haga pagos electrónicos solo en sitios conocidos. No dé su contraseña a nadie y no descargue archivos provenientes de páginas desconocidas.,Vivian,17.0,15.0,5.0,,,,,,,0,"[17, 15, 5]",3,17.0,Relative Clauses,"['structural', 'reduction']",2,structural,32,1,0,0,0,r3,long,0,fam=structural | rules=r3 | len=long | num=0 | lex=0,fam=structural | rules=r3 | len=long
2670,12777_LibroBAC.pdf,"El dinero, como medio de adquirir mercancías y servicios ha evolucionado.",El dinero evolucionó como medio de pago.,Vivian,10.0,6.0,19.0,,,,,,,0,"[10, 6, 19]",3,10.0,Past anterior and future perfect tense,"['morphosyntactic', 'lexical', 'structural']",3,morphosyntactic,11,1,0,0,0,r3,short,0,fam=morphosyntactic | rules=r3 | len=short | num=0 | lex=0,fam=morphosyntactic | rules=r3 | len=short
2671,12778_LibroBAC.pdf,"El intercambio de mercancías se inició con el trueque, anteriormente descrito, cuya base de funcionamiento se fundamenta en el valor relativo de las mercancías involucradas y el mutuo interés de las partes.",El intercambio de mercancías inició con el trueque. En este el valor de la mercancía era relativo y había acuerdo entre las partes.,Vivian,15.0,1.0,5.0,,,,,,,1,"[15, 1, 5]",3,15.0,Sentence Length,"['structural', 'lexical', 'reduction']",3,structural,32,1,0,0,0,r3,long,1,fam=structural | rules=r3 | len=long | num=0 | lex=1,fam=structural | rules=r3 | len=long
2673,12780_LibroBAC.pdf,Son lo que hoy en día nos referimos a ellos como dinero en efectivo.,Son el dinero en efectivo actual.,Vivian,6.0,5.0,,,,,,,,0,"[6, 5]",2,6.0,Complex Phrases,"['lexical', 'reduction']",2,lexical,14,1,0,0,0,r2,medium,0,fam=lexical | rules=r2 | len=medium | num=0 | lex=0,fam=lexical | rules=r2 | len=medium
2675,12782_LibroBAC.pdf,"Sin embargo, también tiene desventaja el llevar siempre el dinero en efectivo con nosotros, por ejemplo: se hace difícil de administrar pues no es fácil de llevar un registro de donde lo gastamos, a menos que solicitemos y guardemos las facturas de cada uno de los gastos que realicemos por muy pequeño que sea; nos lo pueden robar o lo podemos perder y no es recuperable; y la mayor de las desventajas es que el dinero que se lleva en la bolsa ¡se gasta! con facilidad.","Sin embargo, usar dinero en efectivo tiene desventajas. Es difícil registrar los gastos. Lo podemos perder y no es recuperable. Se gasta fácilmente.",Vivian,15.0,21.0,6.0,,,,,,,0,"[15, 21, 6]",3,15.0,Sentence Length,"['structural', 'lexical']",2,structural,86,2,0,0,0,r3,long,0,fam=structural | rules=r3 | len=long | num=0 | lex=0,fam=structural | rules=r3 | len=long
2677,12789_LibroBAC.pdf,"Las cuatro leyes sobre el dinero de las finanzas personales las define muy bien Alonso, Brailovsky y Ortiz (1999), en su libro Presupueste sus Gastos y sus Ahorros, y ellas son:","Alonso, Brailovsky y Ortiz (mil novecientos noventa y nueve) define las cuatro leyes sobre el dinero de las finanzas personales:",Vivian,21.0,14.0,19.0,5.0,,,,,,0,"[21, 14, 19, 5]",4,21.0,Use of Complex Punctuation Marks,"['structural', 'reduction']",2,structural,31,1,1,0,0,r4plus,long,0,fam=structural | rules=r4plus | len=long | num=1 | lex=0,fam=structural | rules=r4plus | len=long
2682,12800_LibroBAC.pdf,"Una de las maneras que proponen los autores para ahorrar es considerando que el ahorro es un gasto y presupuestarlo de esta manera, así, una vez que depositemos el dinero en un banco, en un instrumento de inversión, tendremos que olvidarlo por la sencilla razón que ya lo gastamos, de modo que no podemos recurrir más a él.",Los autores dicen que una forma de ahorrar es considerarlo un gasto en el presupuesto.,Vivian,15.0,5.0,1.0,,,,,,,1,"[15, 5, 1]",3,15.0,Sentence Length,"['structural', 'reduction', 'lexical']",3,structural,58,1,0,0,0,r3,long,1,fam=structural | rules=r3 | len=long | num=0 | lex=1,fam=structural | rules=r3 | len=long
2684,12802_LibroBAC.pdf,"Ley de invertir: si tengo un excedente, una meta de independizarme profesional -mente, abrir un negocio o sólo estoy vislumbrando mi retiro, entonces se debe pensar: ¿en qué invertiré mi dinero para que me produzca más?, ¿cómo invertirlo en forma inteligente?",Ley de invertir. Debemos pensar en qué invertiremos el dinero y cómo lo haremos.,Vivian,21.0,5.0,,,,,,,,0,"[21, 5]",2,21.0,Use of Complex Punctuation Marks,"['structural', 'reduction']",2,structural,41,2,0,0,0,r2,long,0,fam=structural | rules=r2 | len=long | num=0 | lex=0,fam=structural | rules=r2 | len=long
2685,12811_LibroBAC.pdf,"La letra de cambio es un título de crédito (documento que resulta necesario para ejercitar el derecho literal y autónomo en él consignado) que contiene la orden incondicional que una persona llamada girador da a otra llamada girado, de pagar una suma de dinero a un tercero denominado beneficiario, en época y lugar determinados.",La letra de cambio es un título de crédito con la orden incondicional que un girador da a un girado de pagar una cantidad de dinero a un beneficiario en tiempo y lugar determinados.,Vivian,16.0,15.0,1.0,,,,,,,1,"[16, 15, 1]",3,16.0,Parenthetical Phrases,"['reduction', 'structural', 'lexical']",3,reduction,54,1,0,0,0,r3,long,1,fam=reduction | rules=r3 | len=long | num=0 | lex=1,fam=reduction | rules=r3 | len=long
2689,12819_LibroBAC.pdf,"La ventaja de la letra de cambio es que liga a las partes contratantes con un vínculo legal, gozando del privilegio de no necesitar escritura pública que legitime el título u obligación, pues para que tenga validez y autenticidad plena sólo se requiere del cumplimiento de la normativa prevista por la ley.",La ventaja de la letra de cambio es que une las partes contratantes con un vínculo legal. No necesita escritura pública porque solo debe cumplir la normativa de la ley.,Vivian,15.0,12.0,5.0,,,,,,,0,"[15, 12, 5]",3,15.0,Sentence Length,"['structural', 'morphosyntactic', 'reduction']",3,structural,52,1,0,0,0,r3,long,0,fam=structural | rules=r3 | len=long | num=0 | lex=0,fam=structural | rules=r3 | len=long
2690,12820_LibroBAC.pdf,"La principal limitación para la utilización de la letra de cambio es que ésta se encuentra respaldada por leyes y normativas legales que no son del dominio total de muchos usuarios, de allí que muchas personas se abstengan de utilizar este título valor y prefieran utilizar cheques para sus transacciones comerciales.",La principal limitación para el uso de la letra de cambio es su respaldo por leyes porque son desconocidas por muchas personas.,Vivian,5.0,15.0,1.0,,,,,,,1,"[5, 15, 1]",3,5.0,Unnecessary Words,"['reduction', 'structural', 'lexical']",3,reduction,51,1,0,0,0,r3,long,1,fam=reduction | rules=r3 | len=long | num=0 | lex=1,fam=reduction | rules=r3 | len=long
2692,12825_LibroBAC.pdf,"Un cheque es un documento bancario en el que una persona autorizada para extraer dinero de una cuenta (por ejemplo, el titular), extiende a otra persona una autorización para retirar una determinada cantidad de dinero de su cuenta, sin que sea necesaria su presencia.",Un cheque es un documento donde una persona autorizada para sacar dinero de una cuenta autoriza a otra para retirar dinero de esa cuenta.,Vivian,16.0,9.0,6.0,5.0,,,,,,0,"[16, 9, 6, 5]",4,16.0,Parenthetical Phrases,"['reduction', 'morphosyntactic', 'lexical']",3,reduction,44,1,0,0,0,r4plus,long,0,fam=reduction | rules=r4plus | len=long | num=0 | lex=0,fam=reduction | rules=r4plus | len=long
2693,12826_LibroBAC.pdf,"Jurídicamente, el cheque es un título de crédito en virtud del cual una persona, llamada librador, ordena incondicionalmente a una institución de crédito, que es librado, el pago de una suma de dinero a favor de una tercera persona llamada beneficiario.","Jurídicamente, el cheque es un título de crédito con el que una persona ordena a un banco el pago de dinero a un beneficiario.",Vivian,21.0,5.0,1.0,,,,,,,1,"[21, 5, 1]",3,21.0,Use of Complex Punctuation Marks,"['structural', 'reduction', 'lexical']",3,structural,41,1,0,0,0,r3,long,1,fam=structural | rules=r3 | len=long | num=0 | lex=1,fam=structural | rules=r3 | len=long
2698,12834_LibroBAC.pdf,"Esto es, la entrega del cheque no libera jurídicamente al deudor ni, consecuentemente extingue su débito.","Es decir, la entrega del cheque no libera jurídicamente al deudor ni desaparece su débito.",Vivian,1.0,5.0,,,,,,,,1,"[1, 5]",2,1.0,Word Frequency,"['lexical', 'reduction']",2,lexical,16,1,0,0,0,r2,medium,1,fam=lexical | rules=r2 | len=medium | num=0 | lex=1,fam=lexical | rules=r2 | len=medium
2699,12838_LibroBAC.pdf,Versatilidad en cuanto a las cantidades de dinero que pueden representar.,Versatilidad en las cantidades de dinero representadas.,Vivian,17.0,6.0,,,,,,,,0,"[17, 6]",2,17.0,Relative Clauses,"['structural', 'lexical']",2,structural,11,1,0,0,0,r2,short,0,fam=structural | rules=r2 | len=short | num=0 | lex=0,fam=structural | rules=r2 | len=short
2701,12841_LibroBAC.pdf,Pueden ser cobrados por otras personas diferentes al girador.,Personas diferentes al girador los pueden cobrar.,Vivian,19.0,18.0,,,,,,,,0,"[19, 18]",2,19.0,Sentence Order,"['structural', 'reduction']",2,structural,9,1,0,0,0,r2,short,0,fam=structural | rules=r2 | len=short | num=0 | lex=0,fam=structural | rules=r2 | len=short
2702,12843_LibroBAC.pdf,"El riesgo de poder ser utilizado de forma fraudulenta, si no se toman ciertas precauciones.",El riesgo de uso fraudulento.,Vivian,6.0,5.0,,,,,,,,0,"[6, 5]",2,6.0,Complex Phrases,"['lexical', 'reduction']",2,lexical,15,1,0,0,0,r2,medium,0,fam=lexical | rules=r2 | len=medium | num=0 | lex=0,fam=lexical | rules=r2 | len=medium
2703,12846_LibroBAC.pdf,"Existen varias modalidades de cheques, como lo mencionan los mismos Alonso, Brailovsky y Ortiz (1999).","Según Alonso, Brailovsky y Ortiz (mil novecientos noventa y nueve) hay varias modalidades de cheques.",Vivian,19.0,14.0,,,,,,,,0,"[19, 14]",2,19.0,Sentence Order,['structural'],1,structural,15,1,1,0,0,r2,medium,0,fam=structural | rules=r2 | len=medium | num=1 | lex=0,fam=structural | rules=r2 | len=medium
2704,12848_LibroBAC.pdf,"Según la Firma: se pueden mencionar tres tipos de modalidades de cheques según la firma, tales como:","Según la firma. Hay tres modalidades de cheques según la firma, como:",Vivian,6.0,5.0,9.0,,,,,,,0,"[6, 5, 9]",3,6.0,Complex Phrases,"['lexical', 'reduction', 'morphosyntactic']",3,lexical,17,1,0,0,0,r3,medium,0,fam=lexical | rules=r3 | len=medium | num=0 | lex=0,fam=lexical | rules=r3 | len=medium
2708,12874_LibroBAC.pdf,"La firma y/o: es la cuenta que está a nombre de dos personas (por ejemplo: esposa y esposo), en la cual pueden firmar de manera indistinta cualquier de las dos personas.",La firma y u o: es la cuenta a nombre de dos personas. Puede firmar cualquiera de las dos personas.,Vivian,5.0,6.0,21.0,,,,,,,0,"[5, 6, 21]",3,5.0,Unnecessary Words,"['reduction', 'lexical', 'structural']",3,reduction,31,1,0,0,0,r3,long,0,fam=reduction | rules=r3 | len=long | num=0 | lex=0,fam=reduction | rules=r3 | len=long
2710,12886_LibroBAC.pdf,"Luego, el banco gira un cheque a nombre de la persona o empresa que el solicitante desee, que es de caja, el cual está protegido y, por tanto, tiene un valor convencional.","Luego, el banco hace un cheque a nombre de la persona o empresa pedido por el solicitante.",Vivian,1.0,5.0,,,,,,,,1,"[1, 5]",2,1.0,Word Frequency,"['lexical', 'reduction']",2,lexical,32,1,0,0,0,r2,long,1,fam=lexical | rules=r2 | len=long | num=0 | lex=1,fam=lexical | rules=r2 | len=long
2718,12863_LibroBAC.pdf,El solicitante entrega el efectivo al banco y este le entrega cheques de valores específicos que se pueden utilizar en cualquier parte del mundo.,El solicitante entrega el efectivo al banco y este le da cheques de valores específicos para usar en cualquier lugar.,Vivian,17.0,5.0,,,,,,,,0,"[17, 5]",2,17.0,Relative Clauses,"['structural', 'reduction']",2,structural,24,1,0,0,0,r2,medium,0,fam=structural | rules=r2 | len=medium | num=0 | lex=0,fam=structural | rules=r2 | len=medium
2728,12907_LibroBAC.pdf,"Siempre llevando registro de los mismos, y al final del mes pagando el monto total de la tarjeta de crédito con un cheque.",Para eso debemos registrar los gastos y pagar al fin de mes el total de la tarjeta de crédito con un cheque.,Vivian,12.0,15.0,,,,,,,,0,"[12, 15]",2,12.0,Use of Gerund,"['morphosyntactic', 'structural']",2,morphosyntactic,23,1,0,0,0,r2,medium,0,fam=morphosyntactic | rules=r2 | len=medium | num=0 | lex=0,fam=morphosyntactic | rules=r2 | len=medium
2729,12908_LibroBAC.pdf,"La ventaja de hacerlo de esta manera es que la tarjeta de crédito permite un financiamiento de 30 días, y mientras tanto el efectivo se queda en la cuenta corriente ganando intereses, aunque sean pocos.",La ventaja de esto es que la tarjeta de crédito financia por treinta días.,Vivian,6.0,5.0,14.0,,,,,,,0,"[6, 5, 14]",3,6.0,Complex Phrases,"['lexical', 'reduction', 'structural']",3,lexical,35,1,1,0,0,r3,long,0,fam=lexical | rules=r3 | len=long | num=1 | lex=0,fam=lexical | rules=r3 | len=long
2731,12915_LibroBAC.pdf,Empecemos por la Tarjeta de crédito: Es una tarjeta de pago que ofrece crédito renovable.,La tarjeta de crédito es una tarjeta de pago con crédito renovable.,Vivian,5.0,17.0,,,,,,,,0,"[5, 17]",2,5.0,Unnecessary Words,"['reduction', 'structural']",2,reduction,15,1,0,0,0,r2,medium,0,fam=reduction | rules=r2 | len=medium | num=0 | lex=0,fam=reduction | rules=r2 | len=medium
2732,12917_LibroBAC.pdf,"La mayor ventaja es la flexibilidad que le da al usuario, quien puede pagar sus saldos por completo cada mes o puede pagar en parte.",La mayor ventaja es la flexibilidad para el usuario. Quien puede pagar sus saldos completos o en parte mensualmente.,Vivian,6.0,17.0,,,,,,,,0,"[6, 17]",2,6.0,Complex Phrases,"['lexical', 'structural']",2,lexical,25,1,0,0,0,r2,long,0,fam=lexical | rules=r2 | len=long | num=0 | lex=0,fam=lexical | rules=r2 | len=long
2734,12920_LibroBAC.pdf,"A diferencia de las tarjetas de débito, un adelanto de efectivo conlleva cargos de interés de inmediato, además de un cargo de transacción (comisión), que suele ser de un 3% a un 5% de la cantidad adelantada.","A diferencia de las tarjetas de débito, por un adelanto de efectivo nos cobran intereses y una comisión de tres a cinco por ciento del adelanto.",Vivian,14.0,6.0,5.0,,,,,,,0,"[14, 6, 5]",3,14.0,Use of Numerical Expressions,"['structural', 'lexical', 'reduction']",3,structural,37,1,1,0,1,r3,long,0,fam=structural | rules=r3 | len=long | num=1 | lex=0,fam=structural | rules=r3 | len=long
2735,12922_LibroBAC.pdf,No existe una talla única cuando se trata de tarjetas de crédito.,No hay una talla única de tarjetas de crédito.,Vivian,6.0,21.0,,,,,,,,0,"[6, 21]",2,6.0,Complex Phrases,"['lexical', 'structural']",2,lexical,12,1,0,0,0,r2,short,0,fam=lexical | rules=r2 | len=short | num=0 | lex=0,fam=lexical | rules=r2 | len=short
2738,12928_LibroBAC.pdf,VISA® y MasterCard® son los ejemplos más populares de tarjetas de crédito que le permiten acumular un saldo.,VISA y MasterCard son las tarjetas de crédito más populares con acumulación de saldo.,Vivian,17.0,5.0,,,,,,,,0,"[17, 5]",2,17.0,Relative Clauses,"['structural', 'reduction']",2,structural,18,1,0,0,0,r2,medium,0,fam=structural | rules=r2 | len=medium | num=0 | lex=0,fam=structural | rules=r2 | len=medium
2742,12933_LibroBAC.pdf,Cualquier compra que realice tendrá que pagarla en su totalidad al recibir su estado de cuenta mensual.,Cualquier compra realizada deberá pagarla totalmente cuando recibe su estado de cuenta mensual.,Vivian,17.0,6.0,,,,,,,,0,"[17, 6]",2,17.0,Relative Clauses,"['structural', 'lexical']",2,structural,17,1,0,0,0,r2,medium,0,fam=structural | rules=r2 | len=medium | num=0 | lex=0,fam=structural | rules=r2 | len=medium
2745,12937_LibroBAC.pdf,"Debido a que tiene que pagar la totalidad de su cuenta todos los meses, las tarjetas sin saldo reducen considerablemente la posibilidad de gastar de más.",Las tarjetas sin saldo reducen los gastos adicionales porque se paga el total mensualmente.,Vivian,6.0,5.0,,,,,,,,0,"[6, 5]",2,6.0,Complex Phrases,"['lexical', 'reduction']",2,lexical,26,1,0,0,0,r2,long,0,fam=lexical | rules=r2 | len=long | num=0 | lex=0,fam=lexical | rules=r2 | len=long
2756,12956_LibroBAC.pdf,Los bancos usan varios métodos para calcular los intereses y le toca a usted aprender cómo su banco computa estos cargos:,Los bancos calculan los intereses con varios métodos. Aprenda cómo calcula su banco los intereses:,Vivian,15.0,6.0,1.0,,,,,,,1,"[15, 6, 1]",3,15.0,Sentence Length,"['structural', 'lexical']",2,structural,21,1,0,0,0,r3,medium,1,fam=structural | rules=r3 | len=medium | num=0 | lex=1,fam=structural | rules=r3 | len=medium
2757,12958_LibroBAC.pdf,"A diferencia de una hipoteca de una casa o un préstamo para un automóvil, los intereses de una tarjeta de crédito se pueden cobrar por día o por mes.","A diferencia de una hipoteca o un préstamo, los intereses de una tarjeta de crédito son diarios o mensuales.",Vivian,5.0,6.0,,,,,,,,0,"[5, 6]",2,5.0,Unnecessary Words,"['reduction', 'lexical']",2,reduction,29,1,0,0,0,r2,long,0,fam=reduction | rules=r2 | len=long | num=0 | lex=0,fam=reduction | rules=r2 | len=long
2758,12959_LibroBAC.pdf,"Si no paga el saldo por completo, los intereses por el monto no pagado, o saldo rotativo, serán sumados a la cantidad total que se debe.","Si no paga el saldo completo, los interese por el monto no pagado se sumarán a la deuda.",Vivian,16.0,6.0,,,,,,,,0,"[16, 6]",2,16.0,Parenthetical Phrases,"['reduction', 'lexical']",2,reduction,26,1,0,0,0,r2,long,0,fam=reduction | rules=r2 | len=long | num=0 | lex=0,fam=reduction | rules=r2 | len=long
2761,12965_LibroBAC.pdf,"Cuando realiza un anticipo de efectivo, los intereses empiezan a acumularse de manera diferente a veces sin un período de gracia y a una tasa más alta.","Cuando realiza un adelanto de efectivo, los intereses se acumulan de manera diferente. A veces a una tasa más alta.",Vivian,1.0,6.0,,,,,,,,1,"[1, 6]",2,1.0,Word Frequency,['lexical'],1,lexical,27,1,0,0,0,r2,long,1,fam=lexical | rules=r2 | len=long | num=0 | lex=1,fam=lexical | rules=r2 | len=long
2767,12975_LibroBAC.pdf,Se debe poner límites a sus gastos personales.,Limite sus gastos personales.,Vivian,18.0,6.0,,,,,,,,0,"[18, 6]",2,18.0,Sentences of formal and aesthetic use,"['reduction', 'lexical']",2,reduction,8,1,0,0,0,r2,short,0,fam=reduction | rules=r2 | len=short | num=0 | lex=0,fam=reduction | rules=r2 | len=short
2768,12976_LibroBAC.pdf,Establecer un monto fijo de dinero que se permitirá gastar cada mes y limitarse a él.,Limítese a un monto fijo de dinero para gastos mensuales.,Vivian,6.0,5.0,,,,,,,,0,"[6, 5]",2,6.0,Complex Phrases,"['lexical', 'reduction']",2,lexical,16,1,0,0,0,r2,medium,0,fam=lexical | rules=r2 | len=medium | num=0 | lex=0,fam=lexical | rules=r2 | len=medium
2770,12981_LibroBAC.pdf,"No se olvide incluir los gastos trimestrales o anuales que deberá pagar, como, por ejemplo, impuestos a la propiedad, seguro del carro o seguro médico.",Incluya los gastos trimestrales o anuales.,Vivian,5.0,6.0,,,,,,,,0,"[5, 6]",2,5.0,Unnecessary Words,"['reduction', 'lexical']",2,reduction,25,1,0,0,0,r2,long,0,fam=reduction | rules=r2 | len=long | num=0 | lex=0,fam=reduction | rules=r2 | len=long
2771,12982_LibroBAC.pdf,"Separe una cantidad determinada de dinero para contribuir a sus ahorros, jubilación o cuentas de inversión.","Separe una cantidad de dinero para sus ahorros, pensión o cuentas de inversión.",Vivian,6.0,5.0,,,,,,,,0,"[6, 5]",2,6.0,Complex Phrases,"['lexical', 'reduction']",2,lexical,16,1,0,0,0,r2,medium,0,fam=lexical | rules=r2 | len=medium | num=0 | lex=0,fam=lexical | rules=r2 | len=medium
2772,12983_LibroBAC.pdf,"A partir del ingreso que le queda, decida qué cantidad desea apartar para gastarla en su persona y en su familia.",Con el dinero sobrante decida la cantidad para gastos personales y familiares.,Vivian,17.0,6.0,,,,,,,,0,"[17, 6]",2,17.0,Relative Clauses,"['structural', 'lexical']",2,structural,21,1,0,0,0,r2,medium,0,fam=structural | rules=r2 | len=medium | num=0 | lex=0,fam=structural | rules=r2 | len=medium
2778,12991_LibroBAC.pdf,"Con el tiempo, es posible que termine pagando más intereses que el monto inicial de su compra.","Con el tiempo, pagará más intereses que el monto inicial de su compra.",Vivian,6.0,12.0,,,,,,,,0,"[6, 12]",2,6.0,Complex Phrases,"['lexical', 'morphosyntactic']",2,lexical,17,1,0,0,0,r2,medium,0,fam=lexical | rules=r2 | len=medium | num=0 | lex=0,fam=lexical | rules=r2 | len=medium
2790,13012_LibroBAC.pdf,"Las siguientes son algunas de las penalidades que podría tener que pagar, aún cuando sea la primera vez que se atrasa en el pago.",Las siguientes son algunas sanciones por atrasos en el pago.,Vivian,1.0,17.0,,,,,,,,1,"[1, 17]",2,1.0,Word Frequency,"['lexical', 'structural']",2,lexical,24,1,0,0,0,r2,medium,1,fam=lexical | rules=r2 | len=medium | num=0 | lex=1,fam=lexical | rules=r2 | len=medium
2794,13018_LibroBAC.pdf,"Puede evitar que se acumulen sus saldos de tarjeta de crédito, planificando por adelantado las compras más grandes.",Planifique las compras más grandes para evitar la acumulación de saldos en su tarjeta de crédito.,Vivian,12.0,19.0,6.0,,,,,,,0,"[12, 19, 6]",3,12.0,Use of Gerund,"['morphosyntactic', 'structural', 'lexical']",3,morphosyntactic,18,1,0,0,0,r3,medium,0,fam=morphosyntactic | rules=r3 | len=medium | num=0 | lex=0,fam=morphosyntactic | rules=r3 | len=medium
2796,13020_LibroBAC.pdf,"De esta manera, estará ahorrando para el pago de su compra y ganando intereses sobre su dinero.","Así, ahorrará para pagar su compra y ganará intereses sobre su dinero.",Vivian,20.0,6.0,,,,,,,,0,"[20, 6]",2,20.0,Common Discourse Markers,['lexical'],1,lexical,17,1,0,0,0,r2,medium,0,fam=lexical | rules=r2 | len=medium | num=0 | lex=0,fam=lexical | rules=r2 | len=medium
2804,13031_LibroBAC.pdf,La entidad bancaria o institución emisora de la tarjeta proporcionará un estado de cuenta de las transacciones efectuadas por un período de tiempo determinado.,El emisor de la tarjeta enviará un estado de cuenta de las transacciones realizadas por un período determinado.,Vivian,5.0,6.0,1.0,,,,,,,1,"[5, 6, 1]",3,5.0,Unnecessary Words,"['reduction', 'lexical']",2,reduction,24,1,0,0,0,r3,medium,1,fam=reduction | rules=r3 | len=medium | num=0 | lex=1,fam=reduction | rules=r3 | len=medium
2805,13032b_LibroBAC.pdf,Número de cuenta: Es el número mediante el cual se identifica su tarjeta de crédito; éste número generalmente está formado por varios dígitos.,Número de cuenta. Es el número que identifica su tarjeta de crédito. Tiene varios dígitos.,Vivian,21.0,9.0,6.0,,,,,,,0,"[21, 9, 6]",3,21.0,Use of Complex Punctuation Marks,"['structural', 'morphosyntactic', 'lexical']",3,structural,23,1,0,0,0,r3,medium,0,fam=structural | rules=r3 | len=medium | num=0 | lex=0,fam=structural | rules=r3 | len=medium
2810,13059_LibroBAC.pdf,"Intereses corrientes del periodo: es la suma de los cargos por servicios calculados sobre los montos de las transacciones efectuadas en el periodo que cubre su estado de cuentas, note por favor que estos no forman parte del pago de contado.",Intereses corrientes del periodo: Es la suma de los cargos por servicios calculados sobre los montos de las transacciones realizadas en el periodo del estado de cuenta. No están en el pago de contado.,Vivian,17.0,15.0,6.0,,,,,,,0,"[17, 15, 6]",3,17.0,Relative Clauses,"['structural', 'lexical']",2,structural,41,1,0,0,0,r3,long,0,fam=structural | rules=r3 | len=long | num=0 | lex=0,fam=structural | rules=r3 | len=long
2812,13065_LibroBAC.pdf,Estos cargos no se reversan en caso de pago de contado.,Estos cargos no se muestran en el pago de contado.,Vivian,1.0,6.0,,,,,,,,1,"[1, 6]",2,1.0,Word Frequency,['lexical'],1,lexical,11,1,0,0,0,r2,short,1,fam=lexical | rules=r2 | len=short | num=0 | lex=1,fam=lexical | rules=r2 | len=short
2815,13072_LibroBAC.pdf,Obtener una tarjeta de débito es tan fácil como abrir una cuenta de ahorros o una cuenta corriente en una institución bancaria.,Obtener una tarjeta de débito es muy fácil.,Vivian,8.0,5.0,,,,,,,,0,"[8, 5]",2,8.0,Conjunctions,"['morphosyntactic', 'reduction']",2,morphosyntactic,22,1,0,0,0,r2,medium,0,fam=morphosyntactic | rules=r2 | len=medium | num=0 | lex=0,fam=morphosyntactic | rules=r2 | len=medium
2817,13075_LibroBAC.pdf,El uso de una tarjeta de débito en lugar de una tarjeta de crédito tiene algunos inconvenientes.,Usa tarjeta de débito en lugar de tarjeta de crédito tiene algunas desventajas.,Vivian,5.0,6.0,1.0,,,,,,,1,"[5, 6, 1]",3,5.0,Unnecessary Words,"['reduction', 'lexical']",2,reduction,17,1,0,0,0,r3,medium,1,fam=reduction | rules=r3 | len=medium | num=0 | lex=1,fam=reduction | rules=r3 | len=medium
2819,13079_LibroBAC.pdf,"Una tarjeta de débito le puede ayudar a manejar su dinero, a controlar el flujo de sus fondos y a evitar las altas tasas de interés que tienen las tarjetas de crédito.",Una tarjeta de débito le permite administrar su dinero y evitar los intereses altos de las tarjetas de crédito.,Vivian,6.0,17.0,4.0,,,,,,,0,"[6, 17, 4]",3,6.0,Complex Phrases,"['lexical', 'structural']",2,lexical,32,1,0,0,0,r3,long,0,fam=lexical | rules=r3 | len=long | num=0 | lex=0,fam=lexical | rules=r3 | len=long
2820,13080_LibroBAC.pdf,"Con tarjetas de crédito, es más fácil comprar algo que uno realmente no necesita o que de otra manera, no podría comprar.",Con las tarjetas de crédito fácilmente compramos artículos innecesarios.,Vivian,6.0,5.0,,,,,,,,0,"[6, 5]",2,6.0,Complex Phrases,"['lexical', 'reduction']",2,lexical,22,1,0,0,0,r2,medium,0,fam=lexical | rules=r2 | len=medium | num=0 | lex=0,fam=lexical | rules=r2 | len=medium
2821,13081_LibroBAC.pdf,Las tarjetas de débito eliminan la tentación de gastar más de lo que uno tiene.,Las tarjetas de débito no permiten gastar de más.,Vivian,6.0,5.0,,,,,,,,0,"[6, 5]",2,6.0,Complex Phrases,"['lexical', 'reduction']",2,lexical,15,1,0,0,0,r2,medium,0,fam=lexical | rules=r2 | len=medium | num=0 | lex=0,fam=lexical | rules=r2 | len=medium
2825,13088_LibroBAC.pdf,"Desde una cuenta origen podrá transferir a la cuenta destino previamente prerregistrada o bien, realizar los pagos a la tarjeta de crédito o cancelar los diferentes servicios públicos.","Podrá transferir de una cuenta origen a una cuenta destino prerregistrada, pagar la tarjeta de crédito o los servicios públicos.",Vivian,8.0,6.0,5.0,,,,,,,0,"[8, 6, 5]",3,8.0,Conjunctions,"['morphosyntactic', 'lexical', 'reduction']",3,morphosyntactic,28,1,0,0,0,r3,long,0,fam=morphosyntactic | rules=r3 | len=long | num=0 | lex=0,fam=morphosyntactic | rules=r3 | len=long
2830,13100_LibroBAC.pdf,"Cheque Electrónico: es un servicio que permite realizar los pagos mediante transferencias hacia otras cuentas de la misma institución bancaria y a otros Bancos del Sistema Bancario Nacional, de una forma fácil y ágil.",El cheque electrónico permite transferir pagos a otras cuentas del mismo banco y a otros bancos nacionales.,Vivian,15.0,6.0,5.0,,,,,,,0,"[15, 6, 5]",3,15.0,Sentence Length,"['structural', 'lexical', 'reduction']",3,structural,34,1,0,0,0,r3,long,0,fam=structural | rules=r3 | len=long | num=0 | lex=0,fam=structural | rules=r3 | len=long
2831,13102b_LibroBAC.pdf,"Todas las personas, y ni qué decir de las diferentes empresas y organizaciones, están inmersas en el funcionamiento y la dinámica de la economía, las finanzas y dentro de éstas, en la sociedad comercial.",Todas las personas somos parte de la sociedad comercial.,Vivian,5.0,6.0,,,,,,,,0,"[5, 6]",2,5.0,Unnecessary Words,"['reduction', 'lexical']",2,reduction,34,1,0,0,0,r2,long,0,fam=reduction | rules=r2 | len=long | num=0 | lex=0,fam=reduction | rules=r2 | len=long
2832,13104_LibroBAC.pdf,"Querámoslo o no, todos somos consumidores de bienes y servicios, y para acceder a esto tenemos que utilizar el dinero y los diferentes medios de pago, que se han ido diseñando.",Todos consumimos bienes y servicios. Para eso usamos el dinero y los diferentes medios de pago diseñados.,Vivian,15.0,5.0,17.0,,,,,,,0,"[15, 5, 17]",3,15.0,Sentence Length,"['structural', 'reduction']",2,structural,31,1,0,0,0,r3,long,0,fam=structural | rules=r3 | len=long | num=0 | lex=0,fam=structural | rules=r3 | len=long
2834,13106_LibroBAC.pdf,Para cualquier economía es fundamental contar con sistemas de pagos eficientes y seguros.,Todas las economías deben tener sistemas de pagos eficientes y seguros.,Vivian,6.0,19.0,,,,,,,,0,"[6, 19]",2,6.0,Complex Phrases,"['lexical', 'structural']",2,lexical,13,1,0,0,0,r2,medium,0,fam=lexical | rules=r2 | len=medium | num=0 | lex=0,fam=lexical | rules=r2 | len=medium
2835,13107_LibroBAC.pdf,"Estos medios han surgido porque el dinero efectivo, además de sus virtudes, tiene sus limitantes y no es viable para todas las operaciones o transacciones del amplio mundo de la economía, las finanzas y el comercio, a nivel doméstico, nacional e internacional.",Estos medios aparecieron por las limitantes del dinero efectivo.,Vivian,15.0,6.0,5.0,10.0,1.0,,,,,1,"[15, 6, 5, 10, 1]",5,15.0,Sentence Length,"['structural', 'lexical', 'reduction', 'morphosyntactic']",4,structural,42,1,0,0,0,r4plus,long,1,fam=structural | rules=r4plus | len=long | num=0 | lex=1,fam=structural | rules=r4plus | len=long
2837,13109_LibroBAC.pdf,"Los medios de pago más utilizados sin contar al dinero en efectivo son el cheque, las tarjetas de débito y tarjetas de crédito.","El cheque, las tarjetas de débito y de crédito son los medios de pago más usados.",Vivian,5.0,19.0,,,,,,,,0,"[5, 19]",2,5.0,Unnecessary Words,"['reduction', 'structural']",2,reduction,23,1,0,0,0,r2,medium,0,fam=reduction | rules=r2 | len=medium | num=0 | lex=0,fam=reduction | rules=r2 | len=medium
2846,16250_LibroBAC.pdf,"En este sentido, es importante contar con un adecuado conocimiento no solamente de la organización institucional del sistema financiero, sino también de las interrelaciones y regulaciones vigentes en el país, donde tienen lugar las operaciones, los instrumentos y mercados financieros con los cuales obtener rendimientos satisfactorios.","Debemos conocer la organización del sistema financiero, las interrelaciones y las leyes vigentes en el país.",Vivian,15.0,8.0,5.0,,,,,,,0,"[15, 8, 5]",3,15.0,Sentence Length,"['structural', 'morphosyntactic', 'reduction']",3,structural,46,1,0,0,0,r3,long,0,fam=structural | rules=r3 | len=long | num=0 | lex=0,fam=structural | rules=r3 | len=long
2847,16251_LibroBAC.pdf,"El sistema financiero es un conjunto de instituciones, servicios, estrategias, procesos y técnicas vinculadas con el campo financiero que, utilizando diversos instrumentos o medios apropiados, facilitan la intermediación para canalizar recursos en el contexto de un mercado que hace posible que los ahorros puedan ser invertidos para cubrir ciertas necesidades de las personas o familias que las demandan o del proceso productivo que contribuye con el desarrollo económico y social del país.","El sistema financiero es un grupo de instituciones, servicios, estrategias, procesos y técnicas relacionadas con el campo financiero. Facilita la inversión de los ahorros para cubrir necesidades de las personas.",Vivian,15.0,12.0,5.0,6.0,1.0,,,,,1,"[15, 12, 5, 6, 1]",5,15.0,Sentence Length,"['structural', 'morphosyntactic', 'reduction', 'lexical']",4,structural,72,1,0,0,0,r4plus,long,1,fam=structural | rules=r4plus | len=long | num=0 | lex=1,fam=structural | rules=r4plus | len=long
2851,16255_LibroBAC.pdf,"En el caso de los intermediarios financieros, que están constituidos por los bancos, las cajas de ahorros y cooperativas, entre otros, captan los recursos del público y los ofrecen a los que demandan recursos.","Algunos intermediarios financieros son los bancos, las cajas de ahorros y las cooperativas. Estos recogen los recursos del público y los ofrecen a quienes los desean.",Vivian,15.0,5.0,1.0,9.0,,,,,,1,"[15, 5, 1, 9]",4,15.0,Sentence Length,"['structural', 'reduction', 'lexical', 'morphosyntactic']",4,structural,34,1,0,0,0,r4plus,long,1,fam=structural | rules=r4plus | len=long | num=0 | lex=1,fam=structural | rules=r4plus | len=long
2852,16236_LibroBAC.pdf,"En ese sentido, se observa que los bancos desempeñan una doble función de intermediación y de transformación; por un lado, para poner en contacto a dos partes en el intercambio del mismo instrumento financiero y, por el otro, al recibir un instrumento financiero de los que requieren financiamiento distinto al que venden, a los que invierten sus recursos.","Así, los bancos cumplen una doble función de intermediarios y de transformadores. Por un lado, comunicar a dos partes en el intercambio financiero. Por otro lado, al recibir un instrumento financiero distinto al vendido de quienes necesitan financiamiento.",Vivian,15.0,5.0,21.0,6.0,17.0,9.0,,,,0,"[15, 5, 21, 6, 17, 9]",6,15.0,Sentence Length,"['structural', 'reduction', 'lexical', 'morphosyntactic']",4,structural,58,1,0,0,0,r4plus,long,0,fam=structural | rules=r4plus | len=long | num=0 | lex=0,fam=structural | rules=r4plus | len=long
2855,16241_LibroBAC.pdf,El activo financiero que se canaliza (el dinero en forma de depósito y el crédito).,El dinero intercambiado.,Vivian,16.0,6.0,17.0,1.0,,,,,,1,"[16, 6, 17, 1]",4,16.0,Parenthetical Phrases,"['reduction', 'lexical', 'structural']",3,reduction,15,1,0,0,0,r4plus,medium,1,fam=reduction | rules=r4plus | len=medium | num=0 | lex=1,fam=reduction | rules=r4plus | len=medium
2859,16256_LibroBAC.pdf,"En las diversas definiciones sobre el sistema financiero se identifican claramente los tres elementos principales como son: las instituciones financieras o intermediarias, los activos o instrumentos financieros y los mercados financieros, donde interactúan; asimismo, las regulaciones que permiten el funcionamiento adecuado del mismo.","En las diversas definiciones del sistema financiero hay tres elementos principales: las instituciones financieras, los activos y los mercados financieros. Además de las regulaciones para su adecuado funcionamiento.",Vivian,15.0,5.0,21.0,,,,,,,0,"[15, 5, 21]",3,15.0,Sentence Length,"['structural', 'reduction']",2,structural,43,1,0,0,0,r3,long,0,fam=structural | rules=r3 | len=long | num=0 | lex=0,fam=structural | rules=r3 | len=long
2866,16276_LibroBAC.pdf,Proporcionar información de precios para ayudar a coordinar la toma de decisiones descentralizada en varios sectores de la economía.,Proporcionar información de precios para la toma de decisiones descentralizada en varios sectores económicos.,Vivian,6.0,7.0,,,,,,,,0,"[6, 7]",2,6.0,Complex Phrases,"['lexical', 'morphosyntactic']",2,lexical,19,1,0,0,0,r2,medium,0,fam=lexical | rules=r2 | len=medium | num=0 | lex=0,fam=lexical | rules=r2 | len=medium
2870,16285_LibroBAC.pdf,"La función administrativa del riesgo, hace que los riesgos se transfieran por medio del sistema financiero de la misma manera que los fondos; por ejemplo, cuando se usan como intermediarios financieros a las compañías de seguros.","La función administrativa del riesgo permite transferir los riesgos por el sistema financiero igual que los fondos. Por ejemplo, cuando usamos las aseguradoras como intermediarios financieros.",Vivian,21.0,5.0,15.0,6.0,,,,,,0,"[21, 5, 15, 6]",4,21.0,Use of Complex Punctuation Marks,"['structural', 'reduction', 'lexical']",3,structural,36,1,0,0,0,r4plus,long,0,fam=structural | rules=r4plus | len=long | num=0 | lex=0,fam=structural | rules=r4plus | len=long
2871,16289_LibroBAC.pdf,En algunos países se han desarrollado sistemas electrónicos de pagos para transferencias de alto valor.,Algunos países desarrollaron sistemas electrónicos de pagos para transferencias de alto valor.,Vivian,10.0,5.0,,,,,,,,0,"[10, 5]",2,10.0,Past anterior and future perfect tense,"['morphosyntactic', 'reduction']",2,morphosyntactic,15,1,0,0,0,r2,medium,0,fam=morphosyntactic | rules=r2 | len=medium | num=0 | lex=0,fam=morphosyntactic | rules=r2 | len=medium
2873,16292_LibroBAC.pdf,"Por lo general, se produce mayor concentración al considerar en qué bancos realizar sus depósitos y realizar sus actividades financieras sobre la base de analizar el riesgo de las instituciones financieras en contraste con la rentabilidad representada por la tasa de interés que ofrecen los bancos.","Hay mayor concentración cuando consideramos en qué bancos realizar las transacciones. Para esto, analizamos el riesgo de las instituciones financieras con la ganancia representada por la tasa de interés ofrecida.",Vivian,15.0,6.0,5.0,,,,,,,0,"[15, 6, 5]",3,15.0,Sentence Length,"['structural', 'lexical', 'reduction']",3,structural,46,1,0,0,0,r3,long,0,fam=structural | rules=r3 | len=long | num=0 | lex=0,fam=structural | rules=r3 | len=long
2880,16314_LibroBAC.pdf,"El papel de los intermediarios financieros asume una gran importancia en el Sistema Financiero, ya que prestan un conjunto de servicios que pueden resumirse en: Reducen el riesgo de los pasivos que emiten (activos para sus clientes), mediante la constitución de una cartera de activos muy diversificada.",Los intermediarios dan muchos servicios. Reducen el riesgo de los pasivos emitidos mediante una cartera de activos diversificada.,Vivian,21.0,15.0,16.0,5.0,,,,,,0,"[21, 15, 16, 5]",4,21.0,Use of Complex Punctuation Marks,"['structural', 'reduction']",2,structural,47,1,0,0,0,r4plus,long,0,fam=structural | rules=r4plus | len=long | num=0 | lex=0,fam=structural | rules=r4plus | len=long
2882,16317_LibroBAC.pdf,"Gestionan el mecanismo de pagos del sistema económico, ya que los títulos que dan derecho a ciertos pasivos (cheques sobre cuentas corrientes) son aceptados como medios de pago.",Gestionan los pagos del sistema económico. Porque los cheques sobre cuentas corrientes son aceptados como medios de pago.,Vivian,6.0,5.0,,,,,,,,0,"[6, 5]",2,6.0,Complex Phrases,"['lexical', 'reduction']",2,lexical,28,1,0,0,0,r2,long,0,fam=lexical | rules=r2 | len=long | num=0 | lex=0,fam=lexical | rules=r2 | len=long
2885,16320_LibroBAC.pdf,Buscan a esas unidades de Gasto con Superávit el lugar que se adecue a su voluntad de inversión.,Buscan las unidades de gasto con excedente un lugar adecuado a la inversión.,Vivian,1.0,6.0,,,,,,,,1,"[1, 6]",2,1.0,Word Frequency,['lexical'],1,lexical,18,1,0,0,0,r2,medium,1,fam=lexical | rules=r2 | len=medium | num=0 | lex=1,fam=lexical | rules=r2 | len=medium
2886,16322_LibroBAC.pdf,Los recursos que salen de la unidad de Gasto con Superávit llegan en la misma cantidad a la unidad de Gasto con Déficit.,Los recursos salidos de la unidad de gasto con excedente llegan en la misma cantidad a la unidad de gasto con déficit.,Vivian,17.0,1.0,,,,,,,,1,"[17, 1]",2,17.0,Relative Clauses,"['structural', 'lexical']",2,structural,23,1,0,0,0,r2,medium,1,fam=structural | rules=r2 | len=medium | num=0 | lex=1,fam=structural | rules=r2 | len=medium
2890,16303_LibroBAC.pdf,Quizás el ejemplo más sencillo de un intermediario financiero es un fondo de inversión que combina los recursos financieros de muchos inversionistas pequeños e invierte su dinero en valores.,Un fondo de inversión es el ejemplo más sencillo de un intermediario financiero. Esta combina el dinero de los inversionistas y lo invierte en valores.,Vivian,15.0,17.0,,,,,,,,0,"[15, 17]",2,15.0,Sentence Length,['structural'],1,structural,29,1,0,0,0,r2,long,0,fam=structural | rules=r2 | len=long | num=0 | lex=0,fam=structural | rules=r2 | len=long
2891,16304_LibroBAC.pdf,"El fondo de inversión tiene economías de escala sustanciales en el registro de operaciones y en la ejecución de compraventa de valores y, por consiguiente, ofrece a sus clientes una manera más eficiente para invertir en valores que la compra y venta de valores en los mercados.","El fondo de inversión tiene economías altas en el registro de operaciones y en la compraventa de valores. Por esto, ofrece a sus clientes una forma de inversión más eficiente que la compra y venta de valores en los mercados.",Vivian,15.0,16.0,1.0,6.0,5.0,,,,,1,"[15, 16, 1, 6, 5]",5,15.0,Sentence Length,"['structural', 'reduction', 'lexical']",3,structural,47,1,0,0,0,r4plus,long,1,fam=structural | rules=r4plus | len=long | num=0 | lex=1,fam=structural | rules=r4plus | len=long
2893,16307_LibroBAC.pdf,"En este grupo se encuentran los bancos (públicos, privados), las cajas de ahorros, las cooperativas, principalmente.","En este grupo están los bancos públicos y privados, las cajas de ahorros y las cooperativas.",Vivian,16.0,6.0,,,,,,,,0,"[16, 6]",2,16.0,Parenthetical Phrases,"['reduction', 'lexical']",2,reduction,16,1,0,0,0,r2,medium,0,fam=reduction | rules=r2 | len=medium | num=0 | lex=0,fam=reduction | rules=r2 | len=medium
2896,16328_LibroBAC.pdf,"Dentro del Sistema Bancario Nacional se incluyen, asimismo, las entidades vinculadas con la banca, como las asociaciones bancarias.",Las asociaciones bancarias también se incluyen en el sistema bancario nacional.,Vivian,5.0,19.0,,,,,,,,0,"[5, 19]",2,5.0,Unnecessary Words,"['reduction', 'structural']",2,reduction,18,1,0,0,0,r2,medium,0,fam=reduction | rules=r2 | len=medium | num=0 | lex=0,fam=reduction | rules=r2 | len=medium
2897,16330_LibroBAC.pdf,Dichas entidades se gobiernan por medio de sus juntas directivas y realizan esfuerzos y actividades en estrecha colaboración con el Poder Ejecutivo.,Estas entidades se gobiernan mediante sus juntas directivas y realizan esfuerzos en colaboración con el Poder Ejecutivo.,Vivian,5.0,6.0,,,,,,,,0,"[5, 6]",2,5.0,Unnecessary Words,"['reduction', 'lexical']",2,reduction,22,1,0,0,0,r2,medium,0,fam=reduction | rules=r2 | len=medium | num=0 | lex=0,fam=reduction | rules=r2 | len=medium
2899,16332_LibroBAC.pdf,"Los bancos cumplen, entre otras, con funciones esenciales como colaborar en la ejecución de la política monetaria, cambiaria, crediticia y bancaria, procurar la liquidez, solvencia y buen funcionamiento del Sistema Bancario Nacional, custodiar y administrar los depósitos bancarios, poner al servicio del productor los medios económicos y técnicos de que dispone el Sistema.","Los bancos cumplen diferentes funciones. Como colaborar en la ejecución de la política monetaria, cambiaria, crediticia y bancaria. Procurar la solvencia y buen funcionamiento del Sistema Bancario Nacional. Custodiar y administrar los depósitos bancarios. Disponer al productor los medios económicos y técnicos del Sistema.",Vivian,15.0,5.0,,,,,,,,0,"[15, 5]",2,15.0,Sentence Length,"['structural', 'reduction']",2,structural,53,1,0,0,0,r2,long,0,fam=structural | rules=r2 | len=long | num=0 | lex=0,fam=structural | rules=r2 | len=long
2900,16333_LibroBAC.pdf,"En el proceso de transformación realizado por los bancos se visualizan tres elementos principales: a) el emisor, que deposita su dinero y no tiene relación con el que lo recibe, pues es el banco el que proporciona los recursos al que lo demanda; b) los plazos no vinculan a los que prestan de los que reciben, pues en algunos casos los plazos de los préstamos son largos (hipotecarios) y los depósitos normalmente se efectúan en plazos cortos; y, c) los importes, que pueden ser de cualquier monto.","En la transformación realizada por los bancos hay tres elementos. El emisor, quien deposita su dinero y no se relaciona con quien lo recibe. Los plazos no relacionan a los prestamistas con los deudores. Y los valores son de cualquier monto.",Vivian,15.0,6.0,5.0,9.0,21.0,,,,,0,"[15, 6, 5, 9, 21]",5,15.0,Sentence Length,"['structural', 'lexical', 'reduction', 'morphosyntactic']",4,structural,87,1,0,0,0,r4plus,long,0,fam=structural | rules=r4plus | len=long | num=0 | lex=0,fam=structural | rules=r4plus | len=long
2909,16350_LibroBAC.pdf,"Las empresas financieras no bancarias están autorizadas para conceder préstamos o créditos directos a personas físicas o jurídicas del sector privado; comprar, descontar y aceptar en garantía pagarés, prendas, letras de cambio, hipotecas y, en general toda clase de títulos valores e instrumentos comerciales; conceder préstamos con garantía de cualquier tipo de títulos valores o bienes muebles e inmuebles; conceder préstamos con hipotecas o créditos hipotecarios; realizar operaciones de fideicomiso; realizar otras operaciones o actividades lícitas y compatibles con la naturaleza de las empresas financieras.","Las empresas financieras no bancarias pueden dar préstamos o créditos directos a personas físicas o jurídicas privadas. Comprar, descontar y aceptar cualquier título de valor o instrumento comercial. Hacer préstamos garantizados de cualquier título valor o bienes muebles e inmuebles. Dar préstamos o créditos hipotecarios. Realizar fideicomisos. Realizar otras acciones legales de las empresas financieras.",Vivian,21.0,15.0,6.0,5.0,,,,,,0,"[21, 15, 6, 5]",4,21.0,Use of Complex Punctuation Marks,"['structural', 'lexical', 'reduction']",3,structural,85,1,0,0,0,r4plus,long,0,fam=structural | rules=r4plus | len=long | num=0 | lex=0,fam=structural | rules=r4plus | len=long
2910,16356_LibroBAC.pdf,"Las compañías de seguros son instituciones intermediarias cuya función es proteger a las personas, familias y empresas contra riesgos específicos, realizando compensaciones ante la ocurrencia de ciertos eventos; por ejemplo, los seguros de propiedad y contra accidentes que cubren accidentes, robo, incendios o desastres; los seguros de salud e incapacidad que cubren enfermedades o incapacidad para trabajar; los seguros de vida que cubren el fallecimiento, entre otros.","Las compañías de seguros son instituciones intermediarias protectoras de las personas, familias y empresas contra riesgos específicos mediante compensaciones. Por ejemplo, los seguros de propiedad y contra accidentes. Los seguros de salud e incapacidad. Los seguros de vida.",Vivian,9.0,15.0,12.0,21.0,5.0,,,,,0,"[9, 15, 12, 21, 5]",5,9.0,Subordinating Conjunctions,"['morphosyntactic', 'structural', 'reduction']",3,morphosyntactic,67,1,0,0,0,r4plus,long,0,fam=morphosyntactic | rules=r4plus | len=long | num=0 | lex=0,fam=morphosyntactic | rules=r4plus | len=long
2911,16360_LibroBAC.pdf,"También, los fondos de pensiones y de retiros constituyen intermediarios financieros que tienen la función de poner en marcha un plan de pensiones que permite reponer los ingresos que una persona tiene antes de acogerse al retiro, de manera que se combinan los beneficios de la seguridad social y los ahorros para estos fines.","Los fondos de pensiones y de retiros también son intermediarios financieros. Su función es realizar un plan de pensiones para reponer los ingresos recibidos por una persona antes de pensionarse. Para esto, se combinan los beneficios del seguro social y los ahorros.",Vivian,1.0,17.0,6.0,15.0,,,,,,1,"[1, 17, 6, 15]",4,1.0,Word Frequency,"['lexical', 'structural']",2,lexical,54,1,0,0,0,r4plus,long,1,fam=lexical | rules=r4plus | len=long | num=0 | lex=1,fam=lexical | rules=r4plus | len=long
2915,16365_LibroBAC.pdf,"Además de la divisibilidad, registro de operaciones y reinversión de ingresos, los fondos de inversión ofrecen medios eficientes para la diversificación.","Los fondos de inversión ofrecen divisibilidad, registro de operaciones, reinversión de ingresos y medios eficientes para la diversificación.",Vivian,19.0,5.0,,,,,,,,0,"[19, 5]",2,19.0,Sentence Order,"['structural', 'reduction']",2,structural,21,1,0,0,0,r2,medium,0,fam=structural | rules=r2 | len=medium | num=0 | lex=0,fam=structural | rules=r2 | len=medium
2918,16372_LibroBAC.pdf,"En el marco del sistema financiero, dice una de nuestras fuentes consultadas: ""...los activos financieros son medios de pago (dinero) o medios de crédito (instrumentos que incorporan un derecho - crédito - a favor de su tenedor y una obligación - deuda - de devolución del capital prestado para el agente emisor).",Según una de nuestras fuentes: los activos financieros son dinero de pago o medios de crédito.,Vivian,21.0,5.0,,,,,,,,0,"[21, 5]",2,21.0,Use of Complex Punctuation Marks,"['structural', 'reduction']",2,structural,52,2,0,0,0,r2,long,0,fam=structural | rules=r2 | len=long | num=0 | lex=0,fam=structural | rules=r2 | len=long
2919,16375_LibroBAC.pdf,Los activos financieros sirven para que se realice la transferencia de fondos entre los agentes económicos con capacidad o necesidad de financiación; también sirven para transferir riesgos ya que el comprador de un activo financiero adquiere unos derechos sobre la corriente futura de ingresos del emisor.,Los activos financieros sirven para transferir fondos entre los agentes económicos con capacidad o necesidad de financiación. También sirven para transferir riesgos porque el comprador de un activo adquiere derechos sobre los ingresos del emisor.,Vivian,21.0,15.0,5.0,6.0,,,,,,0,"[21, 15, 5, 6]",4,21.0,Use of Complex Punctuation Marks,"['structural', 'reduction', 'lexical']",3,structural,46,1,0,0,0,r4plus,long,0,fam=structural | rules=r4plus | len=long | num=0 | lex=0,fam=structural | rules=r4plus | len=long
2921,16381_LibroBAC.pdf,"El riesgo: Está en función de que a su vencimiento y durante la vigencia del mismo, el emisor cumpla con lo pactado en las cláusulas.",El riesgo: está en función del cumplimiento del emisor con lo acordado en las cláusulas a su vencimiento.,Vivian,15.0,6.0,,,,,,,,0,"[15, 6]",2,15.0,Sentence Length,"['structural', 'lexical']",2,structural,25,1,0,0,0,r2,long,0,fam=structural | rules=r2 | len=long | num=0 | lex=0,fam=structural | rules=r2 | len=long
2925,16388_LibroBAC.pdf,"El Mercado Financiero, tiene como objetivo regular los mercados de valores, que permiten, a la vez, la realización de las diversas operaciones con relación a los valores, las personas físicas o jurídicas que intervienen directa o indirectamente en dichas operaciones, los actos o contratos relacionados con tales mercados y los valores negociados en ellos.","El mercado financiero regula los mercados de valores. Estos realizan diversas operaciones relacionadas con los valores, las personas físicas o jurídicas, los contratos relacionados con los mercados y los valores negociados.",Vivian,15.0,5.0,6.0,,,,,,,0,"[15, 5, 6]",3,15.0,Sentence Length,"['structural', 'reduction', 'lexical']",3,structural,54,1,0,0,0,r3,long,0,fam=structural | rules=r3 | len=long | num=0 | lex=0,fam=structural | rules=r3 | len=long
2927,16392_LibroBAC.pdf,"Asimismo, se entiende por valores los títulos valores y cualquier otro derecho de contenido económico o patrimonial que puedan ser objeto de negociación en un mercado financiero o bursátil.","Asimismo, los valores son títulos valores y otros derechos económicos o patrimoniales que se puedan negociar en un mercado financiero.",Vivian,6.0,15.0,,,,,,,,0,"[6, 15]",2,6.0,Complex Phrases,"['lexical', 'structural']",2,lexical,29,1,0,0,0,r2,long,0,fam=lexical | rules=r2 | len=long | num=0 | lex=0,fam=lexical | rules=r2 | len=long
2929,16394_LibroBAC.pdf,"En este sentido, el sistema bursátil está constituido por un conjunto de procesos e interrelaciones entre oferentes y demandantes que interactúan en un mercado establecido.",El sistema bancario posee un conjunto de procesos e interrelaciones entre oferentes y demandantes de un mercado.,Vivian,1.0,17.0,,,,,,,,1,"[1, 17]",2,1.0,Word Frequency,"['lexical', 'structural']",2,lexical,25,1,0,0,0,r2,long,1,fam=lexical | rules=r2 | len=long | num=0 | lex=1,fam=lexical | rules=r2 | len=long
2936,16407_LibroBAC.pdf,Amplitud: Nos indica el volumen de activos que se intercambian en él.,La amplitud nos indica el volumen de recursos intercambiados.,Vivian,17.0,5.0,1.0,,,,,,,1,"[17, 5, 1]",3,17.0,Relative Clauses,"['structural', 'reduction', 'lexical']",3,structural,12,1,0,0,0,r3,short,1,fam=structural | rules=r3 | len=short | num=0 | lex=1,fam=structural | rules=r3 | len=short
2939,16413_LibroBAC.pdf,Transparencia: Lo que supone que la información se puede obtener a un costo reducido y que todos los intervinientes en el mercado tienen las mismas posibilidades.,La transparencia supone que la información se puede obtener a un bajo costo. Y que los participantes del mercado tienen las mismas posibilidades.,Vivian,17.0,6.0,5.0,4.0,,,,,,0,"[17, 6, 5, 4]",4,17.0,Relative Clauses,"['structural', 'lexical', 'reduction']",3,structural,26,1,0,0,0,r4plus,long,0,fam=structural | rules=r4plus | len=long | num=0 | lex=0,fam=structural | rules=r4plus | len=long
2943,794_LibroNEFE_Sincopyright.pdf,"Para la mayoría de las personas, una buena forma de diversificar sus inversiones es a través de los fondos comunes de inversión.","Para muchas personas, los fondos comunes de inversión son una buena forma de diversificar sus inversiones.",Vivian,6.0,19.0,,,,,,,,0,"[6, 19]",2,6.0,Complex Phrases,"['lexical', 'structural']",2,lexical,22,1,0,0,0,r2,medium,0,fam=lexical | rules=r2 | len=medium | num=0 | lex=0,fam=lexical | rules=r2 | len=medium
2944,796_LibroNEFE_Sincopyright.pdf,"En vez de comprar solo unos pocos activos, el administrador de fondos profesional compra muchas acciones, bonos y otros tipos de activos.","Un administrador de fondos profesional compra muchas acciones, bonos y otros recursos.",Vivian,5.0,1.0,,,,,,,,1,"[5, 1]",2,5.0,Unnecessary Words,"['reduction', 'lexical']",2,reduction,22,1,0,0,0,r2,medium,1,fam=reduction | rules=r2 | len=medium | num=0 | lex=1,fam=reduction | rules=r2 | len=medium
2947,800_LibroNEFE_Sincopyright.pdf,"El dinero que inviertes inicialmente se denomina ""capital"".",El capital es el dinero invertido inicialmente.,Vivian,21.0,1.0,17.0,,,,,,,1,"[21, 1, 17]",3,21.0,Use of Complex Punctuation Marks,"['structural', 'lexical']",2,structural,8,1,0,0,0,r3,short,1,fam=structural | rules=r3 | len=short | num=0 | lex=1,fam=structural | rules=r3 | len=short
2948,801_LibroNEFE_Sincopyright.pdf,"Los bonos son emitidos por compañías y también por empresas públicas (federales, estatales o locales).",Las compañías y las empresas públicas emiten los bonos.,Vivian,5.0,18.0,,,,,,,,0,"[5, 18]",2,5.0,Unnecessary Words,['reduction'],1,reduction,15,1,0,0,0,r2,medium,0,fam=reduction | rules=r2 | len=medium | num=0 | lex=0,fam=reduction | rules=r2 | len=medium
2954,816_LibroNEFE_Sincopyright.pdf,Es posible que el valor de los bienes suba o baje.,El valor de los bienes puede subir o bajar.,Vivian,6.0,19.0,,,,,,,,0,"[6, 19]",2,6.0,Complex Phrases,"['lexical', 'structural']",2,lexical,11,1,0,0,0,r2,short,0,fam=lexical | rules=r2 | len=short | num=0 | lex=0,fam=lexical | rules=r2 | len=short
2955,817_LibroNEFE_Sincopyright.pdf,"Si vendes los bienes cuando el precio está por debajo del que pagaste cuando lo compraste, podrías perder parte del capital que invertiste.","Si vendes los bienes cuando el precio es menor al pagado cuando lo compraste, perderás parte del capital invertido.",Vivian,17.0,5.0,,,,,,,,0,"[17, 5]",2,17.0,Relative Clauses,"['structural', 'reduction']",2,structural,23,1,0,0,0,r2,medium,0,fam=structural | rules=r2 | len=medium | num=0 | lex=0,fam=structural | rules=r2 | len=medium
2956,818_LibroNEFE_Sincopyright.pdf,"Las tasas de interés pueden aumentar, haciendo que los pagos mensuales suban si tienes una hipoteca con tasa ajustable y no una con tasa fija.",Las tasas de interés pueden aumentar. Esto hace que las mensualidades suban si tienes una hipoteca con tasa ajustable y no fija.,Vivian,12.0,5.0,6.0,,,,,,,0,"[12, 5, 6]",3,12.0,Use of Gerund,"['morphosyntactic', 'reduction', 'lexical']",3,morphosyntactic,25,1,0,0,0,r3,long,0,fam=morphosyntactic | rules=r3 | len=long | num=0 | lex=0,fam=morphosyntactic | rules=r3 | len=long
2964,842_LibroNEFE_Sincopyright.pdf,Un ejemplo sería ahorrar $10 000 durante tres años para cancelar la deuda por la compra de una vivienda.,"Por ejemplo, ahorrar diez mil dólares en tres años para pagar la deuda por compra de casa.",Vivian,6.0,1.0,14.0,,,,,,,1,"[6, 1, 14]",3,6.0,Complex Phrases,"['lexical', 'structural']",2,lexical,19,1,1,1,0,r3,medium,1,fam=lexical | rules=r3 | len=medium | num=1 | lex=1,fam=lexical | rules=r3 | len=medium
2965,843_LibroNEFE_Sincopyright.pdf,"Con frecuencia, las personas considerarán las siguientes metas de mediano plazo: educación superior o capacitación; comenzar a invertir; realizar donaciones a organizaciones benéficas; comprar una vivienda.","Frecuentemente, las personas consideran las siguientes metas de mediano plazo: Educación superior o capacitación. Invertir. Donar a organizaciones benéficas. Comprar casa.",Vivian,21.0,5.0,6.0,1.0,,,,,,1,"[21, 5, 6, 1]",4,21.0,Use of Complex Punctuation Marks,"['structural', 'reduction', 'lexical']",3,structural,26,1,0,0,0,r4plus,long,1,fam=structural | rules=r4plus | len=long | num=0 | lex=1,fam=structural | rules=r4plus | len=long
2972,873_LibroNEFE_Sincopyright.pdf,El primer paso para apartar dinero y ahorrarlo consiste en decidir que puedes hacerlo.,El primer paso para ahorrar es la decisión de hacerlo.,Vivian,5.0,6.0,,,,,,,,0,"[5, 6]",2,5.0,Unnecessary Words,"['reduction', 'lexical']",2,reduction,14,1,0,0,0,r2,medium,0,fam=reduction | rules=r2 | len=medium | num=0 | lex=0,fam=reduction | rules=r2 | len=medium
2977,882_LibroNEFE_Sincopyright.pdf,"A fin de mes, podrías tener unos $50 para depositar en tu cuenta de ahorro, que suman $600 al año (sin incluir los intereses, si los depositaras en una cuenta que pague intereses).","A fin de mes, tendrías unos cincuenta dólares para depositar en tu cuenta de ahorros. Estos suman seiscientos dólares anuales.",Vivian,14.0,15.0,,,,,,,,0,"[14, 15]",2,14.0,Use of Numerical Expressions,['structural'],1,structural,33,1,1,1,0,r2,long,0,fam=structural | rules=r2 | len=long | num=1 | lex=0,fam=structural | rules=r2 | len=long
2978,883_LibroNEFE_Sincopyright.pdf,"Deposita en tu cuenta de ahorro el reembolso de los impuestos, el aumento de sueldo o el bono en vez de gastarlos.","Ahorra la devolución de los impuestos, el aumento del salario o el bono.",Vivian,1.0,6.0,,,,,,,,1,"[1, 6]",2,1.0,Word Frequency,['lexical'],1,lexical,22,1,0,0,0,r2,medium,1,fam=lexical | rules=r2 | len=medium | num=0 | lex=1,fam=lexical | rules=r2 | len=medium
2980,890_LibroNEFE_Sincopyright.pdf,"Por ejemplo, en vez de gastar $75 al mes en camisetas nuevas de moda, pon esa cantidad en tu cuenta de ahorro.","Por ejemplo, en vez de gastar setenta y cinco dólares mensuales en camisetas de moda, ahorra ese dinero.",Vivian,6.0,14.0,5.0,,,,,,,0,"[6, 14, 5]",3,6.0,Complex Phrases,"['lexical', 'structural', 'reduction']",3,lexical,22,1,1,1,0,r3,medium,0,fam=lexical | rules=r3 | len=medium | num=1 | lex=0,fam=lexical | rules=r3 | len=medium
2981,891_LibroNEFE_Sincopyright.pdf,"Cuando termines de pagar un préstamo, deposita la misma cantidad cada mes en tus ahorros (si el dinero no se destina a pagar otro préstamo).","Cuando termines de pagar un préstamo, ahorra esa cantidad mensual. Esto si no debes pagar otro préstamo.",Vivian,6.0,16.0,,,,,,,,0,"[6, 16]",2,6.0,Complex Phrases,"['lexical', 'reduction']",2,lexical,25,1,0,0,0,r2,long,0,fam=lexical | rules=r2 | len=long | num=0 | lex=0,fam=lexical | rules=r2 | len=long
2982,895_LibroNEFE_Sincopyright.pdf,Una de las mejores formas de gestionar el riesgo es distribuir tus inversiones y ahorros a través de diversos canales.,Distribuir tus inversiones y ahorros en diferentes medios es una buena forma de administrar el riesgo.,Vivian,6.0,1.0,,,,,,,,1,"[6, 1]",2,6.0,Complex Phrases,['lexical'],1,lexical,20,1,0,0,0,r2,medium,1,fam=lexical | rules=r2 | len=medium | num=0 | lex=1,fam=lexical | rules=r2 | len=medium
2987,905_LibroNEFE_Sincopyright.pdf,"Por ejemplo, supongamos que vas a invertir $30 al mes en acciones de la compañía XYZ.","Por ejemplo, si inviertes treinta dólares mensuales en acciones de la empresa XYZ.",Vivian,14.0,6.0,1.0,,,,,,,1,"[14, 6, 1]",3,14.0,Use of Numerical Expressions,"['structural', 'lexical']",2,structural,16,1,1,1,0,r3,medium,1,fam=structural | rules=r3 | len=medium | num=1 | lex=1,fam=structural | rules=r3 | len=medium
2989,907_LibroNEFE_Sincopyright.pdf,"Independientemente de si el valor de las acciones es alto o bajo, compras todas las acciones de la compañía XYZ que puedas con tus $30.",Compras todas las acciones posibles de las empresas XYZ con tus treinta dólares.,Vivian,5.0,17.0,14.0,1.0,,,,,,1,"[5, 17, 14, 1]",4,5.0,Unnecessary Words,"['reduction', 'structural', 'lexical']",3,reduction,25,1,1,1,0,r4plus,long,1,fam=reduction | rules=r4plus | len=long | num=1 | lex=1,fam=reduction | rules=r4plus | len=long
3002,931_LibroNEFE_Sincopyright.pdf,"Con suerte, las acciones se pueden vender a un precio mayor al que pagaste por ellas en algún momento posterior.",Las acciones se pueden vender a un precio mayor al pagado por ellas.,Vivian,5.0,17.0,,,,,,,,0,"[5, 17]",2,5.0,Unnecessary Words,"['reduction', 'structural']",2,reduction,20,1,0,0,0,r2,medium,0,fam=reduction | rules=r2 | len=medium | num=0 | lex=0,fam=reduction | rules=r2 | len=medium
3009,942_LibroNEFE_Sincopyright.pdf,"Dependiendo del rendimiento de la acción, podrás venderla posteriormente por un precio mayor al que pagaste.","Según el rendimiento de la acción, podrás venderlas después por un precio mayor al pagado.",Vivian,12.0,1.0,17.0,,,,,,,1,"[12, 1, 17]",3,12.0,Use of Gerund,"['morphosyntactic', 'lexical', 'structural']",3,morphosyntactic,16,1,0,0,0,r3,medium,1,fam=morphosyntactic | rules=r3 | len=medium | num=0 | lex=1,fam=morphosyntactic | rules=r3 | len=medium
3013,1156_LibroNEFE_Sincopyright.pdf,"Al momento de elegir a tus amigos o contactos en la página web o aplicación de una red social, piensa por qué usas esa red.",Piensa por qué usas la red social antes de elegir a tus amigos en ella.,Vivian,6.0,19.0,5.0,,,,,,,0,"[6, 19, 5]",3,6.0,Complex Phrases,"['lexical', 'structural', 'reduction']",3,lexical,25,1,0,0,0,r3,long,0,fam=lexical | rules=r3 | len=long | num=0 | lex=0,fam=lexical | rules=r3 | len=long
3015,1159_LibroNEFE_Sincopyright.pdf,Familiarízate con las funcionalidades de la página web o aplicación de las redes sociales antes de publicar mensajes.,Conoce las funciones de las redes sociales antes de publicar mensajes.,Vivian,1.0,5.0,,,,,,,,1,"[1, 5]",2,1.0,Word Frequency,"['lexical', 'reduction']",2,lexical,18,1,0,0,0,r2,medium,1,fam=lexical | rules=r2 | len=medium | num=0 | lex=1,fam=lexical | rules=r2 | len=medium
3024,1185_LibroNEFE_Sincopyright.pdf,"En esta sección, comenzaremos analizando lo que puedes hacer para asegurar tu futuro financiero atendiendo a las siguientes áreas: Planificación para los casos imprevistos; Planificación de tu jubilación; Personalización de la administración del dinero para alcanzar tus metas y aspiraciones.","En esta sección, analizaremos cómo asegurar tu futuro financiero. Atenderemos las siguientes áreas: Planificación para casos imprevistos. Planificación de tu pensión. Personalización de la administración del dinero.",Vivian,21.0,15.0,13.0,6.0,1.0,5.0,,,,1,"[21, 15, 13, 6, 1, 5]",6,21.0,Use of Complex Punctuation Marks,"['structural', 'lexical', 'reduction']",3,structural,40,1,0,0,0,r4plus,long,1,fam=structural | rules=r4plus | len=long | num=0 | lex=1,fam=structural | rules=r4plus | len=long
3027,1190_LibroNEFE_Sincopyright.pdf,"Con intereses, ese monto de ahorros mensuales les permitiría ahorrar el pago inicial y comprar su vivienda en 24 meses.","Con intereses, ese monto les permitirá ahorra el primer pago y comprar su casa en veinticuatro meses.",Vivian,5.0,14.0,1.0,,,,,,,1,"[5, 14, 1]",3,5.0,Unnecessary Words,"['reduction', 'structural', 'lexical']",3,reduction,20,1,1,0,0,r3,medium,1,fam=reduction | rules=r3 | len=medium | num=1 | lex=1,fam=reduction | rules=r3 | len=medium
3028,1191_LibroNEFE_Sincopyright.pdf,"Pero una fría mañana, no pudieron arrancar uno de los autos.","Pero un día, un carro no arrancó.",Vivian,6.0,1.0,5.0,,,,,,,1,"[6, 1, 5]",3,6.0,Complex Phrases,"['lexical', 'reduction']",2,lexical,11,1,0,0,0,r3,short,1,fam=lexical | rules=r3 | len=short | num=0 | lex=1,fam=lexical | rules=r3 | len=short
3029,1192_LibroNEFE_Sincopyright.pdf,"Era el momento de comprar una batería nueva, que costaba $52.",Debían comprar una batería nueva. Costaba cincuenta y dos dólares.,Vivian,17.0,6.0,14.0,,,,,,,0,"[17, 6, 14]",3,17.0,Relative Clauses,"['structural', 'lexical']",2,structural,11,1,1,1,0,r3,short,0,fam=structural | rules=r3 | len=short | num=1 | lex=0,fam=structural | rules=r3 | len=short
3032,1198_LibroNEFE_Sincopyright.pdf,Pudieron comprar su vivienda solo unos meses después del plazo previsto.,Compraron su casa unos meses después del plazo previsto.,Vivian,6.0,1.0,,,,,,,,1,"[6, 1]",2,6.0,Complex Phrases,['lexical'],1,lexical,11,1,0,0,0,r2,short,1,fam=lexical | rules=r2 | len=short | num=0 | lex=1,fam=lexical | rules=r2 | len=short
3055,1242_LibroNEFE_Sincopyright.pdf,Existen ocho áreas fundamentales que debes tener en cuenta cuando planeas mantenerte tú mismo cuando te jubiles:,Hay ocho áreas principales a considerar cuando te pensiones:,Vivian,6.0,5.0,1.0,,,,,,,1,"[6, 5, 1]",3,6.0,Complex Phrases,"['lexical', 'reduction']",2,lexical,17,1,0,0,0,r3,medium,1,fam=lexical | rules=r3 | len=medium | num=0 | lex=1,fam=lexical | rules=r3 | len=medium
3056,1245_LibroNEFE_Sincopyright.pdf,"Cuánto tiempo vas a trabajar antes de jubilarte, si puedes retirarte de forma gradual o trabajar a tiempo parcial y qué hacer con las ofertas de retiro voluntario.",Cuánto tiempo trabajarás antes de pensionarte. Si te retiras gradualmente o trabajas medio tiempo. Y qué hacer con las ofertas de retiro voluntario.,Vivian,6.0,15.0,1.0,,,,,,,1,"[6, 15, 1]",3,6.0,Complex Phrases,"['lexical', 'structural']",2,lexical,28,1,0,0,0,r3,long,1,fam=lexical | rules=r3 | len=long | num=0 | lex=1,fam=lexical | rules=r3 | len=long
3057,1251_LibroNEFE_Sincopyright.pdf,"Cuál es la mejor forma de utilizar tu vivienda para tu plan de jubilación, por ejemplo, reducir su tamaño y entender cómo funcionan las hipotecas inversas, las líneas de crédito de capital para viviendas y los préstamos sobre el valor líquido de la vivienda, para cubrir las necesidades durante la jubilación.","Cuál es la mejor forma de utilizar tu casa para tu plan de pensión. Por ejemplo, reducir su tamaño y entender el funcionamiento de las hipotecas inversas, las líneas de crédito capital para casas y los préstamos sobre el valor líquido para pagar los gastos.",Vivian,1.0,15.0,5.0,,,,,,,1,"[1, 15, 5]",3,1.0,Word Frequency,"['lexical', 'structural', 'reduction']",3,lexical,51,1,0,0,0,r3,long,1,fam=lexical | rules=r3 | len=long | num=0 | lex=1,fam=lexical | rules=r3 | len=long
3058,1254_LibroNEFE_Sincopyright.pdf,"Cómo funciona Medicare, planificar la atención médica a largo plazo, pensar si necesitas un seguro de vida y limitar los costos de atención médica a medida que envejeces.",Planificar atención médica a largo plazo. Buscar un seguro de vida. Y limitar los costos de atención médica.,Vivian,5.0,15.0,,,,,,,,0,"[5, 15]",2,5.0,Unnecessary Words,"['reduction', 'structural']",2,reduction,28,1,0,0,0,r2,long,0,fam=reduction | rules=r2 | len=long | num=0 | lex=0,fam=reduction | rules=r2 | len=long
3061,1266_LibroNEFE_Sincopyright.pdf,"Permanecer atento a los fraudes y engaños dirigidos a adultos mayores, sabiendo cuándo recurrir a terceros para obtener ayuda financiera, y tomar las medidas que correspondan para formar un equipo de confianza que pueda cuidarte a medida que envejeces.",Cuidarse de fraudes y engaños dirigidos a adultos mayores. Saber cuándo buscar ayuda financiera.,Vivian,5.0,15.0,6.0,,,,,,,0,"[5, 15, 6]",3,5.0,Unnecessary Words,"['reduction', 'structural', 'lexical']",3,reduction,39,1,0,0,0,r3,long,0,fam=reduction | rules=r3 | len=long | num=0 | lex=0,fam=reduction | rules=r3 | len=long
3062,1273_LibroNEFE_Sincopyright.pdf,Tener ahorrado dinero suficiente en mi 401(k) para hacer un viaje familiar cada tres años.,Ahorrar para viajar en familia cada tres años.,Vivian,6.0,5.0,,,,,,,,0,"[6, 5]",2,6.0,Complex Phrases,"['lexical', 'reduction']",2,lexical,15,1,1,0,0,r2,medium,0,fam=lexical | rules=r2 | len=medium | num=1 | lex=0,fam=lexical | rules=r2 | len=medium
3063,1288_LibroNEFE_Sincopyright.pdf,"El asesoramiento financiero es diferente de la planificación financiera, porque te permite elegir tus propias metas y personalizar las técnicas de administración de tu dinero para cumplirlas.",El asesoramiento se diferencia de la planificación financiera. Porque te permite elegir tus metas y personalizar la administración de tu dinero para cumplirlas.,Vivian,15.0,5.0,,,,,,,,0,"[15, 5]",2,15.0,Sentence Length,"['structural', 'reduction']",2,structural,27,1,0,0,0,r2,long,0,fam=structural | rules=r2 | len=long | num=0 | lex=0,fam=structural | rules=r2 | len=long
3067,1296_LibroNEFE_Sincopyright.pdf,Algunas cosas a tener en cuenta al seleccionar una aplicación:,"Cuando escojas una aplicación, considera:",Vivian,6.0,5.0,,,,,,,,0,"[6, 5]",2,6.0,Complex Phrases,"['lexical', 'reduction']",2,lexical,10,1,0,0,0,r2,short,0,fam=lexical | rules=r2 | len=short | num=0 | lex=0,fam=lexical | rules=r2 | len=short
3068,1301_LibroNEFE_Sincopyright.pdf,Protege tu equipo con una contraseña para proteger la información que contiene el teléfono que perdiste o te robaron.,Protege la información de tu equipo con una contraseña.,Vivian,6.0,5.0,,,,,,,,0,"[6, 5]",2,6.0,Complex Phrases,"['lexical', 'reduction']",2,lexical,19,1,0,0,0,r2,medium,0,fam=lexical | rules=r2 | len=medium | num=0 | lex=0,fam=lexical | rules=r2 | len=medium
3069,1305_LibroNEFE_Sincopyright.pdf,"incluso si hiciste el trabajo preliminar para asociar tus diversas cuentas financieras a la aplicación, probablemente tengas que revisar y actualizar constantemente la información para que sea útil.
 La configuración y el mantenimiento requieren esfuerzo:","Aunque asocies tus cuentas financieras a la aplicación, deberás actualizar tu información constantemente. La configuración y el mantenimiento requieren esfuerzo:",Vivian,6.0,15.0,5.0,,,,,,,0,"[6, 15, 5]",3,6.0,Complex Phrases,"['lexical', 'structural', 'reduction']",3,lexical,35,2,0,0,0,r3,long,0,fam=lexical | rules=r3 | len=long | num=0 | lex=0,fam=lexical | rules=r3 | len=long
3072,1312_LibroNEFE_Sincopyright.pdf,La siguiente lista te ayudará a conservar lo importante donde necesitas que esté y a deshacerte de los documentos que puedes tirar.,La siguiente lista te ayudará a guardar los documentos importantes y botar los otros.,Vivian,5.0,1.0,,,,,,,,1,"[5, 1]",2,5.0,Unnecessary Words,"['reduction', 'lexical']",2,reduction,22,1,0,0,0,r2,medium,1,fam=reduction | rules=r2 | len=medium | num=0 | lex=1,fam=reduction | rules=r2 | len=medium
3073,1319_LibroNEFE_Sincopyright.pdf,La planificación financiera te ofrece las herramientas que necesitas para cumplir tus metas y sobreponerte a los desafíos que encontrarás en tu camino.,La planificación financiera te ofrece las herramientas necesarias para cumplir tus metas y vencer los obstáculos.,Vivian,15.0,17.0,4.0,,,,,,,0,"[15, 17, 4]",3,15.0,Sentence Length,"['structural', 'lexical']",2,structural,23,1,0,0,0,r3,medium,0,fam=structural | rules=r3 | len=medium | num=0 | lex=0,fam=structural | rules=r3 | len=medium
3076,1333_LibroNEFE_Sincopyright.pdf,"Si retrocedes y vuelves a caer en los viejos hábitos (por ejemplo, usar excesivamente tu tarjeta de crédito), podrás usar esta publicación para recuperarte y comenzar nuevamente.","Si retrocedes, usa esta publicación para comenzar nuevamente.",Vivian,6.0,5.0,,,,,,,,0,"[6, 5]",2,6.0,Complex Phrases,"['lexical', 'reduction']",2,lexical,27,1,0,0,0,r2,long,0,fam=lexical | rules=r2 | len=long | num=0 | lex=0,fam=lexical | rules=r2 | len=long
3079,837_LibroUide_Sincopyright.pdf,"A través del desarrollo de los once capítulos con los que cuenta este documento, con una combinación de teoría y práctica, el lector podrá comprender la importancia de las finanzas, la relación que tiene con la contabilidad, las formas y aplicación del análisis financiero para la toma de decisiones, las formas de realizar análisis de inversión para aprobación de proyectos, y otros conceptos financieros; para desarrollar las competencias requeridas para la evaluación constante de los negocios y la planificación financiera personal.","En los once capítulos teóricos y prácticos de este documento, el lector entenderá la importancia de las finanzas, su relación con la contabilidad, las formas y aplicación del análisis financiero para decidir. También, cómo realizar un análisis de inversión y otros conceptos financieros. Esto para desarrollar competencias necesarias para la evaluación de los negocios y la planificación financiera personal.",Vivian,21.0,6.0,15.0,1.0,,,,,,1,"[21, 6, 15, 1]",4,21.0,Use of Complex Punctuation Marks,"['structural', 'lexical']",2,structural,81,1,0,0,0,r4plus,long,1,fam=structural | rules=r4plus | len=long | num=0 | lex=1,fam=structural | rules=r4plus | len=long
3081,843_LibroUide_Sincopyright.pdf,"Por su parte, Pombo (2018) señala que es la ciencia que estudia al Patrimonio y las variaciones que en él se producen (pág.2).",Para Pombo (dos mil dieciocho) es la ciencia que estudia al patrimonio y sus variaciones.,Vivian,21.0,17.0,5.0,,,,,,,0,"[21, 17, 5]",3,21.0,Use of Complex Punctuation Marks,"['structural', 'reduction']",2,structural,23,2,1,0,0,r3,medium,0,fam=structural | rules=r3 | len=medium | num=1 | lex=0,fam=structural | rules=r3 | len=medium
3088,861_LibroUide_Sincopyright.pdf,"Estos informes son importantes porque permiten: i) proporcionar información para evaluar la eficiencia del capital de trabajo; ii) analizar el uso eficiente de los recursos y la gestión administrativa; iii) conocer la capacidad de generar utilidades por parte de la organización; y, iv) tomar decisiones sobre inversión, endeudamiento o ventas (Izaguirre, 2018).","Estos informes son importantes porque permiten: Aportar información para evaluar la eficiencia del capital de trabajo. Analizar el uso eficiente de los recursos y la administración. Conocer la capacidad de la empresa para generar ganancias. Y decidir sobre inversión, deudas o ventas.",Vivian,15.0,21.0,5.0,1.0,6.0,,,,,1,"[15, 21, 5, 1, 6]",5,15.0,Sentence Length,"['structural', 'reduction', 'lexical']",3,structural,52,1,1,0,0,r4plus,long,1,fam=structural | rules=r4plus | len=long | num=1 | lex=1,fam=structural | rules=r4plus | len=long
3104,907_LibroUide_Sincopyright.pdf,"Dependiendo del giro del negocio, puede optarse por dividir esta parte acorde a cada línea de facturación.",Esta parte se puede dividir según cada línea de facturación.,Vivian,19.0,1.0,5.0,,,,,,,1,"[19, 1, 5]",3,19.0,Sentence Order,"['structural', 'lexical', 'reduction']",3,structural,17,1,0,0,0,r3,medium,1,fam=structural | rules=r3 | len=medium | num=0 | lex=1,fam=structural | rules=r3 | len=medium
3110,923_LibroUide_Sincopyright.pdf,Participación de trabajadores e IREs la utilidad a disponibilidad de los accionistas para repartirse a través de dividendos o reinvertirse en la operación.,La participación de trabajadores es la ganancia disponible para los accionistas. Se reparte mediante dividendos o se reinvierte en la transacción.,Vivian,5.0,6.0,1.0,,,,,,,1,"[5, 6, 1]",3,5.0,Unnecessary Words,"['reduction', 'lexical']",2,reduction,23,1,0,0,0,r3,medium,1,fam=reduction | rules=r3 | len=medium | num=0 | lex=1,fam=reduction | rules=r3 | len=medium
3113,932_LibroUide_Sincopyright.pdf,"El activo corresponde a la inversión total de la compañía que se financia a través de fuentes externas reflejadas en los pasivos, o internas, reflejadas en el patrimonio.","El activo es la inversión total de la empresa. Se financia mediante fuentes externas reflejadas en los pasivos, o internas reflejadas en el patrimonio.",Vivian,6.0,17.0,1.0,,,,,,,1,"[6, 17, 1]",3,6.0,Complex Phrases,"['lexical', 'structural']",2,lexical,28,1,0,0,0,r3,long,1,fam=lexical | rules=r3 | len=long | num=0 | lex=1,fam=lexical | rules=r3 | len=long
3114,933_LibroUide_Sincopyright.pdf,Esta relación da lugar a lo que se conoce como la ecuación contable:,Esta relación da paso a la ecuación contable:,Vivian,5.0,1.0,,,,,,,,1,"[5, 1]",2,5.0,Unnecessary Words,"['reduction', 'lexical']",2,reduction,13,1,0,0,0,r2,medium,1,fam=reduction | rules=r2 | len=medium | num=0 | lex=1,fam=reduction | rules=r2 | len=medium
3117,952_LibroUide_Sincopyright.pdf,El Estado de Resultados y el Estado de Situación Financiera se encuentran íntimamente vinculados.,El estado de resultados y el estado de situación financiera están muy relacionados.,Vivian,4.0,1.0,6.0,,,,,,,1,"[4, 1, 6]",3,4.0,Ambiguity in Word Meaning,['lexical'],1,lexical,14,1,0,0,0,r3,medium,1,fam=lexical | rules=r3 | len=medium | num=0 | lex=1,fam=lexical | rules=r3 | len=medium
3120,978_LibroUide_Sincopyright.pdf,"Es uno de los puestos claves de la organización, y en muchas ocasiones se lo reconoce como el segundo al mando luego del gerente general; quien lo supervisa, acorde a la estructura jerárquica.",Es un puesto importante de la empresa. Se reconoce como el segundo al mando después del gerente general. Quien lo supervisa según la jerarquía.,Vivian,21.0,6.0,15.0,1.0,,,,,,1,"[21, 6, 15, 1]",4,21.0,Use of Complex Punctuation Marks,"['structural', 'lexical']",2,structural,33,1,0,0,0,r4plus,long,1,fam=structural | rules=r4plus | len=long | num=0 | lex=1,fam=structural | rules=r4plus | len=long
3122,981_LibroUide_Sincopyright.pdf,"Mientras el gerente general se encarga de maximizar el valor de la empresa, el financiero se encarga de maximizar la rentabilidad. ¿Conoce la diferencia?",El gerente general maximiza el valor de la empresa. El gerente financiero maximiza la rentabilidad. ¿Conoce la diferencia?,Vivian,21.0,15.0,5.0,6.0,,,,,,0,"[21, 15, 5, 6]",4,21.0,Use of Complex Punctuation Marks,"['structural', 'reduction', 'lexical']",3,structural,24,2,0,0,0,r4plus,medium,0,fam=structural | rules=r4plus | len=medium | num=0 | lex=0,fam=structural | rules=r4plus | len=medium
3124,984_LibroUide_Sincopyright.pdf,"Entre ellas pueden mencionarse: Análisis financiero; Elaboración de presupuestos; Análisis de rentabilidad; Aprobación de pagos; Relaciones bancarias; Políticas de créditos; Control de cajas chicas; Supervisión de los departamentos financieros, contables y crédito; entre otras.","Como: Análisis financiero. Elaboración de presupuestos. Análisis de rentabilidad. Aprobación de pagos. Relaciones bancarias. Políticas de créditos. Control de cajas chicas. Supervisión de los departamentos financieros, contables y crédito.",Vivian,6.0,21.0,5.0,,,,,,,0,"[6, 21, 5]",3,6.0,Complex Phrases,"['lexical', 'structural', 'reduction']",3,lexical,34,1,0,0,0,r3,long,0,fam=lexical | rules=r3 | len=long | num=0 | lex=0,fam=lexical | rules=r3 | len=long
3138,1024_LibroUide_Sincopyright.pdf,"Adicional a los informes que se presentan, el administrador debe realizar el respectivo análisis financiero; el cual sirve para la identificación de problemas u oportunidades de mejora a través de la revisión de los estados financieros.",El administrador debe realizar el respectivo análisis financiero además de los informes presentados. Ese análisis permite identificar problemas o posibilidades de mejora mediante la revisión de los estados financieros.,Vivian,19.0,6.0,21.0,1.0,17.0,9.0,,,,1,"[19, 6, 21, 1, 17, 9]",6,19.0,Sentence Order,"['structural', 'lexical', 'morphosyntactic']",3,structural,36,1,0,0,0,r4plus,long,1,fam=structural | rules=r4plus | len=long | num=0 | lex=1,fam=structural | rules=r4plus | len=long
3141,1035_LibroUide_Sincopyright.pdf,El siguiente ejemplo muestra un estado de resultados para la compañía XYZ CORP.,El siguiente ejemplo muestra un estado de resultados para la empresa XYZ Corporación.,Vivian,13.0,1.0,,,,,,,,1,"[13, 1]",2,13.0,"Abbreviations, Shortenings, Acronyms, and Initialisms",['lexical'],1,lexical,13,1,0,0,0,r2,medium,1,fam=lexical | rules=r2 | len=medium | num=0 | lex=1,fam=lexical | rules=r2 | len=medium
3146,1047_LibroUide_Sincopyright.pdf,"Por cada $100 de ingresos, la empresa gana $3.80 de utilidad neta.",La empresa gana tres dólares con ochenta centavos de ganancia neta por cada cien dólares de ingresos.,Vivian,14.0,19.0,1.0,,,,,,,1,"[14, 19, 1]",3,14.0,Use of Numerical Expressions,"['structural', 'lexical']",2,structural,12,2,1,1,0,r3,short,1,fam=structural | rules=r3 | len=short | num=1 | lex=1,fam=structural | rules=r3 | len=short
3151,1061_LibroUide_Sincopyright.pdf,"El resultado representaría la concentración de los recursos invertidos o la forma en la que fueron financiados, ya sean cuentas de activo o pasivo y patrimonio, respectivamente.",El resultado representaría la concentración de los recursos invertidos o la forma de financiamiento. Sean cuentas de activo o pasivo y patrimonio.,Vivian,15.0,17.0,5.0,,,,,,,0,"[15, 17, 5]",3,15.0,Sentence Length,"['structural', 'reduction']",2,structural,27,1,0,0,0,r3,long,0,fam=structural | rules=r3 | len=long | num=0 | lex=0,fam=structural | rules=r3 | len=long
3154,1075_LibroUide_Sincopyright.pdf,En esta sección se aborda el análisis horizontal realizado en base a los saldos directos de las cuentas.,En esta sección tratamos el análisis horizontal realizado desde los saldos directos de las cuentas.,Vivian,6.0,18.0,1.0,,,,,,,1,"[6, 18, 1]",3,6.0,Complex Phrases,"['lexical', 'reduction']",2,lexical,18,1,0,0,0,r3,medium,1,fam=lexical | rules=r3 | len=medium | num=0 | lex=1,fam=lexical | rules=r3 | len=medium
3156,1080_LibroUide_Sincopyright.pdf,"Por ejemplo, en la tabla anterior se muestra una reducción de los Otros Ingresos, sin embargo no se puede identificar cuál es la razón para dicha reducción.","En la tabla anterior mostramos una reducción de los otros ingresos. Sin embargo, no identificamos el motivo de la reducción.",Vivian,18.0,15.0,5.0,1.0,,,,,,1,"[18, 15, 5, 1]",4,18.0,Sentences of formal and aesthetic use,"['reduction', 'structural', 'lexical']",3,reduction,27,1,0,0,0,r4plus,long,1,fam=reduction | rules=r4plus | len=long | num=0 | lex=1,fam=reduction | rules=r4plus | len=long
3161,1086_LibroUide_Sincopyright.pdf,"Por otro lado se observa una reducción de los otros ingresos en 17%, así como un incremento del 8% en el gasto de intereses.","Por otro lado, vemos una reducción de los otros ingresos en diecisiete por ciento. Y un aumento del ocho por ciento en el gasto de intereses.",Vivian,8.0,14.0,6.0,1.0,,,,,,1,"[8, 14, 6, 1]",4,8.0,Conjunctions,"['morphosyntactic', 'structural', 'lexical']",3,morphosyntactic,24,1,1,0,1,r4plus,medium,1,fam=morphosyntactic | rules=r4plus | len=medium | num=1 | lex=1,fam=morphosyntactic | rules=r4plus | len=medium
3167,1102_LibroUide_Sincopyright.pdf,La compañía muestra una buena evolución de sus cuentas tanto en estado de resultados como en estado de situación financiera.,La empresa evidencia un buen avance de sus cuentas en estado de resultados y en estado de situación financiera.,Vivian,8.0,1.0,,,,,,,,1,"[8, 1]",2,8.0,Conjunctions,"['morphosyntactic', 'lexical']",2,morphosyntactic,20,1,0,0,0,r2,medium,1,fam=morphosyntactic | rules=r2 | len=medium | num=0 | lex=1,fam=morphosyntactic | rules=r2 | len=medium
3170,1106_LibroUide_Sincopyright.pdf,"Como se mencionó inicialmente, cualquier tipo de análisis financiero que se realice muestra una parte del problema; un punto de vista.","Como mencionamos, cualquier tipo de análisis financiero realizado muestra una parte del problema. Una perspectiva.",Vivian,21.0,5.0,18.0,17.0,,,,,,0,"[21, 5, 18, 17]",4,21.0,Use of Complex Punctuation Marks,"['structural', 'reduction']",2,structural,21,1,0,0,0,r4plus,medium,0,fam=structural | rules=r4plus | len=medium | num=0 | lex=0,fam=structural | rules=r4plus | len=medium
3172,1110_LibroUide_Sincopyright.pdf,"Su construcción no difiere del cálculo previamente presentado para el análisis horizontal, la diferencia es que en este caso se utilizan los porcentajes del análisis vertical de cada año que se debe obtener previamente.",Su construcción no difiere del cálculo presentado para el análisis horizontal. La diferencia es que se utilizan los porcentajes del análisis vertical de cada año obtenido previamente.,Vivian,5.0,15.0,6.0,,,,,,,0,"[5, 15, 6]",3,5.0,Unnecessary Words,"['reduction', 'structural', 'lexical']",3,reduction,34,1,0,0,0,r3,long,0,fam=reduction | rules=r3 | len=long | num=0 | lex=0,fam=reduction | rules=r3 | len=long
3176,1129_LibroUide_Sincopyright.pdf,"Los otros ingresos han caído en un 17%, no obstante, al compararse con el nivel de ingresos; su representación ha disminuido en 26%.","Los otros ingresos cayeron un diecisiete por ciento. Pero comparados con el nivel de ingresos, su representación bajó en veintiséis por ciento.",Vivian,14.0,10.0,21.0,15.0,,,,,,0,"[14, 10, 21, 15]",4,14.0,Use of Numerical Expressions,"['structural', 'morphosyntactic']",2,structural,23,1,1,0,1,r4plus,medium,0,fam=structural | rules=r4plus | len=medium | num=1 | lex=0,fam=structural | rules=r4plus | len=medium
3177,1130_LibroUide_Sincopyright.pdf,"El gasto de intereses ha crecido del 2016 al 2017, sin embargo, su porcentaje con respecto a los ingresos ha disminuido en un 3%.","El gasto de intereses creció del dos mil dieciséis al dos mil diecisiete. Sin embargo, su porcentaje sobre los ingresos bajó en un tres por ciento.",Vivian,10.0,14.0,15.0,6.0,,,,,,0,"[10, 14, 15, 6]",4,10.0,Past anterior and future perfect tense,"['morphosyntactic', 'structural', 'lexical']",3,morphosyntactic,24,1,1,0,1,r4plus,medium,0,fam=morphosyntactic | rules=r4plus | len=medium | num=1 | lex=0,fam=morphosyntactic | rules=r4plus | len=medium
3180,1133_LibroUide_Sincopyright.pdf,A continuación se presenta un ejemplo del mismo.,"A continuación, presentamos un ejemplo.",Vivian,18.0,5.0,,,,,,,,0,"[18, 5]",2,18.0,Sentences of formal and aesthetic use,['reduction'],1,reduction,8,1,0,0,0,r2,short,0,fam=reduction | rules=r2 | len=short | num=0 | lex=0,fam=reduction | rules=r2 | len=short
3181,1147_LibroUide_Sincopyright.pdf,Acorde a los datos presentados se puede observar que a pesar de observarse un crecimiento del 0.7% en el total de activos circulantes; esta cuenta está utilizando un menor porcentaje de los recursos totales invertidos entre el 2016 y el 2017.,"Según los datos presentados hubo un crecimiento del cero punto siete por ciento en el flujo de activos. Sin embargo, esta cuenta utiliza un menor porcentaje de los recursos invertidos entre el dos mil dieciséis y el dos mil diecisiete.",Vivian,6.0,21.0,14.0,12.0,5.0,1.0,,,,1,"[6, 21, 14, 12, 5, 1]",6,6.0,Complex Phrases,"['lexical', 'structural', 'morphosyntactic', 'reduction']",4,lexical,41,2,1,0,1,r4plus,long,1,fam=lexical | rules=r4plus | len=long | num=1 | lex=1,fam=lexical | rules=r4plus | len=long
3183,1152_LibroUide_Sincopyright.pdf,"Con respecto a los pasivos circulantes se observa un crecimiento cercano al 4%, lo que implica un financiamiento en base a proveedores; sin embargo, en términos porcentuales esa variación es negativa, lo que señala una menor dependencia de dicho rubro para financiarse.",En los pasivos circulantes hay un crecimiento cercano al cuatro por ciento. Esto implica un financiamiento según proveedores. Pero en porcentaje esa variación es negativa. Esto evidencia menor dependencia de ese rubro para financiarse.,Vivian,9.0,21.0,14.0,15.0,6.0,4.0,,,,0,"[9, 21, 14, 15, 6, 4]",6,9.0,Subordinating Conjunctions,"['morphosyntactic', 'structural', 'lexical']",3,morphosyntactic,42,1,1,0,1,r4plus,long,0,fam=morphosyntactic | rules=r4plus | len=long | num=1 | lex=0,fam=morphosyntactic | rules=r4plus | len=long
3187,1189b_LibroUide_Sincopyright.pdf,"UO: Utilidad Operacional (Ingresos operacionales - costo de ventas - gastos de administración y ventas) Fuente: Superintendencia de Compañías, Valores y Seguros (2020).",UO significa Utilidad operacional.,Vivian,5.0,16.0,,,,,,,,0,"[5, 16]",2,5.0,Unnecessary Words,['reduction'],1,reduction,23,1,1,0,0,r2,medium,0,fam=reduction | rules=r2 | len=medium | num=1 | lex=0,fam=reduction | rules=r2 | len=medium
3189,1193_LibroUide_Sincopyright.pdf,"La interpretación de dichos índices puede variar, no obstante, en su mayoría se lo realiza de abajo hacia arriba: tomando como unidad al denominador y asignando el resultado del índice al numerador.","La interpretación de los índices puede varias. Sin embargo, generalmente se realiza de abajo hacia arriba. Tomamos como unidad al denominador y damos el resultado del índice al numerador.",Vivian,15.0,6.0,12.0,5.0,20.0,,,,,0,"[15, 6, 12, 5, 20]",5,15.0,Sentence Length,"['structural', 'lexical', 'morphosyntactic', 'reduction']",4,structural,32,1,0,0,0,r4plus,long,0,fam=structural | rules=r4plus | len=long | num=0 | lex=0,fam=structural | rules=r4plus | len=long
3199,1223_LibroUide_Sincopyright.pdf,Lo que se espera es que este indicador disminuya paulatinamente para no complicar la liquidez de la empresa.,Se espera que este indicador disminuya para no complicar la liquidez de la empresa.,Vivian,6.0,5.0,,,,,,,,0,"[6, 5]",2,6.0,Complex Phrases,"['lexical', 'reduction']",2,lexical,18,1,0,0,0,r2,medium,0,fam=lexical | rules=r2 | len=medium | num=0 | lex=0,fam=lexical | rules=r2 | len=medium
3200,1223b_LibroUide_Sincopyright.pdf,El margen operacional representa la capacidad de generación de utilidad operativa que tiene la empresa a través de la facturación.,El margen operacional representa la capacidad de generación de utilidad operacional de la empresa mediante la facturación.,Vivian,6.0,17.0,,,,,,,,0,"[6, 17]",2,6.0,Complex Phrases,"['lexical', 'structural']",2,lexical,20,1,0,0,0,r2,medium,0,fam=lexical | rules=r2 | len=medium | num=0 | lex=0,fam=lexical | rules=r2 | len=medium
3204,1230_LibroUide_Sincopyright.pdf,"Como se pudo observar, la información proporcionada por los índices y razones financieras es muy importante y, junto con el análisis horizontal y vertical, pueden proporcionar datos para tomar decisiones acertadas en pro de la rentabilidad y liquidez de la compañía.",La información proporcionada por los índices y razones financieras es muy importante. Con el análisis horizontal y vertical proporcionan datos para decisiones acertadas en beneficio de la rentabilidad y liquidez de la empresa.,Vivian,5.0,15.0,6.0,1.0,,,,,,1,"[5, 15, 6, 1]",4,5.0,Unnecessary Words,"['reduction', 'structural', 'lexical']",3,reduction,41,1,0,0,0,r4plus,long,1,fam=reduction | rules=r4plus | len=long | num=0 | lex=1,fam=reduction | rules=r4plus | len=long
3215,1277_LibroUide_Sincopyright.pdf,Las actividades de inversión  AI se refieren a adquisición o venta de activos fijos o inversiones no recogidas en las actividades de operación.,Las actividades de inversión son la adquisición o venta de activos fijos o inversiones no recogidas en las actividades de operación.,Vivian,6.0,13.0,,,,,,,,0,"[6, 13]",2,6.0,Complex Phrases,['lexical'],1,lexical,24,1,0,0,0,r2,medium,0,fam=lexical | rules=r2 | len=medium | num=0 | lex=0,fam=lexical | rules=r2 | len=medium
3217,1280_LibroUide_Sincopyright.pdf,"Cobros por ventas de propiedades, planta y equipo, activos intangibles y otros activos a largo plazo.","Cobros por ventas de propiedades, planta, equipo, activos inmateriales y otros activos a largo plazo.",Vivian,5.0,1.0,,,,,,,,1,"[5, 1]",2,5.0,Unnecessary Words,"['reduction', 'lexical']",2,reduction,16,1,0,0,0,r2,medium,1,fam=reduction | rules=r2 | len=medium | num=0 | lex=1,fam=reduction | rules=r2 | len=medium
3227,1298_LibroUide_Sincopyright.pdf,"Para la elaboración del estado financiero a través de este método se requiere información de la contabilidad correspondiente a los movimientos en efectivo que se hayan generado en el período, así como las notas financieras que acompañan a los estados financieros que servirán para elaborar la parte de actividades de inversión y financiamiento.","Para hacer el estado financiero mediante este método necesitamos información de la contabilidad de los movimientos en efectivos generados en el período. También, las notas de los estados financieros para elaborar la parte de actividades de inversión y financiamiento.",Vivian,8.0,17.0,15.0,6.0,1.0,,,,,1,"[8, 17, 15, 6, 1]",5,8.0,Conjunctions,"['morphosyntactic', 'structural', 'lexical']",3,morphosyntactic,53,1,0,0,0,r4plus,long,1,fam=morphosyntactic | rules=r4plus | len=long | num=0 | lex=1,fam=morphosyntactic | rules=r4plus | len=long
3230,1309_LibroUide_Sincopyright.pdf,"Si alguno de los rubros mencionados en estas tablas no involucra efectivo, entonces no debe considerarse para la elaboración del estado financiero.","Si un rubro de las tablas no incluye efectivo, entonces no se considera para elaborar el estado financiero.",Vivian,6.0,1.0,,,,,,,,1,"[6, 1]",2,6.0,Complex Phrases,['lexical'],1,lexical,22,1,0,0,0,r2,medium,1,fam=lexical | rules=r2 | len=medium | num=0 | lex=1,fam=lexical | rules=r2 | len=medium
3233,1328_LibroUide_Sincopyright.pdf,"El segundo método para elaborar el EFE es el método indirecto, el cual inicia presentando la ganancia o pérdida en términos netos, cifra que se corrige luego por los efectos de las transacciones no monetarias, y se agregan las variaciones de activos y pasivos corrientes.",El segundo método para elaborar el estado de flujo de efectivo es el método indirecto.,Vivian,13.0,15.0,9.0,12.0,17.0,,,,,0,"[13, 15, 9, 12, 17]",5,13.0,"Abbreviations, Shortenings, Acronyms, and Initialisms","['lexical', 'structural', 'morphosyntactic']",3,lexical,45,1,0,0,0,r4plus,long,0,fam=lexical | rules=r4plus | len=long | num=0 | lex=0,fam=lexical | rules=r4plus | len=long
3238,1354_LibroUide_Sincopyright.pdf,"Por ejemplo, si las cuentas por cobrar se reducen de un año a otro significaría que se han cobrado, por ende, aunque la variación sea negativa, ésta constituye una fuente de fondos.","Por ejemplo, si las cuentas por cobrar disminuyen de un año a otro significaría que se cobraron. Por eso, aunque la variación sea negativa es una fuente de fondos.",Vivian,10.0,15.0,6.0,,,,,,,0,"[10, 15, 6]",3,10.0,Past anterior and future perfect tense,"['morphosyntactic', 'structural', 'lexical']",3,morphosyntactic,32,1,0,0,0,r3,long,0,fam=morphosyntactic | rules=r3 | len=long | num=0 | lex=0,fam=morphosyntactic | rules=r3 | len=long
3242,1393_LibroUide_Sincopyright.pdf,"Dados los siguientes datos, obtenga el estado de flujo de efectivo para el año 2016 y 2017: En este capítulo se estudia el concepto del interés como el precio del dinero en el tiempo (Céspedes, 2017).","Según los datos, haga el estado de flujo de efectivos para el dos mil dieciséis y dos mil diecisiete. En este capítulo estudiamos el concepto del interés como el precio del dinero en el tiempo.",Vivian,5.0,14.0,1.0,18.0,,,,,,1,"[5, 14, 1, 18]",4,5.0,Unnecessary Words,"['reduction', 'structural', 'lexical']",3,reduction,36,1,1,0,0,r4plus,long,1,fam=reduction | rules=r4plus | len=long | num=1 | lex=1,fam=reduction | rules=r4plus | len=long
3243,1480_LibroUide_Sincopyright.pdf,El estudio del interés tiene particular importancia para las finanzas en el ámbito de la toma de decisiones a mediano y largo plazo.,El estudio del interés es importante para tomar decisiones a mediano y largo plazo en las finanzas.,Vivian,6.0,5.0,,,,,,,,0,"[6, 5]",2,6.0,Complex Phrases,"['lexical', 'reduction']",2,lexical,23,1,0,0,0,r2,medium,0,fam=lexical | rules=r2 | len=medium | num=0 | lex=0,fam=lexical | rules=r2 | len=medium
3244,1483_LibroUide_Sincopyright.pdf,El objetivo del capítulo es brindar conceptos básicos que permitan realizar análisis de finanzas a largo plazo y evaluación de rentabilidad.,El objetivo del capítulo es dar conceptos básicos para analizar las finanzas a largo plazo y evaluar la rentabilidad.,Vivian,6.0,4.0,,,,,,,,0,"[6, 4]",2,6.0,Complex Phrases,['lexical'],1,lexical,21,1,0,0,0,r2,medium,0,fam=lexical | rules=r2 | len=medium | num=0 | lex=0,fam=lexical | rules=r2 | len=medium
3250,1493_LibroUide_Sincopyright.pdf,Como principio fundamental de las operaciones financieras se debe recordar que la tasa de interés y el período deben estar en la misma dimensión.,Un principio fundamental de las operaciones financieras es que la tasa de interés y el período deben tener la misma medida.,Vivian,6.0,1.0,,,,,,,,1,"[6, 1]",2,6.0,Complex Phrases,['lexical'],1,lexical,24,1,0,0,0,r2,medium,1,fam=lexical | rules=r2 | len=medium | num=0 | lex=1,fam=lexical | rules=r2 | len=medium
3253,1497_LibroUide_Sincopyright.pdf,"Por tanto, cuando no se especifica el período de una tasa de interés, se debe asumir anual.","Por eso, asumimos que la tasa de interés es anual cuando no se especifica el período.",Vivian,20.0,6.0,19.0,,,,,,,0,"[20, 6, 19]",3,20.0,Common Discourse Markers,"['lexical', 'structural']",2,lexical,17,1,0,0,0,r3,medium,0,fam=lexical | rules=r3 | len=medium | num=0 | lex=0,fam=lexical | rules=r3 | len=medium
3258,1505_LibroUide_Sincopyright.pdf,¿Cuánto sería el monto final a cancelar?,¿Cuánto sería el monto final a pagar?,Vivian,1.0,21.0,,,,,,,,1,"[1, 21]",2,1.0,Word Frequency,"['lexical', 'structural']",2,lexical,7,1,0,0,0,r2,short,1,fam=lexical | rules=r2 | len=short | num=0 | lex=1,fam=lexical | rules=r2 | len=short
3268,1543_LibroUide_Sincopyright.pdf,"Se solicitó un préstamo por $3,000 a tres años.",Pedimos un préstamo de tres mil dólares a tres años.,Vivian,18.0,14.0,1.0,,,,,,,1,"[18, 14, 1]",3,18.0,Sentences of formal and aesthetic use,"['reduction', 'structural', 'lexical']",3,reduction,9,1,1,1,0,r3,short,1,fam=reduction | rules=r3 | len=short | num=1 | lex=1,fam=reduction | rules=r3 | len=short
3271,1552_LibroUide_Sincopyright.pdf,"El total de la deuda asciende a $4,440.",La deuda aumenta a cuatro mil cuatrocientos cuarenta dólares.,Vivian,1.0,14.0,99.0,,,,,,,1,"[1, 14, 99]",3,1.0,Word Frequency,"['lexical', 'structural', 'unknown']",3,lexical,8,1,1,1,0,r3,short,1,fam=lexical | rules=r3 | len=short | num=1 | lex=1,fam=lexical | rules=r3 | len=short
3273,1557_LibroUide_Sincopyright.pdf,Se lleva el capital a cada período del abono y se le resta el mencionado valor para obtener el saldo insoluto.,Llevamos el capital a cada período abonado y le restamos el valor mencionado para sacar el saldo pendiente.,Vivian,6.0,18.0,1.0,,,,,,,1,"[6, 18, 1]",3,6.0,Complex Phrases,"['lexical', 'reduction']",2,lexical,21,1,0,0,0,r3,medium,1,fam=lexical | rules=r3 | len=medium | num=0 | lex=1,fam=lexical | rules=r3 | len=medium
3276,1571_LibroUide_Sincopyright.pdf,Para el interés compuesto existen tasas nominales y efectivas.,El interés compuesto tiene tasas nominales y efectivas.,Vivian,1.0,6.0,,,,,,,,1,"[1, 6]",2,1.0,Word Frequency,['lexical'],1,lexical,9,1,0,0,0,r2,short,1,fam=lexical | rules=r2 | len=short | num=0 | lex=1,fam=lexical | rules=r2 | len=short
3278,1573_LibroUide_Sincopyright.pdf,"Al momento de operar cálculos de interés compuesto, es preciso contar con tasas efectivas.",Cuando calculamos el interés compuesto debemos considerar las tasas efectivas.,Vivian,6.0,1.0,,,,,,,,1,"[6, 1]",2,6.0,Complex Phrases,['lexical'],1,lexical,14,1,0,0,0,r2,medium,1,fam=lexical | rules=r2 | len=medium | num=0 | lex=1,fam=lexical | rules=r2 | len=medium
3285,1584_LibroUide_Sincopyright.pdf,"Por ejemplo, un crédito a pagar en cuotas mensuales con tasa del 17% nominal.","Por ejemplo, un crédito a cuotas mensuales con tasa del diecisiete por ciento nominal.",Vivian,14.0,5.0,,,,,,,,0,"[14, 5]",2,14.0,Use of Numerical Expressions,"['structural', 'reduction']",2,structural,14,1,1,0,1,r2,medium,0,fam=structural | rules=r2 | len=medium | num=1 | lex=0,fam=structural | rules=r2 | len=medium
3287,1586_LibroUide_Sincopyright.pdf,"Una vez que se cuenta con tasa efectiva, se pueden realizar cálculos de interés compuesto.",Cuando tenemos la tasa efectiva podemos calcular el interés compuesto.,Vivian,6.0,18.0,,,,,,,,0,"[6, 18]",2,6.0,Complex Phrases,"['lexical', 'reduction']",2,lexical,15,1,0,0,0,r2,medium,0,fam=lexical | rules=r2 | len=medium | num=0 | lex=0,fam=lexical | rules=r2 | len=medium
3288,1587_LibroUide_Sincopyright.pdf,"Para hallar el valor futuro, se aplica la siguiente ecuación (Céspedes, 2017): Donde, VF corresponde al valor futuro del dinero incluyendo capital e intereses, VP corresponde al principal o valor presente, i corresponde a la tasa de interés y n representa el número de períodos de la operación.",Para encontrar el valor futuro aplicamos una fórmula. Donde VF es el valor futuro del dinero con el capital y los intereses. VP es el principal. i es la tasa de interés. n es el número de períodos de la operación.,Vivian,12.0,15.0,6.0,1.0,5.0,,,,,1,"[12, 15, 6, 1, 5]",5,12.0,Use of Gerund,"['morphosyntactic', 'structural', 'lexical', 'reduction']",4,morphosyntactic,48,1,1,0,0,r4plus,long,1,fam=morphosyntactic | rules=r4plus | len=long | num=1 | lex=1,fam=morphosyntactic | rules=r4plus | len=long
3290,1590_LibroUide_Sincopyright.pdf,"No obstante, existen ocasiones en las que se debe aplicar un cambio de tasa para operaciones específicas.","Sin embargo, hay momentos donde debemos aplicar un cambio de tasa para operaciones específicas.",Vivian,9.0,20.0,1.0,,,,,,,1,"[9, 20, 1]",3,9.0,Subordinating Conjunctions,"['morphosyntactic', 'lexical']",2,morphosyntactic,17,1,0,0,0,r3,medium,1,fam=morphosyntactic | rules=r3 | len=medium | num=0 | lex=1,fam=morphosyntactic | rules=r3 | len=medium
3301,1613_LibroUide_Sincopyright.pdf,"Por tanto, para que el resultado aparezca en términos positivos, se ingresa el campo con negativo.","Por eso, para un resultado positivo ingresamos el campo con negativo.",Vivian,20.0,6.0,15.0,,,,,,,0,"[20, 6, 15]",3,20.0,Common Discourse Markers,"['lexical', 'structural']",2,lexical,16,1,0,0,0,r3,medium,0,fam=lexical | rules=r3 | len=medium | num=0 | lex=0,fam=lexical | rules=r3 | len=medium
3302,1614_LibroUide_Sincopyright.pdf,"Para el cálculo de valor presente, tasa y número de períodos, los despejes se presentan en el apéndice A del texto.","Los despejes para calcular el valor presente, tasa y número de períodos están en el apéndice A.",Vivian,19.0,5.0,6.0,,,,,,,0,"[19, 5, 6]",3,19.0,Sentence Order,"['structural', 'reduction', 'lexical']",3,structural,21,1,0,0,0,r3,medium,0,fam=structural | rules=r3 | len=medium | num=0 | lex=0,fam=structural | rules=r3 | len=medium
3315,2150_LibroUide_Sincopyright.pdf,El valor actual neto  VAN es uno de los indicadores de rentabilidad más utilizados.,El valor actual neto es un indicador de rentabilidad muy utilizado.,Vivian,6.0,5.0,,,,,,,,0,"[6, 5]",2,6.0,Complex Phrases,"['lexical', 'reduction']",2,lexical,15,1,0,0,0,r2,medium,0,fam=lexical | rules=r2 | len=medium | num=0 | lex=0,fam=lexical | rules=r2 | len=medium
3319,2155_LibroUide_Sincopyright.pdf,Esta tasa de descuento también se le suele llamar tasa mínima atractiva de retorno  TMAR y constituye aquella tasa mínima de rentabilidad que los accionistas desean obtener para ejecutar el proyecto.,Esta tasa de descuento también se llama tasa mínima atractiva de retorno. Es la tasa mínima de rentabilidad deseada por los accionistas para realizar el proyecto.,Vivian,15.0,6.0,17.0,1.0,,,,,,1,"[15, 6, 17, 1]",4,15.0,Sentence Length,"['structural', 'lexical']",2,structural,32,1,0,0,0,r4plus,long,1,fam=structural | rules=r4plus | len=long | num=0 | lex=1,fam=structural | rules=r4plus | len=long
3320,2156_LibroUide_Sincopyright.pdf,"Existen modelos cuantitativos que permiten determinar de manera técnica el valor de la tasa de descuento como el CAPM1 y el WACC2 (Bell, 2016), los cuales no se incluyen en el presente documento; no obstante, la determinación subjetiva de la tasa de descuento exigida por el accionista puede utilizarse ante la falta de información de los mencionados modelos.","Hay modelos cuantitativos para determinar técnicamente el valor de la tasa de descuento, pero no se incluyen en este documento. Sin embargo, la determinación subjetiva de la tasa de descuento exigida por el accionista se puede utilizar ante la falta de información de esos modelos.",Vivian,9.0,21.0,20.0,6.0,1.0,,,,,1,"[9, 21, 20, 6, 1]",5,9.0,Subordinating Conjunctions,"['morphosyntactic', 'structural', 'lexical']",3,morphosyntactic,58,1,1,0,0,r4plus,long,1,fam=morphosyntactic | rules=r4plus | len=long | num=1 | lex=1,fam=morphosyntactic | rules=r4plus | len=long
3324,2165_LibroUide_Sincopyright.pdf,"Posteriormente se suma el flujo del año 0 para obtener el resultado final, tal como se muestra en las figuras 16 y 17.",Después sumamos el flujo del año cero para obtener el resultado final. Como se evidencia en las figuras dieciséis y diecisiete.,Vivian,20.0,14.0,9.0,6.0,,,,,,0,"[20, 14, 9, 6]",4,20.0,Common Discourse Markers,"['lexical', 'structural', 'morphosyntactic']",3,lexical,23,1,1,0,0,r4plus,medium,0,fam=lexical | rules=r4plus | len=medium | num=1 | lex=0,fam=lexical | rules=r4plus | len=medium
3327,2170_LibroUide_Sincopyright.pdf,"A diferencia del VAN, la TIR no tiene una fórmula específica, sino que implica el proceso de encontrar una tasa que iguale el VAN a 0 (Lira, 2017).","A diferencia del valor actual neto, la tasa interna de retorno no tiene una fórmula específica. Implica encontrar una tasa que iguale el valor actual neto a cero.",Vivian,13.0,15.0,5.0,6.0,14.0,,,,,0,"[13, 15, 5, 6, 14]",5,13.0,"Abbreviations, Shortenings, Acronyms, and Initialisms","['lexical', 'structural', 'reduction']",3,lexical,28,1,1,0,0,r4plus,long,0,fam=lexical | rules=r4plus | len=long | num=1 | lex=0,fam=lexical | rules=r4plus | len=long
3328,2171_LibroUide_Sincopyright.pdf,"Este proceso, manualmente, se lo conoce como aproximación lineal (Serrano, 2018).",Este proceso se llama aproximación lineal.,Vivian,16.0,6.0,,,,,,,,0,"[16, 6]",2,16.0,Parenthetical Phrases,"['reduction', 'lexical']",2,reduction,11,1,1,0,0,r2,short,0,fam=reduction | rules=r2 | len=short | num=1 | lex=0,fam=reduction | rules=r2 | len=short
3329,2172_LibroUide_Sincopyright.pdf,"La función en Excel es TIR y, a diferencia de VNA, si toma todos los valores del flujo de caja.",La función en Excel es TIR. Sí toma todos los valores del flujo de caja.,Vivian,21.0,5.0,,,,,,,,0,"[21, 5]",2,21.0,Use of Complex Punctuation Marks,"['structural', 'reduction']",2,structural,20,1,0,0,0,r2,medium,0,fam=structural | rules=r2 | len=medium | num=0 | lex=0,fam=structural | rules=r2 | len=medium
3333,2186_LibroUide_Sincopyright.pdf,"Para el caso que se analiza en este documento, el flujo no es constante, por tanto se precisa la obtención del flujo acumulado; el cual consiste en la suma de los flujos año a año.","El flujo del ejemplo analizado no es constante. Por eso, necesitamos sacar el flujo acumulado. Este es la suma de flujos anual.",Vivian,15.0,21.0,9.0,6.0,,,,,,0,"[15, 21, 9, 6]",4,15.0,Sentence Length,"['structural', 'morphosyntactic', 'lexical']",3,structural,35,1,0,0,0,r4plus,long,0,fam=structural | rules=r4plus | len=long | num=0 | lex=0,fam=structural | rules=r4plus | len=long
3336,2190_LibroUide_Sincopyright.pdf,"Si se desea un dato más cercano, se puede tomar el flujo acumulado anterior al positivo y dividir lo que falte recuperar por el valor mensualizado del flujo del siguiente año.",Si queremos un dato más cercano podemos tomar el flujo acumulado anterior al positivo. Y dividir el faltante por el valor mensual del flujo del siguiente año.,Vivian,6.0,15.0,1.0,18.0,17.0,,,,,1,"[6, 15, 1, 18, 17]",5,6.0,Complex Phrases,"['lexical', 'structural', 'reduction']",3,lexical,31,1,0,0,0,r4plus,long,1,fam=lexical | rules=r4plus | len=long | num=0 | lex=1,fam=lexical | rules=r4plus | len=long
3341,2202_LibroUide_Sincopyright.pdf,"Estima alcanzar una facturación mensual de $5,000 el primer año y crecer a razón del 10% anual.",Espera alcanzar una facturación mensual de cinco mil dólares el primer año. Crecer al diez por ciento anual.,Vivian,1.0,14.0,,,,,,,,1,"[1, 14]",2,1.0,Word Frequency,"['lexical', 'structural']",2,lexical,17,1,1,1,1,r2,medium,1,fam=lexical | rules=r2 | len=medium | num=1 | lex=1,fam=lexical | rules=r2 | len=medium
3342,2203_LibroUide_Sincopyright.pdf,Sus costos directos corresponden al 35% de la facturación.,Sus costos directos son el treinta y cinco por ciento de la facturación.,Vivian,6.0,14.0,,,,,,,,0,"[6, 14]",2,6.0,Complex Phrases,"['lexical', 'structural']",2,lexical,9,1,1,0,1,r2,short,0,fam=lexical | rules=r2 | len=short | num=1 | lex=0,fam=lexical | rules=r2 | len=short
3358,2231_LibroUide_Sincopyright.pdf,"Como se puede observar, el caso presenta un resultado favorable que concluye que la inversión es rentable.",El caso presenta un resultado favorable. Concluye que la inversión es rentable.,Vivian,5.0,17.0,,,,,,,,0,"[5, 17]",2,5.0,Unnecessary Words,"['reduction', 'structural']",2,reduction,17,1,0,0,0,r2,medium,0,fam=reduction | rules=r2 | len=medium | num=0 | lex=0,fam=reduction | rules=r2 | len=medium
3364,2240_LibroUide_Sincopyright.pdf,"Se ha definido evaluar niveles de ingreso desde $1,600,000 hasta $1,000,000.",Definimos evaluar niveles de ingreso desde millón seiscientos dólares hasta un millón de dólares.,Vivian,10.0,14.0,,,,,,,,0,"[10, 14]",2,10.0,Past anterior and future perfect tense,"['morphosyntactic', 'structural']",2,morphosyntactic,11,1,1,1,0,r2,short,0,fam=morphosyntactic | rules=r2 | len=short | num=1 | lex=0,fam=morphosyntactic | rules=r2 | len=short
3367,2246_LibroUide_Sincopyright.pdf,"Posteriormente se sombrea la tabla y se ingresa a la herramienta a través de la ruta Datos, Análisis y si, Tabla de datos.","Después sombreamos la tabla e ingresamos a la herramienta mediante la ruta Datos, Análisis y Tabla de datos.",Vivian,5.0,20.0,18.0,6.0,,,,,,0,"[5, 20, 18, 6]",4,5.0,Unnecessary Words,"['reduction', 'lexical']",2,reduction,23,1,0,0,0,r4plus,medium,0,fam=reduction | rules=r4plus | len=medium | num=0 | lex=0,fam=reduction | rules=r4plus | len=medium
3368,2250_LibroUide_Sincopyright.pdf,Excel mostrará un cuadro de diálogo preguntando si la celda de entrada está en filas o en columnas.,Excel preguntará en un cuadro de diálogo si la celda de entrada está en filas o en columnas.,Vivian,6.0,12.0,,,,,,,,0,"[6, 12]",2,6.0,Complex Phrases,"['lexical', 'morphosyntactic']",2,lexical,18,1,0,0,0,r2,medium,0,fam=lexical | rules=r2 | len=medium | num=0 | lex=0,fam=lexical | rules=r2 | len=medium
3370,2279_LibroUide_Sincopyright.pdf,"No obstante, esta cantidad corresponde a una disminución cercana al 40% con respecto a la estimación inicial de los ingresos.","Sin embargo, esta cantidad es una disminución de casi cuarenta por ciento según la estimación inicial de los ingresos.",Vivian,6.0,14.0,20.0,,,,,,,0,"[6, 14, 20]",3,6.0,Complex Phrases,"['lexical', 'structural']",2,lexical,20,1,1,0,1,r3,medium,0,fam=lexical | rules=r3 | len=medium | num=1 | lex=0,fam=lexical | rules=r3 | len=medium
3373,2283_LibroUide_Sincopyright.pdf,La siguiente figura presenta el planteamiento de una tabla que considere variaciones en ingresos y costos de producción que estaban al 50%.,La siguiente figura presenta una tabla con variaciones en ingresos y costos de producción al cincuenta por ciento.,Vivian,17.0,5.0,14.0,,,,,,,0,"[17, 5, 14]",3,17.0,Relative Clauses,"['structural', 'reduction']",2,structural,22,1,1,0,1,r3,medium,0,fam=structural | rules=r3 | len=medium | num=1 | lex=0,fam=structural | rules=r3 | len=medium
3377,2289_LibroUide_Sincopyright.pdf,"Posteriormente, en la columna se ponen los valores a reemplazar en una de las variables; mientras que en las filas se colocan los valores con los que se reemplazará la segunda variable.","Después, en la columna ponemos los valores a reemplazar en una variable. En las filas ponemos los valores para reemplazar la segunda variable.",Vivian,18.0,6.0,21.0,9.0,20.0,,,,,0,"[18, 6, 21, 9, 20]",5,18.0,Sentences of formal and aesthetic use,"['reduction', 'lexical', 'structural', 'morphosyntactic']",4,reduction,32,1,0,0,0,r4plus,long,0,fam=reduction | rules=r4plus | len=long | num=0 | lex=0,fam=reduction | rules=r4plus | len=long
3378,2293_LibroUide_Sincopyright.pdf,La tabla resultante muestra la combinación de las dos variables que llevarían al proyecto a ser no rentable.,La tabla resultante evidencia la combinación de las dos variables. Estas hacen el proyecto no rentable.,Vivian,17.0,1.0,6.0,,,,,,,1,"[17, 1, 6]",3,17.0,Relative Clauses,"['structural', 'lexical']",2,structural,18,1,0,0,0,r3,medium,1,fam=structural | rules=r3 | len=medium | num=0 | lex=1,fam=structural | rules=r3 | len=medium
3381,2312_LibroUide_Sincopyright.pdf,"Así mismo, se observa que ninguna facturación por debajo de 1.7 millones arrojaría un resultado favorable si el costo alcanza el 70% de los ingresos.","Además, ninguna facturación menor de millón setecientos resultaría favorable si el costo alcanza el setenta por ciento de los ingresos.",Vivian,5.0,20.0,14.0,6.0,,,,,,0,"[5, 20, 14, 6]",4,5.0,Unnecessary Words,"['reduction', 'lexical', 'structural']",3,reduction,25,2,1,0,1,r4plus,long,0,fam=reduction | rules=r4plus | len=long | num=1 | lex=0,fam=reduction | rules=r4plus | len=long
3382,2314_LibroUide_Sincopyright.pdf,"Como puede observarse, la tabla de datos, tanto de una como de dos variables, brinda mucha información importante para tomar una decisión sobre las inversiones o proyectos que se estén analizando.",Según las tablas de datos de una y dos variables aportan información importante para decidir sobre las inversiones o proyectos analizados.,Vivian,1.0,6.0,8.0,17.0,,,,,,1,"[1, 6, 8, 17]",4,1.0,Word Frequency,"['lexical', 'morphosyntactic', 'structural']",3,lexical,31,1,0,0,0,r4plus,long,1,fam=lexical | rules=r4plus | len=long | num=0 | lex=1,fam=lexical | rules=r4plus | len=long
3384,2317_LibroUide_Sincopyright.pdf,"Este análisis sería imposible desarrollarlo con una tabla de datos, por lo que se haría necesario el análisis de escenarios.",Este análisis sería imposible con una tabla de datos. Por eso necesitaríamos el análisis de escenarios.,Vivian,5.0,15.0,6.0,,,,,,,0,"[5, 15, 6]",3,5.0,Unnecessary Words,"['reduction', 'structural', 'lexical']",3,reduction,20,1,0,0,0,r3,medium,0,fam=reduction | rules=r3 | len=medium | num=0 | lex=0,fam=reduction | rules=r3 | len=medium
3387,2321_LibroUide_Sincopyright.pdf,"Así mismo, requiere que las celdas de ingreso se encuentren una debajo de la otra en una lista y en la misma hoja que las celdas de salida de información (Manrique, 2018).","También, necesita las celdas de ingreso enlistadas hacia abajo y en la misma hoja que las celdas de salida de información.",Vivian,6.0,20.0,1.0,,,,,,,1,"[6, 20, 1]",3,6.0,Complex Phrases,['lexical'],1,lexical,32,1,1,0,0,r3,long,1,fam=lexical | rules=r3 | len=long | num=1 | lex=1,fam=lexical | rules=r3 | len=long
3389,2323_LibroUide_Sincopyright.pdf,"Para elaborar los escenarios se debe iniciar por la definición de las variables a cambiar, así como las de resultados.",Para elaborar los escenarios debemos empezar por la definición de las variables a cambiar y las de resultados.,Vivian,8.0,18.0,,,,,,,,0,"[8, 18]",2,8.0,Conjunctions,"['morphosyntactic', 'reduction']",2,morphosyntactic,20,1,0,0,0,r2,medium,0,fam=morphosyntactic | rules=r2 | len=medium | num=0 | lex=0,fam=morphosyntactic | rules=r2 | len=medium
3391,2328_LibroUide_Sincopyright.pdf,"Los pasos para crear los escenarios se muestran a continuación: Ingresar a Datos  Análisis Y si  Administrador de escenarios; Pulsar Agregar; Dar nombre al escenario; Seleccionar las celdas que van a cambiar, se deben seleccionar en bloque y aceptar; Ingresar los valores que deberán tomar las celdas que van a variar y aceptar; Pulsar agregar para ingresar el siguiente escenario y así, sucesivamente, hasta ingresarlos todos; Una vez ingresados los escenarios, se da clic en Resumen y se seleccionan las celdas de resultados, que deben estar juntas, se aceptan los cambios.","Los pasos para elaborar los escenarios son: Ingresamos a datos. Luego, a análisis y si. Después a administrador de escenarios. Pulsamos agregar. Nombramos el escenario. Seleccionar las celdas a cambiar. Las seleccionamos en bloque y aceptamos. Luego, metemos los valores que tomarán las celdas a cambiar y aceptar. Pulsamos agregar para el siguiente escenario. Así sucesivamente hasta ingresarlos todos. Cuando metemos los escenarios, vamos a la función resumen y seleccionamos las celdas de resultados. Estas deben estar juntas. Y aceptamos los cambios.",Vivian,6.0,21.0,17.0,6.0,18.0,,,,,0,"[6, 21, 17, 6, 18]",5,6.0,Complex Phrases,"['lexical', 'structural', 'reduction']",3,lexical,93,1,0,0,0,r4plus,long,0,fam=lexical | rules=r4plus | len=long | num=0 | lex=0,fam=lexical | rules=r4plus | len=long
3394,2367_LibroUide_Sincopyright.pdf,"En la parte superior se presentan los valores ingresados para cada escenario, de tal forma que el lector pueda observar los cambios que se realizaron.",Arriba están los valores ingresados para cada escenario. Así el lector entenderá los cambios realizados.,Vivian,6.0,20.0,17.0,,,,,,,0,"[6, 20, 17]",3,6.0,Complex Phrases,"['lexical', 'structural']",2,lexical,25,1,0,0,0,r3,long,0,fam=lexical | rules=r3 | len=long | num=0 | lex=0,fam=lexical | rules=r3 | len=long
3396,2369_LibroUide_Sincopyright.pdf,"Particularmente, se observa que el escenario 3 es el único que presenta una situación que no sea rentable.",El escenario tres es el único que presenta una situación no rentable.,Vivian,17.0,14.0,5.0,,,,,,,0,"[17, 14, 5]",3,17.0,Relative Clauses,"['structural', 'reduction']",2,structural,18,1,1,0,0,r3,medium,0,fam=structural | rules=r3 | len=medium | num=1 | lex=0,fam=structural | rules=r3 | len=medium
3397,2378_LibroUide_Sincopyright.pdf,"Una falta de liquidez ocasiona problemas que pueden amenazar la permanencia del negocio en el mercado; problemas como: detención de pago de sueldos, falta de inventario, restricción de crédito de proveedores, falta de capital de trabajo, entre otros.","Una falta de liquidez provoca problemas que amenazan la permanencia del negocio en el mercado. Problemas como: detención de salarios, falta de inventario, restricción de crédito de proveedores, falta de capital de trabajo.",Vivian,1.0,21.0,6.0,,,,,,,1,"[1, 21, 6]",3,1.0,Word Frequency,"['lexical', 'structural']",2,lexical,38,1,0,0,0,r3,long,1,fam=lexical | rules=r3 | len=long | num=0 | lex=1,fam=lexical | rules=r3 | len=long
3399,2385_LibroUide_Sincopyright.pdf,"Desde el punto de vista de la empresa, las fuentes de financiamiento se clasifican en: fuentes internas y fuentes externas (Arguedas, González, González, & Martín, 2016).",Desde la perspectiva de la empresa las fuentes de financiamiento son internas y externas.,Vivian,5.0,6.0,,,,,,,,0,"[5, 6]",2,5.0,Unnecessary Words,"['reduction', 'lexical']",2,reduction,26,1,1,0,0,r2,long,0,fam=reduction | rules=r2 | len=long | num=1 | lex=0,fam=reduction | rules=r2 | len=long
3403,2635_LibroUide_Sincopyright.pdf,¿Qué títulos se comercializan en Ecuador y en qué consisten?,¿Qué títulos comercializan en Ecuador? ¿Qué son?,Vivian,6.0,18.0,21.0,,,,,,,0,"[6, 18, 21]",3,6.0,Complex Phrases,"['lexical', 'reduction', 'structural']",3,lexical,10,1,0,0,0,r3,short,0,fam=lexical | rules=r3 | len=short | num=0 | lex=0,fam=lexical | rules=r3 | len=short
3404,2637_LibroUide_Sincopyright.pdf,"Obtenga el rendimiento de un bono de $10,000 que paga el 6.",Saque el rendimiento de un bono de diez mil dólares que paga el seis.,Vivian,1.0,14.0,,,,,,,,1,"[1, 14]",2,1.0,Word Frequency,"['lexical', 'structural']",2,lexical,12,1,1,1,0,r2,short,1,fam=lexical | rules=r2 | len=short | num=1 | lex=1,fam=lexical | rules=r2 | len=short
3407,2649_LibroUide_Sincopyright.pdf,"En este capítulo se discuten tres puntos adicionales en la administración financiera: la administración del efectivo, la asignación y discriminación de precios; y el punto de equilibrio financiero.",En este capítulo explicamos tres puntos adicionales en la administración financiera. La administración financiera. La asignación y discriminación de precios. Y el punto de equilibrio financiero.,Vivian,18.0,21.0,15.0,4.0,,,,,,0,"[18, 21, 15, 4]",4,18.0,Sentences of formal and aesthetic use,"['reduction', 'structural', 'lexical']",3,reduction,28,1,0,0,0,r4plus,long,0,fam=reduction | rules=r4plus | len=long | num=0 | lex=0,fam=reduction | rules=r4plus | len=long
3408,2653_LibroUide_Sincopyright.pdf,En el segundo capítulo se analizó la importancia de la liquidez en una compañía.,En el segundo capítulo analizamos la importancia de la liquidez en una empresa.,Vivian,18.0,1.0,,,,,,,,1,"[18, 1]",2,18.0,Sentences of formal and aesthetic use,"['reduction', 'lexical']",2,reduction,14,1,0,0,0,r2,medium,1,fam=reduction | rules=r2 | len=medium | num=0 | lex=1,fam=reduction | rules=r2 | len=medium
3413,2660_LibroUide_Sincopyright.pdf,"En otras palabras, para hacer una buena gestión del efectivo es necesario que exista efectivo en el negocio.","Es decir, la empresa debe tener efectivo para administrarlo bien.",Vivian,6.0,1.0,18.0,19.0,,,,,,1,"[6, 1, 18, 19]",4,6.0,Complex Phrases,"['lexical', 'reduction', 'structural']",3,lexical,18,1,0,0,0,r4plus,medium,1,fam=lexical | rules=r4plus | len=medium | num=0 | lex=1,fam=lexical | rules=r4plus | len=medium
3421,2672_LibroUide_Sincopyright.pdf,"Una de las estrategias es la conocida como descuentos por pronto pago, en la cual se otorgan porcentajes de descuentos por los primeros días de crédito; de esta manera se genera un incentivo para el pago.","Una estrategia es descuento por pronto pago. Esta entrega porcentajes de descuento por los primeros días de crédito. Así, motiva para el pago.",Vivian,9.0,21.0,5.0,20.0,18.0,6.0,,,,0,"[9, 21, 5, 20, 18, 6]",6,9.0,Subordinating Conjunctions,"['morphosyntactic', 'structural', 'reduction', 'lexical']",4,morphosyntactic,36,1,0,0,0,r4plus,long,0,fam=morphosyntactic | rules=r4plus | len=long | num=0 | lex=0,fam=morphosyntactic | rules=r4plus | len=long
3424,2676_LibroUide_Sincopyright.pdf,"Por otra parte, el tercer principio se orienta a los egresos y señala: siempre que sea posible se deben disminuir las salidas de dinero.","Por otra parte, el tercer principio es sobre los ingresos. Menciona que debemos reducir las salidas de dinero posibles.",Vivian,6.0,21.0,1.0,,,,,,,1,"[6, 21, 1]",3,6.0,Complex Phrases,"['lexical', 'structural']",2,lexical,24,1,0,0,0,r3,medium,1,fam=lexical | rules=r3 | len=medium | num=0 | lex=1,fam=lexical | rules=r3 | len=medium
3425,2678_LibroUide_Sincopyright.pdf,Este principio es básico e implica un análisis de la estructura de costos y gastos que tenga un negocio.,Este principio es básico. Requiere un análisis de la estructura de costos y gastos de una empresa.,Vivian,17.0,15.0,1.0,,,,,,,1,"[17, 15, 1]",3,17.0,Relative Clauses,"['structural', 'lexical']",2,structural,19,1,0,0,0,r3,medium,1,fam=structural | rules=r3 | len=medium | num=0 | lex=1,fam=structural | rules=r3 | len=medium
3429,2685_LibroUide_Sincopyright.pdf,"Algunas estrategias aplicables para este principio son: pago de planillas y facturas en la fecha de vencimiento, negociación con proveedores para mayores días de crédito, creación de días de pago para proveedores con facturas de contado, política de pago de sueldos a fin de mes, administración del flotante de la compañía, entre otros.",Algunas estrategias aplicables a este principio son: pago de planillas facturas al vencimiento. Negociación con proveedores para más días de crédito. Creación de días de pago para proveedores con facturas de contado. Política de pago de salarios a fin de mes. Administración de los recursos de la empresa.,Vivian,1.0,15.0,5.0,,,,,,,1,"[1, 15, 5]",3,1.0,Word Frequency,"['lexical', 'structural', 'reduction']",3,lexical,53,1,0,0,0,r3,long,1,fam=lexical | rules=r3 | len=long | num=0 | lex=1,fam=lexical | rules=r3 | len=long
3431,2693_LibroUide_Sincopyright.pdf,"Tradicionalmente, los pequeños negocios definen sus precios en base a sus costos.","Tradicionalmente, las pequeñas empresas definen sus precios según sus costos.",Vivian,6.0,1.0,,,,,,,,1,"[6, 1]",2,6.0,Complex Phrases,['lexical'],1,lexical,12,1,0,0,0,r2,short,1,fam=lexical | rules=r2 | len=short | num=0 | lex=1,fam=lexical | rules=r2 | len=short
3433,2695_LibroUide_Sincopyright.pdf,"Esta metodología se conoce como la Teoría del Valor, en la cual, el valor de las cosas depende del costo que toma producirlas (Krugman & Wells, 2016).","Esta metodología es la Teoría del valor. En ella, el precio de los productos depende del costo de producción.",Vivian,6.0,9.0,17.0,5.0,4.0,,,,,0,"[6, 9, 17, 5, 4]",5,6.0,Complex Phrases,"['lexical', 'morphosyntactic', 'structural', 'reduction']",4,lexical,27,1,1,0,0,r4plus,long,0,fam=lexical | rules=r4plus | len=long | num=1 | lex=0,fam=lexical | rules=r4plus | len=long
3435,2699_LibroUide_Sincopyright.pdf,¿Pero qué sucedería si tuviese que elegir entre un diamante y una botella con agua en la mitad de un desierto sin opciones para utilizar dicho diamante?,¿Qué pasa si debemos elegir entre un diamante y una botella de agua en medio desierto sin posibilidades de usar el diamante?,Vivian,21.0,6.0,5.0,,,,,,,0,"[21, 6, 5]",3,21.0,Use of Complex Punctuation Marks,"['structural', 'lexical', 'reduction']",3,structural,27,1,0,0,0,r3,long,0,fam=structural | rules=r3 | len=long | num=0 | lex=0,fam=structural | rules=r3 | len=long
3438,2702_LibroUide_Sincopyright.pdf,Para ello es preciso reconocer que todos los consumidores tienen una disposición a pagar subjetiva cuando realizan una compra.,Todos los consumidores tienen una disposición subjetiva de pago cuando realizan una compra.,Vivian,5.0,4.0,,,,,,,,0,"[5, 4]",2,5.0,Unnecessary Words,"['reduction', 'lexical']",2,reduction,19,1,0,0,0,r2,medium,0,fam=reduction | rules=r2 | len=medium | num=0 | lex=0,fam=reduction | rules=r2 | len=medium
3444,2710_LibroUide_Sincopyright.pdf,Los tipos de discriminación son: Discriminación de grado 1 o discriminación perfecta; Discriminación de grado 2 o discriminación por lotes; Discriminación de grado 3 o discriminación por segmentos.,Los tipos de discriminación son: Discriminación de grado uno o perfecta. Discriminación de grado dos o por lotes. Discriminación de grado tres o por segmentos.,Vivian,21.0,14.0,5.0,,,,,,,0,"[21, 14, 5]",3,21.0,Use of Complex Punctuation Marks,"['structural', 'reduction']",2,structural,28,1,1,0,0,r3,long,0,fam=structural | rules=r3 | len=long | num=1 | lex=0,fam=structural | rules=r3 | len=long
3447,2719_LibroUide_Sincopyright.pdf,Es algo complicado de alcanzar debido a la falta de conocimiento de la disposición a pagar de cada persona.,Es difícil de lograr por el desconocimiento de la disposición de pago de cada persona.,Vivian,6.0,5.0,,,,,,,,0,"[6, 5]",2,6.0,Complex Phrases,"['lexical', 'reduction']",2,lexical,19,1,0,0,0,r2,medium,0,fam=lexical | rules=r2 | len=medium | num=0 | lex=0,fam=lexical | rules=r2 | len=medium
3451,2723b_LibroUide_Sincopyright.pdf,La discriminación grado 2 o discriminación por lotes es más común identificarla en el mercado.,La discriminación de grado dos es más común en el mercado.,Vivian,5.0,14.0,,,,,,,,0,"[5, 14]",2,5.0,Unnecessary Words,"['reduction', 'structural']",2,reduction,15,1,1,0,0,r2,medium,0,fam=reduction | rules=r2 | len=medium | num=1 | lex=0,fam=reduction | rules=r2 | len=medium
3454,2728_LibroUide_Sincopyright.pdf,"O que necesiten pasta dental o jabón, y en lugar de comprar la unidad, terminen comprando paquetes de 3 o 4 unidades.","O necesitan pasta dental o jabón. En lugar de comprar uno, compran paquetes de tres o más.",Vivian,5.0,15.0,14.0,,,,,,,0,"[5, 15, 14]",3,5.0,Unnecessary Words,"['reduction', 'structural']",2,reduction,22,1,1,0,0,r3,medium,0,fam=reduction | rules=r3 | len=medium | num=1 | lex=0,fam=reduction | rules=r3 | len=medium
3461,2734b_LibroUide_Sincopyright.pdf,El punto de equilibrio es uno de los aspectos más importantes dentro de la administración de las finanzas de un negocio.,El punto de equilibrio es un aspecto importante en la administración financiera de una empresa.,Vivian,6.0,5.0,1.0,,,,,,,1,"[6, 5, 1]",3,6.0,Complex Phrases,"['lexical', 'reduction']",2,lexical,21,1,0,0,0,r3,medium,1,fam=lexical | rules=r3 | len=medium | num=0 | lex=1,fam=lexical | rules=r3 | len=medium
3464,2738_LibroUide_Sincopyright.pdf,"Algunos, incluso, se preguntan por qué no obtienen utilidades al final de cada mes.",Algunos se preguntan por qué no tienen ganancias a fin de mes.,Vivian,5.0,16.0,1.0,,,,,,,1,"[5, 16, 1]",3,5.0,Unnecessary Words,"['reduction', 'lexical']",2,reduction,14,1,0,0,0,r3,medium,1,fam=reduction | rules=r3 | len=medium | num=0 | lex=1,fam=reduction | rules=r3 | len=medium
3467,2741_LibroUide_Sincopyright.pdf,"El primero de ellos se utiliza para negocios monoproductos, mientras que el segundo se usa en negocios que manejan varios productos o presentaciones de productos.",El primero lo utilizan los monoproductores. El segundo lo usan las empresas que administran varios productos.,Vivian,5.0,15.0,1.0,6.0,,,,,,1,"[5, 15, 1, 6]",4,5.0,Unnecessary Words,"['reduction', 'structural', 'lexical']",3,reduction,25,1,0,0,0,r4plus,long,1,fam=reduction | rules=r4plus | len=long | num=0 | lex=1,fam=reduction | rules=r4plus | len=long
3475,120_LibroUAC_Sincopyright.pdf,"Por ejemplo, el trueque de mercancías, bienes o productos hoy lo vemos en las conocidas operaciones comerciales y financieras de swap que, literalmente, significa intercambiar.","Por ejemplo, actualmente hay trueque de productos en operaciones comerciales y financieras de intercambio.",Vivian,4.0,16.0,5.0,,,,,,,0,"[4, 16, 5]",3,4.0,Ambiguity in Word Meaning,"['lexical', 'reduction']",2,lexical,25,1,0,0,0,r3,long,0,fam=lexical | rules=r3 | len=long | num=0 | lex=0,fam=lexical | rules=r3 | len=long
3476,122_LibroUAC_Sincopyright.pdf,Esta interactúa entre compradores y vendedores para asegurar a las partes contratantes que la operación se llevará a cabo.,Esta interactúa entre compradores y vendedores para garantizar la realización de la operación.,Vivian,6.0,4.0,,,,,,,,0,"[6, 4]",2,6.0,Complex Phrases,['lexical'],1,lexical,19,1,0,0,0,r2,medium,0,fam=lexical | rules=r2 | len=medium | num=0 | lex=0,fam=lexical | rules=r2 | len=medium
3477,123_LibroUAC_Sincopyright.pdf,"Los swap forman parte de las operaciones de futuro, muy comunes en comercio exterior, para acordar hoy transacciones que posteriormente se perfeccionan.",Los intercambios son operaciones de futuro comunes en comercio exterior.,Vivian,5.0,4.0,6.0,,,,,,,0,"[5, 4, 6]",3,5.0,Unnecessary Words,"['reduction', 'lexical']",2,reduction,22,1,0,0,0,r3,medium,0,fam=reduction | rules=r3 | len=medium | num=0 | lex=0,fam=reduction | rules=r3 | len=medium
3479,126_LibroUAC_Sincopyright.pdf,"En este sector es frecuente que una empresa de publicidad canjee servicios prestados a un medio de comunicación (radio, televisión o prensa) por avisaje de su organización y servicios en esos medios.",Una empresa de publicidad canjea servicios prestados a un medio de comunicación por visibilización de su empresa y servicios en ese medio.,Vivian,1.0,16.0,5.0,,,,,,,1,"[1, 16, 5]",3,1.0,Word Frequency,"['lexical', 'reduction']",2,lexical,32,1,0,0,0,r3,long,1,fam=lexical | rules=r3 | len=long | num=0 | lex=1,fam=lexical | rules=r3 | len=long
3482,134_LibroUAC_Sincopyright.pdf,"Otro medio de pago con referente histórico son los denominados commodities, equivalentes a productos, bienes o materias primas de valor aceptados por los agentes económicos.","Los commodities son otro medio de pago histórico. Son productos, bienes o materias primas de valor aceptados por los agentes económicos.",Vivian,6.0,5.0,15.0,4.0,,,,,,0,"[6, 5, 15, 4]",4,6.0,Complex Phrases,"['lexical', 'reduction', 'structural']",3,lexical,25,1,0,0,0,r4plus,long,0,fam=lexical | rules=r4plus | len=long | num=0 | lex=0,fam=lexical | rules=r4plus | len=long
3485,137_LibroUAC_Sincopyright.pdf,"El oro, la plata, el petróleo, el trigo y otros minerales y productos agrícolas son también commodities, o sea, referentes de precios e indicadores financieros en la economía de los países; medios de pago de hoy como lo fueron ayer.","El oro, la plata, el petróleo, el trigo y otros productos agrícolas también son commoditites. Es decir, son referentes de precios e indicadores financieros en la economía de los países.",Vivian,21.0,15.0,5.0,,,,,,,0,"[21, 15, 5]",3,21.0,Use of Complex Punctuation Marks,"['structural', 'reduction']",2,structural,40,1,0,0,0,r3,long,0,fam=structural | rules=r3 | len=long | num=0 | lex=0,fam=structural | rules=r3 | len=long
3486,141_LibroUAC_Sincopyright.pdf,"Primero fue el dinero plástico y las compras, ventas y documentación electrónica, luego las criptomonedas y, junto a todo esto, un sinfín de riesgos no previstos, fraudes electrónicos, tanto a instituciones financieras como a personas naturales, el surgimiento de los hackers (especialistas en penetrar sistemas informáticos) y el hackeo de la banca, el comercio y las redes informáticas.","Primero fueron el dinero plástico, compras, ventas y documentación electrónica. Luego, las monedas virtuales. También muchos riesgos imprevistos, fraudes electrónicos a empresas financieras y a personas. Surgieron los hackers y el hackeo de la banca, comercio y redes informáticas.",Vivian,15.0,6.0,1.0,8.0,5.0,,,,,1,"[15, 6, 1, 8, 5]",5,15.0,Sentence Length,"['structural', 'lexical', 'morphosyntactic', 'reduction']",4,structural,58,1,0,0,0,r4plus,long,1,fam=structural | rules=r4plus | len=long | num=0 | lex=1,fam=structural | rules=r4plus | len=long
3491,159_LibroUAC_Sincopyright.pdf,"En este escenario, la creación de aplicaciones innovadoras, a través del uso de medios tecnológicos, para el etiquetado de productos y su identificación y precio, han aportado bastante al campo de la tecnologización de las finanzas y el comercio.","En este contexto, la creación de aplicaciones innovadoras para etiquetar, identificar y poner precio a productos.",Vivian,15.0,5.0,,,,,,,,0,"[15, 5]",2,15.0,Sentence Length,"['structural', 'reduction']",2,structural,39,1,0,0,0,r2,long,0,fam=structural | rules=r2 | len=long | num=0 | lex=0,fam=structural | rules=r2 | len=long
3501,196_LibroUAC_Sincopyright.pdf,"Lo mismo ocurre con el salmón o las frutas que, con sus variaciones de precio, mejoran o afectan los ingresos por concepto de exportaciones.",Lo mismo ocurre con el salmón o las frutas. Sus variaciones de precio mejoran o afectan los ingresos.,Vivian,15.0,5.0,,,,,,,,0,"[15, 5]",2,15.0,Sentence Length,"['structural', 'reduction']",2,structural,24,1,0,0,0,r2,medium,0,fam=structural | rules=r2 | len=medium | num=0 | lex=0,fam=structural | rules=r2 | len=medium
3505,201_LibroUAC_Sincopyright.pdf,"Chile los ha firmado con diversos países de América, Europa y Asia.","Chile los firmó con varios países de América, Europa y Asia.",Vivian,10.0,1.0,,,,,,,,1,"[10, 1]",2,10.0,Past anterior and future perfect tense,"['morphosyntactic', 'lexical']",2,morphosyntactic,12,1,0,0,0,r2,short,1,fam=morphosyntactic | rules=r2 | len=short | num=0 | lex=1,fam=morphosyntactic | rules=r2 | len=short
3509,205_LibroUAC_Sincopyright.pdf,"Este modelo se sustenta en otorgar amplia libertad, para actividades económicas y no económicas, tanto a personas como a empresas, limitando la acción del Estado a un papel normativo y de intervención solo en los casos donde los particulares no puedan acceder.",Este modelo otorga libertad para actividades económicas y no económicas a personas y empresas. Limita la acción del Estado a un papel normativo y de intervención en casos especiales.,Vivian,8.0,15.0,12.0,6.0,1.0,,,,,1,"[8, 15, 12, 6, 1]",5,8.0,Conjunctions,"['morphosyntactic', 'structural', 'lexical']",3,morphosyntactic,42,1,0,0,0,r4plus,long,1,fam=morphosyntactic | rules=r4plus | len=long | num=0 | lex=1,fam=morphosyntactic | rules=r4plus | len=long
3510,206_LibroUAC_Sincopyright.pdf,"El mercado, sin necesidad de los gobiernos, bajo la dualidad de la oferta y la demanda, asignaría y distribuiría eficientemente los recursos económicos en todos los ámbitos.",El mercado bajo la oferta y la demanda distribuiría eficientemente los recursos económicos en todos los ámbitos.,Vivian,5.0,16.0,,,,,,,,0,"[5, 16]",2,5.0,Unnecessary Words,['reduction'],1,reduction,27,1,0,0,0,r2,long,0,fam=reduction | rules=r2 | len=long | num=0 | lex=0,fam=reduction | rules=r2 | len=long
3511,207_LibroUAC_Sincopyright.pdf,"De este modelo se derivaron un conjunto de actividades que deberían quedar sujetas a las reglas del mercado, de forma tal que se habla no solo de libre mercado del comercio, sino también de libertad en el mercado del trabajo, en el mercado financiero, en el mercado nacional, en el mercado internacional e incluso en el mercado de la salud y de la educación.","De este modelo surgieron actividades sujetas a las reglas del mercado. No solo hablamos de mercado comercial. También, de libertad en el mercado laboral, financiero, nacional, internacional, de la salud y de la educación.",Vivian,15.0,18.0,6.0,5.0,,,,,,0,"[15, 18, 6, 5]",4,15.0,Sentence Length,"['structural', 'reduction', 'lexical']",3,structural,64,1,0,0,0,r4plus,long,0,fam=structural | rules=r4plus | len=long | num=0 | lex=0,fam=structural | rules=r4plus | len=long
3520,223_LibroUAC_Sincopyright.pdf,"No obstante esto, aún subsisten posiciones que buscan reducir el modelo a solamente un comercio de mercado.","Sin embargo, hay posiciones para reducir el modelo a un comercio de mercado.",Vivian,20.0,5.0,1.0,17.0,,,,,,1,"[20, 5, 1, 17]",4,20.0,Common Discourse Markers,"['lexical', 'reduction', 'structural']",3,lexical,17,1,0,0,0,r4plus,medium,1,fam=lexical | rules=r4plus | len=medium | num=0 | lex=1,fam=lexical | rules=r4plus | len=medium
3527,233_LibroUAC_Sincopyright.pdf,"Estos tratados permiten el intercambio de productos, servicios y bienes culturales, eliminan las barreras arancelarias y favorecen el comercio y traslados de personas entre países.","Estos tratados permiten intercambiar productos, servicios y bienes culturales. Eliminan las barreras de impuestos. Favorecen el comercio y traslados de personas entre países.",Vivian,15.0,1.0,6.0,,,,,,,1,"[15, 1, 6]",3,15.0,Sentence Length,"['structural', 'lexical']",2,structural,25,1,0,0,0,r3,long,1,fam=structural | rules=r3 | len=long | num=0 | lex=1,fam=structural | rules=r3 | len=long
3533,240_LibroUAC_Sincopyright.pdf,"Al mismo tiempo, como economía abierta al mundo, es un importador de bienes durables de uso doméstico e industrial, como automóviles, artículos electrónicos, vestuario y alimentos de consumo masivo.",También importa productos domésticos e industriales.,Vivian,20.0,16.0,6.0,5.0,1.0,,,,,1,"[20, 16, 6, 5, 1]",5,20.0,Common Discourse Markers,"['lexical', 'reduction']",2,lexical,29,1,0,0,0,r4plus,long,1,fam=lexical | rules=r4plus | len=long | num=0 | lex=1,fam=lexical | rules=r4plus | len=long
3539,269_LibroUAC_Sincopyright.pdf,"La continuidad de las empresas, en el mediano y largo plazo, no radica en la ganancia real (de hoy) o potencial (lo esperado) sino en su orientación a satisfacer las necesidades efectivas de la población, aunque las utilidades están siempre presentes en sus negociaciones.",La permanencia de las empresas no está en la ganancia real o esperada. Está en satisfacer las necesidades de las personas. Aunque las ganancias siempre están presentes en las negociaciones.,Vivian,19.0,15.0,5.0,1.0,16.0,,,,,1,"[19, 15, 5, 1, 16]",5,19.0,Sentence Order,"['structural', 'reduction', 'lexical']",3,structural,44,1,0,0,0,r4plus,long,1,fam=structural | rules=r4plus | len=long | num=0 | lex=1,fam=structural | rules=r4plus | len=long
3540,274_LibroUAC_Sincopyright.pdf,"Por ejemplo, el Ministerio de Minería en cuestiones mineras, el de Agricultura en su rubro, el de Energía en ese campo, etcétera.","Por ejemplo, el Ministerio de Minería en aspectos mineros. El de Agricultura en su área.",Vivian,15.0,5.0,1.0,,,,,,,1,"[15, 5, 1]",3,15.0,Sentence Length,"['structural', 'reduction', 'lexical']",3,structural,22,1,0,0,0,r3,medium,1,fam=structural | rules=r3 | len=medium | num=0 | lex=1,fam=structural | rules=r3 | len=medium
3545,280_LibroUAC_Sincopyright.pdf,El mercado es el lugar donde se transan las mercancías y los servicios; es la expresión que define el lugar físico o figurado donde se encuentran vendedores y compradores.,El mercado es el lugar donde se cambian los productos. Define el lugar físico o figurado donde están vendedores y compradores.,Vivian,21.0,1.0,5.0,6.0,,,,,,1,"[21, 1, 5, 6]",4,21.0,Use of Complex Punctuation Marks,"['structural', 'lexical', 'reduction']",3,structural,29,1,0,0,0,r4plus,long,1,fam=structural | rules=r4plus | len=long | num=0 | lex=1,fam=structural | rules=r4plus | len=long
3546,282_LibroUAC_Sincopyright.pdf,La oferta corresponde a los bienes de vendedores; la demanda es lo requerido por compradores; y el precio es el valor de las transacciones de los bienes y servicios.,La oferta son los productos de los vendedores. La demanda es lo requerido por los compradores. Y el precio es el valor de las transacciones de los productos.,Vivian,21.0,6.0,1.0,5.0,,,,,,1,"[21, 6, 1, 5]",4,21.0,Use of Complex Punctuation Marks,"['structural', 'lexical', 'reduction']",3,structural,29,1,0,0,0,r4plus,long,1,fam=structural | rules=r4plus | len=long | num=0 | lex=1,fam=structural | rules=r4plus | len=long
3548,288_LibroUAC_Sincopyright.pdf,La siguiente gráfica muestra el punto de encuentro entre la oferta y la demanda que determina el precio de los productos.,La siguiente figura evidencia la relación entre la oferta y la demanda. Esta determina el precio de los productos.,Vivian,4.0,17.0,6.0,,,,,,,0,"[4, 17, 6]",3,4.0,Ambiguity in Word Meaning,"['lexical', 'structural']",2,lexical,21,1,0,0,0,r3,medium,0,fam=lexical | rules=r3 | len=medium | num=0 | lex=0,fam=lexical | rules=r3 | len=medium
3549,293_LibroUAC_Sincopyright.pdf,"A mayor oferta ?manteniéndose la demanda? el precio baja; en cambio, a menor oferta ?manteniéndose la demanda? el precio sube.",A mayor oferta el precio baja. A menor oferta el precio sube. En ambos casos se debe mantener la demanda.,Vivian,21.0,16.0,12.0,5.0,,,,,,0,"[21, 16, 12, 5]",4,21.0,Use of Complex Punctuation Marks,"['structural', 'reduction', 'morphosyntactic']",3,structural,20,5,0,0,0,r4plus,medium,0,fam=structural | rules=r4plus | len=medium | num=0 | lex=0,fam=structural | rules=r4plus | len=medium
3553,312_LibroUAC_Sincopyright.pdf,"En este caso, el precio por kilo subirá a $2.","Entonces, precio subirá a dos mil por kilo.",Vivian,14.0,6.0,,,,,,,,0,"[14, 6]",2,14.0,Use of Numerical Expressions,"['structural', 'lexical']",2,structural,10,1,1,1,0,r2,short,0,fam=structural | rules=r2 | len=short | num=1 | lex=0,fam=structural | rules=r2 | len=short
3557,320_LibroUAC_Sincopyright.pdf,"Este control garantiza, a los usuarios o consumidores, el acceso a los productos a valores razonables y, a las empresas que los proveen, rentabilidad segura.","Este control garantiza a los consumidores precios razonables. Y a las empresas proveedoras, rentabilidad.",Vivian,15.0,5.0,6.0,17.0,,,,,,0,"[15, 5, 6, 17]",4,15.0,Sentence Length,"['structural', 'reduction', 'lexical']",3,structural,25,1,0,0,0,r4plus,long,0,fam=structural | rules=r4plus | len=long | num=0 | lex=0,fam=structural | rules=r4plus | len=long
3558,323_LibroUAC_Sincopyright.pdf,"En ciertos casos hay aranceles de referencia, como los que operan en el sector de la salud para determinadas prestaciones médicas.",A veces hay impuestos de referencia. Como en el sector salud para algunos servicios médicos.,Vivian,1.0,17.0,15.0,,,,,,,1,"[1, 17, 15]",3,1.0,Word Frequency,"['lexical', 'structural']",2,lexical,21,1,0,0,0,r3,medium,1,fam=lexical | rules=r3 | len=medium | num=0 | lex=1,fam=lexical | rules=r3 | len=medium
3560,325_LibroUAC_Sincopyright.pdf,"Su función es, por un lado, que las personas y las empresas encuentren financiamiento para realizar sus inversiones, para producir, vender, comprar y consumir, así como, a través de ciertos servicios, ser un intermediario para facilitar estas operaciones.","Su función es financiar a personas y empresas para que inviertan, produzcan, vendan, compren y consuman. También, ser un intermediario para facilitar estas operaciones.",Vivian,6.0,15.0,5.0,8.0,,,,,,0,"[6, 15, 5, 8]",4,6.0,Complex Phrases,"['lexical', 'structural', 'reduction', 'morphosyntactic']",4,lexical,38,1,0,0,0,r4plus,long,0,fam=lexical | rules=r4plus | len=long | num=0 | lex=0,fam=lexical | rules=r4plus | len=long
3561,327_LibroUAC_Sincopyright.pdf,"En el sistema financiero, donde se desenvuelven las empresas, un factor de desarrollo muy importante es el crédito.",El crédito es un factor de desarrollo muy importante en el sistema financiero.,Vivian,5.0,19.0,,,,,,,,0,"[5, 19]",2,5.0,Unnecessary Words,"['reduction', 'structural']",2,reduction,18,1,0,0,0,r2,medium,0,fam=reduction | rules=r2 | len=medium | num=0 | lex=0,fam=reduction | rules=r2 | len=medium
3562,328_LibroUAC_Sincopyright.pdf,"Este es de uso frecuente en operaciones de las empresas con sus clientes, con sus proveedores, para producir y relacionarse con las entidades que financian proyectos empresariales y demás actores económicos.",Las empresas usan el crédito frecuentemente en transacciones con sus clientes y proveedores. Para producir y relacionarse con los actores económicos.,Vivian,6.0,15.0,,,,,,,,0,"[6, 15]",2,6.0,Complex Phrases,"['lexical', 'structural']",2,lexical,31,1,0,0,0,r2,long,0,fam=lexical | rules=r2 | len=long | num=0 | lex=0,fam=lexical | rules=r2 | len=long
3565,341_LibroUAC_Sincopyright.pdf,«El sistema de administración financiera del Estado comprende el conjunto de procesos administrativos que permiten la obtención de recursos y su aplicación a la concreción de los logros de los objetivos del Estado []»,El sistema de administración financiera del Estado incluye los procesos administrativos para obtener recursos y aplicarlos al cumplimiento de los objetivos del Estado.,Vivian,21.0,6.0,1.0,,,,,,,1,"[21, 6, 1]",3,21.0,Use of Complex Punctuation Marks,"['structural', 'lexical']",2,structural,35,1,0,0,0,r3,long,1,fam=structural | rules=r3 | len=long | num=0 | lex=1,fam=structural | rules=r3 | len=long
3566,342_LibroUAC_Sincopyright.pdf,"Y agrega que la administración financiera incluye, fundamentalmente, procesos financieros, administrativos y de control relacionados con el gobierno central, el nivel municipal y las instituciones y empresas del Estado.","La administración financiera también incluye procesos financieros, administrativos y de control relacionados con el gobierno central, municipal y estatal.",Vivian,5.0,6.0,,,,,,,,0,"[5, 6]",2,5.0,Unnecessary Words,"['reduction', 'lexical']",2,reduction,29,1,0,0,0,r2,long,0,fam=reduction | rules=r2 | len=long | num=0 | lex=0,fam=reduction | rules=r2 | len=long
3569,350_LibroUAC_Sincopyright.pdf,"Mirando desde América del sur, las principales instituciones internacionales que lo integran teniendo en cuenta América y Europa y que inciden en la economía del país son el Fondo Monetario Internacional (FMI).",El Fondo Monetario Internacional son las principales instituciones internacionales que lo integran.,Vivian,5.0,16.0,13.0,19.0,,,,,,0,"[5, 16, 13, 19]",4,5.0,Unnecessary Words,"['reduction', 'lexical', 'structural']",3,reduction,32,1,0,0,0,r4plus,long,0,fam=reduction | rules=r4plus | len=long | num=0 | lex=0,fam=reduction | rules=r4plus | len=long
3570,359_LibroUAC_Sincopyright.pdf,"De partida, el tema concierne a todos los individuos y durante toda la vida, pues las finanzas explican la procedencia y uso de los ingresos y recursos que se disponen para satisfacer las necesidades particulares de todas y todos.",El tema interesa a todas las personas. Porque las finanzas explican el origen y uso de los ingresos disponibles para satisfacer las necesidades de todos.,Vivian,1.0,5.0,15.0,,,,,,,1,"[1, 5, 15]",3,1.0,Word Frequency,"['lexical', 'reduction', 'structural']",3,lexical,39,1,0,0,0,r3,long,1,fam=lexical | rules=r3 | len=long | num=0 | lex=1,fam=lexical | rules=r3 | len=long
3572,366_LibroUAC_Sincopyright.pdf,"Por su sueldo en el caso de los trabajadores dependientes; por sus honorarios para los trabajadores independientes;
 del comercio o servicios en el caso de los empresarios; o de interés u otras ganancias en los casos de inversiones.",Lo reciben los trabajadores dependientes por su salario. Los trabajadores independientes por sus honorarios. Los empresarios por el comercio. Los inversionistas por las ganancias.,Vivian,21.0,5.0,1.0,,,,,,,1,"[21, 5, 1]",3,21.0,Use of Complex Punctuation Marks,"['structural', 'reduction', 'lexical']",3,structural,38,1,0,0,0,r3,long,1,fam=structural | rules=r3 | len=long | num=0 | lex=1,fam=structural | rules=r3 | len=long
3588,395_LibroUAC_Sincopyright.pdf,El crédito genera endeudamiento cuando lo que se recibe en préstamo va más allá de la capacidad de pago que se tiene para devolverlo.,El crédito produce deudas cuando el préstamo supera la capacidad de pago disponible para devolverlo.,Vivian,1.0,6.0,17.0,,,,,,,1,"[1, 6, 17]",3,1.0,Word Frequency,"['lexical', 'structural']",2,lexical,24,1,0,0,0,r3,medium,1,fam=lexical | rules=r3 | len=medium | num=0 | lex=1,fam=lexical | rules=r3 | len=medium
3589,396_LibroUAC_Sincopyright.pdf,Se recomienda que el pago mensual destinado a deudas no supere el 25 % de los ingresos del mes.,Se recomienda que el pago mensual de deudas no supere el veinticinco por ciento de los ingresos.,Vivian,14.0,6.0,5.0,,,,,,,0,"[14, 6, 5]",3,14.0,Use of Numerical Expressions,"['structural', 'lexical', 'reduction']",3,structural,19,1,1,0,1,r3,medium,0,fam=structural | rules=r3 | len=medium | num=1 | lex=0,fam=structural | rules=r3 | len=medium
3591,399_LibroUAC_Sincopyright.pdf,"El crédito o deuda está siempre asociado a un interés que cobra el prestamista (banco, institución financiera, comercio, entre otros), cuyas tasas fluctúan en el mercado financiero y comercial dependiendo del tipo de crédito.",El crédito o deuda se relaciona a un interés cobrado por el prestamista. Sus tasas cambian en el mercado financiero y comercial según el tipo de crédito.,Vivian,16.0,9.0,12.0,17.0,,,,,,0,"[16, 9, 12, 17]",4,16.0,Parenthetical Phrases,"['reduction', 'morphosyntactic', 'structural']",3,reduction,34,1,0,0,0,r4plus,long,0,fam=reduction | rules=r4plus | len=long | num=0 | lex=0,fam=reduction | rules=r4plus | len=long
3592,401_LibroUAC_Sincopyright.pdf,"Esta institución regula los máximos a cobrar, pero estos son establecidos libremente por quienes otorgan los créditos.",Este banco regula los máximos. Pero los establecen los prestamistas.,Vivian,6.0,15.0,18.0,,,,,,,0,"[6, 15, 18]",3,6.0,Complex Phrases,"['lexical', 'structural', 'reduction']",3,lexical,17,1,0,0,0,r3,medium,0,fam=lexical | rules=r3 | len=medium | num=0 | lex=0,fam=lexical | rules=r3 | len=medium
3596,414_LibroUAC_Sincopyright.pdf,"El PIB por habitante alcanzó alrededor de US$25.000, lo que representa el valor que le correspondería a cada persona si se repartiera el monto total de los recursos, es decir, 477.000 millones dividido por los 18,5 millones de habitantes del país, según censo de 2018.",El Producto Interno Bruto por habitante alcanzó casi veinticinco mil dólares. Esto representa el valor para cada persona si se repartiera el total de los recursos.,Vivian,13.0,14.0,9.0,15.0,5.0,,,,,0,"[13, 14, 9, 15, 5]",5,13.0,"Abbreviations, Shortenings, Acronyms, and Initialisms","['lexical', 'structural', 'morphosyntactic', 'reduction']",4,lexical,45,3,1,1,0,r4plus,long,0,fam=lexical | rules=r4plus | len=long | num=1 | lex=0,fam=lexical | rules=r4plus | len=long
3600,421_LibroUAC_Sincopyright.pdf,"Está indexada con el IPC, de ahí que su fluctuación siga las variaciones del costo de la vida mensual, similar a la UF (unidad de fomento).","Está registrada con el índice de precios al consumidor. Por eso, su cambio sigue las variaciones del costo de la vida mensual, similar a la unidad de fomento.",Vivian,13.0,1.0,6.0,15.0,,,,,,1,"[13, 1, 6, 15]",4,13.0,"Abbreviations, Shortenings, Acronyms, and Initialisms","['lexical', 'structural']",2,lexical,26,1,0,0,0,r4plus,long,1,fam=lexical | rules=r4plus | len=long | num=0 | lex=1,fam=lexical | rules=r4plus | len=long
3603,426_LibroUAC_Sincopyright.pdf,"En 2018, el precio fluctuó alrededor de los US$3 por libra de cobre según transacciones en la Bolsa de Metales de Londres.","En dos mil dieciocho, el precio varió casi tres dólares por libra de cobre según transacciones en la Bolsa de Metales de Londres.",Vivian,14.0,1.0,,,,,,,,1,"[14, 1]",2,14.0,Use of Numerical Expressions,"['structural', 'lexical']",2,structural,22,1,1,1,0,r2,medium,1,fam=structural | rules=r2 | len=medium | num=1 | lex=1,fam=structural | rules=r2 | len=medium
3604,427_LibroUAC_Sincopyright.pdf,"Además de los anteriores, en la economía global hay indicadores financieros que entregan información sobre el pulso bursátil, el número y los montos de las transacciones de acciones de sociedades, bonos u otros instrumentos financieros y de inversión.","En la economía global hay indicadores financieros que informan sobre el pulso bancario, el número y montos de las transacciones, bonos e instrumentos financieros.",Vivian,1.0,5.0,6.0,,,,,,,1,"[1, 5, 6]",3,1.0,Word Frequency,"['lexical', 'reduction']",2,lexical,38,1,0,0,0,r3,long,1,fam=lexical | rules=r3 | len=long | num=0 | lex=1,fam=lexical | rules=r3 | len=long
3605,432_LibroUAC_Sincopyright.pdf,"Este tipo de delitos es un fenómeno tanto nacional o local, como internacional, y de la ausencia o presencia de ellos depende que a un país se le clasifique de probo o corrupto.",Estos delitos son nacionales e internacionales. De estos depende la clasificación de un país como honrado o corrupto.,Vivian,8.0,19.0,15.0,1.0,,,,,,1,"[8, 19, 15, 1]",4,8.0,Conjunctions,"['morphosyntactic', 'structural', 'lexical']",3,morphosyntactic,33,1,0,0,0,r4plus,long,1,fam=morphosyntactic | rules=r4plus | len=long | num=0 | lex=1,fam=morphosyntactic | rules=r4plus | len=long
3606,433_LibroUAC_Sincopyright.pdf,"La probidad es la honradez en las acciones y practicarla supone distinción para quien cumple correctamente con su deber y actúa de acuerdo con principios morales de buen vivir, especialmente en lo referente al respeto por la propiedad ajena, la transparencia en los negocios, la vida personal y sus finanzas.",La probidad es la honradez en las acciones. Practicarla supone distinción para quien cumple correctamente su deber y acorde con principios morales.,Vivian,15.0,5.0,,,,,,,,0,"[15, 5]",2,15.0,Sentence Length,"['structural', 'reduction']",2,structural,50,1,0,0,0,r2,long,0,fam=structural | rules=r2 | len=long | num=0 | lex=0,fam=structural | rules=r2 | len=long
3609,437_LibroUAC_Sincopyright.pdf,Esta institución define la corrupción como «el abuso del poder para beneficio personal» por lo que cubre aspectos financieros y no financieros.,"Según esta institución, la corrupción es el abuso de poder para beneficio personal. Entonces, tiene aspectos financieros y no financieros.",Vivian,21.0,15.0,6.0,,,,,,,0,"[21, 15, 6]",3,21.0,Use of Complex Punctuation Marks,"['structural', 'lexical']",2,structural,22,1,0,0,0,r3,medium,0,fam=structural | rules=r3 | len=medium | num=0 | lex=0,fam=structural | rules=r3 | len=medium
3610,438_LibroUAC_Sincopyright.pdf,"Los principales delitos de este tipo son el tráfico de influencias, el fraude, el lavado de dinero, el cohecho, la quiebra fraudulenta y la estafa.","Los principales delitos de corrupción son tráfico de influencias, fraude, lavado de dinero, soborno y estafa.",Vivian,6.0,1.0,,,,,,,,1,"[6, 1]",2,6.0,Complex Phrases,['lexical'],1,lexical,25,1,0,0,0,r2,long,1,fam=lexical | rules=r2 | len=long | num=0 | lex=1,fam=lexical | rules=r2 | len=long
3613,693_LibroUAC_Sincopyright.pdf,"El siguiente recuadro muestra los montos de la balanza chilena (en millones de dólares) para cuatro años sucesivos a precios FOB (costos, seguro y flete en puertos de origen).",El siguiente cuadro tiene los montos de la balanza chilena para cuatro años sucesivos.,Vivian,5.0,4.0,1.0,,,,,,,1,"[5, 4, 1]",3,5.0,Unnecessary Words,"['reduction', 'lexical']",2,reduction,29,1,0,1,0,r3,long,1,fam=reduction | rules=r3 | len=long | num=0 | lex=1,fam=reduction | rules=r3 | len=long
3618,711_LibroUAC_Sincopyright.pdf,Para ello disponen de sistemas de información que les proporcionan datos financieros y no financieros periódicamente.,Para ello tienen sistemas de información. Estos les entregan datos financieros y no financieros periódicamente.,Vivian,17.0,1.0,,,,,,,,1,"[17, 1]",2,17.0,Relative Clauses,"['structural', 'lexical']",2,structural,16,1,0,0,0,r2,medium,1,fam=structural | rules=r2 | len=medium | num=0 | lex=1,fam=structural | rules=r2 | len=medium
3619,712_LibroUAC_Sincopyright.pdf,Una de las fuentes de información más eficaces es la representada por los estados financieros;,Los estados financieros son una fuente de información eficaz;,Vivian,21.0,19.0,6.0,5.0,,,,,,0,"[21, 19, 6, 5]",4,21.0,Use of Complex Punctuation Marks,"['structural', 'lexical', 'reduction']",3,structural,15,1,0,0,0,r4plus,medium,0,fam=structural | rules=r4plus | len=medium | num=0 | lex=0,fam=structural | rules=r4plus | len=medium
3622,716_LibroUAC_Sincopyright.pdf,"De acuerdo con el Código de Comercio chileno (Artículo N.° 25 y siguientes), las empresas están obligadas a llevar contabilidad y preparar informes periódicamente, lo que le permite a sus administradores conocer la marcha de los negocios, además es base para el cálculo y pago de impuestos al fisco.","Según el Código de Comercio chileno, las empresas deben llevar contabilidad y preparar informes periódicamente. Esto permite a los administradores conocer el desarrollo de los negocios. Además, sirve para calcular y pagar los impuestos.",Vivian,6.0,16.0,17.0,15.0,1.0,,,,,1,"[6, 16, 17, 15, 1]",5,6.0,Complex Phrases,"['lexical', 'reduction', 'structural']",3,lexical,49,2,1,0,0,r4plus,long,1,fam=lexical | rules=r4plus | len=long | num=1 | lex=1,fam=lexical | rules=r4plus | len=long
3624,719_LibroUAC_Sincopyright.pdf,"Usualmente, se acompañan de notas explicativas de las principales cifras y valores monetarios para mejorar la comprensión de los números.",Los acompañan notas explicativas de las principales cifras y valores monetarios para comprender mejor los datos.,Vivian,5.0,1.0,6.0,,,,,,,1,"[5, 1, 6]",3,5.0,Unnecessary Words,"['reduction', 'lexical']",2,reduction,20,1,0,0,0,r3,medium,1,fam=reduction | rules=r3 | len=medium | num=0 | lex=1,fam=reduction | rules=r3 | len=medium
3628,726_LibroUAC_Sincopyright.pdf,"A diferencia del balance, se asemeja al rodaje de una película porque cubre un período.",Comprende un período.,Vivian,5.0,1.0,,,,,,,,1,"[5, 1]",2,5.0,Unnecessary Words,"['reduction', 'lexical']",2,reduction,15,1,0,0,0,r2,medium,1,fam=reduction | rules=r2 | len=medium | num=0 | lex=1,fam=reduction | rules=r2 | len=medium
3631,730_LibroUAC_Sincopyright.pdf,Es un informe complementario al balance y contiene datos de todo el ejercicio contable.,Es un informe adicional al balance con datos de toda la contabilidad.,Vivian,1.0,6.0,,,,,,,,1,"[1, 6]",2,1.0,Word Frequency,['lexical'],1,lexical,14,1,0,0,0,r2,medium,1,fam=lexical | rules=r2 | len=medium | num=0 | lex=1,fam=lexical | rules=r2 | len=medium
3636,736_LibroUAC_Sincopyright.pdf,Las fuentes de datos para la preparación de indicadores financieros son precisamente las de los estados financieros de las compañías.,Los estados financieros de las empresas son las fuentes de datos para hacer los indicadores financieros.,Vivian,1.0,19.0,6.0,5.0,,,,,,1,"[1, 19, 6, 5]",4,1.0,Word Frequency,"['lexical', 'structural', 'reduction']",3,lexical,20,1,0,0,0,r4plus,medium,1,fam=lexical | rules=r4plus | len=medium | num=0 | lex=1,fam=lexical | rules=r4plus | len=medium
3642,749_LibroUAC_Sincopyright.pdf,A continuación revisamos algunos documentos de uso frecuente en las organizaciones:,Ahora revisamos algunos documentos de uso frecuente en las empresas:,Vivian,1.0,6.0,,,,,,,,1,"[1, 6]",2,1.0,Word Frequency,['lexical'],1,lexical,11,1,0,0,0,r2,short,1,fam=lexical | rules=r2 | len=short | num=0 | lex=1,fam=lexical | rules=r2 | len=short
3647,754_LibroUAC_Sincopyright.pdf,"El Código Tributario, por su parte, señala, en su artículo 17, inciso 2.°, que «los libros de contabilidad deben ser conservados por los contribuyentes, junto con la documentación correspondiente, mientras esté pendiente el plazo que tiene el servicio de impuestos internos para la revisión de las declaraciones».",El Código Tributario en el artículo diecisiete establece: Los contribuyentes deben conservar los libros de contabilidad y los documentos durante el plazo de revisión de declaraciones del servicio de impuestos.,Vivian,21.0,15.0,5.0,6.0,14.0,1.0,19.0,,,1,"[21, 15, 5, 6, 14, 1, 19]",7,21.0,Use of Complex Punctuation Marks,"['structural', 'reduction', 'lexical']",3,structural,47,2,1,0,0,r4plus,long,1,fam=structural | rules=r4plus | len=long | num=1 | lex=1,fam=structural | rules=r4plus | len=long
3652,761_LibroUAC_Sincopyright.pdf,"La validez legal para usos comerciales de la documentación y libros de contabilidad se satisface con el cumplimiento de la obligación que tienen todas las empresas de timbrar y registrar en el Servicio de Impuestos Internos dicha documentación y libros convencionales o digitales, pagando cuando procede el impuesto de timbre establecido en el D.L. N.475 de 1980.",Las empresas deben timbrar y registrar los documentos y libros de contabilidad en el Servicio de Impuestos Internos. Esto para su validez legal en uso comercial.,Vivian,15.0,19.0,16.0,5.0,4.0,12.0,,,,0,"[15, 19, 16, 5, 4, 12]",6,15.0,Sentence Length,"['structural', 'reduction', 'lexical', 'morphosyntactic']",4,structural,57,4,1,0,0,r4plus,long,0,fam=structural | rules=r4plus | len=long | num=1 | lex=0,fam=structural | rules=r4plus | len=long
3653,767_LibroUAC_Sincopyright.pdf,¿Qué función cumplen las empresas en la sociedad?,¿Qué función tienen las empresas en la sociedad?,Vivian,21.0,1.0,,,,,,,,1,"[21, 1]",2,21.0,Use of Complex Punctuation Marks,"['structural', 'lexical']",2,structural,8,1,0,0,0,r2,short,1,fam=structural | rules=r2 | len=short | num=0 | lex=1,fam=structural | rules=r2 | len=short
3660,783_LibroUAC_Sincopyright.pdf,"Según las NIIF, ¿cuáles son los estados financieros?",¿Cuáles son los estados financieros?,Vivian,5.0,21.0,,,,,,,,0,"[5, 21]",2,5.0,Unnecessary Words,"['reduction', 'structural']",2,reduction,8,1,0,0,0,r2,short,0,fam=reduction | rules=r2 | len=short | num=0 | lex=0,fam=reduction | rules=r2 | len=short
3661,785_LibroUAC_Sincopyright.pdf,¿Podrías explicar un indicador financiero de empresas y agregar un ejemplo numérico?,¿Explique un indicador financiero de empresas y agregue un ejemplo numérico?,Vivian,21.0,6.0,,,,,,,,0,"[21, 6]",2,21.0,Use of Complex Punctuation Marks,"['structural', 'lexical']",2,structural,12,1,0,0,0,r2,short,0,fam=structural | rules=r2 | len=short | num=0 | lex=0,fam=structural | rules=r2 | len=short
3665,794_LibroUAC_Sincopyright.pdf,"Las primeras leyes tributarias aparecen en Egipto, China y Mesopotamia hace unos cinco mil años.","Las primeras leyes tributarias aparecieron en Egipto, China y Mesopotamia hace cinco mil años.",Vivian,5.0,4.0,,,,,,,,0,"[5, 4]",2,5.0,Unnecessary Words,"['reduction', 'lexical']",2,reduction,15,1,0,0,0,r2,medium,0,fam=reduction | rules=r2 | len=medium | num=0 | lex=0,fam=reduction | rules=r2 | len=medium
3666,795_LibroUAC_Sincopyright.pdf,"En el origen, los impuestos eran aplicados a las personas, por los soberanos y el clero, para financiar los asuntos de las castas gobernantes y ceremonias religiosas respectivamente.","Originalmente, los reyes y sacerdotes aplicaban los impuestos a las personas. Para financiar el gobierno y las ceremonias religiosas.",Vivian,6.0,15.0,5.0,1.0,19.0,,,,,1,"[6, 15, 5, 1, 19]",5,6.0,Complex Phrases,"['lexical', 'structural', 'reduction']",3,lexical,28,1,0,0,0,r4plus,long,1,fam=lexical | rules=r4plus | len=long | num=0 | lex=1,fam=lexical | rules=r4plus | len=long
3667,795b_LibroUAC_Sincopyright.pdf,"En la actualidad, los impuestos que recauda el fisco permiten financiar gasto e inversiones y actividades de bien general en beneficio de los habitantes del territorio.","Actualmente, los impuestos recogidos por el fisco financian gasto, inversiones y actividades beneficiosas para los ciudadanos.",Vivian,17.0,6.0,5.0,1.0,,,,,,1,"[17, 6, 5, 1]",4,17.0,Relative Clauses,"['structural', 'lexical', 'reduction']",3,structural,26,1,0,0,0,r4plus,long,1,fam=structural | rules=r4plus | len=long | num=0 | lex=1,fam=structural | rules=r4plus | len=long
3669,800_LibroUAC_Sincopyright.pdf,El IVA (impuesto al valor agregado) y el de rentas (del trabajo y del capital o utilidades de la industria y del comercio).,El impuesto al valor agregado y el de rentas.,Vivian,14.0,5.0,,,,,,,,0,"[14, 5]",2,14.0,Use of Numerical Expressions,"['structural', 'reduction']",2,structural,23,1,0,0,0,r2,medium,0,fam=structural | rules=r2 | len=medium | num=0 | lex=0,fam=structural | rules=r2 | len=medium
3672,815_LibroUAC_Sincopyright.pdf,"Tiene una tasa general de 19 % (en 2019) que se aplica en todo el territorio nacional, aunque algunos productos y servicios están exentos de pagarlo.",Tiene una tasa general del diecinueve por ciento aplicado en todo el país. Algunos productos y servicios no lo pagan.,Vivian,6.0,14.0,16.0,,,,,,,0,"[6, 14, 16]",3,6.0,Complex Phrases,"['lexical', 'structural', 'reduction']",3,lexical,26,1,1,0,1,r3,long,0,fam=lexical | rules=r3 | len=long | num=1 | lex=0,fam=lexical | rules=r3 | len=long
3687,840_LibroUAC_Sincopyright.pdf,Para evitarla siempre debemos pedir la boleta o factura de las compras que realizamos.,Para evitarla debemos pedir la factura de las compras realizadas.,Vivian,17.0,5.0,,,,,,,,0,"[17, 5]",2,17.0,Relative Clauses,"['structural', 'reduction']",2,structural,14,1,0,0,0,r2,medium,0,fam=structural | rules=r2 | len=medium | num=0 | lex=0,fam=structural | rules=r2 | len=medium
3688,841_LibroUAC_Sincopyright.pdf,Este impuesto se calcula para las rentas del capital y supone gravar las utilidades de las empresas y las ganancias de las inversiones de personas naturales y jurídicas.,Este impuesto se calcula para las rentas del capital. Supone gravar las ganancias de las empresas las inversiones de personas naturales y jurídicas.,Vivian,15.0,1.0,5.0,,,,,,,1,"[15, 1, 5]",3,15.0,Sentence Length,"['structural', 'lexical', 'reduction']",3,structural,28,1,0,0,0,r3,long,1,fam=structural | rules=r3 | len=long | num=0 | lex=1,fam=structural | rules=r3 | len=long
3693,851_LibroUAC_Sincopyright.pdf,Al final del año se calcula el impuesto anual correspondiente y a ese monto se le restan los PPM pagados.,Al final del año se calcula el impuesto anual. Y se le restan los Pagos Provisionales Mensuales hechos.,Vivian,13.0,5.0,4.0,,,,,,,0,"[13, 5, 4]",3,13.0,"Abbreviations, Shortenings, Acronyms, and Initialisms","['lexical', 'reduction']",2,lexical,20,1,0,0,0,r3,medium,0,fam=lexical | rules=r3 | len=medium | num=0 | lex=0,fam=lexical | rules=r3 | len=medium
3694,855_LibroUAC_Sincopyright.pdf,Se llama también Impuesto Único a los Trabajadores (IUT).,También llamado Impuesto Único a los Trabajadores.,Vivian,6.0,13.0,,,,,,,,0,"[6, 13]",2,6.0,Complex Phrases,['lexical'],1,lexical,9,1,0,0,0,r2,short,0,fam=lexical | rules=r2 | len=short | num=0 | lex=0,fam=lexical | rules=r2 | len=short
3696,857_LibroUAC_Sincopyright.pdf,Los sueldos o pensiones que superen ese monto pagan impuestos con tasas desde 4 % en el segundo tramo y que aumentan progresivamente hasta llegar al 40 % en el octavo y último tramo para ingresos sobre las 120 UTM.,Los salarios superiores a ese monto pagan impuestos con tasas desde cuatro por ciento en la segunda etapa. Aumentan progresivamente hasta llegar al cuarenta por ciento en la octava y última etapa para ingresos sobre las ciento veinte unidades tributarias mensuales.,Vivian,15.0,14.0,5.0,1.0,17.0,,,,,1,"[15, 14, 5, 1, 17]",5,15.0,Sentence Length,"['structural', 'reduction', 'lexical']",3,structural,40,1,1,0,1,r4plus,long,1,fam=structural | rules=r4plus | len=long | num=1 | lex=1,fam=structural | rules=r4plus | len=long
3699,877_LibroUAC_Sincopyright.pdf,"Retenciones sobre los honorarios. Hasta hace poco, las empresas le descontaban a los trabajadores inde-pendientes el  10 %  de los ingresos (honorarios) en calidad de PPM, el que pagaban al fisco junto al IUT .",Retenciones sobre los honorarios. Las empresas les descontaban a los trabajadores independientes el diez por ciento de los ingresos en calidad de pagos provisionales mensuales. Lo pagaban al fisco con el impuesto único a los trabajadores.,Vivian,5.0,14.0,13.0,17.0,,,,,,0,"[5, 14, 13, 17]",4,5.0,Unnecessary Words,"['reduction', 'structural', 'lexical']",3,reduction,35,2,1,0,1,r4plus,long,0,fam=reduction | rules=r4plus | len=long | num=1 | lex=0,fam=reduction | rules=r4plus | len=long
3710,894_LibroUAC_Sincopyright.pdf,"Si queda saldo a favor del fisco, este se debe pagar hasta el 30 de abril; si queda saldo a favor de la persona, el fisco lo devuelve en mayo o junio de cada año.","Si queda saldo a favor del fisco, se paga hasta el treinta de abril. Si queda saldo a favor de la persona, el fisco lo devuelve en mayo o junio de cada año.",Vivian,21.0,14.0,,,,,,,,0,"[21, 14]",2,21.0,Use of Complex Punctuation Marks,['structural'],1,structural,35,1,1,0,0,r2,long,0,fam=structural | rules=r2 | len=long | num=1 | lex=0,fam=structural | rules=r2 | len=long
3712,572_LibroBAC.pdf,Estos principios están diseñados para promover que las firmas de servicios financieros y las organizaciones de consumidores hagan más para educar a los ciudadanos en esta área.,Estos principios están diseñados para promover que las empresas de servicios financieros y las organizaciones de consumidores hagan más para educar a los ciudadanos en esta área.,Fiorella,4.0,,,,,,,,,0,[4],1,4.0,Ambiguity in Word Meaning,['lexical'],1,lexical,27,1,0,0,0,r1,long,0,fam=lexical | rules=r1 | len=long | num=0 | lex=0,fam=lexical | rules=r1 | len=long
3713,579_LibroBAC.pdf,"Por otra parte, dice la misma Organización: La educación financiera debe ser considerada como una herramienta para promover el crecimiento económico, la confianza y la estabilidad.","Por otra parte, la misma Organización dice que la educación financiera debe ser considerada como una herramienta para promover el crecimiento económico, la confianza y la estabilidad.",Fiorella,21.0,,,,,,,,,0,[21],1,21.0,Use of Complex Punctuation Marks,['structural'],1,structural,26,1,0,0,0,r1,long,0,fam=structural | rules=r1 | len=long | num=0 | lex=0,fam=structural | rules=r1 | len=long
3715,838_LibroBAC.pdf,"Muchas personas apenas subsisten un par de meses, y ¿usted?",Muchas personas apenas subsisten un par de meses.,Fiorella,5.0,,,,,,,,,0,[5],1,5.0,Unnecessary Words,['reduction'],1,reduction,10,1,0,0,0,r1,short,0,fam=reduction | rules=r1 | len=short | num=0 | lex=0,fam=reduction | rules=r1 | len=short
3719,2049_LibroBAC.pdf,"La Macroeconomía, por otro lado, es la rama de la economía especializada en estudiar el comportamiento de los grandes agregados.","Por otro lado, la Macroeconomía es la rama de la economía especializada en estudiar el comportamiento de los grandes agregados.",Fiorella,19.0,,,,,,,,,0,[19],1,19.0,Sentence Order,['structural'],1,structural,20,1,0,0,0,r1,medium,0,fam=structural | rules=r1 | len=medium | num=0 | lex=0,fam=structural | rules=r1 | len=medium
3720,2054_LibroBAC.pdf,"En todo caso, la Microeconomía y la Macroeconomía están estrechamente vinculadas y relacionadas entre sí.","En todo caso, la Microeconomía y la Macroeconomía están estrechamente relacionadas entre sí.",Fiorella,5.0,,,,,,,,,0,[5],1,5.0,Unnecessary Words,['reduction'],1,reduction,15,1,0,0,0,r1,medium,0,fam=reduction | rules=r1 | len=medium | num=0 | lex=0,fam=reduction | rules=r1 | len=medium
3724,5299_LibroBAC.pdf,"Los activos líquidos incluyen bonos de ahorro, cuentas de ahorro, cuentas corrientes, etc.","Los activos líquidos incluyen bonos de ahorro, cuentas de ahorro, cuentas corrientes, entre otros.",Fiorella,13.0,,,,,,,,,0,[13],1,13.0,"Abbreviations, Shortenings, Acronyms, and Initialisms",['lexical'],1,lexical,13,1,0,0,0,r1,medium,0,fam=lexical | rules=r1 | len=medium | num=0 | lex=0,fam=lexical | rules=r1 | len=medium
3730,5350_LibroBAC.pdf,Yo sé que esto es algo que probablemente preferirían no hacer.,Yo sé que probablemente preferirían no hacer esto.,Fiorella,17.0,,,,,,,,,0,[17],1,17.0,Relative Clauses,['structural'],1,structural,11,1,0,0,0,r1,short,0,fam=structural | rules=r1 | len=short | num=0 | lex=0,fam=structural | rules=r1 | len=short
3735,7638_LibroBAC.pdf,Por lo que nuevamente usted necesita tomar una decisión.,Por lo que usted necesita tomar una decisión nuevamente.,Fiorella,19.0,,,,,,,,,0,[19],1,19.0,Sentence Order,['structural'],1,structural,9,1,0,0,0,r1,short,0,fam=structural | rules=r1 | len=short | num=0 | lex=0,fam=structural | rules=r1 | len=short
3736,7663_LibroBAC.pdf,"Y además la recompensa ya no parece valer la inversión emocional, intelectual y física implicada.","Además, la recompensa ya no parece valer la inversión emocional, intelectual y física implicada.",Fiorella,5.0,,,,,,,,,0,[5],1,5.0,Unnecessary Words,['reduction'],1,reduction,15,1,0,0,0,r1,medium,0,fam=reduction | rules=r1 | len=medium | num=0 | lex=0,fam=reduction | rules=r1 | len=medium
3742,7697_LibroBAC.pdf,"Los ingresos seguirán creciendo, pero con menor aceleración, hasta alcanzar el tope en algún momento de la etapa.","Los ingresos seguirán creciendo, pero con menor aceleración, hasta llegar al límite en algún momento de la etapa.",Fiorella,4.0,,,,,,,,,0,[4],1,4.0,Ambiguity in Word Meaning,['lexical'],1,lexical,18,1,0,0,0,r1,medium,0,fam=lexical | rules=r1 | len=medium | num=0 | lex=0,fam=lexical | rules=r1 | len=medium
3743,7704_LibroBAC.pdf,Y así llegamos a la sexta y última etapa de la vida.,"Así, llegamos a la sexta y última etapa de la vida.",Fiorella,5.0,,,,,,,,,0,[5],1,5.0,Unnecessary Words,['reduction'],1,reduction,12,1,0,0,0,r1,short,0,fam=reduction | rules=r1 | len=short | num=0 | lex=0,fam=reduction | rules=r1 | len=short
3746,7710b_LibroBAC.pdf,"El presupuesto de gastos ayuda a determinar si se tienen los recursos y la capacidad personal, para poner en práctica las metas financieras personales y de la familia.",El presupuesto de gastos ayuda a determinar si se tienen los recursos y la capacidad personal para aplicar las metas financieras personales y familiares.,Fiorella,6.0,,,,,,,,,0,[6],1,6.0,Complex Phrases,['lexical'],1,lexical,28,1,0,0,0,r1,long,0,fam=lexical | rules=r1 | len=long | num=0 | lex=0,fam=lexical | rules=r1 | len=long
3749,7726_LibroBAC.pdf,Este modelo nos ha sido presentado por los autores referenciados en el título.,Los autores referenciados en el título nos han presentado este modelo.,Fiorella,18.0,,,,,,,,,0,[18],1,18.0,Sentences of formal and aesthetic use,['reduction'],1,reduction,13,1,0,0,0,r1,medium,0,fam=reduction | rules=r1 | len=medium | num=0 | lex=0,fam=reduction | rules=r1 | len=medium
3755,10144_LibroBAC.pdf,"Si ocupa un ingreso mensual, el mercado local ofrece certificados, depósitos y fondos de inversión de ingreso, entre otros.","El mercado local ofrece opciones si ocupa un ingreso mensual, como certificados, depósitos, fondos de inversión de ingreso, entre otros.",Fiorella,19.0,,,,,,,,,0,[19],1,19.0,Sentence Order,['structural'],1,structural,19,1,0,0,0,r1,medium,0,fam=structural | rules=r1 | len=medium | num=0 | lex=0,fam=structural | rules=r1 | len=medium
3770,11551_LibroBAC.pdf,Tiene que pagar interés por esta conveniencia.,Debe pagar interés por esta conveniencia.,Fiorella,6.0,,,,,,,,,0,[6],1,6.0,Complex Phrases,['lexical'],1,lexical,7,1,0,0,0,r1,short,0,fam=lexical | rules=r1 | len=short | num=0 | lex=0,fam=lexical | rules=r1 | len=short
3772,11555_LibroBAC.pdf,Ejemplos de deudas de consumidor incluyen pagar con tarjeta de crédito en el supermercado o al ir al cine.,Los ejemplos de deudas de consumidor incluyen pagar con tarjeta de crédito en el supermercado o el cine.,Fiorella,5.0,,,,,,,,,0,[5],1,5.0,Unnecessary Words,['reduction'],1,reduction,19,1,0,0,0,r1,medium,0,fam=reduction | rules=r1 | len=medium | num=0 | lex=0,fam=reduction | rules=r1 | len=medium
3775,11618_LibroBAC.pdf,"Sin ésta, no existe el crédito.",No existe el crédito sin esta.,Fiorella,19.0,,,,,,,,,0,[19],1,19.0,Sentence Order,['structural'],1,structural,6,1,0,0,0,r1,short,0,fam=structural | rules=r1 | len=short | num=0 | lex=0,fam=structural | rules=r1 | len=short
3776,11662_LibroBAC.pdf,"Hable con ellos, déles la cara, y hágales saber que está haciendo todo lo que puede para pagarles.","Hable con ellos, enfréntelos y comuníqueles que está haciendo lo posible para pagarles.",Fiorella,6.0,,,,,,,,,0,[6],1,6.0,Complex Phrases,['lexical'],1,lexical,18,1,0,0,0,r1,medium,0,fam=lexical | rules=r1 | len=medium | num=0 | lex=0,fam=lexical | rules=r1 | len=medium
3778,11683_LibroBAC.pdf,El documento legal normalmente más utilizado es el pagaré o la letra de cambio.,El documento legal más utilizado es el pagaré o la letra de cambio.,Fiorella,5.0,,,,,,,,,0,[5],1,5.0,Unnecessary Words,['reduction'],1,reduction,14,1,0,0,0,r1,medium,0,fam=reduction | rules=r1 | len=medium | num=0 | lex=0,fam=reduction | rules=r1 | len=medium
3779,15438b_LibroBAC.pdf,"Como ya lo dijimos, los seguros son otro elemento digno de conocer en el ámbito de la educación financiera ciudadana.","Según lo dicho, los seguros son otro elemento digno de conocer respecto la educación financiera ciudadana.",Fiorella,6.0,,,,,,,,,0,[6],1,6.0,Complex Phrases,['lexical'],1,lexical,20,1,0,0,0,r1,medium,0,fam=lexical | rules=r1 | len=medium | num=0 | lex=0,fam=lexical | rules=r1 | len=medium
3780,15462_LibroBAC.pdf,Para planear tu retiro debes establecer lo siguiente:,Debes establecer lo siguiente para planear tu retiro:,Fiorella,19.0,,,,,,,,,0,[19],1,19.0,Sentence Order,['structural'],1,structural,8,1,0,0,0,r1,short,0,fam=structural | rules=r1 | len=short | num=0 | lex=0,fam=structural | rules=r1 | len=short
3781,15472_LibroBAC.pdf,¿Y qué va a pasar cuando los servicios sociales de salud y las cajas de jubilación se queden sin dinero?,¿Y qué pasará cuando los servicios sociales de salud y las cajas de jubilación no tengan dinero?,Fiorella,6.0,,,,,,,,,0,[6],1,6.0,Complex Phrases,['lexical'],1,lexical,20,1,0,0,0,r1,medium,0,fam=lexical | rules=r1 | len=medium | num=0 | lex=0,fam=lexical | rules=r1 | len=medium
3784,15569_LibroBAC.pdf,La suma asegurada podrá mantener estable o constante o podrá variar según el comportamiento inflacionario.,La suma asegurada podrá mantenerse constante o variar según el comportamiento inflacionario.,Fiorella,5.0,,,,,,,,,0,[5],1,5.0,Unnecessary Words,['reduction'],1,reduction,15,1,0,0,0,r1,medium,0,fam=reduction | rules=r1 | len=medium | num=0 | lex=0,fam=reduction | rules=r1 | len=medium
3787,17545_LibroBAC.pdf,Conjunto de flora y fauna de una región.,Es el conjunto de flora y fauna de una región.,Fiorella,7.0,,,,,,,,,0,[7],1,7.0,Use of Nominalizations,['morphosyntactic'],1,morphosyntactic,8,1,0,0,0,r1,short,0,fam=morphosyntactic | rules=r1 | len=short | num=0 | lex=0,fam=morphosyntactic | rules=r1 | len=short
3792,621_LibroNEFE_Sincopyright.pdf,"¿Cobran algún cargo por trabajar con cajeros de forma presencial, por Internet o por teléfono?","¿Cobran algún cargo por trabajar con cajeros presencialmente, por Internet o por teléfono?",Fiorella,6.0,,,,,,,,,0,[6],1,6.0,Complex Phrases,['lexical'],1,lexical,15,1,0,0,0,r1,medium,0,fam=lexical | rules=r1 | len=medium | num=0 | lex=0,fam=lexical | rules=r1 | len=medium
3793,624_LibroNEFE_Sincopyright.pdf,Las cuentas de cheques te permiten administrar tu dinero con mayor comodidad.,Las cuentas de cheques te permiten administrar tu dinero cómodamente.,Fiorella,6.0,,,,,,,,,0,[6],1,6.0,Complex Phrases,['lexical'],1,lexical,12,1,0,0,0,r1,short,0,fam=lexical | rules=r1 | len=short | num=0 | lex=0,fam=lexical | rules=r1 | len=short
3797,646_LibroNEFE_Sincopyright.pdf,"Con un sueldo menos y gastos adicionales, el dinero escaseaba.",El dinero escaseaba con un sueldo menos y gastos adicionales.,Fiorella,19.0,,,,,,,,,0,[19],1,19.0,Sentence Order,['structural'],1,structural,10,1,0,0,0,r1,short,0,fam=structural | rules=r1 | len=short | num=0 | lex=0,fam=structural | rules=r1 | len=short
3798,668_LibroNEFE_Sincopyright.pdf,Los sobregiros dañarán tu reputación con el banco y con las personas a quienes les debes dinero.,Los sobregiros dañarán tu reputación con el banco y con los prestamistas.,Fiorella,6.0,,,,,,,,,0,[6],1,6.0,Complex Phrases,['lexical'],1,lexical,17,1,0,0,0,r1,medium,0,fam=lexical | rules=r1 | len=medium | num=0 | lex=0,fam=lexical | rules=r1 | len=medium
3799,691_LibroNEFE_Sincopyright.pdf,Suma los montos de todos los depósitos que todavía no se registraron en tu cuenta.,Suma los montos de todos los depósitos no registrados todavía en tu cuenta.,Fiorella,6.0,,,,,,,,,0,[6],1,6.0,Complex Phrases,['lexical'],1,lexical,15,1,0,0,0,r1,medium,0,fam=lexical | rules=r1 | len=medium | num=0 | lex=0,fam=lexical | rules=r1 | len=medium
3801,717_LibroNEFE_Sincopyright.pdf,Los certificados de depósito son depósitos que haces por un plazo determinado.,Los certificados de depósito son depósitos hechos por un plazo determinado.,Fiorella,6.0,,,,,,,,,0,[6],1,6.0,Complex Phrases,['lexical'],1,lexical,12,1,0,0,0,r1,short,0,fam=lexical | rules=r1 | len=short | num=0 | lex=0,fam=lexical | rules=r1 | len=short
3805,734_LibroNEFE_Sincopyright.pdf,"Es posible que otras cuentas, como los fondos comunes de inversión, no estén aseguradas.","Otras cuentas, como los fondos comunes de inversión, podrían no estar aseguradas.",Fiorella,6.0,,,,,,,,,0,[6],1,6.0,Complex Phrases,['lexical'],1,lexical,14,1,0,0,0,r1,medium,0,fam=lexical | rules=r1 | len=medium | num=0 | lex=0,fam=lexical | rules=r1 | len=medium
3806,741_LibroNEFE_Sincopyright.pdf,Cuál es el mejor método dependerá de tus necesidades y objetivos.,El mejor método dependerá de tus necesidades y objetivos.,Fiorella,5.0,,,,,,,,,0,[5],1,5.0,Unnecessary Words,['reduction'],1,reduction,11,1,0,0,0,r1,short,0,fam=reduction | rules=r1 | len=short | num=0 | lex=0,fam=reduction | rules=r1 | len=short
3808,17581_LibroBAC.pdf,"Delación: Acusación, denuncia.",La delación es una acusación o denuncia.,Fiorella,3.0,,,,,,,,,0,[3],1,3.0,Visual Reference Dependence,['reduction'],1,reduction,3,1,0,0,0,r1,short,0,fam=reduction | rules=r1 | len=short | num=0 | lex=0,fam=reduction | rules=r1 | len=short
3809,17583_LibroBAC.pdf,"Depredación: Pillaje, robo con violencia, devastación.","La depredación es un saqueo, robo con violencia o devastación.",Fiorella,3.0,,,,,,,,,0,[3],1,3.0,Visual Reference Dependence,['reduction'],1,reduction,6,1,0,0,0,r1,short,0,fam=reduction | rules=r1 | len=short | num=0 | lex=0,fam=reduction | rules=r1 | len=short
3810,563_LibroUAC_Sincopyright.pdf,Estas cifras son similares a las que se observan en la rentabilidad de inversiones en bienes raíces a través de los arriendos.,Estas cifras son similares a las observadas en la rentabilidad de inversiones en bienes raíces mediante los arriendos.,Fiorella,6.0,,,,,,,,,0,[6],1,6.0,Complex Phrases,['lexical'],1,lexical,22,1,0,0,0,r1,medium,0,fam=lexical | rules=r1 | len=medium | num=0 | lex=0,fam=lexical | rules=r1 | len=medium
3811,574_LibroUAC_Sincopyright.pdf,Lo contrario a la inflación es la deflación o caída en los precios.,La deflación o caída en los precios es lo contrario a la inflación.,Fiorella,19.0,,,,,,,,,0,[19],1,19.0,Sentence Order,['structural'],1,structural,13,1,0,0,0,r1,medium,0,fam=structural | rules=r1 | len=medium | num=0 | lex=0,fam=structural | rules=r1 | len=medium
3819,629_LibroUAC_Sincopyright.pdf,Pero ¿en qué se compite?,Pero ¿en qué se compite?,Fiorella,,,,,,,,,,0,[],0,,,[],0,unknown,5,1,0,0,0,r1,short,0,fam=unknown | rules=r1 | len=short | num=0 | lex=0,fam=unknown | rules=r1 | len=short
3820,632_LibroUAC_Sincopyright.pdf,El consumidor premia con su decisión de compra a la empresa que mejor satisface sus necesidades.,El consumidor premia con su compra a la empresa que mejor satisface sus necesidades.,Fiorella,5.0,,,,,,,,,0,[5],1,5.0,Unnecessary Words,['reduction'],1,reduction,16,1,0,0,0,r1,medium,0,fam=reduction | rules=r1 | len=medium | num=0 | lex=0,fam=reduction | rules=r1 | len=medium
3823,667_LibroUAC_Sincopyright.pdf,Importación es lo que se trae de otras naciones y exportación lo que sale del país.,La importación es lo traído desde otras naciones y la exportación es que sale del país.,Fiorella,6.0,,,,,,,,,0,[6],1,6.0,Complex Phrases,['lexical'],1,lexical,16,1,0,0,0,r1,medium,0,fam=lexical | rules=r1 | len=medium | num=0 | lex=0,fam=lexical | rules=r1 | len=medium
3825,674_LibroUAC_Sincopyright.pdf,Esta situación es típica de países subdesarrollados o en vías de desarrollo.,Esta situación es típica de países subdesarrollados.,Fiorella,5.0,,,,,,,,,0,[5],1,5.0,Unnecessary Words,['reduction'],1,reduction,12,1,0,0,0,r1,short,0,fam=reduction | rules=r1 | len=short | num=0 | lex=0,fam=reduction | rules=r1 | len=short
3827,683_LibroUAC_Sincopyright.pdf,"Además, Las exportaciones no pagan IVA.","Además, las exportaciones no pagan el impuesto al valor agregado.",Fiorella,13.0,,,,,,,,,0,[13],1,13.0,"Abbreviations, Shortenings, Acronyms, and Initialisms",['lexical'],1,lexical,6,1,0,0,0,r1,short,0,fam=lexical | rules=r1 | len=short | num=0 | lex=0,fam=lexical | rules=r1 | len=short
3831,609_LibroBAC.pdf,"""Para el éxito del programa es necesario considerar la capacitación de profesores y profesoras, no sólo para acciones directas con el alumnado, sino que se pueden realizar acciones de capacitación de líderes estudiantiles.","Es necesario considerar la capacitación de profesores y profesoras para el éxito del programa. No sólo para acciones directas con el alumnado, también para realizar acciones de capacitación de líderes estudiantiles.",María Annette,19.0,,,,,,,,,0,[19],1,19.0,Sentence Order,['structural'],1,structural,33,1,0,0,0,r1,long,0,fam=structural | rules=r1 | len=long | num=0 | lex=0,fam=structural | rules=r1 | len=long
3834,634_LibroBAC.pdf,"Los usuarios de los servicios financieros no serán capaces de decidir correctamente entre opciones de ahorro o inversión, y podrían estar sujetos a riesgos o fraudes, si no cuentan con una adecuada instrucción financiera.","Los usuarios de los servicios financieros no serán capaces de decidir correctamente entre opciones de ahorro o inversión, y podrían estar sujetos a riesgos o fraudes si no cuentan con una adecuada instrucción financiera.",María Annette,16.0,,,,,,,,,0,[16],1,16.0,Parenthetical Phrases,['reduction'],1,reduction,34,1,0,0,0,r1,long,0,fam=reduction | rules=r1 | len=long | num=0 | lex=0,fam=reduction | rules=r1 | len=long
3835,636_LibroBAC.pdf,"""Un reto importante que tenemos como usuarios de los servicios financieros es reconocer que nos falta una mayor educación financiera.""",Un reto importante como usuarios de los servicios financieros es reconocer que nos falta una mejor educación financiera.,María Annette,5.0,,,,,,,,,0,[5],1,5.0,Unnecessary Words,['reduction'],1,reduction,20,2,0,0,0,r1,medium,0,fam=reduction | rules=r1 | len=medium | num=0 | lex=0,fam=reduction | rules=r1 | len=medium
3840,653_LibroBAC.pdf,"La segunda persona manifiesta una actitud centrada en lo que tiene, en la abundancia, en la riqueza, puede decirse que es una actitud optimista.",La segunda persona manifiesta una actitud centrada en la abundancia y la riqueza. Es una actitud optimista.,María Annette,5.0,,,,,,,,,0,[5],1,5.0,Unnecessary Words,['reduction'],1,reduction,24,1,0,0,0,r1,medium,0,fam=reduction | rules=r1 | len=medium | num=0 | lex=0,fam=reduction | rules=r1 | len=medium
3841,854_LibroBAC.pdf,Es importante que sus años dorados realmente sean dorados y no una ilusión sin sustento financiero.,Es importante que sus años de retiro sean de provecho y no una ilusión sin sustento financiero.,María Annette,2.0,,,,,,,,,0,[2],1,2.0,Abstract vs. Concrete Language,['lexical'],1,lexical,16,1,0,0,0,r1,medium,0,fam=lexical | rules=r1 | len=medium | num=0 | lex=0,fam=lexical | rules=r1 | len=medium
3846,3716_LibroBAC.pdf,"En física, según Ardila, 42 se usa el término de trabajo para indicar la transferencia de fuerza o de energía de un cuerpo o sistema a otro.","En física, según Ardila, se usa el término trabajo para indicar la transferencia de fuerza o de energía de un cuerpo o sistema a otro.",María Annette,3.0,,,,,,,,,0,[3],1,3.0,Visual Reference Dependence,['reduction'],1,reduction,28,1,1,0,0,r1,long,0,fam=reduction | rules=r1 | len=long | num=1 | lex=0,fam=reduction | rules=r1 | len=long
3848,3719_LibroBAC.pdf,Esto nos lleva a definir dos puntos importantes: el trabajo implica propósito; los animales no trabajan.,Esto nos lleva a definir dos puntos importantes: el trabajo implica propósito y los animales no trabajan.,María Annette,21.0,,,,,,,,,0,[21],1,21.0,Use of Complex Punctuation Marks,['structural'],1,structural,16,1,0,0,0,r1,medium,0,fam=structural | rules=r1 | len=medium | num=0 | lex=0,fam=structural | rules=r1 | len=medium
3852,5209_LibroBAC.pdf,¿Cuánta alegría proporciona el dinero? se pregunta Suárez.,¿Cuánta alegría proporciona el dinero? Se pregunta Suárez.,María Annette,18.0,,,,,,,,,0,[18],1,18.0,Sentences of formal and aesthetic use,['reduction'],1,reduction,8,2,0,0,0,r1,short,0,fam=reduction | rules=r1 | len=short | num=0 | lex=0,fam=reduction | rules=r1 | len=short
3853,5220_LibroBAC.pdf,La gente común tiene claro que el dinero en algo influye.,La gente común tiene claro que el dinero influye.,María Annette,2.0,,,,,,,,,0,[2],1,2.0,Abstract vs. Concrete Language,['lexical'],1,lexical,11,1,0,0,0,r1,short,0,fam=lexical | rules=r1 | len=short | num=0 | lex=0,fam=lexical | rules=r1 | len=short
3854,5222_LibroBAC.pdf,"Para empezar se me irían las preocupaciones de cómo llegar a fin de mes, de cómo pagar esto o aquello, dice Tina, una secretaria de un bufete de abogados.","Tina es una secretaria de un bufete de abogados y ella dice que se le irían las preocupaciones de cómo llegar a fin de mes, de cómo pagar esto o aquello.",María Annette,3.0,,,,,,,,,0,[3],1,3.0,Visual Reference Dependence,['reduction'],1,reduction,29,1,0,0,0,r1,long,0,fam=reduction | rules=r1 | len=long | num=0 | lex=0,fam=reduction | rules=r1 | len=long
3857,5226_LibroBAC.pdf,Luego la citada Suárez agrega: Controlar las finanzas es la clave.,"Luego, Suárez agrega que controlar las finanzas es la clave.",María Annette,3.0,,,,,,,,,0,[3],1,3.0,Visual Reference Dependence,['reduction'],1,reduction,11,1,0,0,0,r1,short,0,fam=reduction | rules=r1 | len=short | num=0 | lex=0,fam=reduction | rules=r1 | len=short
3861,5253_LibroBAC.pdf,"Aplicar algunos principios que se derivan de la observación y la experiencia y para algunos como el mismo Yager, del sentido común al administrar el dinero.","Aplicar algunos principios que se derivan de la observación, la experiencia y del sentido común al administrar el dinero.",María Annette,2.0,,,,,,,,,0,[2],1,2.0,Abstract vs. Concrete Language,['lexical'],1,lexical,26,1,0,0,0,r1,long,0,fam=lexical | rules=r1 | len=long | num=0 | lex=0,fam=lexical | rules=r1 | len=long
3862,5258_LibroBAC.pdf,Alguien sostiene que el origen de toda gran fortuna es una pequeña fortuna y nunca se va a tener la oportunidad de aprender a administrar un millón de dólares si antes no se aprende a administrar.,Alguien sostiene que el origen de toda gran fortuna es una pequeña fortuna y nunca se va a tener la oportunidad de aprender a administrar un millón de dólares si antes no se aprende a administrar un dólar.,María Annette,3.0,,,,,,,,,0,[3],1,3.0,Visual Reference Dependence,['reduction'],1,reduction,36,1,0,1,0,r1,long,0,fam=reduction | rules=r1 | len=long | num=0 | lex=0,fam=reduction | rules=r1 | len=long
3865,5274_LibroBAC.pdf,"Por consiguiente, compran los bienes y servicios que necesitan, hasta donde sus ingresos mismos se los permita.","Por consiguiente, compran los bienes y servicios que necesitan hasta donde sus ingresos mismos se los permita.",María Annette,16.0,,,,,,,,,0,[16],1,16.0,Parenthetical Phrases,['reduction'],1,reduction,17,1,0,0,0,r1,medium,0,fam=reduction | rules=r1 | len=medium | num=0 | lex=0,fam=reduction | rules=r1 | len=medium
3866,5277_LibroBAC.pdf,"Por lo demás, continuando con lo anterior, si algo se ahorra, será pedido prestado por otros, de manera que cualquier disminución en el consumo estará compensada por un aumento en la inversión.","Por lo demás, si algo se ahorra será pedido prestado por otros, de manera que cualquier disminución en el consumo estará compensada por un aumento en la inversión.",María Annette,16.0,,,,,,,,,0,[16],1,16.0,Parenthetical Phrases,['reduction'],1,reduction,32,1,0,0,0,r1,long,0,fam=reduction | rules=r1 | len=long | num=0 | lex=0,fam=reduction | rules=r1 | len=long
3872,7472_LibroBAC.pdf,"Antes de elaborar un presupuesto, como previamente lo señalamos, que implica necesariamente referirse al factor dinero, hay que trabajar en lo que algunos autores denominan Planeación de Vida.","Antes de elaborar un presupuesto que implica necesariamente referirse al factor dinero, hay que trabajar en lo que algunos autores denominan Planeación de Vida.",María Annette,16.0,,,,,,,,,0,[16],1,16.0,Parenthetical Phrases,['reduction'],1,reduction,28,1,0,0,0,r1,long,0,fam=reduction | rules=r1 | len=long | num=0 | lex=0,fam=reduction | rules=r1 | len=long
3874,7455_LibroBAC.pdf,"Timn dice que: La mayoría de los expertos en administración del tiempo y de la vida, concuerdan en que la regla número uno de un proceso meditado de planificación es: usar algún método para planificar en el que usted pueda escribir los asuntos.","Timn dice que la mayoría de los expertos en administración del tiempo y de la vida, concuerdan en que la regla número uno de un proceso meditado de planificación es: usar algún método para planificar en el que usted pueda escribir los asuntos.",María Annette,3.0,,,,,,,,,0,[3],1,3.0,Visual Reference Dependence,['reduction'],1,reduction,43,1,0,0,0,r1,long,0,fam=reduction | rules=r1 | len=long | num=0 | lex=0,fam=reduction | rules=r1 | len=long
3875,7459_LibroBAC.pdf,"Planear o planificar la vida de una persona o de una familia implica ver a estas de una manera integral, ya que para sacar el mejor provecho de la vida se necesita una combinación equilibrada de varios yoes, como lo propone Marklan: el yo físico, el yo emocional, el yo mental y el yo espiritual.","Planear o planificar la vida de una persona o de una familia implica verla de una manera integral, ya que para sacar el mejor provecho de la vida se necesita una combinación equilibrada del yo físico, el yo emocional, el yo mental y el yo espiritual, como lo propone Marklan.",María Annette,5.0,,,,,,,,,0,[5],1,5.0,Unnecessary Words,['reduction'],1,reduction,55,1,0,0,0,r1,long,0,fam=reduction | rules=r1 | len=long | num=0 | lex=0,fam=reduction | rules=r1 | len=long
3876,7521_LibroBAC.pdf,"Cada vez que usted ejecuta con éxito una Micrometa, se amplían sus oportunidades de lograr finalmente metas mayores.",Cada vez que usted ejecuta con éxito una micrometa se amplían sus oportunidades de lograr finalmente metas mayores.,María Annette,16.0,,,,,,,,,0,[16],1,16.0,Parenthetical Phrases,['reduction'],1,reduction,18,1,0,0,0,r1,medium,0,fam=reduction | rules=r1 | len=medium | num=0 | lex=0,fam=reduction | rules=r1 | len=medium
3885,7578_LibroBAC.pdf,"En la casa frecuentemente se dan varias tareas por las cuales se paga a algunas personas para ejecutarlas, por ejemplo, podar el jardín, hacer algunos arreglos eléctricos o cosas por el estilo.","En la casa frecuentemente hay tareas que se pagan para ejecutarlas. Por ejemplo, podar el jardín, hacer algunos arreglos eléctricos o similares.",María Annette,5.0,,,,,,,,,0,[5],1,5.0,Unnecessary Words,['reduction'],1,reduction,32,1,0,0,0,r1,long,0,fam=reduction | rules=r1 | len=long | num=0 | lex=0,fam=reduction | rules=r1 | len=long
3892,7801_LibroBAC.pdf,"Con base en este sencillo cálculo se pueden establecer prioridades, gastos más ligeros que tengas que hacer, como salidas a comer, viajes, regalos, etc.","Con base en este sencillo cálculo se pueden establecer prioridades y gastos más ligeros que tengas que hacer como salidas a comer, viajes, regalos, etc.",María Annette,16.0,,,,,,,,,0,[16],1,16.0,Parenthetical Phrases,['reduction'],1,reduction,24,1,0,0,0,r1,medium,0,fam=reduction | rules=r1 | len=medium | num=0 | lex=0,fam=reduction | rules=r1 | len=medium
3894,10237_LibroBAC.pdf,"La Inversión: Instrumento para Aumentar el Ahorro Los bonos generalmente proveen un flujo estable de ingresos, pues los pagos de intereses se realizan con una determinada periodicidad y en fechas establecidas.","La inversión es el instrumento para aumentar el ahorro. Los bonos generalmente proveen un flujo estable de ingresos, pues los pagos de intereses se realizan con una determinada periodicidad y en fechas establecidas.",María Annette,18.0,,,,,,,,,0,[18],1,18.0,Sentences of formal and aesthetic use,['reduction'],1,reduction,31,1,0,0,0,r1,long,0,fam=reduction | rules=r1 | len=long | num=0 | lex=0,fam=reduction | rules=r1 | len=long
3900,10281_LibroBAC.pdf,"Durante el plazo de la inversión, el real pierde valor frente al dólar.",Durante el plazo de la inversión el real pierde valor frente al dólar.,María Annette,16.0,,,,,,,,,0,[16],1,16.0,Parenthetical Phrases,['reduction'],1,reduction,13,1,0,1,0,r1,medium,0,fam=reduction | rules=r1 | len=medium | num=0 | lex=0,fam=reduction | rules=r1 | len=medium
3904,10300_LibroBAC.pdf,"En todos los casos, la entidad que ofrezca el servicio de intermediación a un cliente debe estar en capacidad de enviar periódicamente los estados de cuenta correspondientes, así como de entregarlos a los clientes cuando estos así lo requieran.",En todos los casos la entidad que ofrezca el servicio de intermediación a un cliente debe estar en capacidad de enviar periódicamente los estados de cuenta correspondientes y de entregarlos a los clientes cuando lo requieran.,María Annette,5.0,,,,,,,,,0,[5],1,5.0,Unnecessary Words,['reduction'],1,reduction,39,1,0,0,0,r1,long,0,fam=reduction | rules=r1 | len=long | num=0 | lex=0,fam=reduction | rules=r1 | len=long
3905,10306_LibroBAC.pdf,"La entidad deberá asignar a un asesor que asista a la persona con este trámite, que incluye la entrega de documentación básica requerida por la ley, y que posteriormente le asesorará respecto a los instrumentos más adecuados.",La entidad deberá asignar a un asesor que asista a la persona con este trámite que incluye la entrega de documentación básica requerida por la ley y posteriormente les asesore respecto a los instrumentos más adecuados.,María Annette,16.0,,,,,,,,,0,[16],1,16.0,Parenthetical Phrases,['reduction'],1,reduction,37,1,0,0,0,r1,long,0,fam=reduction | rules=r1 | len=long | num=0 | lex=0,fam=reduction | rules=r1 | len=long
3908,10436_LibroBAC.pdf,"Sin embargo, se corre el riesgo de que no se concluyan las obras o que se demoren en terminarla en un plazo mayor a lo que inicialmente se convino, al efectuarse la adquisición.","Sin embargo, se corre el riesgo de que al efectuarse la adquisición no se concluyan las obras o se demoren en terminarla en un plazo mayor a lo que inicialmente se convino.",María Annette,7.0,,,,,,,,,0,[7],1,7.0,Use of Nominalizations,['morphosyntactic'],1,morphosyntactic,33,1,0,0,0,r1,long,0,fam=morphosyntactic | rules=r1 | len=long | num=0 | lex=0,fam=morphosyntactic | rules=r1 | len=long
3909,10437_LibroBAC.pdf,"También, invertir en proyectos de construcción, para lograr apoyos financieros, con la condición de obtener intereses y devolución dentro de un plazo determinado.","También, invertir en proyectos de construcción para lograr apoyos financieros con la condición de obtener intereses y devolución dentro de un plazo determinado.",María Annette,16.0,,,,,,,,,0,[16],1,16.0,Parenthetical Phrases,['reduction'],1,reduction,23,1,0,0,0,r1,medium,0,fam=reduction | rules=r1 | len=medium | num=0 | lex=0,fam=reduction | rules=r1 | len=medium
3911,10441_LibroBAC.pdf,"Con el tiempo, la propiedad aumenta de valor y si se decide venderla se obtiene una utilidad que, por lo general, representa una rentabilidad mayor que muchos otros instrumentos de inversión.","Con el tiempo, la propiedad aumenta de valor y si se decide venderla se obtiene una utilidad que por lo general representa una rentabilidad mayor que muchos otros instrumentos de inversión.",María Annette,16.0,,,,,,,,,0,[16],1,16.0,Parenthetical Phrases,['reduction'],1,reduction,31,1,0,0,0,r1,long,0,fam=reduction | rules=r1 | len=long | num=0 | lex=0,fam=reduction | rules=r1 | len=long
3912,10452_LibroBAC.pdf,"La regla de invertir en algo que se conoce, permite el logro de una mayor rentabilidad, y por consiguiente mayor seguridad.",La regla de invertir en algo que se conoce permite el logro de una mayor rentabilidad y por consiguiente mayor seguridad.,María Annette,16.0,,,,,,,,,0,[16],1,16.0,Parenthetical Phrases,['reduction'],1,reduction,21,1,0,0,0,r1,medium,0,fam=reduction | rules=r1 | len=medium | num=0 | lex=0,fam=reduction | rules=r1 | len=medium
3913,10453_LibroBAC.pdf,"La inversión en su propia educación y capacitación, constituye un rubro relevante que contribuye con el logro de una alta rentabilidad en el futuro.",La inversión en su propia educación y capacitación es un rubro relevante que contribuye al logro de una alta rentabilidad en el futuro.,María Annette,1.0,,,,,,,,,1,[1],1,1.0,Word Frequency,['lexical'],1,lexical,24,1,0,0,0,r1,medium,1,fam=lexical | rules=r1 | len=medium | num=0 | lex=1,fam=lexical | rules=r1 | len=medium
3920,10513_LibroBAC.pdf,Durante muchos meses las tasas de interés habían venido disminuyendo en Estados Unidos.,Durante muchos meses las tasas de interés habían disminuido en Estados Unidos.,María Annette,12.0,,,,,,,,,0,[12],1,12.0,Use of Gerund,['morphosyntactic'],1,morphosyntactic,13,1,0,0,0,r1,medium,0,fam=morphosyntactic | rules=r1 | len=medium | num=0 | lex=0,fam=morphosyntactic | rules=r1 | len=medium
3921,10514_LibroBAC.pdf,"Sin embargo, hace unas semanas la Reserva Federal (que es el Banco Central de los Estados Unidos) dejó entender que van a empezar a subir.","Sin embargo, hace unas semanas la Reserva Federal que es el Banco Central de los Estados Unidos sugirió que van a empezar a subir.",María Annette,6.0,,,,,,,,,0,[6],1,6.0,Complex Phrases,['lexical'],1,lexical,25,1,0,0,0,r1,long,0,fam=lexical | rules=r1 | len=long | num=0 | lex=0,fam=lexical | rules=r1 | len=long
3922,10495_LibroBAC.pdf,"Las pérdidas, en otros países en desarrollo, han sido aún mucho mayores.",Las pérdidas en otros países en desarrollo han sido aún mucho mayores.,María Annette,16.0,,,,,,,,,0,[16],1,16.0,Parenthetical Phrases,['reduction'],1,reduction,12,1,0,0,0,r1,short,0,fam=reduction | rules=r1 | len=short | num=0 | lex=0,fam=reduction | rules=r1 | len=short
3926,10502_LibroBAC.pdf,"En este caso, lo que se ajusta es el valor presente del bono, es decir, el precio del bono en el mercado cae, de modo que alguien que compre dicho bono recibe un descuento con respecto al precio al que se negociaba el título antes del alza en la tasa de interés.","En este caso, lo que se ajusta es el valor presente del bono, es decir el precio del bono en el mercado cae. De modo que alguien que compre dicho bono recibe un descuento con respecto al precio al que se negociaba el título antes del alza en la tasa de interés.",María Annette,15.0,,,,,,,,,0,[15],1,15.0,Sentence Length,['structural'],1,structural,52,1,0,0,0,r1,long,0,fam=structural | rules=r1 | len=long | num=0 | lex=0,fam=structural | rules=r1 | len=long
3927,10516_LibroBAC.pdf,"Tomemos el ejemplo de una persona que compró un bono de largo plazo en $100, y que ese bono paga anualmente intereses fijos de $10.","Tomemos el ejemplo de una persona que compró un bono de largo plazo en cien dólares, y que ese bono paga anualmente intereses fijos de diez dólares.",María Annette,14.0,,,,,,,,,0,[14],1,14.0,Use of Numerical Expressions,['structural'],1,structural,25,1,1,1,0,r1,long,0,fam=structural | rules=r1 | len=long | num=1 | lex=0,fam=structural | rules=r1 | len=long
3928,10517_LibroBAC.pdf,"Si el precio del bono no cambia, el rendimiento de la inversión en ese bono es de 10%.",El rendimiento de la inversión en ese bono es de diez por ciento si el precio del bono no cambia.,María Annette,14.0,,,,,,,,,0,[14],1,14.0,Use of Numerical Expressions,['structural'],1,structural,18,1,1,0,1,r1,medium,0,fam=structural | rules=r1 | len=medium | num=1 | lex=0,fam=structural | rules=r1 | len=medium
3932,10538_LibroBAC.pdf,"Si las tasas de interés caen, el precio de los bonos en que está invertido el fondo aumenta y el fondo obtiene ganancias de capital que se traducen en rendimientos altos; por el contrario, si las tasas de interés aumentan, el precio de los bonos disminuye y se producen pérdidas de capital que se traducen en rendimientos bajos o negativos.","Si las tasas de interés caen el precio de los bonos en que está invertido el fondo aumenta y el fondo obtiene ganancias de capital que se traducen en rendimientos altos. Por el contrario, si las tasas de interés aumentan el precio de los bonos disminuye y se producen pérdidas de capital que se traducen en rendimientos bajos o negativos.",María Annette,15.0,,,,,,,,,0,[15],1,15.0,Sentence Length,['structural'],1,structural,60,1,0,0,0,r1,long,0,fam=structural | rules=r1 | len=long | num=0 | lex=0,fam=structural | rules=r1 | len=long
3933,10540_LibroBAC.pdf,"El rendimiento normal de un fondo de inversión que invierte en bonos (es decir, el rendimiento que en promedio obtendrá el fondo de inversión a lo largo de un periodo lo suficientemente prolongado) debe andar alrededor de las tasas de interés que pagan en el mercado los bonos en que invierte.",El rendimiento que en promedio obtendrá el fondo de inversión a lo largo de un periodo lo suficientemente prolongado debe oscilar alrededor de las tasas de interés que pagan en el mercado los bonos en que invierte.,María Annette,3.0,,,,,,,,,0,[3],1,3.0,Visual Reference Dependence,['reduction'],1,reduction,51,1,0,0,0,r1,long,0,fam=reduction | rules=r1 | len=long | num=0 | lex=0,fam=reduction | rules=r1 | len=long
3936,10552_LibroBAC.pdf,"En los meses anteriores a marzo, los rendimientos de los fondos de inversión en dólares se encontraban por encima de los rendimientos de muchos de los bonos en dólares que poseían.",Los rendimientos de los fondos de inversión en dólares se encontraban en los meses anteriores a marzo por encima de los rendimientos de muchos de los bonos en dólares que poseían.,María Annette,19.0,,,,,,,,,0,[19],1,19.0,Sentence Order,['structural'],1,structural,31,1,0,1,0,r1,long,0,fam=structural | rules=r1 | len=long | num=0 | lex=0,fam=structural | rules=r1 | len=long
3938,10564_LibroBAC.pdf,"La diferencia entre lo que el inversionista tenía al momento de solicitar su retiro y el monto que le entregan en el momento de la liquidación, uno o varios días más tarde, puede deberse a dos factores.",La diferencia entre lo que el inversionista tenía al momento de solicitar su retiro y el monto que le entregan en el momento de la liquidación puede deberse a dos factores.,María Annette,16.0,,,,,,,,,0,[16],1,16.0,Parenthetical Phrases,['reduction'],1,reduction,37,1,0,0,0,r1,long,0,fam=reduction | rules=r1 | len=long | num=0 | lex=0,fam=reduction | rules=r1 | len=long
3942,10578_LibroBAC.pdf,"A partir de ese momento, el monto de la inversión depende de lo que ocurra con el precio de los bonos en que está invertido el fondo, más los intereses que producen esos bonos.","A partir de ese momento, el monto de la inversión depende de lo que ocurra con el precio de los bonos en que está invertido el fondo más los intereses que producen esos bonos.",María Annette,16.0,,,,,,,,,0,[16],1,16.0,Parenthetical Phrases,['reduction'],1,reduction,34,1,0,0,0,r1,long,0,fam=reduction | rules=r1 | len=long | num=0 | lex=0,fam=reduction | rules=r1 | len=long
3949,10630_LibroBAC.pdf,"Los mismos Alonso, Braislovsky y Ortiz (1999) plantean los siguientes pasos para las personas que se inician en el campo de la inversión:","Los mismos Alonso, Braislovsky y Ortiz plantean los siguientes pasos para las personas que se inician en el campo de la inversión:",María Annette,3.0,,,,,,,,,0,[3],1,3.0,Visual Reference Dependence,['reduction'],1,reduction,23,1,1,0,0,r1,medium,0,fam=reduction | rules=r1 | len=medium | num=1 | lex=0,fam=reduction | rules=r1 | len=medium
3956,10673_LibroBAC.pdf,"El factor tiempo es una variable muy importante a tener en cuenta en el proceso de planificación de las inversiones, pues si se tienen los recursos suficientes y se cuenta con plazos de largo aliento, entonces se pueden obtener rendimientos mayores, con menores riesgos, al seleccionar los instrumentos de inversión apropiados.","El factor tiempo es una variable muy importante a tener en cuenta en el proceso de planificación de las inversiones, pues si se tienen los recursos suficientes y se cuenta con plazos de largo aliento entonces se pueden obtener rendimientos mayores y con menores riesgos al seleccionar los instrumentos de inversión apropiados.",María Annette,16.0,,,,,,,,,0,[16],1,16.0,Parenthetical Phrases,['reduction'],1,reduction,51,1,0,0,0,r1,long,0,fam=reduction | rules=r1 | len=long | num=0 | lex=0,fam=reduction | rules=r1 | len=long
3965,10706_LibroBAC.pdf,"En el contexto de la inversión es importante, asimismo, la utilización del enfoque de planificación, en sus tres etapas principales: diagnóstico; programación con la fijación de metas y resultados esperados y el correspondiente plan de acción, la asignación de recursos por tipos de inversión; y finalmente, el seguimiento o monitoreo y la evaluación.","En el contexto de la inversión es importante la utilización del enfoque de planificación en sus tres etapas principales. Primero, diagnóstico, segundo, programación con la fijación de metas y resultados esperados y el correspondiente plan de acción, la asignación de recursos por tipos de inversión. Y finalmente, el seguimiento o monitoreo y la evaluación.",María Annette,21.0,,,,,,,,,0,[21],1,21.0,Use of Complex Punctuation Marks,['structural'],1,structural,53,1,0,0,0,r1,long,0,fam=structural | rules=r1 | len=long | num=0 | lex=0,fam=structural | rules=r1 | len=long
3967,10719_LibroBAC.pdf,"Se describen, también, la inversión en títulos valores y los certificados de depósitos.",Se describen también la inversión en títulos valores y los certificados de depósitos.,María Annette,16.0,,,,,,,,,0,[16],1,16.0,Parenthetical Phrases,['reduction'],1,reduction,13,1,0,0,0,r1,medium,0,fam=reduction | rules=r1 | len=medium | num=0 | lex=0,fam=reduction | rules=r1 | len=medium
3969,14077_LibroBAC.pdf,"La tributación o responsabilidad que tienen los ciudadanos y las empresas de un país de pagar impuestos, es un deber de civismo, a la vez que de patriotismo y de solidaridad social y nacional.",La tributación o responsabilidad que tienen los ciudadanos y las empresas de un país de pagar impuestos es un deber de civismo a la vez que de patriotismo y de solidaridad social y nacional.,María Annette,16.0,,,,,,,,,0,[16],1,16.0,Parenthetical Phrases,['reduction'],1,reduction,34,1,0,0,0,r1,long,0,fam=reduction | rules=r1 | len=long | num=0 | lex=0,fam=reduction | rules=r1 | len=long
3971,14100_LibroBAC.pdf,"Al hablar de tributación, se hace referencia a los impuestos que las personas, empresas u organizaciones deben pagar al Estado por distintos aspectos.","Al hablar de tributación se hace referencia a los impuestos que las personas, empresas u organizaciones deben pagar al Estado por distintos aspectos.",María Annette,16.0,,,,,,,,,0,[16],1,16.0,Parenthetical Phrases,['reduction'],1,reduction,23,1,0,0,0,r1,medium,0,fam=reduction | rules=r1 | len=medium | num=0 | lex=0,fam=reduction | rules=r1 | len=medium
3975,14107_LibroBAC.pdf,"Los impuestos son generalmente calculados con base en porcentajes, llamados tasas de impuestos, sobre un valor particular, la base de impuestos.",Los impuestos son generalmente calculados con base en porcentajes llamados tasas de impuestos sobre un valor particular o la base de impuestos.,María Annette,16.0,,,,,,,,,0,[16],1,16.0,Parenthetical Phrases,['reduction'],1,reduction,21,1,0,0,0,r1,medium,0,fam=reduction | rules=r1 | len=medium | num=0 | lex=0,fam=reduction | rules=r1 | len=medium
3977,14121_LibroBAC.pdf,"Indudablemente, un gran número de los gravámenes actuales se perciben en germen en las prestaciones que exigían los señores feudales.","Indudablemente, un gran número de los gravámenes actuales se perciben originariamente en las prestaciones que exigían los señores feudales.",María Annette,2.0,,,,,,,,,0,[2],1,2.0,Abstract vs. Concrete Language,['lexical'],1,lexical,20,1,0,0,0,r1,medium,0,fam=lexical | rules=r1 | len=medium | num=0 | lex=0,fam=lexical | rules=r1 | len=medium
3978,14147_LibroBAC.pdf,"Había cuatro casos especiales en los que el vasallo debía ayudar económicamente al señor y eran: para pagar el rescate del señor cuando este caía prisionero; para equiparlo cuando él marchaba para las Cruzadas, cuando se casaba su hija y cuando se armaba caballero su hijo.","Había cuatro casos especiales en los que el vasallo debía ayudar económicamente al señor y eran: para pagar el rescate del señor cuando este caía prisionero. Para equiparlo cuando él marchaba para las Cruzadas, cuando se casaba su hija y cuando se armaba caballero su hijo.",María Annette,15.0,,,,,,,,,0,[15],1,15.0,Sentence Length,['structural'],1,structural,46,1,0,0,0,r1,long,0,fam=structural | rules=r1 | len=long | num=0 | lex=0,fam=structural | rules=r1 | len=long
3980,14163_LibroBAC.pdf,"Muchos otros impuestos se establecieron en la Edad Media que se haría extenso analizar aquí, por eso mencionemos sólo algunas obligaciones de otros miembros del feudo.","Muchos otros impuestos se establecieron en la Edad Media, por eso mencionemos sólo algunas obligaciones de otros miembros del feudo.",María Annette,5.0,,,,,,,,,0,[5],1,5.0,Unnecessary Words,['reduction'],1,reduction,26,1,0,0,0,r1,long,0,fam=reduction | rules=r1 | len=long | num=0 | lex=0,fam=reduction | rules=r1 | len=long
3984,14183b_LibroBAC.pdf,"Impuestos progresivos y regresivos Una cualidad importante de los sistemas de impuestos es si estos son planos (el porcentaje no es dependiente de la base), regresivo (a mayor ganancia menor tasa de impuestos) o progresivo (a mayor ganancia, mayor tasa de impuestos).","Impuestos progresivos y regresivos. Una cualidad importante de los sistemas de impuestos es si estos son planos cuando el porcentaje no es dependiente de la base, regresivo si hay mayor ganancia menor tasa de impuestos, o progresivo cuando a mayor ganancia mayor tasa de impuestos.",María Annette,3.0,,,,,,,,,0,[3],1,3.0,Visual Reference Dependence,['reduction'],1,reduction,42,1,0,0,0,r1,long,0,fam=reduction | rules=r1 | len=long | num=0 | lex=0,fam=reduction | rules=r1 | len=long
3990,14215_LibroBAC.pdf,Los impuestos involucran aquella obligación que pesa sobre la vida diaria y sobrecarga la ya pesada vida material del ciudadano.,Los impuestos involucran una obligación que pesa sobre la vida diaria y sobrecarga la vida material del ciudadano.,María Annette,5.0,,,,,,,,,0,[5],1,5.0,Unnecessary Words,['reduction'],1,reduction,20,1,0,0,0,r1,medium,0,fam=reduction | rules=r1 | len=medium | num=0 | lex=0,fam=reduction | rules=r1 | len=medium
3994,14232_LibroBAC.pdf,"La misma fuente consultada señala que: El recaudamiento de un impuesto para su gasto en un fin específico, por ejemplo el recaudamiento de un impuesto sobre el alcohol para sustentar directamente centros de rehabilitación del alcoholismo, es considerado un impuesto confiscatorio.","La misma fuente consultada señala que el recaudamiento de un impuesto para su gasto en un fin específico, por ejemplo, el recaudamiento de un impuesto sobre el alcohol para sustentar directamente centros de rehabilitación del alcoholismo es considerado un impuesto confiscatorio.",María Annette,3.0,,,,,,,,,0,[3],1,3.0,Visual Reference Dependence,['reduction'],1,reduction,41,1,0,0,0,r1,long,0,fam=reduction | rules=r1 | len=long | num=0 | lex=0,fam=reduction | rules=r1 | len=long
4002,14277_LibroBAC.pdf,"Las teorías sobre el costo del servicio, beneficio recibido y capacidad para pagar, son varias de las proposiciones.","Las teorías sobre el costo del servicio, beneficio recibido y capacidad para pagar son varias de las proposiciones.",María Annette,16.0,,,,,,,,,0,[16],1,16.0,Parenthetical Phrases,['reduction'],1,reduction,18,1,0,0,0,r1,medium,0,fam=reduction | rules=r1 | len=medium | num=0 | lex=0,fam=reduction | rules=r1 | len=medium
4006,14326_LibroBAC.pdf,"Por otra parte, algunas personas sostienen que un impuesto de 10 por ciento impondría el mismo sacrificio a ambas familias.","Por otra parte, algunas personas sostienen que un impuesto de diez por ciento impondría el mismo sacrificio a ambas familias.",María Annette,14.0,,,,,,,,,0,[14],1,14.0,Use of Numerical Expressions,['structural'],1,structural,20,1,1,0,1,r1,medium,0,fam=structural | rules=r1 | len=medium | num=1 | lex=0,fam=structural | rules=r1 | len=medium
4008,14332_LibroBAC.pdf,"Por otro lado, el ya citado Banco de la República de Colombia dice que: Para la asignación de los impuestos existen dos filosofías para determinar la carga tributaria.","Por otro lado, el Banco de la República de Colombia dice que para la asignación de los impuestos existen dos filosofías para determinar la carga tributaria.",María Annette,3.0,,,,,,,,,0,[3],1,3.0,Visual Reference Dependence,['reduction'],1,reduction,28,1,0,0,0,r1,long,0,fam=reduction | rules=r1 | len=long | num=0 | lex=0,fam=reduction | rules=r1 | len=long
4009,14335_LibroBAC.pdf,"Esta dice que las personas, empresas u organizaciones deben pagar más, si éstas se benefician en mayor cantidad de los bienes y servicios que el Estado proporciona.","Esta dice que las personas, empresas u organizaciones deben pagar más si se benefician en mayor cantidad de los bienes y servicios que el Estado proporciona.",María Annette,16.0,,,,,,,,,0,[16],1,16.0,Parenthetical Phrases,['reduction'],1,reduction,27,1,0,0,0,r1,long,0,fam=reduction | rules=r1 | len=long | num=0 | lex=0,fam=reduction | rules=r1 | len=long
4010,14344_LibroBAC.pdf,"Los impuestos deben ser flexibles; es decir, se deben acomodar a las circunstancias económicas de un lugar.","Los impuestos deben ser flexibles. Es decir, se deben acomodar a las circunstancias económicas de un lugar.",María Annette,21.0,,,,,,,,,0,[21],1,21.0,Use of Complex Punctuation Marks,['structural'],1,structural,17,1,0,0,0,r1,medium,0,fam=structural | rules=r1 | len=medium | num=0 | lex=0,fam=structural | rules=r1 | len=medium
4011,14346_LibroBAC.pdf,"Deben tener una cuota de simplicidad; es decir que, aunque detrás de los impuestos hay unas teorías que en muchos casos resultan complejas, es necesario que éstos sean sencillos de imponer y recaudar para evitar que se produzcan evasiones basadas en su complejidad.","Deben tener una cuota de simplicidad. Es decir, aunque detrás de los impuestos hay unas teorías que en muchos casos resultan complejas es necesario que éstos sean sencillos de imponer y recaudar para evitar que se produzcan evasiones basadas en su complejidad.",María Annette,21.0,,,,,,,,,0,[21],1,21.0,Use of Complex Punctuation Marks,['structural'],1,structural,43,1,0,0,0,r1,long,0,fam=structural | rules=r1 | len=long | num=0 | lex=0,fam=structural | rules=r1 | len=long
4014,14360_LibroBAC.pdf,"Estos autores dejaron profundas reflexiones, cada uno a su manera sobre la vida humana en sociedad y en la cual los impuestos son un factor determinante.",Estos autores dejaron profundas reflexiones sobre la vida humana en sociedad y en la cual los impuestos son un factor determinante.,María Annette,5.0,,,,,,,,,0,[5],1,5.0,Unnecessary Words,['reduction'],1,reduction,26,1,0,0,0,r1,long,0,fam=reduction | rules=r1 | len=long | num=0 | lex=0,fam=reduction | rules=r1 | len=long
4015,14386_LibroBAC.pdf,La extrema iniquidad e incertidumbre de un impuesto repartido de ese modo () sólo puede compensarse con una extrema moderación de manera que cada individuo no se incomode ni alarme al ver que a otro se le regule en menos.,La extrema iniquidad e incertidumbre de un impuesto repartido de ese modo sólo puede compensarse con una extrema moderación de manera que cada individuo no se incomode ni alarme al ver que a otro se le regule en menos.,María Annette,3.0,,,,,,,,,0,[3],1,3.0,Visual Reference Dependence,['reduction'],1,reduction,41,1,0,0,0,r1,long,0,fam=reduction | rules=r1 | len=long | num=0 | lex=0,fam=reduction | rules=r1 | len=long
4018,16447_LibroBAC.pdf,"Incluso, cuando los nombres de las instituciones son los mismos, las funciones que desempeñan son, con frecuencia, drásticamente diferentes.",Incluso cuando los nombres de las instituciones son los mismos las funciones que desempeñan son drásticamente diferentes.,María Annette,16.0,,,,,,,,,0,[16],1,16.0,Parenthetical Phrases,['reduction'],1,reduction,19,1,0,0,0,r1,medium,0,fam=reduction | rules=r1 | len=medium | num=0 | lex=0,fam=reduction | rules=r1 | len=medium
4026,17208_LibroBAC.pdf,"Lamentablemente, en la actualidad existen muchas maneras ingeniosas de engañar a las personas y obtener de ellas, sin que se den cuenta, la información necesaria para poder acceder a sus cuentas o disponibilidad de crédito.","Lamentablemente, en la actualidad existen muchas maneras ingeniosas de engañar a las personas y obtener sin que se den cuenta la información necesaria para poder acceder a sus cuentas o disponibilidad de crédito.",María Annette,16.0,,,,,,,,,0,[16],1,16.0,Parenthetical Phrases,['reduction'],1,reduction,35,1,0,0,0,r1,long,0,fam=reduction | rules=r1 | len=long | num=0 | lex=0,fam=reduction | rules=r1 | len=long
4031,17245_LibroBAC.pdf,"Robando su correspondencia, como por ejemplo, estados de tarjeta de crédito y bancarios.","Robar su correspondencia, por ejemplo, estados de tarjeta de crédito y bancarios.",María Annette,12.0,,,,,,,,,0,[12],1,12.0,Use of Gerund,['morphosyntactic'],1,morphosyntactic,13,1,0,0,0,r1,medium,0,fam=morphosyntactic | rules=r1 | len=medium | num=0 | lex=0,fam=morphosyntactic | rules=r1 | len=medium
4037,17264_LibroBAC.pdf,"No los anuncie, ni comente con nadie.",No los anuncie ni comente con nadie.,María Annette,16.0,,,,,,,,,0,[16],1,16.0,Parenthetical Phrases,['reduction'],1,reduction,7,1,0,0,0,r1,short,0,fam=reduction | rules=r1 | len=short | num=0 | lex=0,fam=reduction | rules=r1 | len=short
4038,17266_LibroBAC.pdf,"Las estafas con cheques se pueden prevenir, si sigue las siguientes recomendaciones:",Las estafas con cheques se pueden prevenir si sigue las siguientes recomendaciones:,María Annette,16.0,,,,,,,,,0,[16],1,16.0,Parenthetical Phrases,['reduction'],1,reduction,12,1,0,0,0,r1,short,0,fam=reduction | rules=r1 | len=short | num=0 | lex=0,fam=reduction | rules=r1 | len=short
4039,17270_LibroBAC.pdf,"No revele información de su cuenta corriente, movimientos y saldos a nadie; ni personalmente ni por teléfono.","No revele información de su cuenta corriente, movimientos y saldos a nadie. Ni personalmente ni por teléfono.",María Annette,21.0,,,,,,,,,0,[21],1,21.0,Use of Complex Punctuation Marks,['structural'],1,structural,17,1,0,0,0,r1,medium,0,fam=structural | rules=r1 | len=medium | num=0 | lex=0,fam=structural | rules=r1 | len=medium
4045,17308_LibroBAC.pdf,"En el raro caso de que se hubiera presentado un problema con la dispensación de billetes en un cajero, usted puede reclamar después al Banco, ya que este dispone de mecanismos para verificar si el cajero dispensó la cantidad correcta.","En el raro caso de que se hubiera presentado un problema con la dispensación de billetes en un cajero, usted puede reclamar después al Banco ya que este dispone de mecanismos para verificar si el cajero dispensó la cantidad correcta.",María Annette,16.0,,,,,,,,,0,[16],1,16.0,Parenthetical Phrases,['reduction'],1,reduction,40,1,0,0,0,r1,long,0,fam=reduction | rules=r1 | len=long | num=0 | lex=0,fam=reduction | rules=r1 | len=long
4048,1067_LibroNEFE_Sincopyright.pdf,"Las cuentas de ahorro Coverdell Education Savings Account permiten cubrir los gastos de la educación primaria, secundaria y superior, por ejemplo, gastos de matrícula, libros, útiles, alojamiento y alimentación, gastos de inscripción en instituciones privadas entre otros gastos calificados, y los impuestos se pagan de forma diferida.","Las cuentas de ahorro Coverdell Education Savings Account permiten cubrir los gastos de la educación primaria, secundaria y superior. Por ejemplo, gastos de matrícula, libros, útiles, alojamiento y alimentación, gastos de inscripción en instituciones privadas entre otros gastos calificados, y los impuestos se pagan de forma diferida.",María Annette,15.0,,,,,,,,,0,[15],1,15.0,Sentence Length,['structural'],1,structural,47,1,0,0,0,r1,long,0,fam=structural | rules=r1 | len=long | num=0 | lex=0,fam=structural | rules=r1 | len=long
4050,1077_LibroNEFE_Sincopyright.pdf,"Creados en 1996 y nombrados así por el artículo 529 del código del Servicio de Impuestos Internos, estos planes ofrecen incentivos fiscales para ahorrar dinero para la universidad.","Creados en mil novecientos noventa y seis, nombrados así por el artículo quinientos veintinueve del código del Servicio de Impuestos Internos, estos planes ofrecen incentivos fiscales para ahorrar dinero para la universidad.",María Annette,12.0,,,,,,,,,0,[12],1,12.0,Use of Gerund,['morphosyntactic'],1,morphosyntactic,28,1,1,0,0,r1,long,0,fam=morphosyntactic | rules=r1 | len=long | num=1 | lex=0,fam=morphosyntactic | rules=r1 | len=long
4061,2405_LibroUide_Sincopyright.pdf,"Como se observó en los capítulos 2 y 3, la utilidad neta del ejercicio tiene dos posibles destinos: dividendos y utilidades retenidas.","Como se observó en los capítulos dos y tres, la utilidad neta del ejercicio tiene dos posibles destinos: dividendos y utilidades retenidas.",María Annette,13.0,,,,,,,,,0,[13],1,13.0,"Abbreviations, Shortenings, Acronyms, and Initialisms",['lexical'],1,lexical,22,1,1,0,0,r1,medium,0,fam=lexical | rules=r1 | len=medium | num=1 | lex=0,fam=lexical | rules=r1 | len=medium
4062,2415_LibroUide_Sincopyright.pdf,"En este sentido, se generaría una emisión de acciones, que en principio, se repartiría a los accionistas acorde a su participación para no alterar sus porcentajes de votos.","En este sentido se generaría una emisión de acciones, que en principio se repartiría a los accionistas acorde a su participación para no alterar sus porcentajes de votos.",María Annette,16.0,,,,,,,,,0,[16],1,16.0,Parenthetical Phrases,['reduction'],1,reduction,28,1,0,0,0,r1,long,0,fam=reduction | rules=r1 | len=long | num=0 | lex=0,fam=reduction | rules=r1 | len=long
4066,2466_LibroUide_Sincopyright.pdf,Las tasas de interés productivas en Ecuador oscilan entre el 9% y el 12%.,Las tasas de interés productivas en Ecuador oscilan entre el nueve por ciento y el doce por ciento.,María Annette,12.0,,,,,,,,,0,[12],1,12.0,Use of Gerund,['morphosyntactic'],1,morphosyntactic,14,1,1,0,1,r1,medium,0,fam=morphosyntactic | rules=r1 | len=medium | num=1 | lex=0,fam=morphosyntactic | rules=r1 | len=medium
4068,2488_LibroUide_Sincopyright.pdf,Este apartado se desarrollará ampliamente en el capítulo 9 del texto.,Este apartado se desarrollará ampliamente en el capítulo nueve del texto.,María Annette,12.0,,,,,,,,,0,[12],1,12.0,Use of Gerund,['morphosyntactic'],1,morphosyntactic,11,1,1,0,0,r1,short,0,fam=morphosyntactic | rules=r1 | len=short | num=1 | lex=0,fam=morphosyntactic | rules=r1 | len=short
4070,2746_LibroUide_Sincopyright.pdf,"Los ingresos se componen de dos factores: precio y cantidad producida; mientras que los costos variables responden a los costos variables unitarios y la cantidad de producción, al igual que los ingresos.","Los ingresos se componen de dos factores: precio y cantidad producida. Mientras que los costos variables responden a los costos variables unitarios y la cantidad de producción, al igual que los ingresos.",María Annette,21.0,,,,,,,,,0,[21],1,21.0,Use of Complex Punctuation Marks,['structural'],1,structural,32,1,0,0,0,r1,long,0,fam=structural | rules=r1 | len=long | num=0 | lex=0,fam=structural | rules=r1 | len=long
4072,2762_LibroUide_Sincopyright.pdf,Indique dos estrategias para demorar las salidas de efectivo 4.,Indique dos estrategias para demorar las salidas de efectivo cuatro.,María Annette,14.0,,,,,,,,,0,[14],1,14.0,Use of Numerical Expressions,['structural'],1,structural,10,1,1,0,0,r1,short,0,fam=structural | rules=r1 | len=short | num=1 | lex=0,fam=structural | rules=r1 | len=short
4073,2765_LibroUide_Sincopyright.pdf,¿Qué significa la discriminación grado 1?,¿Qué significa la discriminación grado uno?,María Annette,14.0,,,,,,,,,0,[14],1,14.0,Use of Numerical Expressions,['structural'],1,structural,6,1,1,0,0,r1,short,0,fam=structural | rules=r1 | len=short | num=1 | lex=0,fam=structural | rules=r1 | len=short
4076,2785_LibroUide_Sincopyright.pdf,"Por ejemplo, si el consenso se realiza entre el gerente general, el gerente financiero y el gerente de ventas; probablemente el gerente de ventas será conservador en su predicción debido a que los ingresos dependerán de su departamento.","Por ejemplo, si el consenso se realiza entre el gerente general, el gerente financiero y el gerente de ventas, probablemente el gerente de ventas será conservador en su predicción debido a que los ingresos dependerán de su departamento.",María Annette,21.0,,,,,,,,,0,[21],1,21.0,Use of Complex Punctuation Marks,['structural'],1,structural,38,1,0,0,0,r1,long,0,fam=structural | rules=r1 | len=long | num=0 | lex=0,fam=structural | rules=r1 | len=long
4077,2787_LibroUide_Sincopyright.pdf,"Sin embargo, el gerente general, en sus deseos de crecimiento, puede sugerir cifras más altas.","Sin embargo, el gerente general puede sugerir cifras más altas en sus deseos de crecimiento.",María Annette,16.0,,,,,,,,,0,[16],1,16.0,Parenthetical Phrases,['reduction'],1,reduction,15,1,0,0,0,r1,medium,0,fam=reduction | rules=r1 | len=medium | num=0 | lex=0,fam=reduction | rules=r1 | len=medium
4078,2798_LibroUide_Sincopyright.pdf,"El promedio, o media aritmética, es un cálculo estadístico que asigna la misma probabilidad de ocurrencia a todos los eventos posibles.",El promedio o media aritmética es un cálculo estadístico que asigna la misma probabilidad de ocurrencia a todos los eventos posibles.,María Annette,16.0,,,,,,,,,0,[16],1,16.0,Parenthetical Phrases,['reduction'],1,reduction,21,1,0,0,0,r1,medium,0,fam=reduction | rules=r1 | len=medium | num=0 | lex=0,fam=reduction | rules=r1 | len=medium
4082,2804_LibroUide_Sincopyright.pdf,"El promedio, como método de predicción, le indicará a los tomadores de decisiones cuál será el nivel de ventas acorde a lo registrado anteriormente.",El promedio como método de predicción les indicará a los tomadores de decisiones cuál será el nivel de ventas acorde a lo registrado anteriormente.,María Annette,16.0,,,,,,,,,0,[16],1,16.0,Parenthetical Phrases,['reduction'],1,reduction,24,1,0,0,0,r1,medium,0,fam=reduction | rules=r1 | len=medium | num=0 | lex=0,fam=reduction | rules=r1 | len=medium
4083,2805_LibroUide_Sincopyright.pdf,"Luego de eso, por consenso, podría definirse un porcentaje de crecimiento que implique una mejora para la organización.","Luego de eso, por consenso podría definirse un porcentaje de crecimiento que implique una mejora para la organización.",María Annette,16.0,,,,,,,,,0,[16],1,16.0,Parenthetical Phrases,['reduction'],1,reduction,18,1,0,0,0,r1,medium,0,fam=reduction | rules=r1 | len=medium | num=0 | lex=0,fam=reduction | rules=r1 | len=medium
4084,2809_LibroUide_Sincopyright.pdf,"Este mismo análisis aplica para los otros métodos cuantitativos, sin embargo, la técnica pura indica una base para presupuestar.","Este mismo análisis aplica para los otros métodos cuantitativos. Sin embargo, la técnica pura indica una base para presupuestar.",María Annette,16.0,,,,,,,,,0,[16],1,16.0,Parenthetical Phrases,['reduction'],1,reduction,19,1,0,0,0,r1,medium,0,fam=reduction | rules=r1 | len=medium | num=0 | lex=0,fam=reduction | rules=r1 | len=medium
4090,2826_LibroUide_Sincopyright.pdf,Figura 36: Predicción de ventas  Tendencia,Figura treinta y seis: Predicción de ventas  Tendencia,María Annette,14.0,,,,,,,,,0,[14],1,14.0,Use of Numerical Expressions,['structural'],1,structural,7,1,1,0,0,r1,short,0,fam=structural | rules=r1 | len=short | num=1 | lex=0,fam=structural | rules=r1 | len=short
4093,2853_LibroUide_Sincopyright.pdf,"Uno de los proyectos, que constantemente se presentan en la elaboración de presupuestos, es la eficiencia de gastos.",Uno de los proyectos que constantemente se presentan en la elaboración de presupuestos es la eficiencia de gastos.,María Annette,16.0,,,,,,,,,0,[16],1,16.0,Parenthetical Phrases,['reduction'],1,reduction,18,1,0,0,0,r1,medium,0,fam=reduction | rules=r1 | len=medium | num=0 | lex=0,fam=reduction | rules=r1 | len=medium
4101,1815_LibroUide_Sincopyright.pdf,"Para simplificar, se asumirá que el pago de la cuota será anual, aunque se conoce que en el mercado las cuotas son mensuales, por lo general.","Para simplificar, se asumirá que el pago de la cuota será anual, aunque se conoce que en el mercado las cuotas son mensuales por lo general.",María Annette,16.0,,,,,,,,,0,[16],1,16.0,Parenthetical Phrases,['reduction'],1,reduction,26,1,0,0,0,r1,long,0,fam=reduction | rules=r1 | len=long | num=0 | lex=0,fam=reduction | rules=r1 | len=long
4104,1852_LibroUide_Sincopyright.pdf,"Por otro lado, la elaboración de una tabla de amortización alemana no difiere en estructura, pero sí en el proceso de su construcción.","Por otro lado, la elaboración de una tabla de amortización alemana no difiere en estructura, pero sí en el proceso de su construcción.",María Annette,,,,,,,,,,0,[],0,,,[],0,unknown,23,1,0,0,0,r1,medium,0,fam=unknown | rules=r1 | len=medium | num=0 | lex=0,fam=unknown | rules=r1 | len=medium
4108,1910_LibroUide_Sincopyright.pdf,"No obstante, para determinar aquellos ingresos y egresos se requiere responder a las siguientes preguntas: ¿Cuál es la estructura de precios del negocio? ¿Cuánto es la demanda y a qué porcentaje se puede llegar? ¿Cómo están definidos los costos de producción? ¿Qué estructura organizacional se requiere para desarrollo de la operación? ¿Qué estrategia de comunicación, marketing, comercialización y distribución se utilizarán?","No obstante, para determinar aquellos ingresos y egresos se requiere responder a las siguientes preguntas: ¿Cuál es la estructura de precios del negocio? ¿Cuánto es la demanda y a qué porcentaje se puede llegar? ¿Cómo están definidos los costos de producción? ¿Qué estructura organizacional se requiere para desarrollo de la operación? ¿Qué estrategia de comunicación, marketing, comercialización y distribución se utilizarán?",María Annette,,,,,,,,,,0,[],0,,,[],0,unknown,61,5,0,0,0,r1,long,0,fam=unknown | rules=r1 | len=long | num=0 | lex=0,fam=unknown | rules=r1 | len=long
4109,1918_LibroUide_Sincopyright.pdf,"Los autores coinciden en que se necesitan, al menos los siguientes estudios, para obtener la información deseada.",Los autores coinciden en que se necesitan al menos los siguientes estudios para obtener la información deseada.,María Annette,16.0,,,,,,,,,0,[16],1,16.0,Parenthetical Phrases,['reduction'],1,reduction,17,1,0,0,0,r1,medium,0,fam=reduction | rules=r1 | len=medium | num=0 | lex=0,fam=reduction | rules=r1 | len=medium
4114,1934_LibroUide_Sincopyright.pdf,"Como se indicó anteriormente, para realizar la valoración de una inversión se requieren los ingresos y egresos de la misma; información que se resume en lo que se conoce como flujo de caja del proyecto.","Como se indicó anteriormente, para realizar la valoración de una inversión se requieren los ingresos y egresos de esta. Información que se resume en lo que se conoce como flujo de caja del proyecto.",María Annette,21.0,,,,,,,,,0,[21],1,21.0,Use of Complex Punctuation Marks,['structural'],1,structural,35,1,0,0,0,r1,long,0,fam=structural | rules=r1 | len=long | num=0 | lex=0,fam=structural | rules=r1 | len=long
4115,2052_LibroUide_Sincopyright.pdf,En la tabla 22 se muestra el estado de resultados proyectado.,En la tabla veintidós se muestra el estado de resultados proyectado.,María Annette,14.0,,,,,,,,,0,[14],1,14.0,Use of Numerical Expressions,['structural'],1,structural,11,1,1,0,0,r1,short,0,fam=structural | rules=r1 | len=short | num=1 | lex=0,fam=structural | rules=r1 | len=short
4116,2054_LibroUide_Sincopyright.pdf,"Así mismo, se especificaba que los costos correspondían al 50% de los ingresos.","Así mismo, se especificaba que los costos correspondían al cincuenta por ciento de los ingresos.",María Annette,14.0,,,,,,,,,0,[14],1,14.0,Use of Numerical Expressions,['structural'],1,structural,13,1,1,0,1,r1,medium,0,fam=structural | rules=r1 | len=medium | num=1 | lex=0,fam=structural | rules=r1 | len=medium
4122,12_LibroUAC_Sincopyright.pdf,Letra «ele» mayúscula cruzada por una línea horizontal.,Letra ele mayúscula cruzada por una línea horizontal.,María Annette,3.0,,,,,,,,,0,[3],1,3.0,Visual Reference Dependence,['reduction'],1,reduction,8,1,0,0,0,r1,short,0,fam=reduction | rules=r1 | len=short | num=0 | lex=0,fam=reduction | rules=r1 | len=short
4123,13_LibroUAC_Sincopyright.pdf,¥ Signo del yen japonés Letra «y» griega mayúscula cruzada por dos líneas horizontales.,Signo del yen japonés. Letra y griega mayúscula cruzada por dos líneas horizontales.,María Annette,3.0,,,,,,,,,0,[3],1,3.0,Visual Reference Dependence,['reduction'],1,reduction,14,1,0,1,0,r1,medium,0,fam=reduction | rules=r1 | len=medium | num=0 | lex=0,fam=reduction | rules=r1 | len=medium
4130,62_LibroUAC_Sincopyright.pdf,Estos instrumentos de pago se encuentran regulados en la ley chilena N.092 de 1982.,Estos instrumentos de pago se encuentran regulados en la ley chilena número cero noventa y dos de mil ochocientos ochenta y dos.,María Annette,14.0,,,,,,,,,0,[14],1,14.0,Use of Numerical Expressions,['structural'],1,structural,14,2,1,0,0,r1,medium,0,fam=structural | rules=r1 | len=medium | num=1 | lex=0,fam=structural | rules=r1 | len=medium
4132,69_LibroUAC_Sincopyright.pdf,Las letras y pagarés están afectos al impuesto de timbres y estampillas que grava el monto de las operaciones de crédito según el Decreto Ley N.475 de 1980.,Las letras y pagarés están afectos al impuesto de timbres y estampillas que grava el monto de las operaciones de crédito según el Decreto Ley número cuatrocientos setenta y cinco de mil novecientos ochenta.,María Annette,14.0,,,,,,,,,0,[14],1,14.0,Use of Numerical Expressions,['structural'],1,structural,28,2,1,0,0,r1,long,0,fam=structural | rules=r1 | len=long | num=1 | lex=0,fam=structural | rules=r1 | len=long
4135,85_LibroUAC_Sincopyright.pdf,"El nuevo beneficiario lo cobra, prorroga o protesta al momento del vencimiento.","El nuevo beneficiario lo cobra, prorroga o protesta al momento del vencimiento.",María Annette,,,,,,,,,,0,[],0,,,[],0,unknown,12,1,0,0,0,r1,short,0,fam=unknown | rules=r1 | len=short | num=0 | lex=0,fam=unknown | rules=r1 | len=short
4138,91_LibroUAC_Sincopyright.pdf,"Las expresiones más representativas de dinero plástico, con solo algunas décadas de uso (desde los años ochenta del siglo pasado), son la tarjeta de crédito y la tarjeta de débito, otorgadas por los bancos e instituciones de crédito vinculadas al comercio al por menor (retail).","Las expresiones más representativas de dinero plástico desde los años ochenta del siglo pasado son la tarjeta de crédito y la tarjeta de débito, otorgadas por los bancos e instituciones de crédito vinculadas al comercio al por menor.",María Annette,3.0,,,,,,,,,0,[3],1,3.0,Visual Reference Dependence,['reduction'],1,reduction,45,1,0,0,0,r1,long,0,fam=reduction | rules=r1 | len=long | num=0 | lex=0,fam=reduction | rules=r1 | len=long
4140,95_LibroUAC_Sincopyright.pdf,"El interés por pago posterior al vencimiento es uno de los más altos del mercado, con tasas anualizadas de alrededor del 40 % de lo adeudado.","El interés por pago posterior al vencimiento es uno de los más altos del mercado, con tasas anualizadas de alrededor del cuarenta por ciento de lo adeudado.",María Annette,14.0,,,,,,,,,0,[14],1,14.0,Use of Numerical Expressions,['structural'],1,structural,26,1,1,0,1,r1,long,0,fam=structural | rules=r1 | len=long | num=1 | lex=0,fam=structural | rules=r1 | len=long
4141,96_LibroUAC_Sincopyright.pdf,"Dependiendo de la solvencia del usuario, estas tarjetas tienen montos de créditos y beneficios diferenciados lo que se representa en su categorización como tarjetas plata, oro, platinum, plus y similares.","Según la solvencia del usuario estas tarjetas tienen montos de créditos y beneficios diferenciados lo que se representa en su categorización como tarjetas plata, oro, platinum, plus y similares.",María Annette,12.0,,,,,,,,,0,[12],1,12.0,Use of Gerund,['morphosyntactic'],1,morphosyntactic,30,1,0,0,0,r1,long,0,fam=morphosyntactic | rules=r1 | len=long | num=0 | lex=0,fam=morphosyntactic | rules=r1 | len=long
4143,97b_LibroUAC_Sincopyright.pdf,"El dinero plástico ha sido el mayor competidor del cheque y del uso de dinero en efectivo, principalmente por la facilidad de empleo y porque evita el porte de billetes o de talonarios de cheques, lo que garantizaría más seguridad en las operaciones comerciales y de créditos que se realicen.","El dinero plástico es el mayor competidor del cheque y del uso de dinero en efectivo, principalmente por la facilidad de empleo y porque evita el porte de billetes o de talonarios de cheques que garantiza más seguridad en las operaciones comerciales y de créditos que se realicen.",María Annette,5.0,,,,,,,,,0,[5],1,5.0,Unnecessary Words,['reduction'],1,reduction,50,1,0,0,0,r1,long,0,fam=reduction | rules=r1 | len=long | num=0 | lex=0,fam=reduction | rules=r1 | len=long
4159,992_LibroUAC_Sincopyright.pdf,"Para la inversión, la rentabilidad se presenta como un valor agregado, mientras que, para el costo, representa un monto que aumenta el crédito.","Para la inversión la rentabilidad se presenta como un valor agregado, mientras que para el costo representa un monto que aumenta el crédito.",María Annette,16.0,,,,,,,,,0,[16],1,16.0,Parenthetical Phrases,['reduction'],1,reduction,23,1,0,0,0,r1,medium,0,fam=reduction | rules=r1 | len=medium | num=0 | lex=0,fam=reduction | rules=r1 | len=medium
4164,1036_LibroUAC_Sincopyright.pdf,EL BANCO B TE OFRECE LOS $2.000 DURANTE UN AÑO A UNA TASA DE INTERÉS ANUAL DEL 9%.,EL BANCO B TE OFRECE LOS DOS MIL DÓLARES A UN AÑO A UNA TASA DE INTERÉS ANUAL DEL NUEVE POR CIENTO.,María Annette,14.0,,,,,,,,,0,[14],1,14.0,Use of Numerical Expressions,['structural'],1,structural,18,2,1,1,1,r1,medium,0,fam=structural | rules=r1 | len=medium | num=1 | lex=0,fam=structural | rules=r1 | len=medium
4165,1040_LibroUAC_Sincopyright.pdf,"Si se cuenta con la tasa de interés anual y se necesita calcular el interés semestral, entonces, hay que dividir la tasa por 2, por 4 si es trimestral, por 12 si es mensual y por 365 si es diario.","Si se cuenta con la tasa de interés anual y se necesita calcular el interés semestral, entonces hay que dividir la tasa por dos, por cuatro si es trimestral, por doce si es mensual y por trecientos sesenta y cinco si es diario.",María Annette,14.0,,,,,,,,,0,[14],1,14.0,Use of Numerical Expressions,['structural'],1,structural,40,1,1,0,0,r1,long,0,fam=structural | rules=r1 | len=long | num=1 | lex=0,fam=structural | rules=r1 | len=long
4169,671_LibroBAC.pdf,"Son personas que disfrutan lo poco o mucho que poseen, lo cuidan y si es posible lo incrementan.","Son personas que disfrutan lo que poseen, lo cuidan y lo incrementan si pueden.",Sugeily,5.0,,,,,,,,,0,[5],1,5.0,Unnecessary Words,['reduction'],1,reduction,18,1,0,0,0,r1,medium,0,fam=reduction | rules=r1 | len=medium | num=0 | lex=0,fam=reduction | rules=r1 | len=medium
4170,672_LibroBAC.pdf,"Las personas realistas, ven los dos lados de la moneda: Lo que poseen y lo que no.","Las personas realistas, ven lo que poseen y lo que no.",Sugeily,6.0,,,,,,,,,0,[6],1,6.0,Complex Phrases,['lexical'],1,lexical,17,1,0,0,0,r1,medium,0,fam=lexical | rules=r1 | len=medium | num=0 | lex=0,fam=lexical | rules=r1 | len=medium
4171,678_LibroBAC.pdf,También viven en una cultura de prosperidad y simultáneamente se preparan para situaciones temporales de carencia.,También viven en una cultura de prosperidad y se preparan para situación temporales de carencia.,Sugeily,5.0,,,,,,,,,0,[5],1,5.0,Unnecessary Words,['reduction'],1,reduction,16,1,0,0,0,r1,medium,0,fam=reduction | rules=r1 | len=medium | num=0 | lex=0,fam=reduction | rules=r1 | len=medium
4175,884_LibroBAC.pdf,"Hay que agregar que las decisiones adecuadas, basadas en la verdad y el bien, en torno a los conceptos antes indicados contribuyen al logro de la libertad financiera.",Hay que agregar las decisiones adecuadas sobre los conceptos anteriores contribuyen al logro de la libertad financiera.,Sugeily,16.0,,,,,,,,,0,[16],1,16.0,Parenthetical Phrases,['reduction'],1,reduction,28,1,0,0,0,r1,long,0,fam=reduction | rules=r1 | len=long | num=0 | lex=0,fam=reduction | rules=r1 | len=long
4181,92_LibroNEFE_Sincopyright.pdf,Las fugas de dinero te dejan menos dinero disponible para ahorrar y cumplir tus sueños.,Las fugas de dinero dejan menos dinero disponible para ahorrar y cumplir sueños.,Sugeily,18.0,,,,,,,,,0,[18],1,18.0,Sentences of formal and aesthetic use,['reduction'],1,reduction,15,1,0,0,0,r1,medium,0,fam=reduction | rules=r1 | len=medium | num=0 | lex=0,fam=reduction | rules=r1 | len=medium
4184,111_LibroNEFE_Sincopyright.pdf,'¿Qué edad vas a tener si no vas a la universidad?,¿Qué edad vas a tener si no vas a la universidad?,Sugeily,21.0,,,,,,,,,0,[21],1,21.0,Use of Complex Punctuation Marks,['structural'],1,structural,11,1,0,0,0,r1,short,0,fam=structural | rules=r1 | len=short | num=0 | lex=0,fam=structural | rules=r1 | len=short
4188,1936_LibroBAC.pdf,"La economía, dice alguna definición más moderna, es el estudio de la manera en que las sociedades utilizan los recursos escasos para producir mercancías valiosas y distribuirlas entre los diferentes individuos.","En términos modernos, la economía ""es la manera en que las sociedades utilizan los recursos escasos para producir mercancías valiosas y distribuirlas entre los diferentes individuos"".",Sugeily,16.0,,,,,,,,,0,[16],1,16.0,Parenthetical Phrases,['reduction'],1,reduction,31,1,0,0,0,r1,long,0,fam=reduction | rules=r1 | len=long | num=0 | lex=0,fam=reduction | rules=r1 | len=long
4193,1942_LibroBAC.pdf,"Ejemplos de estos productos útiles son los computadores, relojes, casas y miles de productos.","Ejemplos de estos productos útiles son los computadores, relojes, casas y otros miles.",Sugeily,5.0,,,,,,,,,0,[5],1,5.0,Unnecessary Words,['reduction'],1,reduction,14,1,0,0,0,r1,medium,0,fam=reduction | rules=r1 | len=medium | num=0 | lex=0,fam=reduction | rules=r1 | len=medium
4194,1944_LibroBAC.pdf,"Por otro lado, la hierba mala generalmente no tiene uso práctico y no se clasifica como un bien económico.","Por otro lado, la hierba mala no tiene uso práctico y no se clasifica como un bien económico.",Sugeily,5.0,,,,,,,,,0,[5],1,5.0,Unnecessary Words,['reduction'],1,reduction,19,1,0,0,0,r1,medium,0,fam=reduction | rules=r1 | len=medium | num=0 | lex=0,fam=reduction | rules=r1 | len=medium
4199,3623_LibroBAC.pdf,No habría refrigeradora ni probablemente una simple heladera primitiva para conservar frescos los alimentos.,No habría refrigeradora o una simple heladera primitiva para conservar frescos los alimentos.,Sugeily,5.0,,,,,,,,,0,[5],1,5.0,Unnecessary Words,['reduction'],1,reduction,14,1,0,0,0,r1,medium,0,fam=reduction | rules=r1 | len=medium | num=0 | lex=0,fam=reduction | rules=r1 | len=medium
4203,3634_LibroBAC.pdf,"Si el padre y la madre provenían de otras tierras, lo más probable era que no supiesen leer ni escribir.","Si los padres provenían de otras tierras, lo más probable era que no supiesen leer ni escribir.",Sugeily,5.0,,,,,,,,,0,[5],1,5.0,Unnecessary Words,['reduction'],1,reduction,20,1,0,0,0,r1,medium,0,fam=reduction | rules=r1 | len=medium | num=0 | lex=0,fam=reduction | rules=r1 | len=medium
4206,3640_LibroBAC.pdf,"Sí, la expresión nivel de vida.","Sí, nivel de vida.",Sugeily,5.0,,,,,,,,,0,[5],1,5.0,Unnecessary Words,['reduction'],1,reduction,6,1,0,0,0,r1,short,0,fam=reduction | rules=r1 | len=short | num=0 | lex=0,fam=reduction | rules=r1 | len=short
4208,3644_LibroBAC.pdf,"La casa tiene cuatro cuartos separados para él y su esposa y para los niños y las niñas, los cuales ya van a la escuela y al colegio.","La casa tiene cuatro cuartos separados, para él y su esposa y para los niños y las niñas, que van a la escuela y al colegio.",Sugeily,5.0,,,,,,,,,0,[5],1,5.0,Unnecessary Words,['reduction'],1,reduction,28,1,0,0,0,r1,long,0,fam=reduction | rules=r1 | len=long | num=0 | lex=0,fam=reduction | rules=r1 | len=long
4209,3647_LibroBAC.pdf,"Pero en el Barrio vive también don Rómulo, quien igualmente tiene una pulpería tan grande como la de don Juan.","En el Barrio también vive don Rómulo, que tiene una pulpería como la de don Juan.",Sugeily,5.0,,,,,,,,,0,[5],1,5.0,Unnecessary Words,['reduction'],1,reduction,20,1,0,0,0,r1,medium,0,fam=reduction | rules=r1 | len=medium | num=0 | lex=0,fam=reduction | rules=r1 | len=medium
4214,3773_LibroBAC.pdf,"Según el autor, ellas son una invitación a cambiar de actitud acerca del trabajo.","Según el autor, estas son una invitación a cambiar de actitud acerca del trabajo.",Sugeily,18.0,,,,,,,,,0,[18],1,18.0,Sentences of formal and aesthetic use,['reduction'],1,reduction,14,1,0,0,0,r1,medium,0,fam=reduction | rules=r1 | len=medium | num=0 | lex=0,fam=reduction | rules=r1 | len=medium
4217,3798_LibroBAC.pdf,"El carbón, el petróleo, la madera, los productos químicos, el agua, el coral, el aire y la lluvia son ejemplos de ese sector de producción.","Carbón, petróleo, madera, productos químicos, agua, coral, aire y lluvia son ejemplos de ese sector de producción.",Sugeily,15.0,,,,,,,,,0,[15],1,15.0,Sentence Length,['structural'],1,structural,25,1,0,0,0,r1,long,0,fam=structural | rules=r1 | len=long | num=0 | lex=0,fam=structural | rules=r1 | len=long
4221,3882_LibroBAC.pdf,"Esta es otra razón por la cual se le conocen como bienes primarios, porque sin ellos la gente no podría vivir.","Por esta razón se les conoce bienes primarios, porque sin ellos la gente no podría vivir.",Sugeily,5.0,,,,,,,,,0,[5],1,5.0,Unnecessary Words,['reduction'],1,reduction,21,1,0,0,0,r1,medium,0,fam=reduction | rules=r1 | len=medium | num=0 | lex=0,fam=reduction | rules=r1 | len=medium
4222,3887_LibroBAC.pdf,"También están los pescadores que se encuentran en las costas de los mares, así como en las ciénagas, lagunas y ríos dedicados a su oficio.","También están los pescadores que se ejercen su oficio en las costas de los mares, en las ciénagas, lagunas y ríos.",Sugeily,5.0,,,,,,,,,0,[5],1,5.0,Unnecessary Words,['reduction'],1,reduction,25,1,0,0,0,r1,long,0,fam=reduction | rules=r1 | len=long | num=0 | lex=0,fam=reduction | rules=r1 | len=long
4229,3926_LibroBAC.pdf,"Todos debemos estar interesados en saber qué es la productividad, ya que frecuentemente nos repiten que el nivel de vida de un país depende de la productividad.","Todos deben interesarse por la productividad, ya que el nivel de vida de un país depende de la productividad.",Sugeily,5.0,,,,,,,,,0,[5],1,5.0,Unnecessary Words,['reduction'],1,reduction,27,1,0,0,0,r1,long,0,fam=reduction | rules=r1 | len=long | num=0 | lex=0,fam=reduction | rules=r1 | len=long
4232,3946_LibroBAC.pdf,"Son dos palabras que se parecen, porque se construyen sobre la misma raíz lingüística, pero que quieren decir cosas diferentes.","Ambas palabras se construyen sobre la misma raíz lingüística, pero sus significados son diferentes.",Sugeily,5.0,,,,,,,,,0,[5],1,5.0,Unnecessary Words,['reduction'],1,reduction,20,1,0,0,0,r1,medium,0,fam=reduction | rules=r1 | len=medium | num=0 | lex=0,fam=reduction | rules=r1 | len=medium
4234,3949_LibroBAC.pdf,"Por producción, y esto ya lo señalamos atrás, se entiende la cantidad de bienes y servicios que genera y de que dispone el país.",Por producción se entiende la cantidad de bienes y servicios que genera y de los que dispone el país.,Sugeily,16.0,,,,,,,,,0,[16],1,16.0,Parenthetical Phrases,['reduction'],1,reduction,24,1,0,0,0,r1,medium,0,fam=reduction | rules=r1 | len=medium | num=0 | lex=0,fam=reduction | rules=r1 | len=medium
4242,3978_LibroBAC.pdf,"Como obtienen mayores ganancias, con el dinero que ganan tienen posibilidad de seguir ampliando sus negocios.",Al obtener mayores ganancias tienen posibilidad de seguir ampliando sus negocios.,Sugeily,5.0,,,,,,,,,0,[5],1,5.0,Unnecessary Words,['reduction'],1,reduction,16,1,0,0,0,r1,medium,0,fam=reduction | rules=r1 | len=medium | num=0 | lex=0,fam=reduction | rules=r1 | len=medium
4243,5432_LibroBAC.pdf,Usted necesita darse cuenta de que muchas personas han fracasado financieramente.,Usted necesita reconocer que muchas personas han fracasado financieramente.,Sugeily,18.0,,,,,,,,,0,[18],1,18.0,Sentences of formal and aesthetic use,['reduction'],1,reduction,11,1,0,0,0,r1,short,0,fam=reduction | rules=r1 | len=short | num=0 | lex=0,fam=reduction | rules=r1 | len=short
4245,5436_LibroBAC.pdf,¿Quiere tener el orgullo herido o realmente desea hacer más dinero?,¿Quiere sentirse mal o realmente desea hacer más dinero?,Sugeily,6.0,,,,,,,,,0,[6],1,6.0,Complex Phrases,['lexical'],1,lexical,11,1,0,0,0,r1,short,0,fam=lexical | rules=r1 | len=short | num=0 | lex=0,fam=lexical | rules=r1 | len=short
4247,5446_LibroBAC.pdf,¿Funcionará o no el presupuesto que ha hecho?,¿Funcionará o no el presupuesto que hizo?,Sugeily,18.0,,,,,,,,,0,[18],1,18.0,Sentences of formal and aesthetic use,['reduction'],1,reduction,8,1,0,0,0,r1,short,0,fam=reduction | rules=r1 | len=short | num=0 | lex=0,fam=reduction | rules=r1 | len=short
4254,5478_LibroBAC.pdf,Usted probablemente no hace un presupuesto porque piensa que eliminará las partes divertidas de la vida.,Usted probablemente no hace un presupuesto porque piensa implica eliminar las partes divertidas de la vida.,Sugeily,18.0,,,,,,,,,0,[18],1,18.0,Sentences of formal and aesthetic use,['reduction'],1,reduction,16,1,0,0,0,r1,medium,0,fam=reduction | rules=r1 | len=medium | num=0 | lex=0,fam=reduction | rules=r1 | len=medium
4257,5488_LibroBAC.pdf,"Tal vez esté en un terrible problema, pero al menos es su problema y conoce el enredo muy bien.","Tal vez tenga un problema, pero al menos es su problema y conoce el enredo muy bien.",Sugeily,5.0,,,,,,,,,0,[5],1,5.0,Unnecessary Words,['reduction'],1,reduction,19,1,0,0,0,r1,medium,0,fam=reduction | rules=r1 | len=medium | num=0 | lex=0,fam=reduction | rules=r1 | len=medium
4258,5493_LibroBAC.pdf,Había una mujer que dictaba un seminario sobre cómo cambiar su vida.,Había una mujer que daba un seminario sobre cómo cambiar su vida.,Sugeily,1.0,,,,,,,,,1,[1],1,1.0,Word Frequency,['lexical'],1,lexical,12,1,0,0,0,r1,short,1,fam=lexical | rules=r1 | len=short | num=0 | lex=1,fam=lexical | rules=r1 | len=short
4260,5509_LibroBAC.pdf,Aún así todos permanecieron inflexibles acerca del provecho de ver el noticiero.,Pero todos permanecieron firmes acerca del provecho de ver el noticiero.,Sugeily,1.0,,,,,,,,,1,[1],1,1.0,Word Frequency,['lexical'],1,lexical,12,1,0,0,0,r1,short,1,fam=lexical | rules=r1 | len=short | num=0 | lex=1,fam=lexical | rules=r1 | len=short
4261,5521_LibroBAC.pdf,"Pues bien, he identificado las barreras presupuestales más comunes y espero que al hacerlo les haya dado algo de ánimo.","Pues bien, identifiqué las barreras presupuestales más comunes y espero que al hacerlo los haya animado.",Sugeily,18.0,,,,,,,,,0,[18],1,18.0,Sentences of formal and aesthetic use,['reduction'],1,reduction,20,1,0,0,0,r1,medium,0,fam=reduction | rules=r1 | len=medium | num=0 | lex=0,fam=reduction | rules=r1 | len=medium
4266,5540_LibroBAC.pdf,"Mejorar el uso del vehículo, si este se tiene.",Si tiene vehículo mejorar su uso.,Sugeily,18.0,,,,,,,,,0,[18],1,18.0,Sentences of formal and aesthetic use,['reduction'],1,reduction,9,1,0,0,0,r1,short,0,fam=reduction | rules=r1 | len=short | num=0 | lex=0,fam=reduction | rules=r1 | len=short
4275,6572_LibroBAC.pdf,"Cuando se intenta definir el dinero, las personas piensan en monedas o billetes, lo cual es muy reducido porque el dinero es más que eso.",El dinero es más que monedas o billetes.,Sugeily,5.0,,,,,,,,,0,[5],1,5.0,Unnecessary Words,['reduction'],1,reduction,25,1,0,0,0,r1,long,0,fam=reduction | rules=r1 | len=long | num=0 | lex=0,fam=reduction | rules=r1 | len=long
4276,6574_LibroBAC.pdf,"Al principio, como ya vimos en el trueque, adoptó la forma de mercancía, pero con el tiempo se transformó en dinero-papel, cuentas corrientes y otras formas.","Al principio, tuvo la forma de mercancía, pero luego se transformó en dinero-papel, cuentas corrientes y otras formas.",Sugeily,16.0,,,,,,,,,0,[16],1,16.0,Parenthetical Phrases,['reduction'],1,reduction,26,1,0,0,0,r1,long,0,fam=reduction | rules=r1 | len=long | num=0 | lex=0,fam=reduction | rules=r1 | len=long
4277,6579_LibroBAC.pdf,"De esto mismo se derivan cuatro esenciales funciones como: unidad de medida para el valor, medio de intercambio, acumulador o sintetizador de valor y medio de pagos diferidos.","De ahí nacen cuatro funciones esenciales: unidad de medida para el valor, medio de intercambio, acumulador o sintetizador de valor y medio de pagos diferidos.",Sugeily,5.0,,,,,,,,,0,[5],1,5.0,Unnecessary Words,['reduction'],1,reduction,28,1,0,0,0,r1,long,0,fam=reduction | rules=r1 | len=long | num=0 | lex=0,fam=reduction | rules=r1 | len=long
4281,7393_LibroBAC.pdf,"Crear una nueva mentalidad sería, por consiguiente, transformar actitudes.",Crear una nueva mentalidad sería transformar actitudes.,Sugeily,16.0,,,,,,,,,0,[16],1,16.0,Parenthetical Phrases,['reduction'],1,reduction,9,1,0,0,0,r1,short,0,fam=reduction | rules=r1 | len=short | num=0 | lex=0,fam=reduction | rules=r1 | len=short
4283,7407_LibroBAC.pdf,Miles de personas compran billetes de lotería semanalmente soñando con sacarse el premio mayor un día y convertirse en triunfadores por un mero golpe de suerte.,Muchas personas compran billetes de lotería semanalmente porque sueñan con ganar el premio mayor y convertirse en triunfadores por suerte.,Sugeily,12.0,,,,,,,,,0,[12],1,12.0,Use of Gerund,['morphosyntactic'],1,morphosyntactic,26,1,0,0,0,r1,long,0,fam=morphosyntactic | rules=r1 | len=long | num=0 | lex=0,fam=morphosyntactic | rules=r1 | len=long
4284,7418_LibroBAC.pdf,"¿Son estos sólo sueños, o son metas reales?",¿Estos son sólo sueños o son metas reales?,Sugeily,19.0,,,,,,,,,0,[19],1,19.0,Sentence Order,['structural'],1,structural,8,1,0,0,0,r1,short,0,fam=structural | rules=r1 | len=short | num=0 | lex=0,fam=structural | rules=r1 | len=short
4285,7421_LibroBAC.pdf,"Sería ridículo que soñáramos ahora con ser el mago Mandrake, eso está claro.","Sería ridículo que soñar ahora con ser el mago Mandrake, eso está claro.",Sugeily,18.0,,,,,,,,,0,[18],1,18.0,Sentences of formal and aesthetic use,['reduction'],1,reduction,13,1,0,0,0,r1,medium,0,fam=reduction | rules=r1 | len=medium | num=0 | lex=0,fam=reduction | rules=r1 | len=medium
4295,7449_LibroBAC.pdf,"Por eso me gusta tanto esa frase de Tagore que dice: Si cierras la puerta a todos los errores, dejarás fuera la verdad.","Por eso, Tagore dice que: Si cierras la puerta a todos los errores, dejarás fuera la verdad"".",Sugeily,5.0,,,,,,,,,0,[5],1,5.0,Unnecessary Words,['reduction'],1,reduction,23,1,0,0,0,r1,medium,0,fam=reduction | rules=r1 | len=medium | num=0 | lex=0,fam=reduction | rules=r1 | len=medium
4296,7451_LibroBAC.pdf, No digo que no debamos tener miedo.,No digo que no debamos tener miedo.,Sugeily,18.0,,,,,,,,,0,[18],1,18.0,Sentences of formal and aesthetic use,['reduction'],1,reduction,8,1,0,0,0,r1,short,0,fam=reduction | rules=r1 | len=short | num=0 | lex=0,fam=reduction | rules=r1 | len=short
4299,9012_LibroBAC.pdf,"Al abrir una cuenta de ahorro, hay que tomar en cuenta los siguientes factores que determinan el rendimiento de la misma: Comisiones, cargos, cuotas y penalidades que normalmente se basan en requisitos de saldo mínimo o comisiones por transacción.","Al abrir una cuenta de ahorro, hay que tomar en cuenta los factores que determinan su rendimiento. Por ejemplo, las comisiones, cargos, cuotas y penalidades que normalmente basadas en requisitos de saldo mínimo o comisiones por transacción.",Sugeily,15.0,,,,,,,,,0,[15],1,15.0,Sentence Length,['structural'],1,structural,39,1,0,0,0,r1,long,0,fam=structural | rules=r1 | len=long | num=0 | lex=0,fam=structural | rules=r1 | len=long
4303,9030_LibroBAC.pdf,"Además, una cuenta de ahorros permite saber cuánto dinero se tiene disponible y cuánto se está gastando cada mes.","Además, una cuenta de ahorros permite saber cuánto dinero tiene disponible y cuánto gasta cada mes.",Sugeily,12.0,,,,,,,,,0,[12],1,12.0,Use of Gerund,['morphosyntactic'],1,morphosyntactic,19,1,0,0,0,r1,medium,0,fam=morphosyntactic | rules=r1 | len=medium | num=0 | lex=0,fam=morphosyntactic | rules=r1 | len=medium
4304,9032_LibroBAC.pdf,Ahorre una cierta cantidad cada mes Acostúmbrese a ahorrar una cantidad de dinero cada mes.,Ahorre una cierta una cantidad de dinero cada mes.,Sugeily,5.0,,,,,,,,,0,[5],1,5.0,Unnecessary Words,['reduction'],1,reduction,15,1,0,0,0,r1,medium,0,fam=reduction | rules=r1 | len=medium | num=0 | lex=0,fam=reduction | rules=r1 | len=medium
4305,9036_LibroBAC.pdf,Solo de esa manera puede organizar sus gastos y ahorrar la cantidad que necesita para sus metas y quizás las de su familia y lograr sus sueños.,Solo así puede organizar sus gastos y ahorrar lo necesario para cumplir sus metas y las de su familia.,Sugeily,15.0,,,,,,,,,0,[15],1,15.0,Sentence Length,['structural'],1,structural,27,1,0,0,0,r1,long,0,fam=structural | rules=r1 | len=long | num=0 | lex=0,fam=structural | rules=r1 | len=long
4310,9055_LibroBAC.pdf,"Pague más del pago mínimo de sus préstamos y tarjetas de crédito, si usted puede.","Si usted puede, pague más del pago mínimo de sus préstamos y tarjetas de crédito.",Sugeily,19.0,,,,,,,,,0,[19],1,19.0,Sentence Order,['structural'],1,structural,15,1,0,0,0,r1,medium,0,fam=structural | rules=r1 | len=medium | num=0 | lex=0,fam=structural | rules=r1 | len=medium
4312,9059_LibroBAC.pdf,Prepare comida en su casa y llévela al trabajo.,Prepare comida en su casa y llévela al trabajo.,Sugeily,,,,,,,,,,0,[],0,,,[],0,unknown,9,1,0,0,0,r1,short,0,fam=unknown | rules=r1 | len=short | num=0 | lex=0,fam=unknown | rules=r1 | len=short
4315,11723_LibroBAC.pdf,"Como dijimos, anteriormente, las condiciones de financiamiento del vehículo nuevo son mejores que las del vehículo usado.","Como dijimos, las condiciones de financiamiento del vehículo nuevo son mejores que las del vehículo usado.",Sugeily,16.0,,,,,,,,,0,[16],1,16.0,Parenthetical Phrases,['reduction'],1,reduction,17,1,0,0,0,r1,medium,0,fam=reduction | rules=r1 | len=medium | num=0 | lex=0,fam=reduction | rules=r1 | len=medium
4326,12623_LibroBAC.pdf,Hay ocasiones en las que la forma de pago resulta engorrosa y molesta.,Hay ocasiones en las que la forma de pago resulta complicada y molesta.,Sugeily,1.0,,,,,,,,,1,[1],1,1.0,Word Frequency,['lexical'],1,lexical,13,1,0,0,0,r1,medium,1,fam=lexical | rules=r1 | len=medium | num=0 | lex=1,fam=lexical | rules=r1 | len=medium
4327,12615_LibroBAC.pdf,"Bajo este rubro los medios de pago más utilizados, sin contar el efectivo, son el cheque, las tarjetas de débito y las tarjetas de crédito.","Entonces, los medios de pago más utilizados, después del efectivo, son: el cheque, las tarjetas de débito y crédito.",Sugeily,15.0,,,,,,,,,0,[15],1,15.0,Sentence Length,['structural'],1,structural,25,1,0,0,0,r1,long,0,fam=structural | rules=r1 | len=long | num=0 | lex=0,fam=structural | rules=r1 | len=long
4328,12631_LibroBAC.pdf,Sus características intrínsecas han favorecido su uso para llevar a cabo infinidad de transacciones comerciales.,Sus características favorecen su uso para llevar a cabo infinidad de transacciones comerciales.,Sugeily,5.0,,,,,,,,,0,[5],1,5.0,Unnecessary Words,['reduction'],1,reduction,15,1,0,0,0,r1,medium,0,fam=reduction | rules=r1 | len=medium | num=0 | lex=0,fam=reduction | rules=r1 | len=medium
4335,15609_LibroBAC.pdf,Lorenzo: Ni te cuento el cuentonón que salió.,Lorenzo: Ni te cuento el cuentón que salió.,Sugeily,1.0,,,,,,,,,1,[1],1,1.0,Word Frequency,['lexical'],1,lexical,8,1,0,0,0,r1,short,1,fam=lexical | rules=r1 | len=short | num=0 | lex=1,fam=lexical | rules=r1 | len=short
4336,15612_LibroBAC.pdf,"Olvídate: me cobraron la ambulancia, el uso de la camilla, el chofer, el paramédico que nos acompañó desde la casa, el anestesista, el cirujano, la enfermera, los medicamentos, las toallas","Olvídate: me cobraron la ambulancia, el uso de la camilla, el chofer, el paramédico que nos acompañó desde la casa. También el anestesista, el cirujano, la enfermera, los medicamentos, las toallas",Sugeily,15.0,,,,,,,,,0,[15],1,15.0,Sentence Length,['structural'],1,structural,30,1,0,0,0,r1,long,0,fam=structural | rules=r1 | len=long | num=0 | lex=0,fam=structural | rules=r1 | len=long
4354,15709_LibroBAC.pdf,"De igual manera, puede adquirir seguros para cubrir daños al automóvil u otros.","De igual manera, puede adquirir seguros para cubrir daños al carro u otros.",Sugeily,1.0,,,,,,,,,1,[1],1,1.0,Word Frequency,['lexical'],1,lexical,13,1,0,0,0,r1,medium,1,fam=lexical | rules=r1 | len=medium | num=0 | lex=1,fam=lexical | rules=r1 | len=medium
4357,15732_LibroBAC.pdf,"Mantener esta diferencia, entre seguros compulsivos y no, exige evaluar los costos y beneficios y comprar el seguro que requiera según las necesidades.",Estas diferencias exigen evaluar los costos y beneficios y comprar el seguro que requiera según las necesidades.,Sugeily,15.0,,,,,,,,,0,[15],1,15.0,Sentence Length,['structural'],1,structural,23,1,0,0,0,r1,medium,0,fam=structural | rules=r1 | len=medium | num=0 | lex=0,fam=structural | rules=r1 | len=medium
4363,17348_LibroBAC.pdf,"No realice transacciones en línea desde computadores o lugares poco seguros, como café Internet.","No realice transacciones en línea desde computadores o lugares poco seguros, como los cafés Internet.",Sugeily,18.0,,,,,,,,,0,[18],1,18.0,Sentences of formal and aesthetic use,['reduction'],1,reduction,14,1,0,0,0,r1,medium,0,fam=reduction | rules=r1 | len=medium | num=0 | lex=0,fam=reduction | rules=r1 | len=medium
4365,17357_LibroBAC.pdf,"Cuando un usuario recibe un correo electrónico que parece proceder de una compañía financiera de buena reputación, con un mensaje que solicita la actualización de su información personal haciendo clic en un enlace que parece auténtico.",Cuando un usuario recibe un correo electrónico que parece proceder de una compañía financiera de buena reputación. En este mensaje se solicita la actualización de su información personal al hacer clic en un enlace que parece auténtico.,Sugeily,15.0,,,,,,,,,0,[15],1,15.0,Sentence Length,['structural'],1,structural,36,1,0,0,0,r1,long,0,fam=structural | rules=r1 | len=long | num=0 | lex=0,fam=structural | rules=r1 | len=long
4369,17371_LibroBAC.pdf,Verifique la información contactando telefónicamente a la compañía que lo está enviando y que seguramente ofrecerá sus teléfonos o dirección.,Llame a la compañía que envía el correo para verificar la información. Seguramente ofrecerá sus teléfonos o dirección.,Sugeily,12.0,,,,,,,,,0,[12],1,12.0,Use of Gerund,['morphosyntactic'],1,morphosyntactic,20,1,0,0,0,r1,medium,0,fam=morphosyntactic | rules=r1 | len=medium | num=0 | lex=0,fam=morphosyntactic | rules=r1 | len=medium
4371,17374_LibroBAC.pdf,Verifique regularmente las transacciones de sus cuentas y tarjetas de crédito para asegurarse que éstas son legítimas y llevar un control regular de las mismas.,Verifique regularmente las transacciones de sus cuentas y tarjetas de crédito. Así se asegura de que estas son legítimas y lleva un control regular.,Sugeily,15.0,,,,,,,,,0,[15],1,15.0,Sentence Length,['structural'],1,structural,25,1,0,0,0,r1,long,0,fam=structural | rules=r1 | len=long | num=0 | lex=0,fam=structural | rules=r1 | len=long
4378,17402_LibroBAC.pdf,"Los laboratorios de virus no disponen de tiempo suficiente para efectuar la detección y eliminación del malware, para todos los nuevos códigos, antes de que lleguen a propagarse en unos pocos computadores.",Los laboratorios de virus no tienen tiempo de detectar y eliminar el malware para los nuevos códigos antes de su propagación.,Sugeily,15.0,,,,,,,,,0,[15],1,15.0,Sentence Length,['structural'],1,structural,32,1,0,0,0,r1,long,0,fam=structural | rules=r1 | len=long | num=0 | lex=0,fam=structural | rules=r1 | len=long
4379,17403_LibroBAC.pdf,"A pesar de los esfuerzos y la mejora de los laboratorios, es imposible que se elabore una solución adecuada y a tiempo para algunos códigos malignos que se propagan en cuestión de minutos.","Incluso con los esfuerzos de los laboratorios por mejorar, es imposible elaborar soluciones para algunos códigos malignos que se propagan rápido.",Sugeily,15.0,,,,,,,,,0,[15],1,15.0,Sentence Length,['structural'],1,structural,33,1,0,0,0,r1,long,0,fam=structural | rules=r1 | len=long | num=0 | lex=0,fam=structural | rules=r1 | len=long
4382,17415_LibroBAC.pdf,"El análisis debe incluir todas las unidades del disco duro, los disquetes, los CD's y unidades compartidas.","El análisis debe incluir las unidades del disco duro, los disquetes, los discos compactos y unidades compartidas.",Sugeily,13.0,,,,,,,,,0,[13],1,13.0,"Abbreviations, Shortenings, Acronyms, and Initialisms",['lexical'],1,lexical,17,1,0,0,0,r1,medium,0,fam=lexical | rules=r1 | len=medium | num=0 | lex=0,fam=lexical | rules=r1 | len=medium
4383,17416_LibroBAC.pdf,Un antivirus inactivo no presta ninguna protección a su equipo: compruebe que su antivirus tiene la protección permanente siempre activa.,Un antivirus inactivo no presta ninguna protección a su equipo: compruebe que su antivirus tiene la protección permanente activa.,Sugeily,5.0,,,,,,,,,0,[5],1,5.0,Unnecessary Words,['reduction'],1,reduction,20,1,0,0,0,r1,medium,0,fam=reduction | rules=r1 | len=medium | num=0 | lex=0,fam=reduction | rules=r1 | len=medium
4384,17418_LibroBAC.pdf,"Así vigilará todas las operaciones realizadas por su computador y podrá detectar y eliminar cualquier virus que intente ""ingresar"" dentro de él o alertarlo sobre posibles ataques.","Podrá vigilar todas las operaciones realizadas por su computador. Así puede detectar y eliminar cualquier virus que intente ""ingresar"" dentro del computador o alertarlo sobre posibles ataques.",Sugeily,15.0,,,,,,,,,0,[15],1,15.0,Sentence Length,['structural'],1,structural,27,1,0,0,0,r1,long,0,fam=structural | rules=r1 | len=long | num=0 | lex=0,fam=structural | rules=r1 | len=long
4386,17421_LibroBAC.pdf,"Por ejemplo, evita que entren personas no autorizadas en su equipo o bloquea las descargas de archivos o programas de páginas no seguras.","Por ejemplo, evita que entren personas no autorizadas en su equipo. Además, bloquea las descargas de archivos o programas de páginas no seguras.",Sugeily,15.0,,,,,,,,,0,[15],1,15.0,Sentence Length,['structural'],1,structural,23,1,0,0,0,r1,medium,0,fam=structural | rules=r1 | len=medium | num=0 | lex=0,fam=structural | rules=r1 | len=medium
4392,17431_LibroBAC.pdf,¿Existe algún riesgo adicional con los módems o las conexiones DSL?,¿Existe algún riesgo adicional con los módems o las conexiones Línea Digital de Abonado?,Sugeily,13.0,,,,,,,,,0,[13],1,13.0,"Abbreviations, Shortenings, Acronyms, and Initialisms",['lexical'],1,lexical,11,1,0,0,0,r1,short,0,fam=lexical | rules=r1 | len=short | num=0 | lex=0,fam=lexical | rules=r1 | len=short
4397,17440_LibroBAC.pdf,"Ponga la máxima precaución si observa que en su equipo se llevan a cabo acciones sospechosas como: aumento de tamaño de los archivos, aparición de avisos de Windows no habituales, recepción de correos de personas desconocidas o en idiomas que no utiliza habitualmente.","Ponga la máxima precaución si observa que en su equipo se llevan a cabo acciones sospechosas. Por ejemplo, aumento de tamaño de los archivos, aparición de avisos de Windows no habituales. También la recepción de correos de personas desconocidas o en idiomas que no utiliza habitualmente.",Sugeily,15.0,,,,,,,,,0,[15],1,15.0,Sentence Length,['structural'],1,structural,43,1,0,0,0,r1,long,0,fam=structural | rules=r1 | len=long | num=0 | lex=0,fam=structural | rules=r1 | len=long
4401,2518_LibroUide_Sincopyright.pdf,"Se inicia el análisis con una revisión de la estructura de este mercado, para continuar con una descripción de los títulos que se pueden negociar, y terminar con los métodos de valoración de estos títulos.","Se inicia el análisis con una revisión de la estructura de este mercado. Luego realiza una descripción de los títulos que se pueden negociar. Finalmente, describe los métodos de valoración de estos títulos.",Sugeily,15.0,,,,,,,,,0,[15],1,15.0,Sentence Length,['structural'],1,structural,35,1,0,0,0,r1,long,0,fam=structural | rules=r1 | len=long | num=0 | lex=0,fam=structural | rules=r1 | len=long
4405,2544_LibroUide_Sincopyright.pdf,"Una vez que la empresa emisora ha completado los requisitos de la emisión, la casa de valores registra dicha emisión y la sube a bolsa de valores.","Cuando la empresa emisora completa los requisitos de la emisión, la casa de valores la registra y la sube a bolsa de valores.",Sugeily,15.0,,,,,,,,,0,[15],1,15.0,Sentence Length,['structural'],1,structural,27,1,0,0,0,r1,long,0,fam=structural | rules=r1 | len=long | num=0 | lex=0,fam=structural | rules=r1 | len=long
4408,2567_LibroUide_Sincopyright.pdf,Papel Comercial. Constituye una fuente de financiamiento a corto plazo que consiste en los pagarés no garantizados de grandes e importantes empresas.,Papel Comercial: constituye una fuente de financiamiento a corto plazo. Consiste en los pagarés no garantizados de grandes e importantes empresas.,Sugeily,15.0,,,,,,,,,0,[15],1,15.0,Sentence Length,['structural'],1,structural,22,2,0,0,0,r1,medium,0,fam=structural | rules=r1 | len=medium | num=0 | lex=0,fam=structural | rules=r1 | len=medium
4411,2582_LibroUide_Sincopyright.pdf,"Una transacción pertenece al mercado primario cuando el vendedor es el mismo emisor, es decir, corresponde a la primera vez que se vende el título.","Una transacción pertenece al mercado primario cuando el vendedor es el mismo emisor. Es decir, corresponde a la primera vez que se vende el título.",Sugeily,15.0,,,,,,,,,0,[15],1,15.0,Sentence Length,['structural'],1,structural,25,1,0,0,0,r1,long,0,fam=structural | rules=r1 | len=long | num=0 | lex=0,fam=structural | rules=r1 | len=long
4421,2620_LibroUide_Sincopyright.pdf,"Por lo general, los cupones se pagan de manera semestral, por lo que el número sería 2.","Por lo general, los cupones se pagan de manera semestral, por lo que el número sería dos.",Sugeily,14.0,,,,,,,,,0,[14],1,14.0,Use of Numerical Expressions,['structural'],1,structural,17,1,1,0,0,r1,medium,0,fam=structural | rules=r1 | len=medium | num=1 | lex=0,fam=structural | rules=r1 | len=medium
4424,490_LibroUAC_Sincopyright.pdf,La empresa está orientada a producir y entregar bienes y servicios que requieran las personas.,La empresa está orientada a producir y entregar los bienes y servicios que requieran las personas.,Sugeily,18.0,,,,,,,,,0,[18],1,18.0,Sentences of formal and aesthetic use,['reduction'],1,reduction,15,1,0,0,0,r1,medium,0,fam=reduction | rules=r1 | len=medium | num=0 | lex=0,fam=reduction | rules=r1 | len=medium
4426,511_LibroUAC_Sincopyright.pdf,"En esta clasificación, el número de trabajadores y porcentajes son estimados por cuánto varían mes a mes según la incorporación de nuevas empresas y el cese de actividad o quiebra de otras.","En esta clasificación, el número de trabajadores y porcentajes son estimados por su variación mes a mes. También, según la incorporación de nuevas empresas y el cese de actividad o quiebra de otras.",Sugeily,18.0,,,,,,,,,0,[18],1,18.0,Sentences of formal and aesthetic use,['reduction'],1,reduction,32,1,0,0,0,r1,long,0,fam=reduction | rules=r1 | len=long | num=0 | lex=0,fam=reduction | rules=r1 | len=long
4429,520_LibroUAC_Sincopyright.pdf,"Contabilidad, información y control en las empresas De estas, las tres principales son:","Contabilidad, información y control en las empresas. De estas, las tres principales son:",Sugeily,18.0,,,,,,,,,0,[18],1,18.0,Sentences of formal and aesthetic use,['reduction'],1,reduction,13,1,0,0,0,r1,medium,0,fam=reduction | rules=r1 | len=medium | num=0 | lex=0,fam=reduction | rules=r1 | len=medium
4431,524_LibroUAC_Sincopyright.pdf,Inicio de actividades: lo otorga el Servicio de Impuestos Internos junto al RUT de la empresa.,Inicio de actividades: lo otorga el Servicio de Impuestos Internos junto al Registro Único Tributario de la empresa.,Sugeily,13.0,,,,,,,,,0,[13],1,13.0,"Abbreviations, Shortenings, Acronyms, and Initialisms",['lexical'],1,lexical,16,1,0,0,0,r1,medium,0,fam=lexical | rules=r1 | len=medium | num=0 | lex=0,fam=lexical | rules=r1 | len=medium
4432,526_LibroUAC_Sincopyright.pdf,Patente municipal: la otorga la municipalidad en la que se domicilia la empresa.,Patente municipal: la otorga la municipalidad en la que se ubícala empresa.,Sugeily,1.0,,,,,,,,,1,[1],1,1.0,Word Frequency,['lexical'],1,lexical,13,1,0,0,0,r1,medium,1,fam=lexical | rules=r1 | len=medium | num=0 | lex=1,fam=lexical | rules=r1 | len=medium
4434,529_LibroUAC_Sincopyright.pdf,"Aparte de esto, toda empresa, según su giro de actividades, debe contar con los permisos de seguridad industrial, sanitarios y medioambientales, entre otros.","Aparte de esto, toda empresa debe contar con los permisos de seguridad industrial, sanitarios y medioambientales, entre otros.",Sugeily,16.0,,,,,,,,,0,[16],1,16.0,Parenthetical Phrases,['reduction'],1,reduction,23,1,0,0,0,r1,medium,0,fam=reduction | rules=r1 | len=medium | num=0 | lex=0,fam=reduction | rules=r1 | len=medium
4437,537_LibroUAC_Sincopyright.pdf,"En determinadas ocasiones, normalmente temporales o excepcionales, el precio puede ser inferior al costo.","En ocasiones, normalmente temporales o excepcionales, el precio puede ser inferior al costo.",Sugeily,5.0,,,,,,,,,0,[5],1,5.0,Unnecessary Words,['reduction'],1,reduction,14,1,0,0,0,r1,medium,0,fam=reduction | rules=r1 | len=medium | num=0 | lex=0,fam=reduction | rules=r1 | len=medium
4438,538_LibroUAC_Sincopyright.pdf,"En tales casos, ese menor valor constituye una pérdida para el vendedor, pero lo normal es que haya utilidad.","En estos casos, ese valor menor constituye una pérdida para el vendedor, pero lo normal es que haya utilidad.",Sugeily,18.0,,,,,,,,,0,[18],1,18.0,Sentences of formal and aesthetic use,['reduction'],1,reduction,19,1,0,0,0,r1,medium,0,fam=reduction | rules=r1 | len=medium | num=0 | lex=0,fam=reduction | rules=r1 | len=medium
4442,1312_LibroUAC_Sincopyright.pdf,"En Chile, en tanto, se estudian posibles reducciones a la jornada.",En Chile se estudian posibles reducciones a la jornada.,Sugeily,16.0,,,,,,,,,0,[16],1,16.0,Parenthetical Phrases,['reduction'],1,reduction,11,1,0,0,0,r1,short,0,fam=reduction | rules=r1 | len=short | num=0 | lex=0,fam=reduction | rules=r1 | len=short
4444,1347_LibroUAC_Sincopyright.pdf,"La previsión social. La previsión social es parte del sistema de seguridad social de cada país, por ello no es igual en todos los lugares, aunque obedece a los mismos principios.","La previsión social es parte del sistema de seguridad social de cada país. Por ello, no es igual en todos los lugares, aunque obedece a los mismos principios.",Sugeily,15.0,,,,,,,,,0,[15],1,15.0,Sentence Length,['structural'],1,structural,31,2,0,0,0,r1,long,0,fam=structural | rules=r1 | len=long | num=0 | lex=0,fam=structural | rules=r1 | len=long
4449,1407_LibroUAC_Sincopyright.pdf,El seguro de cesantía le permite al trabajador recibir ingresos en caso de desempleo.,El seguro de cesantía le permite al trabajador recibir ingresos en caso de desempleo.,Sugeily,,,,,,,,,,0,[],0,,,[],0,unknown,14,1,0,0,0,r1,medium,0,fam=unknown | rules=r1 | len=medium | num=0 | lex=0,fam=unknown | rules=r1 | len=medium
4454,1518_LibroUAC_Sincopyright.pdf,"Por ejemplo, si una persona tiene $100 de ingresos y consume $80, le quedan $20 que podría destinar al ahorro.","Por ejemplo, si alguien tiene cien dólares de ingresos y consume ochenta dólares, le quedan veinte dólares que podría ahorrar.",Sugeily,14.0,,,,,,,,,0,[14],1,14.0,Use of Numerical Expressions,['structural'],1,structural,20,1,1,1,0,r1,medium,0,fam=structural | rules=r1 | len=medium | num=1 | lex=0,fam=structural | rules=r1 | len=medium
4456,1527_LibroUAC_Sincopyright.pdf,"Revisemos, a continuación, algunos ejemplos.",Revisemos algunos ejemplos.,Sugeily,5.0,,,,,,,,,0,[5],1,5.0,Unnecessary Words,['reduction'],1,reduction,5,1,0,0,0,r1,short,0,fam=reduction | rules=r1 | len=short | num=0 | lex=0,fam=reduction | rules=r1 | len=short
4462,1554_LibroUAC_Sincopyright.pdf,"Es financiera cuando, a partir de un monto en depósito, se obtiene una ganancia en un cierto tiempo.",Es financiera cuando se obtiene una ganancia en un cierto tiempo a partir de un monto en depósito.,Sugeily,18.0,,,,,,,,,0,[18],1,18.0,Sentences of formal and aesthetic use,['reduction'],1,reduction,18,1,0,0,0,r1,medium,0,fam=reduction | rules=r1 | len=medium | num=0 | lex=0,fam=reduction | rules=r1 | len=medium
4466,1559b_LibroUAC_Sincopyright.pdf,"Evaluadoras de riesgo en el mundo financiero hay empresas nacionales e internacionales dedicadas a medir riesgos de activos y productos financieros emitidos por empresas, Estados o naciones.","Evaluadoras de riesgo. Hay empresas nacionales e internacionales que miden riesgos de activos y productos financieros emitidos por empresas, Estados o naciones.",Sugeily,15.0,,,,,,,,,0,[15],1,15.0,Sentence Length,['structural'],1,structural,27,1,0,0,0,r1,long,0,fam=structural | rules=r1 | len=long | num=0 | lex=0,fam=structural | rules=r1 | len=long
4468,809_LibroBAC.pdf,"Por lo general, el interés es mayor cuando la inflación en un país es más alta.","Generalmente, el interés aumenta cuando la inflación en un país es mayor.",Valeria,4.0,,,,,,,,,0,[4],1,4.0,Ambiguity in Word Meaning,['lexical'],1,lexical,16,1,0,0,0,r1,medium,0,fam=lexical | rules=r1 | len=medium | num=0 | lex=0,fam=lexical | rules=r1 | len=medium
4470,3675_LibroBAC.pdf,Útil Se refiere esta característica a la potencialidad del bien para satisfacer un deseo o necesidad.,Un bien útil es aquel que satisface deseos y necesidades.,Valeria,19.0,,,,,,,,,0,[19],1,19.0,Sentence Order,['structural'],1,structural,16,1,0,0,0,r1,medium,0,fam=structural | rules=r1 | len=medium | num=0 | lex=0,fam=structural | rules=r1 | len=medium
4474,5358_LibroBAC.pdf,Puede ser que usted sencillamente no sepa cómo administrar el dinero y cómo organizar las finanzas de manera exitosa.,Puede ser que usted no sepa administrar el dinero y organizar las finanzas de manera exitosa.,Valeria,5.0,,,,,,,,,0,[5],1,5.0,Unnecessary Words,['reduction'],1,reduction,19,1,0,0,0,r1,medium,0,fam=reduction | rules=r1 | len=medium | num=0 | lex=0,fam=reduction | rules=r1 | len=medium
4478,5372_LibroBAC.pdf,"A medida que avanzaba la conversación, el líder del seminario empezó a tener sospechas acerca de la motivación que ella tenía.","Conforme avanzaba la conversación, el líder del seminario empezó a sospechar de las motivaciones de la mujer.",Valeria,5.0,,,,,,,,,0,[5],1,5.0,Unnecessary Words,['reduction'],1,reduction,21,1,0,0,0,r1,medium,0,fam=reduction | rules=r1 | len=medium | num=0 | lex=0,fam=reduction | rules=r1 | len=medium
4479,5375_LibroBAC.pdf,"Quiero venir a estas reuniones de negocios, pero no me puedo dar el lujo de asistir.","Quiero venir a estas reuniones, pero no me puedo dar el lujo de asistir.",Valeria,21.0,,,,,,,,,0,[21],1,21.0,Use of Complex Punctuation Marks,['structural'],1,structural,16,1,0,0,0,r1,medium,0,fam=structural | rules=r1 | len=medium | num=0 | lex=0,fam=structural | rules=r1 | len=medium
4486,5413_LibroBAC.pdf,Usted piensa que se merece la casa más grande y el automóvil de lujo con el motor de mayor potencia.,Usted piensa que se merece la casa más grande y un automóvil de lujo.,Valeria,5.0,,,,,,,,,0,[5],1,5.0,Unnecessary Words,['reduction'],1,reduction,20,1,0,0,0,r1,medium,0,fam=reduction | rules=r1 | len=medium | num=0 | lex=0,fam=reduction | rules=r1 | len=medium
4487,5418_LibroBAC.pdf,Así que usted no tiene derechos.,Usted no tiene derechos.,Valeria,21.0,,,,,,,,,0,[21],1,21.0,Use of Complex Punctuation Marks,['structural'],1,structural,6,1,0,0,0,r1,short,0,fam=structural | rules=r1 | len=short | num=0 | lex=0,fam=structural | rules=r1 | len=short
4497,6486_LibroBAC.pdf,Por ejemplo: Pocas personas conservan billetes para colección.,"Por ejemplo, pocas personas conservan billetes para coleccionar.",Valeria,21.0,,,,,,,,,0,[21],1,21.0,Use of Complex Punctuation Marks,['structural'],1,structural,8,1,0,0,0,r1,short,0,fam=structural | rules=r1 | len=short | num=0 | lex=0,fam=structural | rules=r1 | len=short
4499,6493_LibroBAC.pdf,Un caballo podría costar 10 cabras y una cabaña unas 45 cabras.,Un caballo podría costar 10 cabras y una cabaña 45 cabras.,Valeria,5.0,,,,,,,,,0,[5],1,5.0,Unnecessary Words,['reduction'],1,reduction,12,1,1,0,0,r1,short,0,fam=reduction | rules=r1 | len=short | num=1 | lex=0,fam=reduction | rules=r1 | len=short
4505,6513_LibroBAC.pdf,Para que el dinero sea un bien acumulador tiene que tener estabilidad.,Para que el dinero sea un bien acumulador tiene que ser estable.,Valeria,5.0,,,,,,,,,0,[5],1,5.0,Unnecessary Words,['reduction'],1,reduction,12,1,0,0,0,r1,short,0,fam=reduction | rules=r1 | len=short | num=0 | lex=0,fam=reduction | rules=r1 | len=short
4514,7883_LibroBAC.pdf,"Hay que ver dónde es que se está en el proceso y esto requerirá de muchos ajustes, de muchas cositas.",Hay que ver en qué parte del proceso se está y esto necesitará muchos ajustes.,Valeria,5.0,,,,,,,,,0,[5],1,5.0,Unnecessary Words,['reduction'],1,reduction,20,1,0,0,0,r1,medium,0,fam=reduction | rules=r1 | len=medium | num=0 | lex=0,fam=reduction | rules=r1 | len=medium
4515,7885_LibroBAC.pdf,Realizar un presupuesto es esencial para evitar sobresaltos en nuestra economía.,Realizar un presupuesto es esencial para evitar sorpresas en nuestra economía.,Valeria,4.0,,,,,,,,,0,[4],1,4.0,Ambiguity in Word Meaning,['lexical'],1,lexical,11,1,0,0,0,r1,short,0,fam=lexical | rules=r1 | len=short | num=0 | lex=0,fam=lexical | rules=r1 | len=short
4517,7893_LibroBAC.pdf,"Dependiendo de la resta entre ingresos y gastos se puede adoptar ciertos cambios, especialmente en los pagos variables.","Según la resta entre ingresos y gastos, puede adoptar ciertos cambios en los pagos variables.",Valeria,4.0,,,,,,,,,0,[4],1,4.0,Ambiguity in Word Meaning,['lexical'],1,lexical,18,1,0,0,0,r1,medium,0,fam=lexical | rules=r1 | len=medium | num=0 | lex=0,fam=lexical | rules=r1 | len=medium
4518,7894_LibroBAC.pdf,"Precisamente, el documento en elaboración indicará en que se está gastando mayoritariamente el dinero.",El documento en elaboración indicará en qué se está gastando mayoritariamente el dinero.,Valeria,5.0,,,,,,,,,0,[5],1,5.0,Unnecessary Words,['reduction'],1,reduction,14,1,0,0,0,r1,medium,0,fam=reduction | rules=r1 | len=medium | num=0 | lex=0,fam=reduction | rules=r1 | len=medium
4521,9066_LibroBAC.pdf,Sepa cuánto puede gastar al ir de compras.,Sepa cuánto puede gastar en compras.,Valeria,5.0,,,,,,,,,0,[5],1,5.0,Unnecessary Words,['reduction'],1,reduction,8,1,0,0,0,r1,short,0,fam=reduction | rules=r1 | len=short | num=0 | lex=0,fam=reduction | rules=r1 | len=short
4523,9071_LibroBAC.pdf,"Apague las luces, el televisor, la radio y el aire acondicionado de su casa cuando no los utilice.","Apague las luces, el televisor y otros aparatos de su casa cuando no los utilice.",Valeria,5.0,,,,,,,,,0,[5],1,5.0,Unnecessary Words,['reduction'],1,reduction,18,1,0,0,0,r1,medium,0,fam=reduction | rules=r1 | len=medium | num=0 | lex=0,fam=reduction | rules=r1 | len=medium
4526,9079_LibroBAC.pdf,Ahorre para emergencias. Ahorre la cantidad que necesitaría para cubrir sus gastos de tres a seis meses.,"Para emergencias, ahorre la cantidad que necesitaría para cubrir gastos de tres a seis meses.",Valeria,5.0,,,,,,,,,0,[5],1,5.0,Unnecessary Words,['reduction'],1,reduction,17,2,0,0,0,r1,medium,0,fam=reduction | rules=r1 | len=medium | num=0 | lex=0,fam=reduction | rules=r1 | len=medium
4531,9092_LibroBAC.pdf,"Por otro lado, hay mayor oportunidad de ganar más dinero.",Hay mayor oportunidad de ganar más dinero.,Valeria,5.0,,,,,,,,,0,[5],1,5.0,Unnecessary Words,['reduction'],1,reduction,10,1,0,0,0,r1,short,0,fam=reduction | rules=r1 | len=short | num=0 | lex=0,fam=reduction | rules=r1 | len=short
4532,9097_LibroBAC.pdf,"Acciones, éstas representan una porción de una empresa.",Las acciones representan una porción de una empresa.,Valeria,5.0,,,,,,,,,0,[5],1,5.0,Unnecessary Words,['reduction'],1,reduction,8,1,0,0,0,r1,short,0,fam=reduction | rules=r1 | len=short | num=0 | lex=0,fam=reduction | rules=r1 | len=short
4533,9099_LibroBAC.pdf,Quien posee una acción de una empresa es dueño del porcentaje que esa acción representa de dicha empresa.,Quien tiene una acción de una empresa es dueño del porcentaje que esa acción representa.,Valeria,5.0,,,,,,,,,0,[5],1,5.0,Unnecessary Words,['reduction'],1,reduction,18,1,0,0,0,r1,medium,0,fam=reduction | rules=r1 | len=medium | num=0 | lex=0,fam=reduction | rules=r1 | len=medium
4536,9114_LibroBAC.pdf,Como la capacidad de adquirir bienes y/o servicios que nos permitirán producir otros bienes y/o servicios en el futuro.,Como la capacidad de adquirir bienes y servicios que nos permitirán producir otros en el futuro.,Valeria,5.0,,,,,,,,,0,[5],1,5.0,Unnecessary Words,['reduction'],1,reduction,19,1,0,0,0,r1,medium,0,fam=reduction | rules=r1 | len=medium | num=0 | lex=0,fam=reduction | rules=r1 | len=medium
4538,9120_LibroBAC.pdf,"Hasta el momento, se han mostrado ejemplos enfocados en el cálculo de lo producido, a partir de montos ahorrados a una determinada tasa de interés.","Hasta ahora, se han mostrado ejemplos enfocados en el cálculo de lo producido a partir de montos ahorrados a una tasa de interés.",Valeria,5.0,,,,,,,,,0,[5],1,5.0,Unnecessary Words,['reduction'],1,reduction,25,1,0,0,0,r1,long,0,fam=reduction | rules=r1 | len=long | num=0 | lex=0,fam=reduction | rules=r1 | len=long
4541,17782_LibroBAC.pdf,Recesión: Depresión de las actividades económicas en general que tiende a ser pasajera.,Recesión de las actividades económicas que tiende a ser pasajera.,Valeria,21.0,,,,,,,,,0,[21],1,21.0,Use of Complex Punctuation Marks,['structural'],1,structural,13,1,0,0,0,r1,medium,0,fam=structural | rules=r1 | len=medium | num=0 | lex=0,fam=structural | rules=r1 | len=medium
4542,741_LibroBAC.pdf,El aprendizaje sobre el crédito y su administración fortalece de manera sustantiva una educación financiera.,El aprendizaje sobre el crédito y su administración fortalece de manera significativa una educación financiera.,Verónica,4.0,,,,,,,,,0,[4],1,4.0,Ambiguity in Word Meaning,['lexical'],1,lexical,15,1,0,0,0,r1,medium,0,fam=lexical | rules=r1 | len=medium | num=0 | lex=0,fam=lexical | rules=r1 | len=medium
4547,790_LibroBAC.pdf,Asociado a este concepto de ingreso pasivo se encuentra la acumulación de bienes que representa un capital que puede generar rentas o utilidades.,Asociado al concepto de ingreso pasivo se encuentra la acumulación de bienes que representa un capital. Este capital puede generar rentas o utilidades.,Verónica,17.0,,,,,,,,,0,[17],1,17.0,Relative Clauses,['structural'],1,structural,23,1,0,0,0,r1,medium,0,fam=structural | rules=r1 | len=medium | num=0 | lex=0,fam=structural | rules=r1 | len=medium
4548,793_LibroBAC.pdf,La educación financiera permite el desarrollo de una cultura del ahorro.,La educación financiera permite el desarrollo de una cultura del ahorro.,Verónica,21.0,,,,,,,,,0,[21],1,21.0,Use of Complex Punctuation Marks,['structural'],1,structural,11,1,0,0,0,r1,short,0,fam=structural | rules=r1 | len=short | num=0 | lex=0,fam=structural | rules=r1 | len=short
4549,795_LibroBAC.pdf,"En términos generales, la educación financiera permite lograr la libertad o independencia financiera y, al mismo tiempo, la seguridad financiera.","En general, la educación financiera permite lograr la libertad o independencia financiera y, al mismo tiempo, la seguridad financiera.",Verónica,18.0,,,,,,,,,0,[18],1,18.0,Sentences of formal and aesthetic use,['reduction'],1,reduction,20,1,0,0,0,r1,medium,0,fam=reduction | rules=r1 | len=medium | num=0 | lex=0,fam=reduction | rules=r1 | len=medium
4550,1851_LibroBAC.pdf,"Las mujeres, por su parte, debían ocuparse de los niños, cuidar y mantener el fuego, así como recoger plantas y frutas.","Las mujeres, por su parte, se ocupaban de los niños, de cuidar y mantener el fuego y recoger plantas y frutas.",Verónica,18.0,,,,,,,,,0,[18],1,18.0,Sentences of formal and aesthetic use,['reduction'],1,reduction,21,1,0,0,0,r1,medium,0,fam=reduction | rules=r1 | len=medium | num=0 | lex=0,fam=reduction | rules=r1 | len=medium
4553,1886_LibroBAC.pdf,"Las fuerzas de crecimiento dan lugar a un movimiento hacia arriba en la jerarquía, mientras que las fuerzas regresivas empujan las necesidades prepotentes hacia abajo en la misma.","Las fuerzas de crecimiento dan lugar a un movimiento hacia arriba en la jerarquía, mientras que las fuerzas regresivas empujan las necesidades dominantes hacia abajo en la misma pirámide.",Verónica,1.0,,,,,,,,,1,[1],1,1.0,Word Frequency,['lexical'],1,lexical,28,1,0,0,0,r1,long,1,fam=lexical | rules=r1 | len=long | num=0 | lex=1,fam=lexical | rules=r1 | len=long
4560,137_LibroNEFE_Sincopyright.pdf,"Luego, comprar solamente algunas cosas que me gustan y son baratas.","Luego, comprar solamente algunos artículos que me gustan y son baratos.",Verónica,4.0,,,,,,,,,0,[4],1,4.0,Ambiguity in Word Meaning,['lexical'],1,lexical,11,1,0,0,0,r1,short,0,fam=lexical | rules=r1 | len=short | num=0 | lex=0,fam=lexical | rules=r1 | len=short
4561,138_LibroNEFE_Sincopyright.pdf,Ahorrar dinero para pagar en efectivo lo que necesito.,Ahorrar dinero para pagar en efectivo los artículos que necesito.,Verónica,4.0,,,,,,,,,0,[4],1,4.0,Ambiguity in Word Meaning,['lexical'],1,lexical,9,1,0,0,0,r1,short,0,fam=lexical | rules=r1 | len=short | num=0 | lex=0,fam=lexical | rules=r1 | len=short
4572,1987_LibroBAC.pdf,Dar respuesta a lo primero implica un proceso técnico en esta fase y lo segundo se acerca a un proceso económico.,Dar respuesta a qué se debe producir implica un proceso técnico en esta fase. Dar respuesta a cómo producirlo se acerca a un proceso económico.,Verónica,2.0,,,,,,,,,0,[2],1,2.0,Abstract vs. Concrete Language,['lexical'],1,lexical,21,1,0,0,0,r1,medium,0,fam=lexical | rules=r1 | len=medium | num=0 | lex=0,fam=lexical | rules=r1 | len=medium
4577,3600_LibroBAC.pdf,Un individuo que quiera producir aún tiene que usar los factores básicos de producción.,Un individuo que quiera producir debe usar los factores básicos de producción.,Verónica,17.0,,,,,,,,,0,[17],1,17.0,Relative Clauses,['structural'],1,structural,14,1,0,0,0,r1,medium,0,fam=structural | rules=r1 | len=medium | num=0 | lex=0,fam=structural | rules=r1 | len=medium
4584,5138_LibroBAC.pdf,"Este término se emplea a veces, como sinónimo de patrimonio o capital.",El término riqueza se emplea a veces como sinónimo de patrimonio o capital.,Verónica,2.0,,,,,,,,,0,[2],1,2.0,Abstract vs. Concrete Language,['lexical'],1,lexical,12,1,0,0,0,r1,short,0,fam=lexical | rules=r1 | len=short | num=0 | lex=0,fam=lexical | rules=r1 | len=short
4587,5147_LibroBAC.pdf,"Mientras más dinero tenga el individuo, la familia, la empresa o el país, mayor será el dominio sobre los bienes y servicios.","Mientras más dinero tenga el individuo, la familia, la empresa o el país, mayor será la adquisición de bienes y servicios.",Verónica,4.0,,,,,,,,,0,[4],1,4.0,Ambiguity in Word Meaning,['lexical'],1,lexical,22,1,0,0,0,r1,medium,0,fam=lexical | rules=r1 | len=medium | num=0 | lex=0,fam=lexical | rules=r1 | len=medium
4589,5172_LibroBAC.pdf,No todos los ingresos que se producen se cuentan como riqueza.,No todos los ingresos obtenidos se cuentan como riqueza.,Verónica,17.0,,,,,,,,,0,[17],1,17.0,Relative Clauses,['structural'],1,structural,11,1,0,0,0,r1,short,0,fam=structural | rules=r1 | len=short | num=0 | lex=0,fam=structural | rules=r1 | len=short
4591,5175_LibroBAC.pdf,"Aunque el ingreso o renta real es el valor de los bienes y servicios producidos, con frecuencia se considera que los ingresos son medidos en dinero.","Aunque el ingreso real es el valor total de los bienes y los servicios producidos, con frecuencia, se considera que los ingresos son medidos en dinero.",Verónica,4.0,,,,,,,,,0,[4],1,4.0,Ambiguity in Word Meaning,['lexical'],1,lexical,26,1,0,0,0,r1,long,0,fam=lexical | rules=r1 | len=long | num=0 | lex=0,fam=lexical | rules=r1 | len=long
4593,5754_LibroBAC.pdf,Los primeros son los que están en el primer peldaño de la escala social del país.,Los supervivientes están en el primer peldaño de la escala social del país.,Verónica,17.0,,,,,,,,,0,[17],1,17.0,Relative Clauses,['structural'],1,structural,16,1,0,0,0,r1,medium,0,fam=structural | rules=r1 | len=medium | num=0 | lex=0,fam=structural | rules=r1 | len=medium
4609,5814_LibroBAC.pdf,El nivel de desarrollo tecnológico tiene también una importante relación con la producción total.,El nivel de desarrollo tecnológico se relaciona con la producción total.,Verónica,18.0,,,,,,,,,0,[18],1,18.0,Sentences of formal and aesthetic use,['reduction'],1,reduction,14,1,0,0,0,r1,medium,0,fam=reduction | rules=r1 | len=medium | num=0 | lex=0,fam=reduction | rules=r1 | len=medium
4610,5816_LibroBAC.pdf,"Se puede producir más con la ayuda de maquinaria, mejores procesos técnicos y el uso de energía industrial.","Hay mayor producción con la ayuda de maquinaria, mejores procesos técnicos y el uso de energía industrial.",Verónica,18.0,,,,,,,,,0,[18],1,18.0,Sentences of formal and aesthetic use,['reduction'],1,reduction,18,1,0,0,0,r1,medium,0,fam=reduction | rules=r1 | len=medium | num=0 | lex=0,fam=reduction | rules=r1 | len=medium
4615,7827_LibroBAC.pdf,"Y en una cuarta hoja, escriba Activos.",Y en una cuarta hoja escriba activos.,Verónica,21.0,,,,,,,,,0,[21],1,21.0,Use of Complex Punctuation Marks,['structural'],1,structural,7,1,0,0,0,r1,short,0,fam=structural | rules=r1 | len=short | num=0 | lex=0,fam=structural | rules=r1 | len=short
4624,7861_LibroBAC.pdf,Luego va a necesitar definir cuál es su ingreso neto mensual.,Luego necesita definir cuál es su ingreso neto mensual.,Verónica,18.0,,,,,,,,,0,[18],1,18.0,Sentences of formal and aesthetic use,['reduction'],1,reduction,11,1,0,0,0,r1,short,0,fam=reduction | rules=r1 | len=short | num=0 | lex=0,fam=reduction | rules=r1 | len=short
4625,7862_LibroBAC.pdf,Sume todos sus gastos y luego réstelas de su ingreso mensual.,Sume los montos de todos sus gastos y luego réstele el valor de su ingreso mensual.,Verónica,4.0,,,,,,,,,0,[4],1,4.0,Ambiguity in Word Meaning,['lexical'],1,lexical,11,1,0,0,0,r1,short,0,fam=lexical | rules=r1 | len=short | num=0 | lex=0,fam=lexical | rules=r1 | len=short
4626,8826_LibroBAC.pdf,La mejor manera de explicar la importancia del ahorro temprano es con un ejemplo.,La mejor manera de explicar la importancia de realizar un ahorro a tiempo es con un ejemplo.,Verónica,2.0,,,,,,,,,0,[2],1,2.0,Abstract vs. Concrete Language,['lexical'],1,lexical,14,1,0,0,0,r1,medium,0,fam=lexical | rules=r1 | len=medium | num=0 | lex=0,fam=lexical | rules=r1 | len=medium
4627,9136_LibroBAC.pdf,Tomo el más barato.,"Es decir, tomamos el más barato.",Verónica,18.0,,,,,,,,,0,[18],1,18.0,Sentences of formal and aesthetic use,['reduction'],1,reduction,4,1,0,0,0,r1,short,0,fam=reduction | rules=r1 | len=short | num=0 | lex=0,fam=reduction | rules=r1 | len=short
4633,14396_LibroBAC.pdf,Un derecho de capitación sobre un esclavo es muy diferente de la capitación de un hombre libre.,Un derecho de tributación sobre un esclavo es muy diferente de la tributación de un hombre libre.,Verónica,1.0,,,,,,,,,1,[1],1,1.0,Word Frequency,['lexical'],1,lexical,17,1,0,0,0,r1,medium,1,fam=lexical | rules=r1 | len=medium | num=0 | lex=1,fam=lexical | rules=r1 | len=medium
4637,14425_LibroBAC.pdf,Las piezas eran infinitas y funcionaban más o menos fuera de su lugar natural.,Las piezas eran infinitas y estaban ubicadas fuera de su lugar natural.,Verónica,2.0,,,,,,,,,0,[2],1,2.0,Abstract vs. Concrete Language,['lexical'],1,lexical,14,1,0,0,0,r1,medium,0,fam=lexical | rules=r1 | len=medium | num=0 | lex=0,fam=lexical | rules=r1 | len=medium
4638,14435_LibroBAC.pdf,"En los pueblos donde el principio de la elección se extiende a todo, no hay propiamente hablando carrera pública.",En los pueblos donde el principio de la elección se extiende a todo no existe la carrera pública.,Verónica,12.0,,,,,,,,,0,[12],1,12.0,Use of Gerund,['morphosyntactic'],1,morphosyntactic,19,1,0,0,0,r1,medium,0,fam=morphosyntactic | rules=r1 | len=medium | num=0 | lex=0,fam=morphosyntactic | rules=r1 | len=medium
4641,14472_LibroBAC.pdf,Un buen impuesto debe reunir un conjunto de características para que efectivamente se mantenga la tributación en un ámbito de equidad y justicia.,Un buen impuesto reúne un conjunto de características para que se mantenga de manera efectiva la tributación en un ámbito de equidad y justicia.,Verónica,18.0,,,,,,,,,0,[18],1,18.0,Sentences of formal and aesthetic use,['reduction'],1,reduction,23,1,0,0,0,r1,medium,0,fam=reduction | rules=r1 | len=medium | num=0 | lex=0,fam=reduction | rules=r1 | len=medium
4642,14478_LibroBAC.pdf,El tema de los impuestos es un aspecto que deben tener muy presente las personas en su planeación y gestión financiera personal y familiar.,"En la planeación y gestión financiera personal y familiar, las personas debemos tener presente el tema de los impuestos.",Verónica,19.0,,,,,,,,,0,[19],1,19.0,Sentence Order,['structural'],1,structural,24,1,0,0,0,r1,medium,0,fam=structural | rules=r1 | len=medium | num=0 | lex=0,fam=structural | rules=r1 | len=medium
4655,997_LibroNEFE_Sincopyright.pdf,"Si tu cónyuge no trabaja, puedes abrir una cuenta de ese tipo en su nombre y aportar de tus ganancias con los mismos límites.","Si su cónyuge no trabaja, puede abrir una cuenta de ese tipo a su nombre y aportar de sus ganancias con los mismos límites.",Verónica,18.0,,,,,,,,,0,[18],1,18.0,Sentences of formal and aesthetic use,['reduction'],1,reduction,24,1,0,0,0,r1,medium,0,fam=reduction | rules=r1 | len=medium | num=0 | lex=0,fam=reduction | rules=r1 | len=medium
4660,1017_LibroNEFE_Sincopyright.pdf,Solo las distribuciones calificadas están totalmente exoneradas del pago de impuestos.,Solo las distribuciones calificadas están exoneradas del pago de impuestos.,Verónica,18.0,,,,,,,,,0,[18],1,18.0,Sentences of formal and aesthetic use,['reduction'],1,reduction,11,1,0,0,0,r1,short,0,fam=reduction | rules=r1 | len=short | num=0 | lex=0,fam=reduction | rules=r1 | len=short
4662,1027_LibroNEFE_Sincopyright.pdf,(El monto máximo en dólares que puedes aportar cada año lo establece el gobierno federal).,El monto máximo en dólares que puede aportar cada año lo establece el gobierno federal.,Verónica,21.0,,,,,,,,,0,[21],1,21.0,Use of Complex Punctuation Marks,['structural'],1,structural,15,1,0,1,0,r1,medium,0,fam=structural | rules=r1 | len=medium | num=0 | lex=0,fam=structural | rules=r1 | len=medium
4665,17831_LibroBAC.pdf,Solvencia: Capacidad de pago de las obligaciones.,"Solvencia, capacidad de pago de las obligaciones.",Verónica,21.0,,,,,,,,,0,[21],1,21.0,Use of Complex Punctuation Marks,['structural'],1,structural,7,1,0,0,0,r1,short,0,fam=structural | rules=r1 | len=short | num=0 | lex=0,fam=structural | rules=r1 | len=short
4666,17850_LibroBAC.pdf,Tecnología: Conjunto de teorías y de técnicas que permiten el aprovechamiento práctico del conocimiento científico. Conjunto de los instrumentos y procedimientos industriales de un determinado sector o producto.,"Tecnología, conjunto de teorías y de técnicas que permiten el aprovechamiento práctico del conocimiento científico. Conjunto de instrumentos y procedimientos industriales de un determinado sector o producto.",Verónica,21.0,,,,,,,,,0,[21],1,21.0,Use of Complex Punctuation Marks,['structural'],1,structural,28,2,0,0,0,r1,long,0,fam=structural | rules=r1 | len=long | num=0 | lex=0,fam=structural | rules=r1 | len=long
4672,1865_LibroBAC.pdf,De esa etapa había diversos utensilios.,Había diversos utensilios de esa etapa.,Vivian,19.0,,,,,,,,,0,[19],1,19.0,Sentence Order,['structural'],1,structural,6,1,0,0,0,r1,short,0,fam=structural | rules=r1 | len=short | num=0 | lex=0,fam=structural | rules=r1 | len=short
4676,16_LibroNEFE_Sincopyright.pdf,Es posible que tengas sentimientos confusos respecto al dinero.,Puedes tener sentimientos confusos respecto al dinero.,Vivian,6.0,,,,,,,,,0,[6],1,6.0,Complex Phrases,['lexical'],1,lexical,9,1,0,0,0,r1,short,0,fam=lexical | rules=r1 | len=short | num=0 | lex=0,fam=lexical | rules=r1 | len=short
4679,29_LibroNEFE_Sincopyright.pdf,¿Existe alguna alternativa más barata de lo que quiero comprar?,¿Existe una alternativa más barata?,Vivian,5.0,,,,,,,,,0,[5],1,5.0,Unnecessary Words,['reduction'],1,reduction,10,1,0,0,0,r1,short,0,fam=reduction | rules=r1 | len=short | num=0 | lex=0,fam=reduction | rules=r1 | len=short
4686,63_LibroNEFE_Sincopyright.pdf,"A continuación, te sugerimos qué hacer para seguirle el rastro.","A continuación, te damos sugerencias para rastrearlo.",Vivian,6.0,,,,,,,,,0,[6],1,6.0,Complex Phrases,['lexical'],1,lexical,10,1,0,0,0,r1,short,0,fam=lexical | rules=r1 | len=short | num=0 | lex=0,fam=lexical | rules=r1 | len=short
4689,156_LibroNEFE_Sincopyright.pdf,Elaborar toda la comida en casa.,Cocinar toda la comida en casa.,Vivian,1.0,,,,,,,,,1,[1],1,1.0,Word Frequency,['lexical'],1,lexical,6,1,0,0,0,r1,short,1,fam=lexical | rules=r1 | len=short | num=0 | lex=1,fam=lexical | rules=r1 | len=short
4691,163_LibroNEFE_Sincopyright.pdf,Hacer regalos hechos por mí.,Dar regalos hechos por mí.,Vivian,4.0,,,,,,,,,0,[4],1,4.0,Ambiguity in Word Meaning,['lexical'],1,lexical,5,1,0,0,0,r1,short,0,fam=lexical | rules=r1 | len=short | num=0 | lex=0,fam=lexical | rules=r1 | len=short
4693,193_LibroNEFE_Sincopyright.pdf,Hacer una lista de tus gastos.,Enlistar tus gastos.,Vivian,6.0,,,,,,,,,0,[6],1,6.0,Complex Phrases,['lexical'],1,lexical,6,1,0,0,0,r1,short,0,fam=lexical | rules=r1 | len=short | num=0 | lex=0,fam=lexical | rules=r1 | len=short
4708,2118_LibroBAC.pdf,"Cualquier actividad que reúne dichas características, menos el material o de tangibilidad, es un servicio económico.","Cualquier actividad con dichas características, menos el material, es un servicio económico.",Vivian,17.0,,,,,,,,,0,[17],1,17.0,Relative Clauses,['structural'],1,structural,16,1,0,0,0,r1,medium,0,fam=structural | rules=r1 | len=medium | num=0 | lex=0,fam=structural | rules=r1 | len=medium
4711,3529_LibroBAC.pdf,"Veamos, ahora, en mayor extensión cada una de esas categorías, según los mismos autores:","Veamos en mayor extensión cada una de esas categorías, según los mismos autores:",Vivian,5.0,,,,,,,,,0,[5],1,5.0,Unnecessary Words,['reduction'],1,reduction,14,1,0,0,0,r1,medium,0,fam=reduction | rules=r1 | len=medium | num=0 | lex=0,fam=reduction | rules=r1 | len=medium
4712,3542_LibroBAC.pdf,"Asimismo, la agricultura, al producir grano y ganado, crea utilidad de forma.","Asimismo, la agricultura crea utilidad de forma al producir grano y ganado.",Vivian,19.0,,,,,,,,,0,[19],1,19.0,Sentence Order,['structural'],1,structural,12,1,0,0,0,r1,short,0,fam=structural | rules=r1 | len=short | num=0 | lex=0,fam=structural | rules=r1 | len=short
4716,3555_LibroBAC.pdf,c) Utilidad de tiempo La utilidad de tiempo ocurre cuando un producto o servicio es más útil en un momento que en otro.,La utilidad de tiempo ocurre cuando un producto o servicio es más útil en un momento que en otro.,Vivian,5.0,,,,,,,,,0,[5],1,5.0,Unnecessary Words,['reduction'],1,reduction,23,1,0,0,0,r1,medium,0,fam=reduction | rules=r1 | len=medium | num=0 | lex=0,fam=reduction | rules=r1 | len=medium
4717,3556_LibroBAC.pdf,Digamos que le ofrecen el puesto de representante de ventas en una empresa.,Si le ofrecen el puesto de representante de ventas en una empresa.,Vivian,5.0,,,,,,,,,0,[5],1,5.0,Unnecessary Words,['reduction'],1,reduction,13,1,0,0,0,r1,medium,0,fam=reduction | rules=r1 | len=medium | num=0 | lex=0,fam=reduction | rules=r1 | len=medium
4718,3557_LibroBAC.pdf,"Además de sus conocimientos y su habilidad para desempeñar el cargo, digamos que otro requisito es tener su propio automóvil para visitar a los clientes de la compañía.","Además de sus conocimientos y habilidad para desempeñar el cargo, otro requisito es tener carro propio para visitar a los clientes de la compañía.",Vivian,5.0,,,,,,,,,0,[5],1,5.0,Unnecessary Words,['reduction'],1,reduction,28,1,0,0,0,r1,long,0,fam=reduction | rules=r1 | len=long | num=0 | lex=0,fam=reduction | rules=r1 | len=long
4721,3810_LibroBAC.pdf,"El mismo autor, citado antes, continúa afirmando que: De acuerdo con la forma en que se encare la utilización de los materiales naturales, surgen diversas actividades dentro de las cuales se ocupan los habitantes del país.",Los habitantes del país se encargan de utilizar los recursos naturales en las diversas actividades.,Vivian,19.0,,,,,,,,,0,[19],1,19.0,Sentence Order,['structural'],1,structural,36,1,0,0,0,r1,long,0,fam=structural | rules=r1 | len=long | num=0 | lex=0,fam=structural | rules=r1 | len=long
4723,3815_LibroBAC.pdf,"Si son los minerales, la minería.",La minería aprovecha los minerales.,Vivian,19.0,,,,,,,,,0,[19],1,19.0,Sentence Order,['structural'],1,structural,6,1,0,0,0,r1,short,0,fam=structural | rules=r1 | len=short | num=0 | lex=0,fam=structural | rules=r1 | len=short
4726,3844_LibroBAC.pdf,Los bienes producidos pueden consumirse o se pueden usar en la producción.,Los bienes producidos pueden ser consumidos o usados en la producción.,Vivian,5.0,,,,,,,,,0,[5],1,5.0,Unnecessary Words,['reduction'],1,reduction,12,1,0,0,0,r1,short,0,fam=reduction | rules=r1 | len=short | num=0 | lex=0,fam=reduction | rules=r1 | len=short
4734,5571_LibroBAC.pdf,Comprar al por mayor es más remunerativo.,Comprar al por mayor deja más dinero.,Vivian,1.0,,,,,,,,,1,[1],1,1.0,Word Frequency,['lexical'],1,lexical,7,1,0,0,0,r1,short,1,fam=lexical | rules=r1 | len=short | num=0 | lex=1,fam=lexical | rules=r1 | len=short
4735,5574_LibroBAC.pdf,"Intente llegar lo más cercano al costo que se pueda, especialmente en las compras grandes.",Intente acercarse lo más posible al costo.,Vivian,17.0,,,,,,,,,0,[17],1,17.0,Relative Clauses,['structural'],1,structural,15,1,0,0,0,r1,medium,0,fam=structural | rules=r1 | len=medium | num=0 | lex=0,fam=structural | rules=r1 | len=medium
4743,5595_LibroBAC.pdf,Esta es la ley del avestruz a que antes hicimos alusión y que desde luego no solucionará los problemas que puedan presentarse.,Esta es la ley del avestruz mencionada.,Vivian,5.0,,,,,,,,,0,[5],1,5.0,Unnecessary Words,['reduction'],1,reduction,22,1,0,0,0,r1,medium,0,fam=reduction | rules=r1 | len=medium | num=0 | lex=0,fam=reduction | rules=r1 | len=medium
4747,5686_LibroBAC.pdf,"Uno tiene que darse cuenta de que no hay verdad que se tenga que aprender más urgentemente que el éxito viene del trabajo, que es producto del trabajo arduo.",El éxito es fruto de mucho trabajo.,Vivian,5.0,,,,,,,,,0,[5],1,5.0,Unnecessary Words,['reduction'],1,reduction,29,1,0,0,0,r1,long,0,fam=reduction | rules=r1 | len=long | num=0 | lex=0,fam=reduction | rules=r1 | len=long
4751,5698_LibroBAC.pdf,"Sin entusiasmo, dijo alguien famoso, nunca se ha podido realizar nada grande.",Sin entusiasmo no se logró nada grande.,Vivian,5.0,,,,,,,,,0,[5],1,5.0,Unnecessary Words,['reduction'],1,reduction,12,1,0,0,0,r1,short,0,fam=reduction | rules=r1 | len=short | num=0 | lex=0,fam=reduction | rules=r1 | len=short
4753,5714_LibroBAC.pdf,Creer en el éxito es una fe que se adquiere.,Creer en el éxito es una fe adquirida.,Vivian,17.0,,,,,,,,,0,[17],1,17.0,Relative Clauses,['structural'],1,structural,10,1,0,0,0,r1,short,0,fam=structural | rules=r1 | len=short | num=0 | lex=0,fam=structural | rules=r1 | len=short
4758,9218_LibroBAC.pdf,Todas las inversiones tienen la posibilidad de aumentar y disminuir en valor.,Todas las inversiones pueden aumentar o disminuir en valor.,Vivian,6.0,,,,,,,,,0,[6],1,6.0,Complex Phrases,['lexical'],1,lexical,12,1,0,0,0,r1,short,0,fam=lexical | rules=r1 | len=short | num=0 | lex=0,fam=lexical | rules=r1 | len=short
4760,9224_LibroBAC.pdf,Usted empezó el día con $100 dólares en la bolsa.,Usted empezó el día con cien dólares en la bolsa.,Vivian,14.0,,,,,,,,,0,[14],1,14.0,Use of Numerical Expressions,['structural'],1,structural,10,1,1,1,0,r1,short,0,fam=structural | rules=r1 | len=short | num=1 | lex=0,fam=structural | rules=r1 | len=short
4762,9258_LibroBAC.pdf,"El ahorro presenta también varias formas o modalidades, una de ellas es la inversión.",Una modalidad de ahorro es la inversión.,Vivian,5.0,,,,,,,,,0,[5],1,5.0,Unnecessary Words,['reduction'],1,reduction,14,1,0,0,0,r1,medium,0,fam=reduction | rules=r1 | len=medium | num=0 | lex=0,fam=reduction | rules=r1 | len=medium
4765,9268_LibroBAC.pdf,El primer paso para identificar las metas para ahorrar es establecer las metas.,El primer paso para identificar las metas de ahorro es establecerlas.,Vivian,6.0,,,,,,,,,0,[6],1,6.0,Complex Phrases,['lexical'],1,lexical,13,1,0,0,0,r1,medium,0,fam=lexical | rules=r1 | len=medium | num=0 | lex=0,fam=lexical | rules=r1 | len=medium
4772,10084_LibroBAC.pdf,2) Hay que respetar los ciclos y sus metas.,Debemos respetar los ciclos y las metas.,Vivian,6.0,,,,,,,,,0,[6],1,6.0,Complex Phrases,['lexical'],1,lexical,9,1,1,0,0,r1,short,0,fam=lexical | rules=r1 | len=short | num=1 | lex=0,fam=lexical | rules=r1 | len=short
4774,10108_LibroBAC.pdf,"Estas alternativas permiten rendimientos más reducidos, mientras los de plazo definido consideran pago de intereses.","Estas alternativas permiten ganancias menores, los de plazo definido producen intereses.",Vivian,1.0,,,,,,,,,1,[1],1,1.0,Word Frequency,['lexical'],1,lexical,15,1,0,0,0,r1,medium,1,fam=lexical | rules=r1 | len=medium | num=0 | lex=1,fam=lexical | rules=r1 | len=medium
4775,10116_LibroBAC.pdf,"Conocer los principales instrumentos financieros que te ofrecen los bancos, casas de bolsa y cualquier empresa financiera.","Conocer las principales herramientas financieras ofrecidas por los bancos, casas de bolsa y empresas financieras.",Vivian,17.0,,,,,,,,,0,[17],1,17.0,Relative Clauses,['structural'],1,structural,17,1,0,0,0,r1,medium,0,fam=structural | rules=r1 | len=medium | num=0 | lex=0,fam=structural | rules=r1 | len=medium
4777,10322_LibroBAC.pdf,Puede hacerse al plazo de vencimiento que el inversionista necesite.,Pueden hacerse al plazo requerido por el inversionista.,Vivian,17.0,,,,,,,,,0,[17],1,17.0,Relative Clauses,['structural'],1,structural,10,1,0,0,0,r1,short,0,fam=structural | rules=r1 | len=short | num=0 | lex=0,fam=structural | rules=r1 | len=short
4778,10323_LibroBAC.pdf,Es flexible en cuanto a la periodicidad de pago de intereses.,Es flexible en la periodicidad de pago de intereses.,Vivian,6.0,,,,,,,,,0,[6],1,6.0,Complex Phrases,['lexical'],1,lexical,11,1,0,0,0,r1,short,0,fam=lexical | rules=r1 | len=short | num=0 | lex=0,fam=lexical | rules=r1 | len=short
4780,10328_LibroBAC.pdf,La Inversión: Instrumento para Aumentar el Ahorro ¿Qué tipos de certificado de depósito existen?,La inversión es un instrumento para aumentar el ahorro. ¿Qué tipos de certificado de depósito existen?,Vivian,21.0,,,,,,,,,0,[21],1,21.0,Use of Complex Punctuation Marks,['structural'],1,structural,14,1,0,0,0,r1,medium,0,fam=structural | rules=r1 | len=medium | num=0 | lex=0,fam=structural | rules=r1 | len=medium
4783,10346_LibroBAC.pdf,"Cuando se invierte en un certificado, no se puede obtener el dinero antes de la fecha de vencimiento, por lo cual es importante que, al momento de definir el plazo del mismo, se tenga claro que no se va a necesitar el dinero anticipadamente.","Cuando se invierte en un certificado no se puede sacar el dinero antes de la fecha de vencimiento. Por eso, debemos tener claro que no ocuparemos el dinero cuando definimos el plazo.",Vivian,15.0,,,,,,,,,0,[15],1,15.0,Sentence Length,['structural'],1,structural,44,1,0,0,0,r1,long,0,fam=structural | rules=r1 | len=long | num=0 | lex=0,fam=structural | rules=r1 | len=long
4785,10351_LibroBAC.pdf,"En todos los países existen calificadores de riesgo que pueden ayudar al inversionista en su decisión, mediante la calificación que ellos otorgan de cada uno de los emisores de certificados.",En todos los países hay calificadores de riesgo que ayudan al inversionista mediante la calificación dada por ellos a los emisores de certificados.,Vivian,5.0,,,,,,,,,0,[5],1,5.0,Unnecessary Words,['reduction'],1,reduction,30,1,0,0,0,r1,long,0,fam=reduction | rules=r1 | len=long | num=0 | lex=0,fam=reduction | rules=r1 | len=long
4786,10352_LibroBAC.pdf,El trabajo de la calificadora de riesgo es revisar la salud financiera de las entidades y darle una calificación donde AAA es la mejor calidad y C es la menor.,El trabajo de la calificadora de riesgo es revisar la salud financiera de las entidades y darle una calificación donde tres A es la mejor calidad y C es la menor.,Vivian,13.0,,,,,,,,,0,[13],1,13.0,"Abbreviations, Shortenings, Acronyms, and Initialisms",['lexical'],1,lexical,30,1,0,0,0,r1,long,0,fam=lexical | rules=r1 | len=long | num=0 | lex=0,fam=lexical | rules=r1 | len=long
4787,10359_LibroBAC.pdf,"Otra opción, es hacer un certificado desmaterializado, en cuyo caso la inversión queda anotada en los registros de la entidad financiera y solamente el dueño del título puede cambiarlo, este tipo de títulos no pueden ser endosados a terceros.",Otra opción es hacer un certificado desmaterializado. Porque la inversión se registra en la institución financiera y solamente el dueño lo puede retirar.,Vivian,15.0,,,,,,,,,0,[15],1,15.0,Sentence Length,['structural'],1,structural,39,1,0,0,0,r1,long,0,fam=structural | rules=r1 | len=long | num=0 | lex=0,fam=structural | rules=r1 | len=long
4791,10371_LibroBAC.pdf,"En bancos estatales la tasa neta para depósitos a 12 meses plazo es de 8,88% en colones y 4,23% en dólares.",En bancos estatales la tasa neta para depósitos a doce meses es de ocho coma ochenta y ocho por ciento en colones y cuatro coma veintitrés por ciento en dólares.,Vivian,14.0,,,,,,,,,0,[14],1,14.0,Use of Numerical Expressions,['structural'],1,structural,21,1,1,1,1,r1,medium,0,fam=structural | rules=r1 | len=medium | num=1 | lex=0,fam=structural | rules=r1 | len=medium
4792,10375_LibroBAC.pdf,En colones se retiene el 8% de impuesto sobre los intereses.,En colones se retiene el ocho por ciento de impuesto sobre los intereses.,Vivian,14.0,,,,,,,,,0,[14],1,14.0,Use of Numerical Expressions,['structural'],1,structural,11,1,1,0,1,r1,short,0,fam=structural | rules=r1 | len=short | num=1 | lex=0,fam=structural | rules=r1 | len=short
4794,10386_LibroBAC.pdf,Valores en colones emitidos por bancos estatales y mutuales con el propósito de refinanciar programas de vivienda.,Valores en colones emitidos por bancos estatales y mutuales para refinanciar programas de vivienda.,Vivian,6.0,,,,,,,,,0,[6],1,6.0,Complex Phrases,['lexical'],1,lexical,17,1,0,0,0,r1,medium,0,fam=lexical | rules=r1 | len=medium | num=0 | lex=0,fam=lexical | rules=r1 | len=medium
4796,10403_LibroBAC.pdf,El prospecto contiene las principales características y condiciones de las emisiones.,La propuesta tiene las principales características y condiciones de las emisiones.,Vivian,1.0,,,,,,,,,1,[1],1,1.0,Word Frequency,['lexical'],1,lexical,11,1,0,0,0,r1,short,1,fam=lexical | rules=r1 | len=short | num=0 | lex=1,fam=lexical | rules=r1 | len=short
4807,239_LibroNEFE_Sincopyright.pdf,Conseguir un segundo empleo o hacer trabajos como autónomo.,Conseguir un segundo empleo o hacer trabajos autónomos.,Vivian,5.0,,,,,,,,,0,[5],1,5.0,Unnecessary Words,['reduction'],1,reduction,9,1,0,0,0,r1,short,0,fam=reduction | rules=r1 | len=short | num=0 | lex=0,fam=reduction | rules=r1 | len=short
4810,258_LibroNEFE_Sincopyright.pdf,"Y, por supuesto, el crédito puede servir como una reserva indispensable en situaciones de emergencia.","Por supuesto, el crédito sirve como una reserva importante en situaciones de emergencia.",Vivian,5.0,,,,,,,,,0,[5],1,5.0,Unnecessary Words,['reduction'],1,reduction,15,1,0,0,0,r1,medium,0,fam=reduction | rules=r1 | len=medium | num=0 | lex=0,fam=reduction | rules=r1 | len=medium
4813,262_LibroNEFE_Sincopyright.pdf,"Antes de solicitar un crédito, asegúrate de saber cuáles son las tasas de interés y los costos.",Antes de solicitar un crédito debes saber las tasas de interés y los costos.,Vivian,6.0,,,,,,,,,0,[6],1,6.0,Complex Phrases,['lexical'],1,lexical,17,1,0,0,0,r1,medium,0,fam=lexical | rules=r1 | len=medium | num=0 | lex=0,fam=lexical | rules=r1 | len=medium
4814,266_LibroNEFE_Sincopyright.pdf,"El costo que pagas por usar la tarjeta de crédito incluye los intereses, los costos y las multas.","El costo pagado por usar la tarjeta de crédito incluye los intereses, costos y las multas.",Vivian,17.0,,,,,,,,,0,[17],1,17.0,Relative Clauses,['structural'],1,structural,18,1,0,0,0,r1,medium,0,fam=structural | rules=r1 | len=medium | num=0 | lex=0,fam=structural | rules=r1 | len=medium
4816,281_LibroNEFE_Sincopyright.pdf,Un informe crediticio es un registro que contiene la forma en que pagaste tus deudas con la tarjeta de crédito y otros préstamos a lo largo del tiempo.,Un informe crediticio contiene la forma de pago de tus deudas con la tarjeta de crédito y otros préstamos en el tiempo.,Vivian,17.0,,,,,,,,,0,[17],1,17.0,Relative Clauses,['structural'],1,structural,28,1,0,0,0,r1,long,0,fam=structural | rules=r1 | len=long | num=0 | lex=0,fam=structural | rules=r1 | len=long
4818,287_LibroNEFE_Sincopyright.pdf,"Una vez al año, tienes derecho a obtener gratis el informe crediticio de cada una de las tres agencias de informes crediticios que hay en el país: Equifax, Experian y TransUnion.","Una vez al año, puedes pedir el informe crediticio en cada una de las tres agencias del país: Equifax, Experian y TransUnion.",Vivian,17.0,,,,,,,,,0,[17],1,17.0,Relative Clauses,['structural'],1,structural,31,1,0,0,0,r1,long,0,fam=structural | rules=r1 | len=long | num=0 | lex=0,fam=structural | rules=r1 | len=long
4819,296_LibroNEFE_Sincopyright.pdf,"Cuando pidas un informe, ten a la mano tu número de Seguro Social, fecha de nacimiento, tu dirección actual y las anteriores (de los últimos cinco años) y el nombre de soltera, si corresponde.","Para pedir un informe necesitas tu número de Seguro Social, fecha de nacimiento, dirección actual y anteriores y el nombre de soltera si corresponde.",Vivian,5.0,,,,,,,,,0,[5],1,5.0,Unnecessary Words,['reduction'],1,reduction,34,1,0,0,0,r1,long,0,fam=reduction | rules=r1 | len=long | num=0 | lex=0,fam=reduction | rules=r1 | len=long
4822,312_LibroNEFE_Sincopyright.pdf,"Si es necesario que aportes más información para corregir el error, la agencia de informes crediticios te dirá qué debes enviar.",La agencia de informes crediticios te dirá si falta información para corregir el error.,Vivian,5.0,,,,,,,,,0,[5],1,5.0,Unnecessary Words,['reduction'],1,reduction,21,1,0,0,0,r1,medium,0,fam=reduction | rules=r1 | len=medium | num=0 | lex=0,fam=reduction | rules=r1 | len=medium
4823,314_LibroNEFE_Sincopyright.pdf,"Si registraste bien tu información, será mucho más fácil demostrar la existencia del error.","Si registraste bien tu información, demostrarás fácilmente el error.",Vivian,6.0,,,,,,,,,0,[6],1,6.0,Complex Phrases,['lexical'],1,lexical,14,1,0,0,0,r1,medium,0,fam=lexical | rules=r1 | len=medium | num=0 | lex=0,fam=lexical | rules=r1 | len=medium
4825,318_LibroNEFE_Sincopyright.pdf,"Como parte de la investigación, la agencia consultará al acreedor vinculado a la información que se cuestiona.","Como parte de la investigación, la agencia consultará al acreedor la información cuestionada.",Vivian,17.0,,,,,,,,,0,[17],1,17.0,Relative Clauses,['structural'],1,structural,17,1,0,0,0,r1,medium,0,fam=structural | rules=r1 | len=medium | num=0 | lex=0,fam=structural | rules=r1 | len=medium
4828,327_LibroNEFE_Sincopyright.pdf,Las tarjetas de crédito son prácticas y son mucho más seguras que usar efectivo.,Las tarjetas de crédito son prácticas y más seguras que el efectivo.,Vivian,5.0,,,,,,,,,0,[5],1,5.0,Unnecessary Words,['reduction'],1,reduction,14,1,0,0,0,r1,medium,0,fam=reduction | rules=r1 | len=medium | num=0 | lex=0,fam=reduction | rules=r1 | len=medium
4830,330_LibroNEFE_Sincopyright.pdf,"La tarjeta de crédito también te ayuda a pagar gastos de emergencia, por ejemplo, reparaciones del auto, que pueden costar más dinero del que tienes en tu cuenta de cheques.",La tarjeta de crédito también ayuda a pagar gastos de emergencia.,Vivian,5.0,,,,,,,,,0,[5],1,5.0,Unnecessary Words,['reduction'],1,reduction,30,1,0,0,0,r1,long,0,fam=reduction | rules=r1 | len=long | num=0 | lex=0,fam=reduction | rules=r1 | len=long
4832,335_LibroNEFE_Sincopyright.pdf,Este tema se analizará en profundidad en las páginas siguientes.,Este tema se analizará en las siguientes páginas.,Vivian,5.0,,,,,,,,,0,[5],1,5.0,Unnecessary Words,['reduction'],1,reduction,10,1,0,0,0,r1,short,0,fam=reduction | rules=r1 | len=short | num=0 | lex=0,fam=reduction | rules=r1 | len=short
4835,338_LibroNEFE_Sincopyright.pdf,Las tasas de interés varían enormemente y hasta uno o dos puntos de porcentaje pueden hacer una gran diferencia.,Las tasas de interés varían mucho.,Vivian,5.0,,,,,,,,,0,[5],1,5.0,Unnecessary Words,['reduction'],1,reduction,19,1,0,0,0,r1,medium,0,fam=reduction | rules=r1 | len=medium | num=0 | lex=0,fam=reduction | rules=r1 | len=medium
4837,346_LibroNEFE_Sincopyright.pdf,No buscó otra que cobrara una tasa más baja.,No buscó otra con una tasa más baja.,Vivian,6.0,,,,,,,,,0,[6],1,6.0,Complex Phrases,['lexical'],1,lexical,9,1,0,0,0,r1,short,0,fam=lexical | rules=r1 | len=short | num=0 | lex=0,fam=lexical | rules=r1 | len=short
4839,356_LibroNEFE_Sincopyright.pdf,"Si recién estás comenzando, evalúa usar una tarjeta de crédito con garantía, en la que debes depositar dinero en tu cuenta por adelantado.","Si estás comenzando, usa una tarjeta con garantía. En esta depositas dinero por adelantado.",Vivian,5.0,,,,,,,,,0,[5],1,5.0,Unnecessary Words,['reduction'],1,reduction,23,1,0,0,0,r1,medium,0,fam=reduction | rules=r1 | len=medium | num=0 | lex=0,fam=reduction | rules=r1 | len=medium
4841,361_LibroNEFE_Sincopyright.pdf,Ahorra para los gastos de mayor valor en vez de pagarlos con la tarjeta.,Ahorra para los gastos de mayor valor.,Vivian,5.0,,,,,,,,,0,[5],1,5.0,Unnecessary Words,['reduction'],1,reduction,14,1,0,0,0,r1,medium,0,fam=reduction | rules=r1 | len=medium | num=0 | lex=0,fam=reduction | rules=r1 | len=medium
4853,387_LibroNEFE_Sincopyright.pdf,Calcula cuánto puedes pagar cada mes por deuda de consumo.,Calcula cuánto puedes pagar mensualmente por deuda de consumo.,Vivian,6.0,,,,,,,,,0,[6],1,6.0,Complex Phrases,['lexical'],1,lexical,10,1,0,0,0,r1,short,0,fam=lexical | rules=r1 | len=short | num=0 | lex=0,fam=lexical | rules=r1 | len=short
4854,403_LibroNEFE_Sincopyright.pdf,Sigue leyendo y averígualo.,Lee y averígualo.,Vivian,12.0,,,,,,,,,0,[12],1,12.0,Use of Gerund,['morphosyntactic'],1,morphosyntactic,4,1,0,0,0,r1,short,0,fam=morphosyntactic | rules=r1 | len=short | num=0 | lex=0,fam=morphosyntactic | rules=r1 | len=short
4860,435_LibroNEFE_Sincopyright.pdf,"Requerirá paciencia y no siempre será fácil, pero puedes retomar el control.","No será fácil, pero lo puedes controlar.",Vivian,5.0,,,,,,,,,0,[5],1,5.0,Unnecessary Words,['reduction'],1,reduction,12,1,0,0,0,r1,short,0,fam=reduction | rules=r1 | len=short | num=0 | lex=0,fam=reduction | rules=r1 | len=short
4864,475_LibroNEFE_Sincopyright.pdf,"Pueden suspender pagos, reducirlos, exonerar los recargos por pagos atrasados o condonarte parte del préstamo.","Pueden suspender pagos, reducirlos, exonerar recargos por pagos atrasados o perdonarte parte del préstamo.",Vivian,1.0,,,,,,,,,1,[1],1,1.0,Word Frequency,['lexical'],1,lexical,15,1,0,0,0,r1,medium,1,fam=lexical | rules=r1 | len=medium | num=0 | lex=1,fam=lexical | rules=r1 | len=medium
4869,532_LibroNEFE_Sincopyright.pdf,"Además, deben recibir asesoría crediticia de forma obligatoria a través de un programa aprobado por el gobierno.","Además, deben recibir asesoría crediticia obligatoriamente en un programa aprobado por el gobierno.",Vivian,6.0,,,,,,,,,0,[6],1,6.0,Complex Phrases,['lexical'],1,lexical,17,1,0,0,0,r1,medium,0,fam=lexical | rules=r1 | len=medium | num=0 | lex=0,fam=lexical | rules=r1 | len=medium
4873,553_LibroNEFE_Sincopyright.pdf,"Las entidades crediticias están dispuestas a prestarme el dinero, pero quieren cobrarme una tasa de interés alta.","Las entidades crediticias me prestan el dinero, pero me cobran una tasa de interés alta.",Vivian,6.0,,,,,,,,,0,[6],1,6.0,Complex Phrases,['lexical'],1,lexical,17,1,0,0,0,r1,medium,0,fam=lexical | rules=r1 | len=medium | num=0 | lex=0,fam=lexical | rules=r1 | len=medium
4875,12686_LibroBAC.pdf,"Menor probabilidad de error, al ser un equipo robot para dispensar efectivo o recibir sobres.",Menor probabilidad de error.,Vivian,5.0,,,,,,,,,0,[5],1,5.0,Unnecessary Words,['reduction'],1,reduction,15,1,0,0,0,r1,medium,0,fam=reduction | rules=r1 | len=medium | num=0 | lex=0,fam=reduction | rules=r1 | len=medium
4876,12688_LibroBAC.pdf,"Mucha seguridad y mayor conveniencia por estar ubicados en lugares estratégicos, como gasolineras, centros comerciales y cerca de las principales paradas de buses en lobbys, 24 horas.",Son seguros y están los lugares estratégicos.,Vivian,5.0,,,,,,,,,0,[5],1,5.0,Unnecessary Words,['reduction'],1,reduction,27,1,1,0,0,r1,long,0,fam=reduction | rules=r1 | len=long | num=1 | lex=0,fam=reduction | rules=r1 | len=long
4879,12710_LibroBAC.pdf,¿Qué características deben tener los medios de pago en Internet?,¿Cuáles características deben tener los medios de pago en internet?,Vivian,21.0,,,,,,,,,0,[21],1,21.0,Use of Complex Punctuation Marks,['structural'],1,structural,10,1,0,0,0,r1,short,0,fam=structural | rules=r1 | len=short | num=0 | lex=0,fam=structural | rules=r1 | len=short
4886,12753_LibroBAC.pdf,"Otros países de la región ofrecen servicios de transferencia interbancarios similares, Ejemplo: ACH en Panamá.",Otros países de la región ofrecen servicios de transferencia interbancarios similares.,Vivian,5.0,,,,,,,,,0,[5],1,5.0,Unnecessary Words,['reduction'],1,reduction,15,1,0,0,0,r1,medium,0,fam=reduction | rules=r1 | len=medium | num=0 | lex=0,fam=reduction | rules=r1 | len=medium
4889,12794_LibroBAC.pdf,Ley de gastar: esta ley es un arte.,La ley de gastar. Es un arte.,Vivian,5.0,,,,,,,,,0,[5],1,5.0,Unnecessary Words,['reduction'],1,reduction,8,1,0,0,0,r1,short,0,fam=reduction | rules=r1 | len=short | num=0 | lex=0,fam=reduction | rules=r1 | len=short
4890,12796_LibroBAC.pdf,Su objetivo consiste en desarrollar hábitos.,Su objetivo es desarrollar hábitos.,Vivian,6.0,,,,,,,,,0,[6],1,6.0,Complex Phrases,['lexical'],1,lexical,6,1,0,0,0,r1,short,0,fam=lexical | rules=r1 | len=short | num=0 | lex=0,fam=lexical | rules=r1 | len=short
4891,12809_LibroBAC.pdf,"La letra de cambio es otro medio de pago, aunque no tan utilizado como lo antes mencionado pues requiere del conocimiento legal de su uso, para no cometer errores en el proceso y aprovechar al máximo sus ventajas.",La letra de cambio es otro medio de pago. No es tan usada porque requiere conocimiento legal de su uso.,Vivian,5.0,,,,,,,,,0,[5],1,5.0,Unnecessary Words,['reduction'],1,reduction,38,1,0,0,0,r1,long,0,fam=reduction | rules=r1 | len=long | num=0 | lex=0,fam=reduction | rules=r1 | len=long
4907,12945_LibroBAC.pdf,"De todos los tipos de crédito que ofrece un banco, por lo general la tarjeta de crédito es el de mayor costo.",La tarjeta de crédito es el tipo de crédito de mayor costo ofrecido por el banco.,Vivian,19.0,,,,,,,,,0,[19],1,19.0,Sentence Order,['structural'],1,structural,22,1,0,0,0,r1,medium,0,fam=structural | rules=r1 | len=medium | num=0 | lex=0,fam=structural | rules=r1 | len=medium
4912,12978_LibroBAC.pdf,No cargue su tarjeta con más de lo que puede pagar en uno o dos meses.,No exceda su capacidad de pago con el uso de la tarjeta.,Vivian,6.0,,,,,,,,,0,[6],1,6.0,Complex Phrases,['lexical'],1,lexical,16,1,0,0,0,r1,medium,0,fam=lexical | rules=r1 | len=medium | num=0 | lex=0,fam=lexical | rules=r1 | len=medium
4914,12998_LibroBAC.pdf,Sepa exactamente cuánto ha gastado.,Sepa cuánto gastó.,Vivian,10.0,,,,,,,,,0,[10],1,10.0,Past anterior and future perfect tense,['morphosyntactic'],1,morphosyntactic,5,1,0,0,0,r1,short,0,fam=morphosyntactic | rules=r1 | len=short | num=0 | lex=0,fam=morphosyntactic | rules=r1 | len=short
4919,13033_LibroBAC.pdf,Se presenta a continuación algunas sugerencias de planificación:,Presentamos algunas sugerencias de planificación:,Vivian,18.0,,,,,,,,,0,[18],1,18.0,Sentences of formal and aesthetic use,['reduction'],1,reduction,8,1,0,0,0,r1,short,0,fam=reduction | rules=r1 | len=short | num=0 | lex=0,fam=reduction | rules=r1 | len=short
4925,13086_LibroBAC.pdf,"Transferir dinero entre sus cuentas: se pueden realizar transferencias electrónicas de fondos, todos los días del año.","Transferir dinero entre nuestras cuentas, todos los días.",Vivian,5.0,,,,,,,,,0,[5],1,5.0,Unnecessary Words,['reduction'],1,reduction,17,1,0,0,0,r1,medium,0,fam=reduction | rules=r1 | len=medium | num=0 | lex=0,fam=reduction | rules=r1 | len=medium
4926,13094_LibroBAC.pdf,"Pagos Electrónicos: en caso de contar con una empresa, se puede realizar el pago electrónico de planilla o directamente a los proveedores desde la Sucursal Electrónica.",Podemos hacer pagos electrónicos desde la sucursal electrónica.,Vivian,5.0,,,,,,,,,0,[5],1,5.0,Unnecessary Words,['reduction'],1,reduction,26,1,0,0,0,r1,long,0,fam=reduction | rules=r1 | len=long | num=0 | lex=0,fam=reduction | rules=r1 | len=long
4932,16302_LibroBAC.pdf,"Sus productos incluyen cuentas de cheques, préstamos, hipotecas, fondos de inversión y una amplia gama de contratos de seguros.","Sus productos incluyen cuentas de cheques, préstamos, hipotecas, fondos de inversión y contratos de seguros.",Vivian,5.0,,,,,,,,,0,[5],1,5.0,Unnecessary Words,['reduction'],1,reduction,19,1,0,0,0,r1,medium,0,fam=reduction | rules=r1 | len=medium | num=0 | lex=0,fam=reduction | rules=r1 | len=medium
4933,16308_LibroBAC.pdf,"Los no bancarios, que no pueden emitir recursos, pero realizan intermediación financiera.","Los no bancarios no emiten recursos, pero realizan intermediación financiera.",Vivian,6.0,,,,,,,,,0,[6],1,6.0,Complex Phrases,['lexical'],1,lexical,12,1,0,0,0,r1,short,0,fam=lexical | rules=r1 | len=short | num=0 | lex=0,fam=lexical | rules=r1 | len=short
4935,16343_LibroBAC.pdf,También se produce una transformación de los títulos financieros.,También hay una transformación de los títulos financieros.,Vivian,6.0,,,,,,,,,0,[6],1,6.0,Complex Phrases,['lexical'],1,lexical,9,1,0,0,0,r1,short,0,fam=lexical | rules=r1 | len=short | num=0 | lex=0,fam=lexical | rules=r1 | len=short
4943,805_LibroNEFE_Sincopyright.pdf,Pero el retorno de las inversiones con bonos generalmente es menor que el posible retorno de las acciones.,Pero la devolución de las inversiones con bonos es menor que la posible devolución de las acciones.,Vivian,1.0,,,,,,,,,1,[1],1,1.0,Word Frequency,['lexical'],1,lexical,18,1,0,0,0,r1,medium,1,fam=lexical | rules=r1 | len=medium | num=0 | lex=1,fam=lexical | rules=r1 | len=medium
4944,806_LibroNEFE_Sincopyright.pdf,"Sin embargo, las posibilidades de que tu dinero crezca son mayores que en la cuenta de ahorros básica.","Sin embargo, las posibilidades de crecimiento de tu dinero son mayor que en la cuenta de ahorros básica.",Vivian,17.0,,,,,,,,,0,[17],1,17.0,Relative Clauses,['structural'],1,structural,18,1,0,0,0,r1,medium,0,fam=structural | rules=r1 | len=medium | num=0 | lex=0,fam=structural | rules=r1 | len=medium
4948,849_LibroNEFE_Sincopyright.pdf,Se trata de metas que quieres cumplir en el plazo de entre cinco y diez años.,Las metas a largo plazo son aquellas por cumplir entre cinco y diez años.,Vivian,5.0,,,,,,,,,0,[5],1,5.0,Unnecessary Words,['reduction'],1,reduction,16,1,0,0,0,r1,medium,0,fam=reduction | rules=r1 | len=medium | num=0 | lex=0,fam=reduction | rules=r1 | len=medium
4950,871_LibroNEFE_Sincopyright.pdf,El secreto del ahorro consiste en pagarte a ti mismo en primer lugar.,El secreto del ahorro es pagarte a ti primero.,Vivian,6.0,,,,,,,,,0,[6],1,6.0,Complex Phrases,['lexical'],1,lexical,13,1,0,0,0,r1,medium,0,fam=lexical | rules=r1 | len=medium | num=0 | lex=0,fam=lexical | rules=r1 | len=medium
4956,892_LibroNEFE_Sincopyright.pdf,Sella las fugas de dinero.,Termina las pérdidas de dinero.,Vivian,1.0,,,,,,,,,1,[1],1,1.0,Word Frequency,['lexical'],1,lexical,5,1,0,0,0,r1,short,1,fam=lexical | rules=r1 | len=short | num=0 | lex=1,fam=lexical | rules=r1 | len=short
4960,910_LibroNEFE_Sincopyright.pdf,A esto se lo denomina promediar el costo en dólares.,Esto es promediar el costo en dólares.,Vivian,6.0,,,,,,,,,0,[6],1,6.0,Complex Phrases,['lexical'],1,lexical,10,1,0,1,0,r1,short,0,fam=lexical | rules=r1 | len=short | num=0 | lex=0,fam=lexical | rules=r1 | len=short
4962,938_LibroNEFE_Sincopyright.pdf,Los riesgos varían según el tipo de bono que compres.,Los riesgos varían según el tipo de bono comprado.,Vivian,17.0,,,,,,,,,0,[17],1,17.0,Relative Clauses,['structural'],1,structural,10,1,0,0,0,r1,short,0,fam=structural | rules=r1 | len=short | num=0 | lex=0,fam=structural | rules=r1 | len=short
4963,940_LibroNEFE_Sincopyright.pdf,La mejor forma de comprar bienes inmuebles es a través de agentes inmobiliarios calificados.,La mejor forma de comprar bienes inmuebles es mediante agentes inmobiliarios calificados.,Vivian,6.0,,,,,,,,,0,[6],1,6.0,Complex Phrases,['lexical'],1,lexical,14,1,0,0,0,r1,medium,0,fam=lexical | rules=r1 | len=medium | num=0 | lex=0,fam=lexical | rules=r1 | len=medium
4967,1151_LibroNEFE_Sincopyright.pdf,Limita la información que pones a disposición de otros usuarios de las redes sociales.,Limita la información publicada en tus redes sociales.,Vivian,5.0,,,,,,,,,0,[5],1,5.0,Unnecessary Words,['reduction'],1,reduction,14,1,0,0,0,r1,medium,0,fam=reduction | rules=r1 | len=medium | num=0 | lex=0,fam=reduction | rules=r1 | len=medium
4968,1154_LibroNEFE_Sincopyright.pdf,"Nunca compartas información de la cuenta, números del Seguro Social, información bancaria ni ninguna otra información financiera confidencial en la página web o aplicación de una red social.",No compartas información confidencial en las redes sociales.,Vivian,5.0,,,,,,,,,0,[5],1,5.0,Unnecessary Words,['reduction'],1,reduction,28,1,0,0,0,r1,long,0,fam=reduction | rules=r1 | len=long | num=0 | lex=0,fam=reduction | rules=r1 | len=long
4972,1213_LibroNEFE_Sincopyright.pdf,Lo exige la ley.,La ley lo exige.,Vivian,19.0,,,,,,,,,0,[19],1,19.0,Sentence Order,['structural'],1,structural,4,1,0,0,0,r1,short,0,fam=structural | rules=r1 | len=short | num=0 | lex=0,fam=structural | rules=r1 | len=short
4974,1223_LibroNEFE_Sincopyright.pdf,"Incluso costos de relativamente poco valor, como teléfonos celulares que se caen en el agua, gastos en la veterinaria cuando el perro come algo que no debe y ayudar a tus amigos o familiares que lo necesitan pueden desequilibrar tu presupuesto mensual.",Incluso gastos de poco valor desequilibran tu presupuesto mensual.,Vivian,5.0,,,,,,,,,0,[5],1,5.0,Unnecessary Words,['reduction'],1,reduction,42,1,0,0,0,r1,long,0,fam=reduction | rules=r1 | len=long | num=0 | lex=0,fam=reduction | rules=r1 | len=long
4984,1298_LibroNEFE_Sincopyright.pdf,"si no quieres compartir tu información financiera por Internet, las aplicaciones no son la mejor opción para ti.",Las aplicaciones no funcionan si no quieres compartir tu información financiera por internet.,Vivian,19.0,,,,,,,,,0,[19],1,19.0,Sentence Order,['structural'],1,structural,18,1,0,0,0,r1,medium,0,fam=structural | rules=r1 | len=medium | num=0 | lex=0,fam=structural | rules=r1 | len=medium
4985,1302_LibroNEFE_Sincopyright.pdf,"Publicidades y presentaciones comerciales: muchas aplicaciones son gratis, pero muestran publicidades de productos y servicios.","Publicidades y presentaciones comerciales. Muchas aplicaciones son gratis, pero publicitan productos y servicios.",Vivian,6.0,,,,,,,,,0,[6],1,6.0,Complex Phrases,['lexical'],1,lexical,15,1,0,0,0,r1,medium,0,fam=lexical | rules=r1 | len=medium | num=0 | lex=0,fam=lexical | rules=r1 | len=medium
4987,1315_LibroNEFE_Sincopyright.pdf,Las garantías hasta que venzan.,Las garantías hasta su vencimiento.,Vivian,17.0,,,,,,,,,0,[17],1,17.0,Relative Clauses,['structural'],1,structural,5,1,0,0,0,r1,short,0,fam=structural | rules=r1 | len=short | num=0 | lex=0,fam=structural | rules=r1 | len=short
4989,1322_LibroNEFE_Sincopyright.pdf,"A tus habilidades y conocimientos financieros puedes sumarle otros recursos, por ejemplo The Wealth Care Kit, que puedes descargar desde www.smartaboutmoney.org.",A tus habilidades y conocimientos les puedes sumar otros recursos.,Vivian,5.0,,,,,,,,,0,[5],1,5.0,Unnecessary Words,['reduction'],1,reduction,21,3,0,0,0,r1,medium,0,fam=reduction | rules=r1 | len=medium | num=0 | lex=0,fam=reduction | rules=r1 | len=medium
4993,872_LibroUide_Sincopyright.pdf,Constituye el punto de partida de las finanzas.,Es el inicio de las finanzas.,Vivian,1.0,,,,,,,,,1,[1],1,1.0,Word Frequency,['lexical'],1,lexical,8,1,0,0,0,r1,short,1,fam=lexical | rules=r1 | len=short | num=0 | lex=1,fam=lexical | rules=r1 | len=short
4996,905_LibroUide_Sincopyright.pdf,Se refiere a la facturación del negocio.,Menciona la facturación del negocio.,Vivian,6.0,,,,,,,,,0,[6],1,6.0,Complex Phrases,['lexical'],1,lexical,7,1,0,0,0,r1,short,0,fam=lexical | rules=r1 | len=short | num=0 | lex=0,fam=lexical | rules=r1 | len=short
4998,912_LibroUide_Sincopyright.pdf,"Por ejemplo: comisiones, gastos de entrega, embalaje, entre otros.","Por ejemplo, comisiones, gastos de entrega, empaque, entre otros.",Vivian,1.0,,,,,,,,,1,[1],1,1.0,Word Frequency,['lexical'],1,lexical,9,1,0,0,0,r1,short,1,fam=lexical | rules=r1 | len=short | num=0 | lex=1,fam=lexical | rules=r1 | len=short
5002,922_LibroUide_Sincopyright.pdf,El Impuesto a la Renta es del 22% y se calcula sobre la diferencia de la UAI y la participación de trabajadores.,El impuesto a la renta es del veintidós por ciento.,Vivian,14.0,,,,,,,,,0,[14],1,14.0,Use of Numerical Expressions,['structural'],1,structural,22,1,1,0,1,r1,medium,0,fam=structural | rules=r1 | len=medium | num=1 | lex=0,fam=structural | rules=r1 | len=medium
5005,976_LibroUide_Sincopyright.pdf,El administrador financiero y el informe anual 2.1 El administrador financiero y sus funciones.,El administrador financiero y el informe anual. El administrador financiero y sus funciones.,Vivian,5.0,,,,,,,,,0,[5],1,5.0,Unnecessary Words,['reduction'],1,reduction,14,2,1,0,0,r1,medium,0,fam=reduction | rules=r1 | len=medium | num=1 | lex=0,fam=reduction | rules=r1 | len=medium
5006,997_LibroUide_Sincopyright.pdf,El debate sobre la importancia de la liquidez y la solvencia puede ser muy amplio.,El debate sobre la importancia de la liquidez y la solvencia es muy amplio.,Vivian,6.0,,,,,,,,,0,[6],1,6.0,Complex Phrases,['lexical'],1,lexical,15,1,0,0,0,r1,medium,0,fam=lexical | rules=r1 | len=medium | num=0 | lex=0,fam=lexical | rules=r1 | len=medium
5009,1036b_LibroUide_Sincopyright.pdf,"La interpretación del análisis vertical depende, en gran medida, del analista.",La interpretación del análisis depende del analista.,Vivian,16.0,,,,,,,,,0,[16],1,16.0,Parenthetical Phrases,['reduction'],1,reduction,11,1,0,0,0,r1,short,0,fam=reduction | rules=r1 | len=short | num=0 | lex=0,fam=reduction | rules=r1 | len=short
5010,1050_LibroUide_Sincopyright.pdf,En muchas ocasiones los administradores se preguntan a dónde va el dinero si la empresa es exitosa en ventas.,Muchas veces los administradores se preguntan a dónde va el dinero si la empresa vende mucho.,Vivian,6.0,,,,,,,,,0,[6],1,6.0,Complex Phrases,['lexical'],1,lexical,19,1,0,0,0,r1,medium,0,fam=lexical | rules=r1 | len=medium | num=0 | lex=0,fam=lexical | rules=r1 | len=medium
5011,1053_LibroUide_Sincopyright.pdf,"Es decir, sirve para identificar dónde se concentran los recursos invertidos.","Es decir, identifica dónde se concentra la inversión.",Vivian,6.0,,,,,,,,,0,[6],1,6.0,Complex Phrases,['lexical'],1,lexical,11,1,0,0,0,r1,short,0,fam=lexical | rules=r1 | len=short | num=0 | lex=0,fam=lexical | rules=r1 | len=short
5019,1213_LibroUide_Sincopyright.pdf,Este indicador muestra la importancia del patrimonio en la empresa.,Este indicador evidencia la importancia del patrimonio en la empresa.,Vivian,1.0,,,,,,,,,1,[1],1,1.0,Word Frequency,['lexical'],1,lexical,10,1,0,0,0,r1,short,1,fam=lexical | rules=r1 | len=short | num=0 | lex=1,fam=lexical | rules=r1 | len=short
5029,1504_LibroUide_Sincopyright.pdf,"Calcule el interés generado por un préstamo de $1,000 a 3 años plazo al 12%.",Calcule el interés generado por un préstamo de mil dólares a tres años al doce por ciento.,Vivian,14.0,,,,,,,,,0,[14],1,14.0,Use of Numerical Expressions,['structural'],1,structural,15,1,1,1,1,r1,medium,0,fam=structural | rules=r1 | len=medium | num=1 | lex=0,fam=structural | rules=r1 | len=medium
5030,1511_LibroUide_Sincopyright.pdf,El banco compra la factura y le da el dinero al cliente.,El banco le compra la factura al cliente.,Vivian,5.0,,,,,,,,,0,[5],1,5.0,Unnecessary Words,['reduction'],1,reduction,12,1,0,0,0,r1,short,0,fam=reduction | rules=r1 | len=short | num=0 | lex=0,fam=reduction | rules=r1 | len=short
5032,1514_LibroUide_Sincopyright.pdf,"Por tanto, esta operación sirve para financiamiento.","Por eso, esta operación sirve para financiamiento.",Vivian,20.0,,,,,,,,,0,[20],1,20.0,Common Discourse Markers,['lexical'],1,lexical,7,1,0,0,0,r1,short,0,fam=lexical | rules=r1 | len=short | num=0 | lex=0,fam=lexical | rules=r1 | len=short
5037,1566_LibroUide_Sincopyright.pdf,"Por tanto, este método calcula interés sobre interés.","Por eso, este método calcula interés sobre interés.",Vivian,20.0,,,,,,,,,0,[20],1,20.0,Common Discourse Markers,['lexical'],1,lexical,8,1,0,0,0,r1,short,0,fam=lexical | rules=r1 | len=short | num=0 | lex=0,fam=lexical | rules=r1 | len=short
5044,2212_LibroUide_Sincopyright.pdf,El análisis de rentabilidad y análisis de sensibilidad son dos de los aspectos más importantes en la valoración de inversiones y estudios de factibilidad.,El análisis de rentabilidad y análisis de sensibilidad son aspectos importantes en la valoración de inversiones y estudios de factibilidad.,Vivian,5.0,,,,,,,,,0,[5],1,5.0,Unnecessary Words,['reduction'],1,reduction,24,1,0,0,0,r1,medium,0,fam=reduction | rules=r1 | len=medium | num=0 | lex=0,fam=reduction | rules=r1 | len=medium
5051,2644_LibroUide_Sincopyright.pdf,La administración puede definirse como la gestión de los recursos.,La administración es la gestión de los recursos.,Vivian,6.0,,,,,,,,,0,[6],1,6.0,Complex Phrases,['lexical'],1,lexical,10,1,0,0,0,r1,short,0,fam=lexical | rules=r1 | len=short | num=0 | lex=0,fam=lexical | rules=r1 | len=short
5055,185_LibroUAC_Sincopyright.pdf,"Como para casi todo proceso que produzca cambios, la globalización tiene promotores y detractores.",La globalización tiene promotores y detractores.,Vivian,5.0,,,,,,,,,0,[5],1,5.0,Unnecessary Words,['reduction'],1,reduction,14,1,0,0,0,r1,medium,0,fam=reduction | rules=r1 | len=medium | num=0 | lex=0,fam=reduction | rules=r1 | len=medium
5056,192_LibroUAC_Sincopyright.pdf,"En el caso nuestro, Chile es un país abierto al mundo, al comercio y a los intercambios culturales.","Chile es un país abierto al mundo, al comercio y a los intercambios culturales.",Vivian,5.0,,,,,,,,,0,[5],1,5.0,Unnecessary Words,['reduction'],1,reduction,18,1,0,0,0,r1,medium,0,fam=reduction | rules=r1 | len=medium | num=0 | lex=0,fam=reduction | rules=r1 | len=medium
5059,322_LibroUAC_Sincopyright.pdf,"Algunos servicios públicos, como el consumo de luz y agua, también son regulados.",Algunos servicios públicos también son regulados.,Vivian,16.0,,,,,,,,,0,[16],1,16.0,Parenthetical Phrases,['reduction'],1,reduction,13,1,0,0,0,r1,medium,0,fam=reduction | rules=r1 | len=medium | num=0 | lex=0,fam=reduction | rules=r1 | len=medium
5064,380_LibroUAC_Sincopyright.pdf,"De manera similar, las empresas también tienen ingresos y consumos.",Las empresas también tienen ingresos y consumos.,Vivian,5.0,,,,,,,,,0,[5],1,5.0,Unnecessary Words,['reduction'],1,reduction,10,1,0,0,0,r1,short,0,fam=reduction | rules=r1 | len=short | num=0 | lex=0,fam=reduction | rules=r1 | len=short
5065,388_LibroUAC_Sincopyright.pdf,"Es poco frecuente encontrar ejemplos de empresas que solo vendan o compren al contado, como no sea la compra del pan por la mañana, alguna golosina en quioscos o el pago del taxi.",Pocas empresas venden o compran de contado.,Vivian,5.0,,,,,,,,,0,[5],1,5.0,Unnecessary Words,['reduction'],1,reduction,33,1,0,0,0,r1,long,0,fam=reduction | rules=r1 | len=long | num=0 | lex=0,fam=reduction | rules=r1 | len=long
5067,406_LibroUAC_Sincopyright.pdf,Estos indicadores se clasifican en macroeconómicos (vinculados a la economía general) y microeconómicos (vinculados con empresas y personas).,Estos indicadores se clasifican en macroeconómicos y microeconómicos.,Vivian,5.0,,,,,,,,,0,[5],1,5.0,Unnecessary Words,['reduction'],1,reduction,18,1,0,0,0,r1,medium,0,fam=reduction | rules=r1 | len=medium | num=0 | lex=0,fam=reduction | rules=r1 | len=medium
5071,721_LibroUAC_Sincopyright.pdf,Balance es el informe principal y se refiere a lo que la empresa tiene y debe.,Balance es el informe principal. Se refiere a las pertenencias y deudas de la empresa.,Vivian,15.0,,,,,,,,,0,[15],1,15.0,Sentence Length,['structural'],1,structural,16,1,0,0,0,r1,medium,0,fam=structural | rules=r1 | len=medium | num=0 | lex=0,fam=structural | rules=r1 | len=medium
5075,758_LibroUAC_Sincopyright.pdf,Seis años si la declaración de impuestos no se presentó o fuese maliciosamente falsa (dolosa).,Seis años si la declaración de impuestos no se presentó o era falsa.,Vivian,5.0,,,,,,,,,0,[5],1,5.0,Unnecessary Words,['reduction'],1,reduction,15,1,0,0,0,r1,medium,0,fam=reduction | rules=r1 | len=medium | num=0 | lex=0,fam=reduction | rules=r1 | len=medium
5083,880_LibroUAC_Sincopyright.pdf,"A fin de año, cada trabajador debe hacer su declaración para determinar el impuesto del año y rebajar lo pagado.","A fin de año, cada trabajador hace su declaración para determinar el impuesto anual y rebajar lo pagado.",Vivian,6.0,,,,,,,,,0,[6],1,6.0,Complex Phrases,['lexical'],1,lexical,20,1,0,0,0,r1,medium,0,fam=lexical | rules=r1 | len=medium | num=0 | lex=0,fam=lexical | rules=r1 | len=medium
5090,2088_LibroBAC.pdf,La producción dentro de una comunidad se reparte principalmente entre el trabajo de todas las personas y el capital que genera esa producción.,La producción dentro de una comunidad se divide principalmente entre el trabajo de todas las personas y el capital generado en esa producción.,Fiorella,4.0,18.0,,,,,,,,0,"[4, 18]",2,4.0,Ambiguity in Word Meaning,"['lexical', 'reduction']",2,lexical,23,1,0,0,0,r2,medium,0,fam=lexical | rules=r2 | len=medium | num=0 | lex=0,fam=lexical | rules=r2 | len=medium
5093,7648_LibroBAC.pdf,"Compramos cosas y experiencias para compensar el tedio y sin sentido de nuestro trabajo, en un intento por llenar desde fuera un vacío que no es más que un vacío interior.",Compramos cosas y experiencias para compensar el tedio y sin sentido de nuestro trabajo y para intentar llenar el vacío interior desde fuera.,Fiorella,19.0,5.0,,,,,,,,0,"[19, 5]",2,19.0,Sentence Order,"['structural', 'reduction']",2,structural,31,1,0,0,0,r2,long,0,fam=structural | rules=r2 | len=long | num=0 | lex=0,fam=structural | rules=r2 | len=long
5094,7637_LibroBAC.pdf,Pero he aprendido de estas experiencias y aún así he progresado hacia otro ámbito.,Pero he aprendido de estas experiencias y he progresado hacia otro ámbito.,Fiorella,5.0,,,,,,,,,0,[5],1,5.0,Unnecessary Words,['reduction'],1,reduction,14,1,0,0,0,r1,medium,0,fam=reduction | rules=r1 | len=medium | num=0 | lex=0,fam=reduction | rules=r1 | len=medium
5096,7990_LibroBAC.pdf,"Donar un 1% del salario, o más de ser posible, puede hacer una diferencia significativa en el mundo, sin crear problemas en la casa.","Donar un uno por ciento del salario, o más de ser posible, puede cambiar el mundo sin crear problemas en casa.",Fiorella,21.0,14.0,6.0,5.0,,,,,,0,"[21, 14, 6, 5]",4,21.0,Use of Complex Punctuation Marks,"['structural', 'lexical', 'reduction']",3,structural,24,1,1,0,1,r4plus,medium,0,fam=structural | rules=r4plus | len=medium | num=1 | lex=0,fam=structural | rules=r4plus | len=medium
5099,8010_LibroBAC.pdf,"Muchos bancos lo ofrecen cuando usted tiene un préstamo con ellos, para que en caso de perder su trabajo, su cuota del préstamo sea pagada mientras usted consigue otro trabajo (con un plazo máximo que varía de banco a banco).",Muchos bancos lo ofrecen junto con el préstamo para que su cuota sea pagada si pierde su trabajo y mientras consigue otro. El plazo máximo varía entre bancos.,Fiorella,15.0,16.0,6.0,19.0,5.0,,,,,0,"[15, 16, 6, 19, 5]",5,15.0,Sentence Length,"['structural', 'reduction', 'lexical']",3,structural,40,1,0,0,0,r4plus,long,0,fam=structural | rules=r4plus | len=long | num=0 | lex=0,fam=structural | rules=r4plus | len=long
5100,8029a_LibroBAC.pdf,"Por lo demás, una vez elaborado el Presupuesto no es que se abandone como un simple ejercicio más, sino que hay necesidad de aplicarlo, de llevarlo a la práctica, de evaluarlo, ajustarlo e ir tomando las decisiones que requiera en el seguimiento que le hagamos.","Por lo demás, el Presupuesto no se desatiende después de elaborarlo, sino que se aplica, evalúa, ajusta y se toman las decisiones requeridas durante el seguimiento.",Fiorella,15.0,17.0,19.0,6.0,5.0,4.0,,,,0,"[15, 17, 19, 6, 5, 4]",6,15.0,Sentence Length,"['structural', 'lexical', 'reduction']",3,structural,45,1,0,0,0,r4plus,long,0,fam=structural | rules=r4plus | len=long | num=0 | lex=0,fam=structural | rules=r4plus | len=long
5105,8778_LibroBAC.pdf,Tiempo (t): número de años que durará el ahorro.,El tiempo es el número de años que durará el ahorro.,Fiorella,3.0,13.0,16.0,,,,,,,0,"[3, 13, 16]",3,3.0,Visual Reference Dependence,"['reduction', 'lexical']",2,reduction,9,1,0,0,0,r3,short,0,fam=reduction | rules=r3 | len=short | num=0 | lex=0,fam=reduction | rules=r3 | len=short
5112,10212_LibroBAC.pdf,"El resultado es aproximado a $300,000 en seis años.",El resultado es aproximadamente trescientos mil dólares en seis años.,Fiorella,6.0,14.0,21.0,,,,,,,0,"[6, 14, 21]",3,6.0,Complex Phrases,"['lexical', 'structural']",2,lexical,9,1,1,1,0,r3,short,0,fam=lexical | rules=r3 | len=short | num=1 | lex=0,fam=lexical | rules=r3 | len=short
5114,10223_LibroBAC.pdf,d) En bienes que con el tiempo aumentan su valor.,"Cuarto, en bienes que aumentan su valor con el tiempo.",Fiorella,3.0,19.0,,,,,,,,0,"[3, 19]",2,3.0,Visual Reference Dependence,"['reduction', 'structural']",2,reduction,10,1,0,0,0,r2,short,0,fam=reduction | rules=r2 | len=short | num=0 | lex=0,fam=reduction | rules=r2 | len=short
5116,10225_LibroBAC.pdf,"En este sentido, los siguientes textos en recuadro han sido elaborados con los aportes voluntarios del personal de la Red Financiera BAC - CREDOMATIC, para contribuir con este Libro Maestro.","Por esto, se han elaborado los siguientes textos con los aportes del personal de la Red Financiera del Banco de América Central.",Fiorella,6.0,18.0,5.0,13.0,15.0,16.0,,,,0,"[6, 18, 5, 13, 15, 16]",6,6.0,Complex Phrases,"['lexical', 'reduction', 'structural']",3,lexical,30,1,0,0,0,r4plus,long,0,fam=lexical | rules=r4plus | len=long | num=0 | lex=0,fam=lexical | rules=r4plus | len=long
5121,10243_LibroBAC.pdf,"En el primer caso, el poseedor tiene derecho a voto en las asambleas de accionistas y a recibir la parte proporcional de los flujos cuando la empresa decida distribuirlos a sus dueños (dividendos).","En el primer caso, el poseedor tiene derecho a voto en las asambleas de accionistas. Además, puede recibir una parte proporcional de los flujos cuando la empresa los distribuya a sus dueños. Esta parte proporcional se llama dividendos.",Fiorella,15.0,6.0,16.0,,,,,,,0,"[15, 6, 16]",3,15.0,Sentence Length,"['structural', 'lexical', 'reduction']",3,structural,33,1,0,0,0,r3,long,0,fam=structural | rules=r3 | len=long | num=0 | lex=0,fam=structural | rules=r3 | len=long
5132,2083_LibroBAC.pdf,"Las personas jóvenes de los países, pueden tener en este fenómeno un buen medio para ingresar en la vida productiva.",Las personas jóvenes pueden encontrar un medio en este fenómeno para ingresar a la vida productiva.,María Annette,2.0,5.0,19.0,,,,,,,0,"[2, 5, 19]",3,2.0,Abstract vs. Concrete Language,"['lexical', 'reduction', 'structural']",3,lexical,20,1,0,0,0,r3,medium,0,fam=lexical | rules=r3 | len=medium | num=0 | lex=0,fam=lexical | rules=r3 | len=medium
5137,8023_LibroBAC.pdf,"Recuerde que el presupuesto de su hogar es un ejercicio reiterativo, algo que hay que hacer varias veces y estar revisando constantemente.","Recuerde que el presupuesto de su hogar es un ejercicio reiterativo, debe revisarlo constantemente.",María Annette,5.0,12.0,,,,,,,,0,"[5, 12]",2,5.0,Unnecessary Words,"['reduction', 'morphosyntactic']",2,reduction,22,1,0,0,0,r2,medium,0,fam=reduction | rules=r2 | len=medium | num=0 | lex=0,fam=reduction | rules=r2 | len=medium
5147,10187_LibroBAC.pdf,"Las preguntas pueden abarcar el instrumento de inversión (tener claro qué es lo que se va a recibir, en qué período, los riesgos y las condiciones), sobre el emisor (la entidad que emite el instrumento y que le va a devolver el dinero al final del período) y sobre el asesor financiero, si quiere optar por uno, el cual puede ser un puesto de bolsa.","Las preguntas pueden abarcar el instrumento de inversión, como tener claro qué es lo que se va a recibir, en qué período, los riesgos y las condiciones. Sobre el emisor, la entidad que emite el instrumento y que le va a devolver el dinero al final del período. Y sobre el asesor financiero el cual puede ser un puesto de bolsa.",María Annette,15.0,3.0,,,,,,,,0,"[15, 3]",2,15.0,Sentence Length,"['structural', 'reduction']",2,structural,65,1,0,0,0,r2,long,0,fam=structural | rules=r2 | len=long | num=0 | lex=0,fam=structural | rules=r2 | len=long
5149,10195_LibroBAC.pdf,"En algunos casos, las decisiones que se adopten pueden ser favorables a una determinada inversión a pesar de los riesgos que se corren, pero en compensación, puede obtenerse mayor rentabilidad y a corto plazo.","En algunos casos las decisiones que se adopten pueden ser favorables a una determinada inversión a pesar de los riesgos que se corren, pero en compensación puede obtenerse mayor rentabilidad y a corto plazo.",María Annette,16.0,,,,,,,,,0,[16],1,16.0,Parenthetical Phrases,['reduction'],1,reduction,34,1,0,0,0,r1,long,0,fam=reduction | rules=r1 | len=long | num=0 | lex=0,fam=reduction | rules=r1 | len=long
5151,10213_LibroBAC.pdf,"¿Cuál sería el porcentaje de interés que habría que aplicarse para duplicar un capital de $150,000 en seis años?",¿Cuál sería el porcentaje de interés que habría que aplicar para duplicar un capital de ciento cincuenta mil dólares en seis años?,María Annette,14.0,,,,,,,,,0,[14],1,14.0,Use of Numerical Expressions,['structural'],1,structural,19,1,1,1,0,r1,medium,0,fam=structural | rules=r1 | len=medium | num=1 | lex=0,fam=structural | rules=r1 | len=medium
5154,10234_LibroBAC.pdf,"Dentro de las características de estos instrumentos se encuentran: El inversionista que adquiere un bono le está prestando recursos a una compañía o gobierno, recibiendo a cambio el pago de una tasa de interés previamente pactada y eventualmente, en una fecha establecida o vencimiento, la devolución del monto inicial, llamado principal.",Dentro de las características de estos instrumentos están los siguientes. El inversionista que adquiere un bono le está prestando recursos a una compañía o gobierno y recibe a cambio el pago de una tasa de interés previamente pactada. Y en una fecha establecida o vencimiento recibe la devolución del monto inicial llamado principal.,María Annette,15.0,2.0,12.0,,,,,,,0,"[15, 2, 12]",3,15.0,Sentence Length,"['structural', 'lexical', 'morphosyntactic']",3,structural,51,1,0,0,0,r3,long,0,fam=structural | rules=r3 | len=long | num=0 | lex=0,fam=structural | rules=r3 | len=long
5155,10239_LibroBAC.pdf,"Cuando un inversionista adquiere un bono, conoce de antemano el rendimiento que obtendrá por su inversión, si las condiciones financieras de la empresa le permiten realizar todos los pagos.",Cuando un inversionista adquiere un bono conoce de antemano el rendimiento que obtendrá por su inversión si las condiciones financieras de la empresa le permiten realizar todos los pagos.,María Annette,16.0,,,,,,,,,0,[16],1,16.0,Parenthetical Phrases,['reduction'],1,reduction,29,1,0,0,0,r1,long,0,fam=reduction | rules=r1 | len=long | num=0 | lex=0,fam=reduction | rules=r1 | len=long
5160,10703_LibroBAC.pdf,"Las inversiones aumentan por medio de los intereses, dividendos, acciones, apreciación de los bienes (incremento del valor).","Las inversiones aumentan por medio de los intereses, dividendos, acciones, apreciación de los bienes o incremento del valor.",María Annette,3.0,,,,,,,,,0,[3],1,3.0,Visual Reference Dependence,['reduction'],1,reduction,17,1,0,0,0,r1,medium,0,fam=reduction | rules=r1 | len=medium | num=0 | lex=0,fam=reduction | rules=r1 | len=medium
5167,1130_LibroUAC_Sincopyright.pdf,El cálculo anterior indica que la cuota semestral de pago es de $7.090 incluyendo capital e interés de cada una.,El cálculo anterior indica que la cuota semestral de pago es de siete mil noventa dólares con capital e interés de cada una incluidos.,María Annette,14.0,12.0,,,,,,,,0,"[14, 12]",2,14.0,Use of Numerical Expressions,"['structural', 'morphosyntactic']",2,structural,20,2,1,1,0,r2,medium,0,fam=structural | rules=r2 | len=medium | num=1 | lex=0,fam=structural | rules=r2 | len=medium
5177,2091_LibroBAC.pdf,"Las comunidades se han ido convirtiendo en los últimos años, específicamente en las últimas décadas, en un pilar fundamental de su propia economía, de los países e incluso de la economía internacional.","En las últimas décadas, las comunidades han sido un pilar fundamental de su propia economía, de sus países y de la economía internacional.",Sugeily,15.0,16.0,5.0,18.0,,,,,,0,"[15, 16, 5, 18]",4,15.0,Sentence Length,"['structural', 'reduction']",2,structural,32,1,0,0,0,r4plus,long,0,fam=structural | rules=r4plus | len=long | num=0 | lex=0,fam=structural | rules=r4plus | len=long
5181,3616_LibroBAC.pdf,"Los problemas de la economía urbana son en gran parte de naturaleza social, y las muchas propuestas para mejorar el bienestar social y económico de los grupos minoritarios indican una recia voluntad para cooperar en la solución de estos problemas.",Los problemas de la economía urbana son de naturaleza social. Las propuestas para mejorar el bienestar social y económico de las minorías indican una fuerte voluntad para cooperar y resolver estos problemas.,Sugeily,5.0,15.0,1.0,,,,,,,1,"[5, 15, 1]",3,5.0,Unnecessary Words,"['reduction', 'structural', 'lexical']",3,reduction,40,1,0,0,0,r3,long,1,fam=reduction | rules=r3 | len=long | num=0 | lex=1,fam=reduction | rules=r3 | len=long
5182,5428_LibroBAC.pdf,Tal vez sienta que al tener un presupuesto usted está admitiendo el fracaso.,Tal vez sienta que al tener un presupuesto usted admite el fracaso.,Sugeily,12.0,,,,,,,,,0,[12],1,12.0,Use of Gerund,['morphosyntactic'],1,morphosyntactic,13,1,0,0,0,r1,medium,0,fam=morphosyntactic | rules=r1 | len=medium | num=0 | lex=0,fam=morphosyntactic | rules=r1 | len=medium
5184,7984_LibroBAC.pdf,"Sin embargo, para ser más conservador, si esos bonos son variables y no están garantizados, quizás es mejor no tomarlos en cuenta.","Sin embargo, si esos bonos son variables y no están garantizados, quizás es mejor no tomarlos en cuenta.",Sugeily,16.0,,,,,,,,,0,[16],1,16.0,Parenthetical Phrases,['reduction'],1,reduction,22,1,0,0,0,r1,medium,0,fam=reduction | rules=r1 | len=medium | num=0 | lex=0,fam=reduction | rules=r1 | len=medium
5187,8025_LibroBAC.pdf,Documente todos sus gastos e ingresos o compárelos con lo que usted planificó que iba a gastar en el mes.,Documente todos sus gastos e ingresos y compárelos con lo que usted planificó que iba a gastar en el mes.,Sugeily,18.0,,,,,,,,,0,[18],1,18.0,Sentences of formal and aesthetic use,['reduction'],1,reduction,20,1,0,0,0,r1,medium,0,fam=reduction | rules=r1 | len=medium | num=0 | lex=0,fam=reduction | rules=r1 | len=medium
5189,8045_LibroBAC.pdf,"El presupuesto es un instrumento que ayuda a la gestión de los recursos financieros y a tomar decisiones para su mejoramiento, a partir de analizar y confrontar ingresos y egresos.","El presupuesto es un instrumento para la gestión de los recursos financieros. Además, ayuda a tomar decisiones para mejorar estos recursos, a partir de analizar y confrontar ingresos y egresos.",Sugeily,15.0,5.0,,,,,,,,0,"[15, 5]",2,15.0,Sentence Length,"['structural', 'reduction']",2,structural,30,1,0,0,0,r2,long,0,fam=structural | rules=r2 | len=long | num=0 | lex=0,fam=structural | rules=r2 | len=long
5192,8720_LibroBAC.pdf,"Dado lo importante de este tema para todas las personas, se ha desarrollado este capítulo, en el cual se abordan algunos conceptos sobre el ahorro, sus intereses y cómo calcularlos, los diferentes instrumentos de ahorro que ofrecen los bancos y algunos consejos sobre como empezar a ahorrar.","En este capítulo se abordan algunos conceptos sobre el ahorro, sus intereses y cómo calcularlos. Asimismo, los diferentes instrumentos de ahorro que ofrecen los bancos y algunos consejos para empezar a ahorrar.",Sugeily,15.0,16.0,,,,,,,,0,"[15, 16]",2,15.0,Sentence Length,"['structural', 'reduction']",2,structural,47,1,0,0,0,r2,long,0,fam=structural | rules=r2 | len=long | num=0 | lex=0,fam=structural | rules=r2 | len=long
5194,8744_LibroBAC.pdf,"Y además están sometidas a algunos riesgos, como por ejemplo el robo.",Y además están sometidas a riesgos como el robo.,Sugeily,5.0,,,,,,,,,0,[5],1,5.0,Unnecessary Words,['reduction'],1,reduction,12,1,0,0,0,r1,short,0,fam=reduction | rules=r1 | len=short | num=0 | lex=0,fam=reduction | rules=r1 | len=short
5195,8760_LibroBAC.pdf,La respuesta es que hay dos tipos de interés: el simple y el compuesto.,Hay dos tipos de interés: el simple y el compuesto.,Sugeily,5.0,,,,,,,,,0,[5],1,5.0,Unnecessary Words,['reduction'],1,reduction,14,1,0,0,0,r1,medium,0,fam=reduction | rules=r1 | len=medium | num=0 | lex=0,fam=reduction | rules=r1 | len=medium
5196,8769_LibroBAC.pdf,"Para calcular el interés simple, se debe multiplicar el principal (cantidad que usted depositó) por la tasa de interés, y por el período de tiempo que usted dejará su dinero en el banco.","Para calcular el interés simple se debe multiplicar el principal por la tasa de interés, y por el período de tiempo que usted dejará su dinero en el banco.",Sugeily,16.0,,,,,,,,,0,[16],1,16.0,Parenthetical Phrases,['reduction'],1,reduction,33,1,0,0,0,r1,long,0,fam=reduction | rules=r1 | len=long | num=0 | lex=0,fam=reduction | rules=r1 | len=long
5200,582_LibroBAC.pdf,La educación financiera debería iniciarse en la escuela para que las personas sean educadas lo más temprano posible.,La educación financiera debe iniciarse en la escuela.,Valeria,2.0,5.0,,,,,,,,0,"[2, 5]",2,2.0,Abstract vs. Concrete Language,"['lexical', 'reduction']",2,lexical,18,1,0,0,0,r2,medium,0,fam=lexical | rules=r2 | len=medium | num=0 | lex=0,fam=lexical | rules=r2 | len=medium
5201,2071_LibroBAC.pdf,"Hoy, en una economía de empresa privada, la mayoría de los fondos destinados a la producción debe provenir de los beneficios que obtienen las empresas o de los préstamos conseguidos en los mercados financieros.","En la economía de empresa privada, los fondos destinados a la producción deben provenir de beneficios empresariales o de préstamos obtenidos en mercados financieros.",Valeria,5.0,16.0,,,,,,,,0,"[5, 16]",2,5.0,Unnecessary Words,['reduction'],1,reduction,34,1,0,0,0,r2,long,0,fam=reduction | rules=r2 | len=long | num=0 | lex=0,fam=reduction | rules=r2 | len=long
5213,8714_LibroBAC.pdf,"En esta parte del continente los Incas hicieron lo propio y acostumbraban reservar parte de lo obtenido de su actividad productiva en cavernas frías, a modo de congelador, de modo que cuando no hubiera producción de alimentos ya se contaba con una reserva.","Los Incas guardaban una parte de su actividad productiva en cavernas frías, así se contaba con una reserva cuando no había producción de alimentos.",Valeria,5.0,11.0,15.0,16.0,,,,,,0,"[5, 11, 15, 16]",4,5.0,Unnecessary Words,"['reduction', 'morphosyntactic', 'structural']",3,reduction,43,1,0,0,0,r4plus,long,0,fam=reduction | rules=r4plus | len=long | num=0 | lex=0,fam=reduction | rules=r4plus | len=long
5219,8742_LibroBAC.pdf,"Esto significa que su dinero hará dinero, y eventualmente tendrá más dinero del que depositó originalmente sólo por depositarlo.",Esto significa que su dinero creará intereses y eventualmente tendrá más dinero del que depositó originalmente.,Valeria,1.0,4.0,5.0,,,,,,,1,"[1, 4, 5]",3,1.0,Word Frequency,"['lexical', 'reduction']",2,lexical,19,1,0,0,0,r3,medium,1,fam=lexical | rules=r3 | len=medium | num=0 | lex=1,fam=lexical | rules=r3 | len=medium
5227,9009_LibroBAC.pdf,"El depositante no puede disponer de su dinero hasta después de transcurrido el plazo previamente acordado o bien después de notificar, con el preaviso fijado, la intención de retirarlo.",La persona puede disponer de su dinero después de un plazo acordado o de notificar la intención de retirarlo.,Valeria,1.0,5.0,15.0,16.0,18.0,,,,,1,"[1, 5, 15, 16, 18]",5,1.0,Word Frequency,"['lexical', 'reduction', 'structural']",3,lexical,29,1,0,0,0,r4plus,long,1,fam=lexical | rules=r4plus | len=long | num=0 | lex=1,fam=lexical | rules=r4plus | len=long
5229,612_LibroBAC.pdf,"Para ello es factible realizar encuentros, seminarios, talleres, los fines de semana,  con la participación de jóvenes, educadores y educadoras.","Para ello es factible realizar encuentros, seminarios, talleres, con la participación de jóvenes y educadores.",Verónica,19.0,,,,,,,,,0,[19],1,19.0,Sentence Order,['structural'],1,structural,20,1,0,0,0,r1,medium,0,fam=structural | rules=r1 | len=medium | num=0 | lex=0,fam=structural | rules=r1 | len=medium
5236,3617_LibroBAC.pdf,"En relación con el nivel de vida, digamos, continúan Cao García y Hailstones, que si cualquiera de nosotros pudiese entrar en la casa de un obrero industrial de hace cien años creería que está entrando a un mundo diferente.","En relación con el nivel de vida, Cao García y Hailstones dicen que si cualquiera de nosotros entrara en la casa de un obrero industrial de hace cien años creería que entra a un mundo diferente.",Verónica,16.0,4.0,18.0,12.0,,,,,,0,"[16, 4, 18, 12]",4,16.0,Parenthetical Phrases,"['reduction', 'lexical', 'morphosyntactic']",3,reduction,39,1,0,0,0,r4plus,long,0,fam=reduction | rules=r4plus | len=long | num=0 | lex=0,fam=reduction | rules=r4plus | len=long
5241,8026_LibroBAC.pdf,"De acuerdo con los resultados, tome las acciones correspondientes para irse acercando más a sus metas.","Según los resultados, haga lo necesario para acercarse más a sus metas.",Verónica,18.0,4.0,12.0,,,,,,,0,"[18, 4, 12]",3,18.0,Sentences of formal and aesthetic use,"['reduction', 'lexical', 'morphosyntactic']",3,reduction,16,1,0,0,0,r3,medium,0,fam=reduction | rules=r3 | len=medium | num=0 | lex=0,fam=reduction | rules=r3 | len=medium
5248,8752_LibroBAC.pdf,Hay ahorro si los ingresos disponibles son mayores a los gastos y se presenta un superávit de dinero.,Hay ahorro cuando los ingresos disponibles son mayores a los gastos y tenemos un excedente de dinero.,Verónica,4.0,,,,,,,,,0,[4],1,4.0,Ambiguity in Word Meaning,['lexical'],1,lexical,18,1,0,0,0,r1,medium,0,fam=lexical | rules=r1 | len=medium | num=0 | lex=0,fam=lexical | rules=r1 | len=medium
5251,8740_LibroBAC.pdf,Los bancos le aseguran que usted siempre podrá sacar su dinero cuando lo desee.,Los bancos permiten que el cliente saque su dinero cuando lo desee.,Verónica,18.0,,,,,,,,,0,[18],1,18.0,Sentences of formal and aesthetic use,['reduction'],1,reduction,14,1,0,0,0,r1,medium,0,fam=reduction | rules=r1 | len=medium | num=0 | lex=0,fam=reduction | rules=r1 | len=medium
5258,8785_LibroBAC.pdf,El cálculo del interés compuesto es un poco más complicado que el interés simple.,El cálculo del interés compuesto es un poco más complicado.,Verónica,18.0,,,,,,,,,0,[18],1,18.0,Sentences of formal and aesthetic use,['reduction'],1,reduction,14,1,0,0,0,r1,medium,0,fam=reduction | rules=r1 | len=medium | num=0 | lex=0,fam=reduction | rules=r1 | len=medium
5263,8988_LibroBAC.pdf,"Durante los 43 años que Laura y Alberto estuvieron ahorrando nunca retiraron los intereses, por el contrario se reinvertían y aumentaban el capital inicial.","Durante los cuarenta y tres años que Laura y Alberto ahorraron nunca retiraron los intereses, sino que los reinvertían y aumentaban el capital inicial.",Verónica,14.0,8.0,12.0,,,,,,,0,"[14, 8, 12]",3,14.0,Use of Numerical Expressions,"['structural', 'morphosyntactic']",2,structural,24,1,1,0,0,r3,medium,0,fam=structural | rules=r3 | len=medium | num=1 | lex=0,fam=structural | rules=r3 | len=medium
5266,8996_LibroBAC.pdf,"Si se paga un gasto con un cheque, pero no hay suficiente dinero (fondos) en la cuenta corriente, el banco cobrará una multa.","Si pagamos un gasto con un cheque, pero no hay suficiente dinero o fondos en la cuenta corriente, el banco cobrará una multa.",Verónica,18.0,21.0,,,,,,,,0,"[18, 21]",2,18.0,Sentences of formal and aesthetic use,"['reduction', 'structural']",2,reduction,23,1,0,0,0,r2,medium,0,fam=reduction | rules=r2 | len=medium | num=0 | lex=0,fam=reduction | rules=r2 | len=medium
5267,9002_LibroBAC.pdf,Esta cantidad varía entre distintas instituciones bancarias.,Esta cantidad varía entre distintos bancos.,Verónica,4.0,,,,,,,,,0,[4],1,4.0,Ambiguity in Word Meaning,['lexical'],1,lexical,7,1,0,0,0,r1,short,0,fam=lexical | rules=r1 | len=short | num=0 | lex=0,fam=lexical | rules=r1 | len=short
5272,A2_LibroBAC.pdf,"Sin embargo, casi todos los modelos, por no decir que todos, que se ocupan de la integralidad ignoran explícitamente el aspecto económico y financiero, como si estos no fueran aspectos importantes que determinan también el comportamiento humano y social de las personas.","Sin embargo, casi todos los modelos que se ocupan de las integralidades ignoran el aspecto económico y financiero, como si estos no fueran aspectos que determinan también el comportamiento humano y social.",Vivian,16.0,5.0,,,,,,,,0,"[16, 5]",2,16.0,Parenthetical Phrases,['reduction'],1,reduction,42,1,0,0,0,r2,long,0,fam=reduction | rules=r2 | len=long | num=0 | lex=0,fam=reduction | rules=r2 | len=long
5277,28_LibroBAC.pdf,"Problemas de muchos países como corrupción, pobreza, narcotráfico, violencia, entre otros, se relacionan con individuos que colocan el dinero en un pedestal, lo buscan como un fin más que como un medio y le dan tal valor que terminan siendo controlados por el dinero en lugar de controlarlo ellos.","Las personas ponen el dinero en un pedestal, lo buscan como un fin y le dan un gran valor. Por esto, no controlan el dinero, sino este a ellos. Esto se relaciona con problemas de muchos países como corrupción, pobreza, narcotráfico, violencia.",Vivian,16.0,12.0,17.0,1.0,4.0,,,,,1,"[16, 12, 17, 1, 4]",5,16.0,Parenthetical Phrases,"['reduction', 'morphosyntactic', 'structural', 'lexical']",4,reduction,49,1,0,0,0,r4plus,long,1,fam=reduction | rules=r4plus | len=long | num=0 | lex=1,fam=reduction | rules=r4plus | len=long
5281,5619h_LibroBAC.pdf,"Investigue y conozca acerca de cuáles son las mejores inversiones para usted basadas en sus metas financieras, tiempo límite y tolerancia de riesgo.","Investigue cuáles son las mejores inversiones para usted basadas en sus metas financieras, tiempo límite y tolerancia de riesgo.",Vivian,5.0,,,,,,,,,0,[5],1,5.0,Unnecessary Words,['reduction'],1,reduction,23,1,0,0,0,r1,medium,0,fam=reduction | rules=r1 | len=medium | num=0 | lex=0,fam=reduction | rules=r1 | len=medium
5282,5621_LibroBAC.pdf,"Realice su análisis financiero de manera objetiva, es decir, real.",Realice su análisis financiero de manera objetiva.,Vivian,16.0,5.0,,,,,,,,0,"[16, 5]",2,16.0,Parenthetical Phrases,['reduction'],1,reduction,10,1,0,0,0,r2,short,0,fam=reduction | rules=r2 | len=short | num=0 | lex=0,fam=reduction | rules=r2 | len=short
5293,8753_LibroBAC.pdf,"Si los gastos fueran mayores a los ingresos, se presentaría un déficit.","Si los gastos fueran mayores a los ingresos, se presentaría una deuda.",Vivian,1.0,,,,,,,,,1,[1],1,1.0,Word Frequency,['lexical'],1,lexical,12,1,0,0,0,r1,short,1,fam=lexical | rules=r1 | len=short | num=0 | lex=1,fam=lexical | rules=r1 | len=short
5294,8726_LibroBAC.pdf,"La reducción de gastos, y no la obtención de más ingresos, es la clave para asumir el control de sus finanzas.",Reducir los gastos es la clave para controlar las finanzas.,Vivian,16.0,6.0,,,,,,,,0,"[16, 6]",2,16.0,Parenthetical Phrases,"['reduction', 'lexical']",2,reduction,21,1,0,0,0,r2,medium,0,fam=reduction | rules=r2 | len=medium | num=0 | lex=0,fam=reduction | rules=r2 | len=medium
5296,8733_LibroBAC.pdf,"Invertir en usted mismo, a través de la educación, capacitación laboral o herramientas para su oficio o negocio.","Invertir en su educación, capacitación laboral o herramientas de trabajo.",Vivian,5.0,,,,,,,,,0,[5],1,5.0,Unnecessary Words,['reduction'],1,reduction,18,1,0,0,0,r1,medium,0,fam=reduction | rules=r1 | len=medium | num=0 | lex=0,fam=reduction | rules=r1 | len=medium
5298,8756_LibroBAC.pdf,"Sin embargo, el interés también es aquel dinero que le debemos de pagar al banco cuando nos prestan dinero (nos aprueban un crédito).","Sin embargo, también es el dinero pagado al banco por un préstamo.",Vivian,16.0,17.0,6.0,,,,,,,0,"[16, 17, 6]",3,16.0,Parenthetical Phrases,"['reduction', 'structural', 'lexical']",3,reduction,23,1,0,0,0,r3,medium,0,fam=reduction | rules=r3 | len=medium | num=0 | lex=0,fam=reduction | rules=r3 | len=medium
5306,8987_LibroBAC.pdf,Esto debido a que ella empezó a ahorrar mucho antes que Alberto.,Esto sucedió porque ella empezó a ahorrar antes que Alberto.,Vivian,6.0,5.0,,,,,,,,0,"[6, 5]",2,6.0,Complex Phrases,"['lexical', 'reduction']",2,lexical,12,1,0,0,0,r2,short,0,fam=lexical | rules=r2 | len=short | num=0 | lex=0,fam=lexical | rules=r2 | len=short
5309,9250_LibroBAC.pdf,"En este caso específico, es el dinero extra que se obtiene al depositar nuestro dinero en una cuenta de banco.","En este caso, es el dinero extra obtenido al depositar nuestro dinero en una cuenta bancaria.",Vivian,17.0,5.0,6.0,,,,,,,0,"[17, 5, 6]",3,17.0,Relative Clauses,"['structural', 'reduction', 'lexical']",3,structural,20,1,0,0,0,r3,medium,0,fam=structural | rules=r3 | len=medium | num=0 | lex=0,fam=structural | rules=r3 | len=medium
