sample36_id,texto_eval_id,base_system_name,refined_system_name,source_text,reference_text,generated_text_base,generated_text_refined,self_refine_model_key,self_refine_model_runtime,self_refine_prompt,status,error_message,inference_seconds
1,37,lora_llama3,lora_llama3_self_refine_llama3,"No tiene incentivos ni motivación, dos elementos esenciales en ambientes de competencia.",No tiene sentido ni motivación. Estos elementos son esenciales para la competencia.,"No tiene incentivos ni motivación, dos elementos esenciales en ambientes de competencia.","No tiene motivación ni incentivos, dos elementos clave en ambientes competitivos.",llama3,llama3:8b,"Eres un editor de textos en español especializado en simplificación de textos formales.

Tu tarea es mejorar una simplificación ya generada. No debes rehacerla desde cero.

Texto original:
No tiene incentivos ni motivación, dos elementos esenciales en ambientes de competencia.

Simplificación actual:
No tiene incentivos ni motivación, dos elementos esenciales en ambientes de competencia.

Instrucciones obligatorias:
1. Responde únicamente en español.
2. Devuelve solo el texto refinado.
3. No escribas notas, explicaciones, comentarios ni justificaciones.
4. No uses frases como ""Note:"", ""Nota:"", ""He cambiado"", ""No hice cambios"", ""Ningún cambio significativo"" o similares.
5. Conserva el significado del texto original.
6. No inventes información.
7. No elimines datos importantes.
8. Si la simplificación actual ya es clara y fiel, devuelve una versión limpia muy parecida, sin explicar nada.
9. Si la simplificación actual es casi igual al texto original, reescríbela con palabras más simples.
10. Sustituye palabras formales o técnicas por palabras más comunes cuando sea posible.
11. Usa oraciones cortas.
12. Usa viñetas solo si el texto contiene listas, pasos, causas, consecuencias o varias ideas separadas.
13. Conserva números, fechas, nombres propios y cantidades.
14. No agregues información que no esté en el texto original.

Texto refinado:",ok,,2.207616090774536
2,38,lora_llama3,lora_llama3_self_refine_llama3,"En los procesos de importaciones y exportaciones intervienen, además de clientes y proveedores, instituciones del Estado y los bancos, tal como se indica en el siguiente recuadro:",Clientes y proveedores intervienen en las importancias y exportaciones. También lo hacen las instituciones estatales y los banco como se indica a continuación:,"En los procesos de importaciones y exportaciones intervienen, además de clientes y proveedores, instituciones del Estado y los bancos, como se indica en el siguiente recuadro:","En los procesos de importaciones y exportaciones intervienen clientes, proveedores, instituciones del Estado y bancos, como se indica en el siguiente recuadro.",llama3,llama3:8b,"Eres un editor de textos en español especializado en simplificación de textos formales.

Tu tarea es mejorar una simplificación ya generada. No debes rehacerla desde cero.

Texto original:
En los procesos de importaciones y exportaciones intervienen, además de clientes y proveedores, instituciones del Estado y los bancos, tal como se indica en el siguiente recuadro:

Simplificación actual:
En los procesos de importaciones y exportaciones intervienen, además de clientes y proveedores, instituciones del Estado y los bancos, como se indica en el siguiente recuadro:

Instrucciones obligatorias:
1. Responde únicamente en español.
2. Devuelve solo el texto refinado.
3. No escribas notas, explicaciones, comentarios ni justificaciones.
4. No uses frases como ""Note:"", ""Nota:"", ""He cambiado"", ""No hice cambios"", ""Ningún cambio significativo"" o similares.
5. Conserva el significado del texto original.
6. No inventes información.
7. No elimines datos importantes.
8. Si la simplificación actual ya es clara y fiel, devuelve una versión limpia muy parecida, sin explicar nada.
9. Si la simplificación actual es casi igual al texto original, reescríbela con palabras más simples.
10. Sustituye palabras formales o técnicas por palabras más comunes cuando sea posible.
11. Usa oraciones cortas.
12. Usa viñetas solo si el texto contiene listas, pasos, causas, consecuencias o varias ideas separadas.
13. Conserva números, fechas, nombres propios y cantidades.
14. No agregues información que no esté en el texto original.

Texto refinado:",ok,,5.031726598739624
3,39,lora_llama3,lora_llama3_self_refine_llama3,"El robo de identidad ocurre cuando su información personal, tal como su nombre, número de cuenta, o número de cédula de identidad se usan sin su conocimiento para cometer un fraude o robo.","El robo de identidad ocurre cuando su información personal como su nombre, número de cuenta, o número de cédula de identidad se usan sin su conocimiento para cometer un fraude o robo.",El robo de identidad ocurre cuando su información personal se usa sin su conocimiento para cometer un fraude o robo.,El robo de identidad ocurre cuando se usa su información personal sin su conocimiento para cometer un fraude o robo.,llama3,llama3:8b,"Eres un editor de textos en español especializado en simplificación de textos formales.

Tu tarea es mejorar una simplificación ya generada. No debes rehacerla desde cero.

Texto original:
El robo de identidad ocurre cuando su información personal, tal como su nombre, número de cuenta, o número de cédula de identidad se usan sin su conocimiento para cometer un fraude o robo.

Simplificación actual:
El robo de identidad ocurre cuando su información personal se usa sin su conocimiento para cometer un fraude o robo.

Instrucciones obligatorias:
1. Responde únicamente en español.
2. Devuelve solo el texto refinado.
3. No escribas notas, explicaciones, comentarios ni justificaciones.
4. No uses frases como ""Note:"", ""Nota:"", ""He cambiado"", ""No hice cambios"", ""Ningún cambio significativo"" o similares.
5. Conserva el significado del texto original.
6. No inventes información.
7. No elimines datos importantes.
8. Si la simplificación actual ya es clara y fiel, devuelve una versión limpia muy parecida, sin explicar nada.
9. Si la simplificación actual es casi igual al texto original, reescríbela con palabras más simples.
10. Sustituye palabras formales o técnicas por palabras más comunes cuando sea posible.
11. Usa oraciones cortas.
12. Usa viñetas solo si el texto contiene listas, pasos, causas, consecuencias o varias ideas separadas.
13. Conserva números, fechas, nombres propios y cantidades.
14. No agregues información que no esté en el texto original.

Texto refinado:",ok,,4.0502777099609375
4,40,lora_llama3,lora_llama3_self_refine_llama3,"Los sueños de los niños tienen una gran variedad que va desde Tarzán hasta el Agente 007, pasando por Superman.",Los sueños de los niños son variados y van desde Tarzán hasta el Agente 007 y Superman.,Los sueños de los niños tienen una gran variedad.,"Los sueños de los niños son muy variados, desde Tarzán hasta Superman.",llama3,llama3:8b,"Eres un editor de textos en español especializado en simplificación de textos formales.

Tu tarea es mejorar una simplificación ya generada. No debes rehacerla desde cero.

Texto original:
Los sueños de los niños tienen una gran variedad que va desde Tarzán hasta el Agente 007, pasando por Superman.

Simplificación actual:
Los sueños de los niños tienen una gran variedad.

Instrucciones obligatorias:
1. Responde únicamente en español.
2. Devuelve solo el texto refinado.
3. No escribas notas, explicaciones, comentarios ni justificaciones.
4. No uses frases como ""Note:"", ""Nota:"", ""He cambiado"", ""No hice cambios"", ""Ningún cambio significativo"" o similares.
5. Conserva el significado del texto original.
6. No inventes información.
7. No elimines datos importantes.
8. Si la simplificación actual ya es clara y fiel, devuelve una versión limpia muy parecida, sin explicar nada.
9. Si la simplificación actual es casi igual al texto original, reescríbela con palabras más simples.
10. Sustituye palabras formales o técnicas por palabras más comunes cuando sea posible.
11. Usa oraciones cortas.
12. Usa viñetas solo si el texto contiene listas, pasos, causas, consecuencias o varias ideas separadas.
13. Conserva números, fechas, nombres propios y cantidades.
14. No agregues información que no esté en el texto original.

Texto refinado:",ok,,2.276993751525879
5,41,lora_llama3,lora_llama3_self_refine_llama3,Expresiones como soborno y cohecho se refieren a ilícitos vinculados a la compra de la voluntad de un individuo para provecho personal.,Expresiones como soborno y cohecho se refieren a delitos vinculados a comprar la voluntad de alguien para provecho personal.,Expresiones como soborno y cohecho se refieren a ilícitos vinculados a la compra de la voluntad de un individuo para provecho personal.,Expresiones como soborno y cohecho se refieren a actos ilícitos que involucran comprar la voluntad de alguien para beneficio personal.,llama3,llama3:8b,"Eres un editor de textos en español especializado en simplificación de textos formales.

Tu tarea es mejorar una simplificación ya generada. No debes rehacerla desde cero.

Texto original:
Expresiones como soborno y cohecho se refieren a ilícitos vinculados a la compra de la voluntad de un individuo para provecho personal.

Simplificación actual:
Expresiones como soborno y cohecho se refieren a ilícitos vinculados a la compra de la voluntad de un individuo para provecho personal.

Instrucciones obligatorias:
1. Responde únicamente en español.
2. Devuelve solo el texto refinado.
3. No escribas notas, explicaciones, comentarios ni justificaciones.
4. No uses frases como ""Note:"", ""Nota:"", ""He cambiado"", ""No hice cambios"", ""Ningún cambio significativo"" o similares.
5. Conserva el significado del texto original.
6. No inventes información.
7. No elimines datos importantes.
8. Si la simplificación actual ya es clara y fiel, devuelve una versión limpia muy parecida, sin explicar nada.
9. Si la simplificación actual es casi igual al texto original, reescríbela con palabras más simples.
10. Sustituye palabras formales o técnicas por palabras más comunes cuando sea posible.
11. Usa oraciones cortas.
12. Usa viñetas solo si el texto contiene listas, pasos, causas, consecuencias o varias ideas separadas.
13. Conserva números, fechas, nombres propios y cantidades.
14. No agregues información que no esté en el texto original.

Texto refinado:",ok,,4.2305991649627686
6,42,lora_llama3,lora_llama3_self_refine_llama3,"DIRECCIÓN DE PRESUPUESTO (DIPRES): ""formula y lleva el control presupuestario de la nación.""",DIRECCIÓN DE PRESUPUESTO: formula y lleva el control presupuestario de la nación.,La Dirección de Presupuesto formula y lleva el control presupuestario de la nación.,La Dirección de Presupuesto formula y controla el presupuesto nacional.,llama3,llama3:8b,"Eres un editor de textos en español especializado en simplificación de textos formales.

Tu tarea es mejorar una simplificación ya generada. No debes rehacerla desde cero.

Texto original:
DIRECCIÓN DE PRESUPUESTO (DIPRES): ""formula y lleva el control presupuestario de la nación.""

Simplificación actual:
La Dirección de Presupuesto formula y lleva el control presupuestario de la nación.

Instrucciones obligatorias:
1. Responde únicamente en español.
2. Devuelve solo el texto refinado.
3. No escribas notas, explicaciones, comentarios ni justificaciones.
4. No uses frases como ""Note:"", ""Nota:"", ""He cambiado"", ""No hice cambios"", ""Ningún cambio significativo"" o similares.
5. Conserva el significado del texto original.
6. No inventes información.
7. No elimines datos importantes.
8. Si la simplificación actual ya es clara y fiel, devuelve una versión limpia muy parecida, sin explicar nada.
9. Si la simplificación actual es casi igual al texto original, reescríbela con palabras más simples.
10. Sustituye palabras formales o técnicas por palabras más comunes cuando sea posible.
11. Usa oraciones cortas.
12. Usa viñetas solo si el texto contiene listas, pasos, causas, consecuencias o varias ideas separadas.
13. Conserva números, fechas, nombres propios y cantidades.
14. No agregues información que no esté en el texto original.

Texto refinado:",ok,,2.368140697479248
7,43,lora_llama3,lora_llama3_self_refine_llama3,"Interés compuesto: Es la suma del capital y el interés acumulado, que se va multiplicando según los plazos convenidos. La tasa de interés es el porcentaje que se aplica a un préstamo o inversión realizada.",El interés compuesto es la suma del capital y el interés acumulado. La tasa de interés es el porcentaje aplicado a un préstamo o inversión realizada.,El interés compuesto es la suma del capital y el interés acumulado. La tasa de interés es el porcentaje que se aplica a un préstamo o inversión realizada.,El interés compuesto es la suma del capital y el interés acumulado. La tasa de interés es el porcentaje que se aplica a un préstamo o inversión.,llama3,llama3:8b,"Eres un editor de textos en español especializado en simplificación de textos formales.

Tu tarea es mejorar una simplificación ya generada. No debes rehacerla desde cero.

Texto original:
Interés compuesto: Es la suma del capital y el interés acumulado, que se va multiplicando según los plazos convenidos. La tasa de interés es el porcentaje que se aplica a un préstamo o inversión realizada.

Simplificación actual:
El interés compuesto es la suma del capital y el interés acumulado. La tasa de interés es el porcentaje que se aplica a un préstamo o inversión realizada.

Instrucciones obligatorias:
1. Responde únicamente en español.
2. Devuelve solo el texto refinado.
3. No escribas notas, explicaciones, comentarios ni justificaciones.
4. No uses frases como ""Note:"", ""Nota:"", ""He cambiado"", ""No hice cambios"", ""Ningún cambio significativo"" o similares.
5. Conserva el significado del texto original.
6. No inventes información.
7. No elimines datos importantes.
8. Si la simplificación actual ya es clara y fiel, devuelve una versión limpia muy parecida, sin explicar nada.
9. Si la simplificación actual es casi igual al texto original, reescríbela con palabras más simples.
10. Sustituye palabras formales o técnicas por palabras más comunes cuando sea posible.
11. Usa oraciones cortas.
12. Usa viñetas solo si el texto contiene listas, pasos, causas, consecuencias o varias ideas separadas.
13. Conserva números, fechas, nombres propios y cantidades.
14. No agregues información que no esté en el texto original.

Texto refinado:",ok,,4.696922302246094
8,44,lora_llama3,lora_llama3_self_refine_llama3,La producción en un país se realiza mediante lo que se conoce como factores de producción y de los cuales nos ocuparemos en detalle más adelante.,A través de los factores de producción se realiza la producción en un país. Más adelante nos ocuparemos en detalle de estos factores.,La producción en un país se realiza mediante los factores de producción. Estos se ocuparán en detalle más adelante.,La producción en un país se hace con los factores de producción. Se hablará más sobre ellos después.,llama3,llama3:8b,"Eres un editor de textos en español especializado en simplificación de textos formales.

Tu tarea es mejorar una simplificación ya generada. No debes rehacerla desde cero.

Texto original:
La producción en un país se realiza mediante lo que se conoce como factores de producción y de los cuales nos ocuparemos en detalle más adelante.

Simplificación actual:
La producción en un país se realiza mediante los factores de producción. Estos se ocuparán en detalle más adelante.

Instrucciones obligatorias:
1. Responde únicamente en español.
2. Devuelve solo el texto refinado.
3. No escribas notas, explicaciones, comentarios ni justificaciones.
4. No uses frases como ""Note:"", ""Nota:"", ""He cambiado"", ""No hice cambios"", ""Ningún cambio significativo"" o similares.
5. Conserva el significado del texto original.
6. No inventes información.
7. No elimines datos importantes.
8. Si la simplificación actual ya es clara y fiel, devuelve una versión limpia muy parecida, sin explicar nada.
9. Si la simplificación actual es casi igual al texto original, reescríbela con palabras más simples.
10. Sustituye palabras formales o técnicas por palabras más comunes cuando sea posible.
11. Usa oraciones cortas.
12. Usa viñetas solo si el texto contiene listas, pasos, causas, consecuencias o varias ideas separadas.
13. Conserva números, fechas, nombres propios y cantidades.
14. No agregues información que no esté en el texto original.

Texto refinado:",ok,,2.7113258838653564
9,45,lora_llama3,lora_llama3_self_refine_llama3,"A pesar de que algunos critican al intermediario, se necesita a este individuo en la economía.","Aunque algunas personas critican al intermediario, este individuo es necesario en la economía.","Algunos critican al intermediario, pero se necesita a este individuo en la economía.","Algunos critican al intermediario, pero es necesario para la economía.",llama3,llama3:8b,"Eres un editor de textos en español especializado en simplificación de textos formales.

Tu tarea es mejorar una simplificación ya generada. No debes rehacerla desde cero.

Texto original:
A pesar de que algunos critican al intermediario, se necesita a este individuo en la economía.

Simplificación actual:
Algunos critican al intermediario, pero se necesita a este individuo en la economía.

Instrucciones obligatorias:
1. Responde únicamente en español.
2. Devuelve solo el texto refinado.
3. No escribas notas, explicaciones, comentarios ni justificaciones.
4. No uses frases como ""Note:"", ""Nota:"", ""He cambiado"", ""No hice cambios"", ""Ningún cambio significativo"" o similares.
5. Conserva el significado del texto original.
6. No inventes información.
7. No elimines datos importantes.
8. Si la simplificación actual ya es clara y fiel, devuelve una versión limpia muy parecida, sin explicar nada.
9. Si la simplificación actual es casi igual al texto original, reescríbela con palabras más simples.
10. Sustituye palabras formales o técnicas por palabras más comunes cuando sea posible.
11. Usa oraciones cortas.
12. Usa viñetas solo si el texto contiene listas, pasos, causas, consecuencias o varias ideas separadas.
13. Conserva números, fechas, nombres propios y cantidades.
14. No agregues información que no esté en el texto original.

Texto refinado:",ok,,2.3303041458129883
10,46,lora_llama3,lora_llama3_self_refine_llama3,El impuesto a los réditos es también un buen instrumento para conocer el monto de las rentas y de la riqueza nacional.,El impuesto a las utilidades también es un buen método para conocer el monto de las rentas y de la riqueza nacional.,El impuesto a los réditos es un buen instrumento para conocer el monto de las rentas y de la riqueza nacional.,El impuesto a los réditos es un buen instrumento para conocer la cantidad de rentas y riqueza nacional.,llama3,llama3:8b,"Eres un editor de textos en español especializado en simplificación de textos formales.

Tu tarea es mejorar una simplificación ya generada. No debes rehacerla desde cero.

Texto original:
El impuesto a los réditos es también un buen instrumento para conocer el monto de las rentas y de la riqueza nacional.

Simplificación actual:
El impuesto a los réditos es un buen instrumento para conocer el monto de las rentas y de la riqueza nacional.

Instrucciones obligatorias:
1. Responde únicamente en español.
2. Devuelve solo el texto refinado.
3. No escribas notas, explicaciones, comentarios ni justificaciones.
4. No uses frases como ""Note:"", ""Nota:"", ""He cambiado"", ""No hice cambios"", ""Ningún cambio significativo"" o similares.
5. Conserva el significado del texto original.
6. No inventes información.
7. No elimines datos importantes.
8. Si la simplificación actual ya es clara y fiel, devuelve una versión limpia muy parecida, sin explicar nada.
9. Si la simplificación actual es casi igual al texto original, reescríbela con palabras más simples.
10. Sustituye palabras formales o técnicas por palabras más comunes cuando sea posible.
11. Usa oraciones cortas.
12. Usa viñetas solo si el texto contiene listas, pasos, causas, consecuencias o varias ideas separadas.
13. Conserva números, fechas, nombres propios y cantidades.
14. No agregues información que no esté en el texto original.

Texto refinado:",ok,,3.1540286540985107
11,47,lora_llama3,lora_llama3_self_refine_llama3,"También es de mucha ayuda separar las metas en tres períodos de tiempo para los propósitos de planeamiento, y aun cuando esto ya se trató en el capítulo anterior, se reitera tan importante aspecto, centrados en el tema del presente y con la intención de reforzar el manejo del mismo:","También ayuda separar las metas en tres períodos de tiempo para cumplir con los propósitos planteados. Aunque este aspecto ya se trató en el capítulo anterior, reiteramos su importancia:","Separe las metas en tres períodos de tiempo para el planeamiento. Aunque esto ya se trató en el capítulo anterior, se reitera tan importante aspecto centrados en el tema del presente y con la intención de reforzar el manejo del mismo:","Separe las metas en tres períodos de tiempo para planificar. Aunque se ha hablado sobre esto antes, es importante recordarlo para manejar mejor el tema actual.",llama3,llama3:8b,"Eres un editor de textos en español especializado en simplificación de textos formales.

Tu tarea es mejorar una simplificación ya generada. No debes rehacerla desde cero.

Texto original:
También es de mucha ayuda separar las metas en tres períodos de tiempo para los propósitos de planeamiento, y aun cuando esto ya se trató en el capítulo anterior, se reitera tan importante aspecto, centrados en el tema del presente y con la intención de reforzar el manejo del mismo:

Simplificación actual:
Separe las metas en tres períodos de tiempo para el planeamiento. Aunque esto ya se trató en el capítulo anterior, se reitera tan importante aspecto centrados en el tema del presente y con la intención de reforzar el manejo del mismo:

Instrucciones obligatorias:
1. Responde únicamente en español.
2. Devuelve solo el texto refinado.
3. No escribas notas, explicaciones, comentarios ni justificaciones.
4. No uses frases como ""Note:"", ""Nota:"", ""He cambiado"", ""No hice cambios"", ""Ningún cambio significativo"" o similares.
5. Conserva el significado del texto original.
6. No inventes información.
7. No elimines datos importantes.
8. Si la simplificación actual ya es clara y fiel, devuelve una versión limpia muy parecida, sin explicar nada.
9. Si la simplificación actual es casi igual al texto original, reescríbela con palabras más simples.
10. Sustituye palabras formales o técnicas por palabras más comunes cuando sea posible.
11. Usa oraciones cortas.
12. Usa viñetas solo si el texto contiene listas, pasos, causas, consecuencias o varias ideas separadas.
13. Conserva números, fechas, nombres propios y cantidades.
14. No agregues información que no esté en el texto original.

Texto refinado:",ok,,4.378510475158691
12,48,lora_llama3,lora_llama3_self_refine_llama3,Seguridad financiera: Consiste en cumplir con las necesidades que se presentan en el futuro de las personas y al mismo tiempo cumplir con las obligaciones diarias.,"Seguridad financiera, consiste en cumplir con las necesidades económicas que se presentan en el futuro de las personas y también cumplir con las obligaciones financieras diarias.",La seguridad financiera consiste en cumplir con las necesidades del futuro de las personas y con las obligaciones diarias.,La seguridad financiera consiste en cubrir las necesidades futuras de las personas y pagar las cuentas diarias.,llama3,llama3:8b,"Eres un editor de textos en español especializado en simplificación de textos formales.

Tu tarea es mejorar una simplificación ya generada. No debes rehacerla desde cero.

Texto original:
Seguridad financiera: Consiste en cumplir con las necesidades que se presentan en el futuro de las personas y al mismo tiempo cumplir con las obligaciones diarias.

Simplificación actual:
La seguridad financiera consiste en cumplir con las necesidades del futuro de las personas y con las obligaciones diarias.

Instrucciones obligatorias:
1. Responde únicamente en español.
2. Devuelve solo el texto refinado.
3. No escribas notas, explicaciones, comentarios ni justificaciones.
4. No uses frases como ""Note:"", ""Nota:"", ""He cambiado"", ""No hice cambios"", ""Ningún cambio significativo"" o similares.
5. Conserva el significado del texto original.
6. No inventes información.
7. No elimines datos importantes.
8. Si la simplificación actual ya es clara y fiel, devuelve una versión limpia muy parecida, sin explicar nada.
9. Si la simplificación actual es casi igual al texto original, reescríbela con palabras más simples.
10. Sustituye palabras formales o técnicas por palabras más comunes cuando sea posible.
11. Usa oraciones cortas.
12. Usa viñetas solo si el texto contiene listas, pasos, causas, consecuencias o varias ideas separadas.
13. Conserva números, fechas, nombres propios y cantidades.
14. No agregues información que no esté en el texto original.

Texto refinado:",ok,,3.1756677627563477
13,49,lora_llama3,lora_llama3_self_refine_llama3,"La última, pero no menos importante razón, puede ser encontrar un fascinante campo de acción intelectual para comprender el mundo real.",La última es encontrar un campo de acción intelectual para comprender el mundo real.,La última razón puede ser encontrar un fascinante campo de acción intelectual para comprender el mundo real.,La última razón puede ser encontrar un campo fascinante para comprender el mundo real.,llama3,llama3:8b,"Eres un editor de textos en español especializado en simplificación de textos formales.

Tu tarea es mejorar una simplificación ya generada. No debes rehacerla desde cero.

Texto original:
La última, pero no menos importante razón, puede ser encontrar un fascinante campo de acción intelectual para comprender el mundo real.

Simplificación actual:
La última razón puede ser encontrar un fascinante campo de acción intelectual para comprender el mundo real.

Instrucciones obligatorias:
1. Responde únicamente en español.
2. Devuelve solo el texto refinado.
3. No escribas notas, explicaciones, comentarios ni justificaciones.
4. No uses frases como ""Note:"", ""Nota:"", ""He cambiado"", ""No hice cambios"", ""Ningún cambio significativo"" o similares.
5. Conserva el significado del texto original.
6. No inventes información.
7. No elimines datos importantes.
8. Si la simplificación actual ya es clara y fiel, devuelve una versión limpia muy parecida, sin explicar nada.
9. Si la simplificación actual es casi igual al texto original, reescríbela con palabras más simples.
10. Sustituye palabras formales o técnicas por palabras más comunes cuando sea posible.
11. Usa oraciones cortas.
12. Usa viñetas solo si el texto contiene listas, pasos, causas, consecuencias o varias ideas separadas.
13. Conserva números, fechas, nombres propios y cantidades.
14. No agregues información que no esté en el texto original.

Texto refinado:",ok,,2.5311813354492188
14,50,lora_llama3,lora_llama3_self_refine_llama3,"Si el entusiasmo, y esto no es idealismo ramplón, se orienta hacia la salud, la belleza, el éxito, la felicidad, lo más probable es que se obtenga la salud, la belleza, el éxito y la felicidad.","Si el entusiasmo se dirige hacia la salud, la belleza, el éxito, la felicidad es probable que los consigamos.","Si el entusiasmo se orienta hacia la salud, la belleza, el éxito y la felicidad, se obtendrá la salud, la belleza, el éxito y la felicidad.","Si el entusiasmo se orienta hacia la salud, belleza y éxito, se obtendrá justamente eso.",llama3,llama3:8b,"Eres un editor de textos en español especializado en simplificación de textos formales.

Tu tarea es mejorar una simplificación ya generada. No debes rehacerla desde cero.

Texto original:
Si el entusiasmo, y esto no es idealismo ramplón, se orienta hacia la salud, la belleza, el éxito, la felicidad, lo más probable es que se obtenga la salud, la belleza, el éxito y la felicidad.

Simplificación actual:
Si el entusiasmo se orienta hacia la salud, la belleza, el éxito y la felicidad, se obtendrá la salud, la belleza, el éxito y la felicidad.

Instrucciones obligatorias:
1. Responde únicamente en español.
2. Devuelve solo el texto refinado.
3. No escribas notas, explicaciones, comentarios ni justificaciones.
4. No uses frases como ""Note:"", ""Nota:"", ""He cambiado"", ""No hice cambios"", ""Ningún cambio significativo"" o similares.
5. Conserva el significado del texto original.
6. No inventes información.
7. No elimines datos importantes.
8. Si la simplificación actual ya es clara y fiel, devuelve una versión limpia muy parecida, sin explicar nada.
9. Si la simplificación actual es casi igual al texto original, reescríbela con palabras más simples.
10. Sustituye palabras formales o técnicas por palabras más comunes cuando sea posible.
11. Usa oraciones cortas.
12. Usa viñetas solo si el texto contiene listas, pasos, causas, consecuencias o varias ideas separadas.
13. Conserva números, fechas, nombres propios y cantidades.
14. No agregues información que no esté en el texto original.

Texto refinado:",ok,,3.3103115558624268
15,51,lora_llama3,lora_llama3_self_refine_llama3,"En la segunda etapa de programación, se definen los objetivos y se fijan las metas o resultados esperados, que deben ser lo más específicos y precisos posibles, para tener claridad en lo que se trata de alcanzar con las inversiones por realizar; por ejemplo, los tipos de inversión y los montos que se pretenden lograr en un tiempo definido y otros que pueden describirse en términos de logro o resultados que se desean alcanzar.","En la segunda etapa de programación, se definen los objetivos y se fijan las metas específicas.","En la segunda etapa de programación se definen los objetivos y se fijan las metas o resultados esperados. Estos deben ser lo más específicos y precisos posibles para tener claridad en lo que se trata de alcanzar con las inversiones por realizar. Por ejemplo, los tipos de inversión y los montos que se pretenden lograr en un tiempo definido. También los que pueden describirse en términos de logro o resultados que se desean alcanzar.","En la segunda etapa de programación se definen los objetivos y se establecen metas claras y precisas para saber qué se quiere lograr con las inversiones. Por ejemplo, se determinan los tipos de inversión y los montos que se desean alcanzar en un plazo definido.",llama3,llama3:8b,"Eres un editor de textos en español especializado en simplificación de textos formales.

Tu tarea es mejorar una simplificación ya generada. No debes rehacerla desde cero.

Texto original:
En la segunda etapa de programación, se definen los objetivos y se fijan las metas o resultados esperados, que deben ser lo más específicos y precisos posibles, para tener claridad en lo que se trata de alcanzar con las inversiones por realizar; por ejemplo, los tipos de inversión y los montos que se pretenden lograr en un tiempo definido y otros que pueden describirse en términos de logro o resultados que se desean alcanzar.

Simplificación actual:
En la segunda etapa de programación se definen los objetivos y se fijan las metas o resultados esperados. Estos deben ser lo más específicos y precisos posibles para tener claridad en lo que se trata de alcanzar con las inversiones por realizar. Por ejemplo, los tipos de inversión y los montos que se pretenden lograr en un tiempo definido. También los que pueden describirse en términos de logro o resultados que se desean alcanzar.

Instrucciones obligatorias:
1. Responde únicamente en español.
2. Devuelve solo el texto refinado.
3. No escribas notas, explicaciones, comentarios ni justificaciones.
4. No uses frases como ""Note:"", ""Nota:"", ""He cambiado"", ""No hice cambios"", ""Ningún cambio significativo"" o similares.
5. Conserva el significado del texto original.
6. No inventes información.
7. No elimines datos importantes.
8. Si la simplificación actual ya es clara y fiel, devuelve una versión limpia muy parecida, sin explicar nada.
9. Si la simplificación actual es casi igual al texto original, reescríbela con palabras más simples.
10. Sustituye palabras formales o técnicas por palabras más comunes cuando sea posible.
11. Usa oraciones cortas.
12. Usa viñetas solo si el texto contiene listas, pasos, causas, consecuencias o varias ideas separadas.
13. Conserva números, fechas, nombres propios y cantidades.
14. No agregues información que no esté en el texto original.

Texto refinado:",ok,,7.272141933441162
16,52,lora_llama3,lora_llama3_self_refine_llama3,Estas tarjetas acarrean pocos riesgos y te ayudan a crear buenos antecedentes crediticios al mostrar tu capacidad para usar una tarjeta con responsabilidad.,Estas tarjetas traen pocos riesgos y ayudan a crear buen historial crediticio.,Estas tarjetas acarrean pocos riesgos y te ayudan a crear buenos antecedentes crediticios al mostrar tu capacidad para usar una tarjeta con responsabilidad.,Estas tarjetas acarrean pocos riesgos y te ayudan a crear buenos antecedentes crediticios al demostrar tu capacidad para usar una tarjeta responsablemente.,llama3,llama3:8b,"Eres un editor de textos en español especializado en simplificación de textos formales.

Tu tarea es mejorar una simplificación ya generada. No debes rehacerla desde cero.

Texto original:
Estas tarjetas acarrean pocos riesgos y te ayudan a crear buenos antecedentes crediticios al mostrar tu capacidad para usar una tarjeta con responsabilidad.

Simplificación actual:
Estas tarjetas acarrean pocos riesgos y te ayudan a crear buenos antecedentes crediticios al mostrar tu capacidad para usar una tarjeta con responsabilidad.

Instrucciones obligatorias:
1. Responde únicamente en español.
2. Devuelve solo el texto refinado.
3. No escribas notas, explicaciones, comentarios ni justificaciones.
4. No uses frases como ""Note:"", ""Nota:"", ""He cambiado"", ""No hice cambios"", ""Ningún cambio significativo"" o similares.
5. Conserva el significado del texto original.
6. No inventes información.
7. No elimines datos importantes.
8. Si la simplificación actual ya es clara y fiel, devuelve una versión limpia muy parecida, sin explicar nada.
9. Si la simplificación actual es casi igual al texto original, reescríbela con palabras más simples.
10. Sustituye palabras formales o técnicas por palabras más comunes cuando sea posible.
11. Usa oraciones cortas.
12. Usa viñetas solo si el texto contiene listas, pasos, causas, consecuencias o varias ideas separadas.
13. Conserva números, fechas, nombres propios y cantidades.
14. No agregues información que no esté en el texto original.

Texto refinado:",ok,,4.749699831008911
17,53,lora_llama3,lora_llama3_self_refine_llama3,"Adicionalmente, el canal móvil (celulares) es de alto potencial para utilizar pagos a través de mensajería de texto SMS permitiendo, desde cualquier lugar donde se tenga acceso al servicio inalámbrico, realizar pagos electrónicos.","Además, los celulares permiten realizar pagos electrónicos desde cualquier lugar con acceso al servicio inalámbrico.","Además, el canal móvil es de alto potencial para utilizar pagos a través de mensajería de texto SMS. Esto permite realizar pagos electrónicos desde cualquier lugar con acceso al servicio inalámbrico.","Además, el canal móvil es ideal para realizar pagos electrónicos a través de SMS desde cualquier lugar con acceso a internet.",llama3,llama3:8b,"Eres un editor de textos en español especializado en simplificación de textos formales.

Tu tarea es mejorar una simplificación ya generada. No debes rehacerla desde cero.

Texto original:
Adicionalmente, el canal móvil (celulares) es de alto potencial para utilizar pagos a través de mensajería de texto SMS permitiendo, desde cualquier lugar donde se tenga acceso al servicio inalámbrico, realizar pagos electrónicos.

Simplificación actual:
Además, el canal móvil es de alto potencial para utilizar pagos a través de mensajería de texto SMS. Esto permite realizar pagos electrónicos desde cualquier lugar con acceso al servicio inalámbrico.

Instrucciones obligatorias:
1. Responde únicamente en español.
2. Devuelve solo el texto refinado.
3. No escribas notas, explicaciones, comentarios ni justificaciones.
4. No uses frases como ""Note:"", ""Nota:"", ""He cambiado"", ""No hice cambios"", ""Ningún cambio significativo"" o similares.
5. Conserva el significado del texto original.
6. No inventes información.
7. No elimines datos importantes.
8. Si la simplificación actual ya es clara y fiel, devuelve una versión limpia muy parecida, sin explicar nada.
9. Si la simplificación actual es casi igual al texto original, reescríbela con palabras más simples.
10. Sustituye palabras formales o técnicas por palabras más comunes cuando sea posible.
11. Usa oraciones cortas.
12. Usa viñetas solo si el texto contiene listas, pasos, causas, consecuencias o varias ideas separadas.
13. Conserva números, fechas, nombres propios y cantidades.
14. No agregues información que no esté en el texto original.

Texto refinado:",ok,,3.6362969875335693
18,54,lora_llama3,lora_llama3_self_refine_llama3,"Existen varias modalidades de cheques, como lo mencionan los mismos Alonso, Brailovsky y Ortiz (1999).","Según Alonso, Brailovsky y Ortiz (mil novecientos noventa y nueve) hay varias modalidades de cheques.",Existen varias modalidades de cheques.,Existen varias modalidades de cheques.,llama3,llama3:8b,"Eres un editor de textos en español especializado en simplificación de textos formales.

Tu tarea es mejorar una simplificación ya generada. No debes rehacerla desde cero.

Texto original:
Existen varias modalidades de cheques, como lo mencionan los mismos Alonso, Brailovsky y Ortiz (1999).

Simplificación actual:
Existen varias modalidades de cheques.

Instrucciones obligatorias:
1. Responde únicamente en español.
2. Devuelve solo el texto refinado.
3. No escribas notas, explicaciones, comentarios ni justificaciones.
4. No uses frases como ""Note:"", ""Nota:"", ""He cambiado"", ""No hice cambios"", ""Ningún cambio significativo"" o similares.
5. Conserva el significado del texto original.
6. No inventes información.
7. No elimines datos importantes.
8. Si la simplificación actual ya es clara y fiel, devuelve una versión limpia muy parecida, sin explicar nada.
9. Si la simplificación actual es casi igual al texto original, reescríbela con palabras más simples.
10. Sustituye palabras formales o técnicas por palabras más comunes cuando sea posible.
11. Usa oraciones cortas.
12. Usa viñetas solo si el texto contiene listas, pasos, causas, consecuencias o varias ideas separadas.
13. Conserva números, fechas, nombres propios y cantidades.
14. No agregues información que no esté en el texto original.

Texto refinado:",ok,,1.8000218868255615
19,55,lora_llama3,lora_llama3_self_refine_llama3,"La mayor ventaja es la flexibilidad que le da al usuario, quien puede pagar sus saldos por completo cada mes o puede pagar en parte.",La mayor ventaja es la flexibilidad para el usuario. Quien puede pagar sus saldos completos o en parte mensualmente.,La mayor ventaja es la flexibilidad que le da al usuario. Quien puede pagar sus saldos por completo cada mes o pagar en parte.,La mayor ventaja es la flexibilidad que le da al usuario. Puede pagar sus saldos por completo cada mes o pagar parte de ellos.,llama3,llama3:8b,"Eres un editor de textos en español especializado en simplificación de textos formales.

Tu tarea es mejorar una simplificación ya generada. No debes rehacerla desde cero.

Texto original:
La mayor ventaja es la flexibilidad que le da al usuario, quien puede pagar sus saldos por completo cada mes o puede pagar en parte.

Simplificación actual:
La mayor ventaja es la flexibilidad que le da al usuario. Quien puede pagar sus saldos por completo cada mes o pagar en parte.

Instrucciones obligatorias:
1. Responde únicamente en español.
2. Devuelve solo el texto refinado.
3. No escribas notas, explicaciones, comentarios ni justificaciones.
4. No uses frases como ""Note:"", ""Nota:"", ""He cambiado"", ""No hice cambios"", ""Ningún cambio significativo"" o similares.
5. Conserva el significado del texto original.
6. No inventes información.
7. No elimines datos importantes.
8. Si la simplificación actual ya es clara y fiel, devuelve una versión limpia muy parecida, sin explicar nada.
9. Si la simplificación actual es casi igual al texto original, reescríbela con palabras más simples.
10. Sustituye palabras formales o técnicas por palabras más comunes cuando sea posible.
11. Usa oraciones cortas.
12. Usa viñetas solo si el texto contiene listas, pasos, causas, consecuencias o varias ideas separadas.
13. Conserva números, fechas, nombres propios y cantidades.
14. No agregues información que no esté en el texto original.

Texto refinado:",ok,,3.7162442207336426
20,56,lora_llama3,lora_llama3_self_refine_llama3,"El dinero que inviertes inicialmente se denomina ""capital"".",El capital es el dinero invertido inicialmente.,El dinero inicialmente invertido se llama capital.,El dinero que se invierte al principio se llama capital.,llama3,llama3:8b,"Eres un editor de textos en español especializado en simplificación de textos formales.

Tu tarea es mejorar una simplificación ya generada. No debes rehacerla desde cero.

Texto original:
El dinero que inviertes inicialmente se denomina ""capital"".

Simplificación actual:
El dinero inicialmente invertido se llama capital.

Instrucciones obligatorias:
1. Responde únicamente en español.
2. Devuelve solo el texto refinado.
3. No escribas notas, explicaciones, comentarios ni justificaciones.
4. No uses frases como ""Note:"", ""Nota:"", ""He cambiado"", ""No hice cambios"", ""Ningún cambio significativo"" o similares.
5. Conserva el significado del texto original.
6. No inventes información.
7. No elimines datos importantes.
8. Si la simplificación actual ya es clara y fiel, devuelve una versión limpia muy parecida, sin explicar nada.
9. Si la simplificación actual es casi igual al texto original, reescríbela con palabras más simples.
10. Sustituye palabras formales o técnicas por palabras más comunes cuando sea posible.
11. Usa oraciones cortas.
12. Usa viñetas solo si el texto contiene listas, pasos, causas, consecuencias o varias ideas separadas.
13. Conserva números, fechas, nombres propios y cantidades.
14. No agregues información que no esté en el texto original.

Texto refinado:",ok,,1.9121670722961426
21,57,lora_llama3,lora_llama3_self_refine_llama3,"Existen modelos cuantitativos que permiten determinar de manera técnica el valor de la tasa de descuento como el CAPM1 y el WACC2 (Bell, 2016), los cuales no se incluyen en el presente documento; no obstante, la determinación subjetiva de la tasa de descuento exigida por el accionista puede utilizarse ante la falta de información de los mencionados modelos.","Hay modelos cuantitativos para determinar técnicamente el valor de la tasa de descuento, pero no se incluyen en este documento. Sin embargo, la determinación subjetiva de la tasa de descuento exigida por el accionista se puede utilizar ante la falta de información de esos modelos.","Existen modelos cuantitativos que permiten determinar de manera técnica el valor de la tasa de descuento. Sin embargo, la determinación subjetiva de la tasa de descuento exigida por el accionista puede utilizarse ante la falta de información de los mencionados modelos.","Existen modelos cuantitativos que permiten determinar la tasa de descuento. Sin embargo, si no se dispone de esa información, se puede utilizar una estimación subjetiva para determinar la tasa de descuento exigida por el accionista.",llama3,llama3:8b,"Eres un editor de textos en español especializado en simplificación de textos formales.

Tu tarea es mejorar una simplificación ya generada. No debes rehacerla desde cero.

Texto original:
Existen modelos cuantitativos que permiten determinar de manera técnica el valor de la tasa de descuento como el CAPM1 y el WACC2 (Bell, 2016), los cuales no se incluyen en el presente documento; no obstante, la determinación subjetiva de la tasa de descuento exigida por el accionista puede utilizarse ante la falta de información de los mencionados modelos.

Simplificación actual:
Existen modelos cuantitativos que permiten determinar de manera técnica el valor de la tasa de descuento. Sin embargo, la determinación subjetiva de la tasa de descuento exigida por el accionista puede utilizarse ante la falta de información de los mencionados modelos.

Instrucciones obligatorias:
1. Responde únicamente en español.
2. Devuelve solo el texto refinado.
3. No escribas notas, explicaciones, comentarios ni justificaciones.
4. No uses frases como ""Note:"", ""Nota:"", ""He cambiado"", ""No hice cambios"", ""Ningún cambio significativo"" o similares.
5. Conserva el significado del texto original.
6. No inventes información.
7. No elimines datos importantes.
8. Si la simplificación actual ya es clara y fiel, devuelve una versión limpia muy parecida, sin explicar nada.
9. Si la simplificación actual es casi igual al texto original, reescríbela con palabras más simples.
10. Sustituye palabras formales o técnicas por palabras más comunes cuando sea posible.
11. Usa oraciones cortas.
12. Usa viñetas solo si el texto contiene listas, pasos, causas, consecuencias o varias ideas separadas.
13. Conserva números, fechas, nombres propios y cantidades.
14. No agregues información que no esté en el texto original.

Texto refinado:",ok,,6.349335670471191
22,58,lora_llama3,lora_llama3_self_refine_llama3,"Particularmente, se observa que el escenario 3 es el único que presenta una situación que no sea rentable.",El escenario tres es el único que presenta una situación no rentable.,"Particularmente, el escenario tres es el único que presenta una situación no rentable.","Particularmente, solo el escenario tres presenta una situación no rentable.",llama3,llama3:8b,"Eres un editor de textos en español especializado en simplificación de textos formales.

Tu tarea es mejorar una simplificación ya generada. No debes rehacerla desde cero.

Texto original:
Particularmente, se observa que el escenario 3 es el único que presenta una situación que no sea rentable.

Simplificación actual:
Particularmente, el escenario tres es el único que presenta una situación no rentable.

Instrucciones obligatorias:
1. Responde únicamente en español.
2. Devuelve solo el texto refinado.
3. No escribas notas, explicaciones, comentarios ni justificaciones.
4. No uses frases como ""Note:"", ""Nota:"", ""He cambiado"", ""No hice cambios"", ""Ningún cambio significativo"" o similares.
5. Conserva el significado del texto original.
6. No inventes información.
7. No elimines datos importantes.
8. Si la simplificación actual ya es clara y fiel, devuelve una versión limpia muy parecida, sin explicar nada.
9. Si la simplificación actual es casi igual al texto original, reescríbela con palabras más simples.
10. Sustituye palabras formales o técnicas por palabras más comunes cuando sea posible.
11. Usa oraciones cortas.
12. Usa viñetas solo si el texto contiene listas, pasos, causas, consecuencias o varias ideas separadas.
13. Conserva números, fechas, nombres propios y cantidades.
14. No agregues información que no esté en el texto original.

Texto refinado:",ok,,2.2254862785339355
23,59,lora_llama3,lora_llama3_self_refine_llama3,"Obtenga el rendimiento de un bono de $10,000 que paga el 6.",Saque el rendimiento de un bono de diez mil dólares que paga el seis.,Obtenga el rendimiento de un bono de diez mil dólares que paga el seis.,Obtenga el rendimiento de un bono de diez mil dólares que paga el seis por ciento.,llama3,llama3:8b,"Eres un editor de textos en español especializado en simplificación de textos formales.

Tu tarea es mejorar una simplificación ya generada. No debes rehacerla desde cero.

Texto original:
Obtenga el rendimiento de un bono de $10,000 que paga el 6.

Simplificación actual:
Obtenga el rendimiento de un bono de diez mil dólares que paga el seis.

Instrucciones obligatorias:
1. Responde únicamente en español.
2. Devuelve solo el texto refinado.
3. No escribas notas, explicaciones, comentarios ni justificaciones.
4. No uses frases como ""Note:"", ""Nota:"", ""He cambiado"", ""No hice cambios"", ""Ningún cambio significativo"" o similares.
5. Conserva el significado del texto original.
6. No inventes información.
7. No elimines datos importantes.
8. Si la simplificación actual ya es clara y fiel, devuelve una versión limpia muy parecida, sin explicar nada.
9. Si la simplificación actual es casi igual al texto original, reescríbela con palabras más simples.
10. Sustituye palabras formales o técnicas por palabras más comunes cuando sea posible.
11. Usa oraciones cortas.
12. Usa viñetas solo si el texto contiene listas, pasos, causas, consecuencias o varias ideas separadas.
13. Conserva números, fechas, nombres propios y cantidades.
14. No agregues información que no esté en el texto original.

Texto refinado:",ok,,2.848978281021118
24,60,lora_llama3,lora_llama3_self_refine_llama3,"De partida, el tema concierne a todos los individuos y durante toda la vida, pues las finanzas explican la procedencia y uso de los ingresos y recursos que se disponen para satisfacer las necesidades particulares de todas y todos.",El tema interesa a todas las personas. Porque las finanzas explican el origen y uso de los ingresos disponibles para satisfacer las necesidades de todos.,El tema de las finanzas concierne a todos los individuos y durante toda la vida. Las finanzas explican la procedencia y uso de los ingresos y recursos para satisfacer las necesidades particulares de todas y todos.,El tema de las finanzas concierne a todos los individuos y durante toda la vida. Las finanzas explican cómo se obtienen y se utilizan los ingresos para satisfacer las necesidades personales.,llama3,llama3:8b,"Eres un editor de textos en español especializado en simplificación de textos formales.

Tu tarea es mejorar una simplificación ya generada. No debes rehacerla desde cero.

Texto original:
De partida, el tema concierne a todos los individuos y durante toda la vida, pues las finanzas explican la procedencia y uso de los ingresos y recursos que se disponen para satisfacer las necesidades particulares de todas y todos.

Simplificación actual:
El tema de las finanzas concierne a todos los individuos y durante toda la vida. Las finanzas explican la procedencia y uso de los ingresos y recursos para satisfacer las necesidades particulares de todas y todos.

Instrucciones obligatorias:
1. Responde únicamente en español.
2. Devuelve solo el texto refinado.
3. No escribas notas, explicaciones, comentarios ni justificaciones.
4. No uses frases como ""Note:"", ""Nota:"", ""He cambiado"", ""No hice cambios"", ""Ningún cambio significativo"" o similares.
5. Conserva el significado del texto original.
6. No inventes información.
7. No elimines datos importantes.
8. Si la simplificación actual ya es clara y fiel, devuelve una versión limpia muy parecida, sin explicar nada.
9. Si la simplificación actual es casi igual al texto original, reescríbela con palabras más simples.
10. Sustituye palabras formales o técnicas por palabras más comunes cuando sea posible.
11. Usa oraciones cortas.
12. Usa viñetas solo si el texto contiene listas, pasos, causas, consecuencias o varias ideas separadas.
13. Conserva números, fechas, nombres propios y cantidades.
14. No agregues información que no esté en el texto original.

Texto refinado:",ok,,5.025454044342041
25,61,lora_llama3,lora_llama3_self_refine_llama3,¿Qué función cumplen las empresas en la sociedad?,¿Qué función tienen las empresas en la sociedad?,¿Qué función cumplen las empresas en la sociedad?,¿Qué papel juegan las empresas en la sociedad?,llama3,llama3:8b,"Eres un editor de textos en español especializado en simplificación de textos formales.

Tu tarea es mejorar una simplificación ya generada. No debes rehacerla desde cero.

Texto original:
¿Qué función cumplen las empresas en la sociedad?

Simplificación actual:
¿Qué función cumplen las empresas en la sociedad?

Instrucciones obligatorias:
1. Responde únicamente en español.
2. Devuelve solo el texto refinado.
3. No escribas notas, explicaciones, comentarios ni justificaciones.
4. No uses frases como ""Note:"", ""Nota:"", ""He cambiado"", ""No hice cambios"", ""Ningún cambio significativo"" o similares.
5. Conserva el significado del texto original.
6. No inventes información.
7. No elimines datos importantes.
8. Si la simplificación actual ya es clara y fiel, devuelve una versión limpia muy parecida, sin explicar nada.
9. Si la simplificación actual es casi igual al texto original, reescríbela con palabras más simples.
10. Sustituye palabras formales o técnicas por palabras más comunes cuando sea posible.
11. Usa oraciones cortas.
12. Usa viñetas solo si el texto contiene listas, pasos, causas, consecuencias o varias ideas separadas.
13. Conserva números, fechas, nombres propios y cantidades.
14. No agregues información que no esté en el texto original.

Texto refinado:",ok,,1.9284605979919434
26,62,lora_llama3,lora_llama3_self_refine_llama3,Estos principios están diseñados para promover que las firmas de servicios financieros y las organizaciones de consumidores hagan más para educar a los ciudadanos en esta área.,Estos principios están diseñados para promover que las empresas de servicios financieros y las organizaciones de consumidores hagan más para educar a los ciudadanos en esta área.,Estos principios promueven que las firmas de servicios financieros y las organizaciones de consumidores educen a los ciudadanos en esta área.,Estos principios promueven la educación de los ciudadanos sobre servicios financieros.,llama3,llama3:8b,"Eres un editor de textos en español especializado en simplificación de textos formales.

Tu tarea es mejorar una simplificación ya generada. No debes rehacerla desde cero.

Texto original:
Estos principios están diseñados para promover que las firmas de servicios financieros y las organizaciones de consumidores hagan más para educar a los ciudadanos en esta área.

Simplificación actual:
Estos principios promueven que las firmas de servicios financieros y las organizaciones de consumidores educen a los ciudadanos en esta área.

Instrucciones obligatorias:
1. Responde únicamente en español.
2. Devuelve solo el texto refinado.
3. No escribas notas, explicaciones, comentarios ni justificaciones.
4. No uses frases como ""Note:"", ""Nota:"", ""He cambiado"", ""No hice cambios"", ""Ningún cambio significativo"" o similares.
5. Conserva el significado del texto original.
6. No inventes información.
7. No elimines datos importantes.
8. Si la simplificación actual ya es clara y fiel, devuelve una versión limpia muy parecida, sin explicar nada.
9. Si la simplificación actual es casi igual al texto original, reescríbela con palabras más simples.
10. Sustituye palabras formales o técnicas por palabras más comunes cuando sea posible.
11. Usa oraciones cortas.
12. Usa viñetas solo si el texto contiene listas, pasos, causas, consecuencias o varias ideas separadas.
13. Conserva números, fechas, nombres propios y cantidades.
14. No agregues información que no esté en el texto original.

Texto refinado:",ok,,2.58668851852417
27,63,lora_llama3,lora_llama3_self_refine_llama3,"Hable con ellos, déles la cara, y hágales saber que está haciendo todo lo que puede para pagarles.","Hable con ellos, enfréntelos y comuníqueles que está haciendo lo posible para pagarles.","Comuníquese con ellos, déles la cara y hágales saber que está haciendo todo lo posible para pagarles.",Comuníquese con ellos y hágales saber que está haciendo todo lo posible para pagarles.,llama3,llama3:8b,"Eres un editor de textos en español especializado en simplificación de textos formales.

Tu tarea es mejorar una simplificación ya generada. No debes rehacerla desde cero.

Texto original:
Hable con ellos, déles la cara, y hágales saber que está haciendo todo lo que puede para pagarles.

Simplificación actual:
Comuníquese con ellos, déles la cara y hágales saber que está haciendo todo lo posible para pagarles.

Instrucciones obligatorias:
1. Responde únicamente en español.
2. Devuelve solo el texto refinado.
3. No escribas notas, explicaciones, comentarios ni justificaciones.
4. No uses frases como ""Note:"", ""Nota:"", ""He cambiado"", ""No hice cambios"", ""Ningún cambio significativo"" o similares.
5. Conserva el significado del texto original.
6. No inventes información.
7. No elimines datos importantes.
8. Si la simplificación actual ya es clara y fiel, devuelve una versión limpia muy parecida, sin explicar nada.
9. Si la simplificación actual es casi igual al texto original, reescríbela con palabras más simples.
10. Sustituye palabras formales o técnicas por palabras más comunes cuando sea posible.
11. Usa oraciones cortas.
12. Usa viñetas solo si el texto contiene listas, pasos, causas, consecuencias o varias ideas separadas.
13. Conserva números, fechas, nombres propios y cantidades.
14. No agregues información que no esté en el texto original.

Texto refinado:",ok,,2.7190821170806885
28,64,lora_llama3,lora_llama3_self_refine_llama3,Pero ¿en qué se compite?,Pero ¿en qué se compite?,¿En qué se compite?,¿En qué se compete?,llama3,llama3:8b,"Eres un editor de textos en español especializado en simplificación de textos formales.

Tu tarea es mejorar una simplificación ya generada. No debes rehacerla desde cero.

Texto original:
Pero ¿en qué se compite?

Simplificación actual:
¿En qué se compite?

Instrucciones obligatorias:
1. Responde únicamente en español.
2. Devuelve solo el texto refinado.
3. No escribas notas, explicaciones, comentarios ni justificaciones.
4. No uses frases como ""Note:"", ""Nota:"", ""He cambiado"", ""No hice cambios"", ""Ningún cambio significativo"" o similares.
5. Conserva el significado del texto original.
6. No inventes información.
7. No elimines datos importantes.
8. Si la simplificación actual ya es clara y fiel, devuelve una versión limpia muy parecida, sin explicar nada.
9. Si la simplificación actual es casi igual al texto original, reescríbela con palabras más simples.
10. Sustituye palabras formales o técnicas por palabras más comunes cuando sea posible.
11. Usa oraciones cortas.
12. Usa viñetas solo si el texto contiene listas, pasos, causas, consecuencias o varias ideas separadas.
13. Conserva números, fechas, nombres propios y cantidades.
14. No agregues información que no esté en el texto original.

Texto refinado:",ok,,1.0975801944732666
29,65,lora_llama3,lora_llama3_self_refine_llama3,"Por otra parte, algunas personas sostienen que un impuesto de 10 por ciento impondría el mismo sacrificio a ambas familias.","Por otra parte, algunas personas sostienen que un impuesto de diez por ciento impondría el mismo sacrificio a ambas familias.",Algunas personas sostienen que un impuesto de diez por ciento impondría el mismo sacrificio a ambas familias.,Algunas personas creen que un impuesto del 10% sería igual de duro para ambas familias.,llama3,llama3:8b,"Eres un editor de textos en español especializado en simplificación de textos formales.

Tu tarea es mejorar una simplificación ya generada. No debes rehacerla desde cero.

Texto original:
Por otra parte, algunas personas sostienen que un impuesto de 10 por ciento impondría el mismo sacrificio a ambas familias.

Simplificación actual:
Algunas personas sostienen que un impuesto de diez por ciento impondría el mismo sacrificio a ambas familias.

Instrucciones obligatorias:
1. Responde únicamente en español.
2. Devuelve solo el texto refinado.
3. No escribas notas, explicaciones, comentarios ni justificaciones.
4. No uses frases como ""Note:"", ""Nota:"", ""He cambiado"", ""No hice cambios"", ""Ningún cambio significativo"" o similares.
5. Conserva el significado del texto original.
6. No inventes información.
7. No elimines datos importantes.
8. Si la simplificación actual ya es clara y fiel, devuelve una versión limpia muy parecida, sin explicar nada.
9. Si la simplificación actual es casi igual al texto original, reescríbela con palabras más simples.
10. Sustituye palabras formales o técnicas por palabras más comunes cuando sea posible.
11. Usa oraciones cortas.
12. Usa viñetas solo si el texto contiene listas, pasos, causas, consecuencias o varias ideas separadas.
13. Conserva números, fechas, nombres propios y cantidades.
14. No agregues información que no esté en el texto original.

Texto refinado:",ok,,2.8673348426818848
30,66,lora_llama3,lora_llama3_self_refine_llama3,"Al principio, como ya vimos en el trueque, adoptó la forma de mercancía, pero con el tiempo se transformó en dinero-papel, cuentas corrientes y otras formas.","Al principio, tuvo la forma de mercancía, pero luego se transformó en dinero-papel, cuentas corrientes y otras formas.","Al principio, como vimos en el trueque, adoptó la forma de mercancía. Pero con el tiempo se transformó en dinero-papel, cuentas corrientes y otras formas.","Al principio, adoptó la forma de mercancía. Luego se convirtió en dinero-papel, cuentas corrientes y otras formas.",llama3,llama3:8b,"Eres un editor de textos en español especializado en simplificación de textos formales.

Tu tarea es mejorar una simplificación ya generada. No debes rehacerla desde cero.

Texto original:
Al principio, como ya vimos en el trueque, adoptó la forma de mercancía, pero con el tiempo se transformó en dinero-papel, cuentas corrientes y otras formas.

Simplificación actual:
Al principio, como vimos en el trueque, adoptó la forma de mercancía. Pero con el tiempo se transformó en dinero-papel, cuentas corrientes y otras formas.

Instrucciones obligatorias:
1. Responde únicamente en español.
2. Devuelve solo el texto refinado.
3. No escribas notas, explicaciones, comentarios ni justificaciones.
4. No uses frases como ""Note:"", ""Nota:"", ""He cambiado"", ""No hice cambios"", ""Ningún cambio significativo"" o similares.
5. Conserva el significado del texto original.
6. No inventes información.
7. No elimines datos importantes.
8. Si la simplificación actual ya es clara y fiel, devuelve una versión limpia muy parecida, sin explicar nada.
9. Si la simplificación actual es casi igual al texto original, reescríbela con palabras más simples.
10. Sustituye palabras formales o técnicas por palabras más comunes cuando sea posible.
11. Usa oraciones cortas.
12. Usa viñetas solo si el texto contiene listas, pasos, causas, consecuencias o varias ideas separadas.
13. Conserva números, fechas, nombres propios y cantidades.
14. No agregues información que no esté en el texto original.

Texto refinado:",ok,,3.546504020690918
31,67,lora_llama3,lora_llama3_self_refine_llama3,"¿Son estos sólo sueños, o son metas reales?",¿Estos son sólo sueños o son metas reales?,¿Son estos sueños o metas reales?,¿Son estos sueños reales?,llama3,llama3:8b,"Eres un editor de textos en español especializado en simplificación de textos formales.

Tu tarea es mejorar una simplificación ya generada. No debes rehacerla desde cero.

Texto original:
¿Son estos sólo sueños, o son metas reales?

Simplificación actual:
¿Son estos sueños o metas reales?

Instrucciones obligatorias:
1. Responde únicamente en español.
2. Devuelve solo el texto refinado.
3. No escribas notas, explicaciones, comentarios ni justificaciones.
4. No uses frases como ""Note:"", ""Nota:"", ""He cambiado"", ""No hice cambios"", ""Ningún cambio significativo"" o similares.
5. Conserva el significado del texto original.
6. No inventes información.
7. No elimines datos importantes.
8. Si la simplificación actual ya es clara y fiel, devuelve una versión limpia muy parecida, sin explicar nada.
9. Si la simplificación actual es casi igual al texto original, reescríbela con palabras más simples.
10. Sustituye palabras formales o técnicas por palabras más comunes cuando sea posible.
11. Usa oraciones cortas.
12. Usa viñetas solo si el texto contiene listas, pasos, causas, consecuencias o varias ideas separadas.
13. Conserva números, fechas, nombres propios y cantidades.
14. No agregues información que no esté en el texto original.

Texto refinado:",ok,,1.4883737564086914
32,68,lora_llama3,lora_llama3_self_refine_llama3,"En los pueblos donde el principio de la elección se extiende a todo, no hay propiamente hablando carrera pública.",En los pueblos donde el principio de la elección se extiende a todo no existe la carrera pública.,"En los pueblos donde el principio de la elección se extiende a todo, no hay propiamente hablando carrera pública.","En los pueblos donde todos pueden elegir, no hay una carrera pública como tal.",llama3,llama3:8b,"Eres un editor de textos en español especializado en simplificación de textos formales.

Tu tarea es mejorar una simplificación ya generada. No debes rehacerla desde cero.

Texto original:
En los pueblos donde el principio de la elección se extiende a todo, no hay propiamente hablando carrera pública.

Simplificación actual:
En los pueblos donde el principio de la elección se extiende a todo, no hay propiamente hablando carrera pública.

Instrucciones obligatorias:
1. Responde únicamente en español.
2. Devuelve solo el texto refinado.
3. No escribas notas, explicaciones, comentarios ni justificaciones.
4. No uses frases como ""Note:"", ""Nota:"", ""He cambiado"", ""No hice cambios"", ""Ningún cambio significativo"" o similares.
5. Conserva el significado del texto original.
6. No inventes información.
7. No elimines datos importantes.
8. Si la simplificación actual ya es clara y fiel, devuelve una versión limpia muy parecida, sin explicar nada.
9. Si la simplificación actual es casi igual al texto original, reescríbela con palabras más simples.
10. Sustituye palabras formales o técnicas por palabras más comunes cuando sea posible.
11. Usa oraciones cortas.
12. Usa viñetas solo si el texto contiene listas, pasos, causas, consecuencias o varias ideas separadas.
13. Conserva números, fechas, nombres propios y cantidades.
14. No agregues información que no esté en el texto original.

Texto refinado:",ok,,2.7667007446289062
33,69,lora_llama3,lora_llama3_self_refine_llama3,"Sin entusiasmo, dijo alguien famoso, nunca se ha podido realizar nada grande.",Sin entusiasmo no se logró nada grande.,"Sin entusiasmo, nunca se ha podido realizar nada grande.","Sin entusiasmo, nunca se logra hacer algo grande.",llama3,llama3:8b,"Eres un editor de textos en español especializado en simplificación de textos formales.

Tu tarea es mejorar una simplificación ya generada. No debes rehacerla desde cero.

Texto original:
Sin entusiasmo, dijo alguien famoso, nunca se ha podido realizar nada grande.

Simplificación actual:
Sin entusiasmo, nunca se ha podido realizar nada grande.

Instrucciones obligatorias:
1. Responde únicamente en español.
2. Devuelve solo el texto refinado.
3. No escribas notas, explicaciones, comentarios ni justificaciones.
4. No uses frases como ""Note:"", ""Nota:"", ""He cambiado"", ""No hice cambios"", ""Ningún cambio significativo"" o similares.
5. Conserva el significado del texto original.
6. No inventes información.
7. No elimines datos importantes.
8. Si la simplificación actual ya es clara y fiel, devuelve una versión limpia muy parecida, sin explicar nada.
9. Si la simplificación actual es casi igual al texto original, reescríbela con palabras más simples.
10. Sustituye palabras formales o técnicas por palabras más comunes cuando sea posible.
11. Usa oraciones cortas.
12. Usa viñetas solo si el texto contiene listas, pasos, causas, consecuencias o varias ideas separadas.
13. Conserva números, fechas, nombres propios y cantidades.
14. No agregues información que no esté en el texto original.

Texto refinado:",ok,,2.2781848907470703
34,70,lora_llama3,lora_llama3_self_refine_llama3,"Por tanto, este método calcula interés sobre interés.","Por eso, este método calcula interés sobre interés.","Por eso, este método calcula interés sobre interés.",Este método calcula interés sobre intereses.,llama3,llama3:8b,"Eres un editor de textos en español especializado en simplificación de textos formales.

Tu tarea es mejorar una simplificación ya generada. No debes rehacerla desde cero.

Texto original:
Por tanto, este método calcula interés sobre interés.

Simplificación actual:
Por eso, este método calcula interés sobre interés.

Instrucciones obligatorias:
1. Responde únicamente en español.
2. Devuelve solo el texto refinado.
3. No escribas notas, explicaciones, comentarios ni justificaciones.
4. No uses frases como ""Note:"", ""Nota:"", ""He cambiado"", ""No hice cambios"", ""Ningún cambio significativo"" o similares.
5. Conserva el significado del texto original.
6. No inventes información.
7. No elimines datos importantes.
8. Si la simplificación actual ya es clara y fiel, devuelve una versión limpia muy parecida, sin explicar nada.
9. Si la simplificación actual es casi igual al texto original, reescríbela con palabras más simples.
10. Sustituye palabras formales o técnicas por palabras más comunes cuando sea posible.
11. Usa oraciones cortas.
12. Usa viñetas solo si el texto contiene listas, pasos, causas, consecuencias o varias ideas separadas.
13. Conserva números, fechas, nombres propios y cantidades.
14. No agregues información que no esté en el texto original.

Texto refinado:",ok,,1.8740770816802979
35,71,lora_llama3,lora_llama3_self_refine_llama3,"El resultado es aproximado a $300,000 en seis años.",El resultado es aproximadamente trescientos mil dólares en seis años.,El resultado es aproximadamente trescientos mil dólares en seis años.,El resultado es aproximadamente trescientos mil dólares en seis años.,llama3,llama3:8b,"Eres un editor de textos en español especializado en simplificación de textos formales.

Tu tarea es mejorar una simplificación ya generada. No debes rehacerla desde cero.

Texto original:
El resultado es aproximado a $300,000 en seis años.

Simplificación actual:
El resultado es aproximadamente trescientos mil dólares en seis años.

Instrucciones obligatorias:
1. Responde únicamente en español.
2. Devuelve solo el texto refinado.
3. No escribas notas, explicaciones, comentarios ni justificaciones.
4. No uses frases como ""Note:"", ""Nota:"", ""He cambiado"", ""No hice cambios"", ""Ningún cambio significativo"" o similares.
5. Conserva el significado del texto original.
6. No inventes información.
7. No elimines datos importantes.
8. Si la simplificación actual ya es clara y fiel, devuelve una versión limpia muy parecida, sin explicar nada.
9. Si la simplificación actual es casi igual al texto original, reescríbela con palabras más simples.
10. Sustituye palabras formales o técnicas por palabras más comunes cuando sea posible.
11. Usa oraciones cortas.
12. Usa viñetas solo si el texto contiene listas, pasos, causas, consecuencias o varias ideas separadas.
13. Conserva números, fechas, nombres propios y cantidades.
14. No agregues información que no esté en el texto original.

Texto refinado:",ok,,2.324979782104492
36,72,lora_llama3,lora_llama3_self_refine_llama3,Documente todos sus gastos e ingresos o compárelos con lo que usted planificó que iba a gastar en el mes.,Documente todos sus gastos e ingresos y compárelos con lo que usted planificó que iba a gastar en el mes.,Documente todos sus gastos e ingresos.,Documente todos sus gastos e ingresos para compararlos con lo planeado.,llama3,llama3:8b,"Eres un editor de textos en español especializado en simplificación de textos formales.

Tu tarea es mejorar una simplificación ya generada. No debes rehacerla desde cero.

Texto original:
Documente todos sus gastos e ingresos o compárelos con lo que usted planificó que iba a gastar en el mes.

Simplificación actual:
Documente todos sus gastos e ingresos.

Instrucciones obligatorias:
1. Responde únicamente en español.
2. Devuelve solo el texto refinado.
3. No escribas notas, explicaciones, comentarios ni justificaciones.
4. No uses frases como ""Note:"", ""Nota:"", ""He cambiado"", ""No hice cambios"", ""Ningún cambio significativo"" o similares.
5. Conserva el significado del texto original.
6. No inventes información.
7. No elimines datos importantes.
8. Si la simplificación actual ya es clara y fiel, devuelve una versión limpia muy parecida, sin explicar nada.
9. Si la simplificación actual es casi igual al texto original, reescríbela con palabras más simples.
10. Sustituye palabras formales o técnicas por palabras más comunes cuando sea posible.
11. Usa oraciones cortas.
12. Usa viñetas solo si el texto contiene listas, pasos, causas, consecuencias o varias ideas separadas.
13. Conserva números, fechas, nombres propios y cantidades.
14. No agregues información que no esté en el texto original.

Texto refinado:",ok,,2.49253511428833
1,1,lora_mistral,lora_mistral_self_refine_llama3,"No tiene incentivos ni motivación, dos elementos esenciales en ambientes de competencia.",No tiene sentido ni motivación. Estos elementos son esenciales para la competencia.,"No tiene incentivos ni motivación, dos elementos esenciales en ambientes de competencia.","No tiene motivación ni incentivos, dos cosas clave para competir.",llama3,llama3:8b,"Eres un editor de textos en español especializado en simplificación de textos formales.

Tu tarea es mejorar una simplificación ya generada. No debes rehacerla desde cero.

Texto original:
No tiene incentivos ni motivación, dos elementos esenciales en ambientes de competencia.

Simplificación actual:
No tiene incentivos ni motivación, dos elementos esenciales en ambientes de competencia.

Instrucciones obligatorias:
1. Responde únicamente en español.
2. Devuelve solo el texto refinado.
3. No escribas notas, explicaciones, comentarios ni justificaciones.
4. No uses frases como ""Note:"", ""Nota:"", ""He cambiado"", ""No hice cambios"", ""Ningún cambio significativo"" o similares.
5. Conserva el significado del texto original.
6. No inventes información.
7. No elimines datos importantes.
8. Si la simplificación actual ya es clara y fiel, devuelve una versión limpia muy parecida, sin explicar nada.
9. Si la simplificación actual es casi igual al texto original, reescríbela con palabras más simples.
10. Sustituye palabras formales o técnicas por palabras más comunes cuando sea posible.
11. Usa oraciones cortas.
12. Usa viñetas solo si el texto contiene listas, pasos, causas, consecuencias o varias ideas separadas.
13. Conserva números, fechas, nombres propios y cantidades.
14. No agregues información que no esté en el texto original.

Texto refinado:",ok,,2.257396936416626
2,2,lora_mistral,lora_mistral_self_refine_llama3,"En los procesos de importaciones y exportaciones intervienen, además de clientes y proveedores, instituciones del Estado y los bancos, tal como se indica en el siguiente recuadro:",Clientes y proveedores intervienen en las importancias y exportaciones. También lo hacen las instituciones estatales y los banco como se indica a continuación:,"En los procesos de importaciones y exportaciones intervienen clientes y proveedores, instituciones del Estado y los bancos.","En los procesos de importaciones y exportaciones intervienen clientes y proveedores, así como instituciones del Estado y bancos.",llama3,llama3:8b,"Eres un editor de textos en español especializado en simplificación de textos formales.

Tu tarea es mejorar una simplificación ya generada. No debes rehacerla desde cero.

Texto original:
En los procesos de importaciones y exportaciones intervienen, además de clientes y proveedores, instituciones del Estado y los bancos, tal como se indica en el siguiente recuadro:

Simplificación actual:
En los procesos de importaciones y exportaciones intervienen clientes y proveedores, instituciones del Estado y los bancos.

Instrucciones obligatorias:
1. Responde únicamente en español.
2. Devuelve solo el texto refinado.
3. No escribas notas, explicaciones, comentarios ni justificaciones.
4. No uses frases como ""Note:"", ""Nota:"", ""He cambiado"", ""No hice cambios"", ""Ningún cambio significativo"" o similares.
5. Conserva el significado del texto original.
6. No inventes información.
7. No elimines datos importantes.
8. Si la simplificación actual ya es clara y fiel, devuelve una versión limpia muy parecida, sin explicar nada.
9. Si la simplificación actual es casi igual al texto original, reescríbela con palabras más simples.
10. Sustituye palabras formales o técnicas por palabras más comunes cuando sea posible.
11. Usa oraciones cortas.
12. Usa viñetas solo si el texto contiene listas, pasos, causas, consecuencias o varias ideas separadas.
13. Conserva números, fechas, nombres propios y cantidades.
14. No agregues información que no esté en el texto original.

Texto refinado:",ok,,3.280665397644043
3,3,lora_mistral,lora_mistral_self_refine_llama3,"El robo de identidad ocurre cuando su información personal, tal como su nombre, número de cuenta, o número de cédula de identidad se usan sin su conocimiento para cometer un fraude o robo.","El robo de identidad ocurre cuando su información personal como su nombre, número de cuenta, o número de cédula de identidad se usan sin su conocimiento para cometer un fraude o robo.",El robo de identidad ocurre cuando su información personal se usa sin su conocimiento para cometer un fraude o robo.,El robo de identidad ocurre cuando se usa su información personal sin su conocimiento para cometer un fraude o robo.,llama3,llama3:8b,"Eres un editor de textos en español especializado en simplificación de textos formales.

Tu tarea es mejorar una simplificación ya generada. No debes rehacerla desde cero.

Texto original:
El robo de identidad ocurre cuando su información personal, tal como su nombre, número de cuenta, o número de cédula de identidad se usan sin su conocimiento para cometer un fraude o robo.

Simplificación actual:
El robo de identidad ocurre cuando su información personal se usa sin su conocimiento para cometer un fraude o robo.

Instrucciones obligatorias:
1. Responde únicamente en español.
2. Devuelve solo el texto refinado.
3. No escribas notas, explicaciones, comentarios ni justificaciones.
4. No uses frases como ""Note:"", ""Nota:"", ""He cambiado"", ""No hice cambios"", ""Ningún cambio significativo"" o similares.
5. Conserva el significado del texto original.
6. No inventes información.
7. No elimines datos importantes.
8. Si la simplificación actual ya es clara y fiel, devuelve una versión limpia muy parecida, sin explicar nada.
9. Si la simplificación actual es casi igual al texto original, reescríbela con palabras más simples.
10. Sustituye palabras formales o técnicas por palabras más comunes cuando sea posible.
11. Usa oraciones cortas.
12. Usa viñetas solo si el texto contiene listas, pasos, causas, consecuencias o varias ideas separadas.
13. Conserva números, fechas, nombres propios y cantidades.
14. No agregues información que no esté en el texto original.

Texto refinado:",ok,,3.2061545848846436
4,4,lora_mistral,lora_mistral_self_refine_llama3,"Los sueños de los niños tienen una gran variedad que va desde Tarzán hasta el Agente 007, pasando por Superman.",Los sueños de los niños son variados y van desde Tarzán hasta el Agente 007 y Superman.,"Los sueños de los niños tienen una gran variedad. Algunos son Tarzán, el Agente 007 o Superman.","Los sueños de los niños tienen una gran variedad. Algunos son Tarzán, Superman o el Agente 007.",llama3,llama3:8b,"Eres un editor de textos en español especializado en simplificación de textos formales.

Tu tarea es mejorar una simplificación ya generada. No debes rehacerla desde cero.

Texto original:
Los sueños de los niños tienen una gran variedad que va desde Tarzán hasta el Agente 007, pasando por Superman.

Simplificación actual:
Los sueños de los niños tienen una gran variedad. Algunos son Tarzán, el Agente 007 o Superman.

Instrucciones obligatorias:
1. Responde únicamente en español.
2. Devuelve solo el texto refinado.
3. No escribas notas, explicaciones, comentarios ni justificaciones.
4. No uses frases como ""Note:"", ""Nota:"", ""He cambiado"", ""No hice cambios"", ""Ningún cambio significativo"" o similares.
5. Conserva el significado del texto original.
6. No inventes información.
7. No elimines datos importantes.
8. Si la simplificación actual ya es clara y fiel, devuelve una versión limpia muy parecida, sin explicar nada.
9. Si la simplificación actual es casi igual al texto original, reescríbela con palabras más simples.
10. Sustituye palabras formales o técnicas por palabras más comunes cuando sea posible.
11. Usa oraciones cortas.
12. Usa viñetas solo si el texto contiene listas, pasos, causas, consecuencias o varias ideas separadas.
13. Conserva números, fechas, nombres propios y cantidades.
14. No agregues información que no esté en el texto original.

Texto refinado:",ok,,3.087026834487915
5,5,lora_mistral,lora_mistral_self_refine_llama3,Expresiones como soborno y cohecho se refieren a ilícitos vinculados a la compra de la voluntad de un individuo para provecho personal.,Expresiones como soborno y cohecho se refieren a delitos vinculados a comprar la voluntad de alguien para provecho personal.,Expresiones como soborno y cohecho son ilícitos vinculados a la compra de la voluntad de un individuo para provecho personal.,Expresiones como soborno y cohecho son ilícitos que involucran comprar la voluntad de alguien para beneficio personal.,llama3,llama3:8b,"Eres un editor de textos en español especializado en simplificación de textos formales.

Tu tarea es mejorar una simplificación ya generada. No debes rehacerla desde cero.

Texto original:
Expresiones como soborno y cohecho se refieren a ilícitos vinculados a la compra de la voluntad de un individuo para provecho personal.

Simplificación actual:
Expresiones como soborno y cohecho son ilícitos vinculados a la compra de la voluntad de un individuo para provecho personal.

Instrucciones obligatorias:
1. Responde únicamente en español.
2. Devuelve solo el texto refinado.
3. No escribas notas, explicaciones, comentarios ni justificaciones.
4. No uses frases como ""Note:"", ""Nota:"", ""He cambiado"", ""No hice cambios"", ""Ningún cambio significativo"" o similares.
5. Conserva el significado del texto original.
6. No inventes información.
7. No elimines datos importantes.
8. Si la simplificación actual ya es clara y fiel, devuelve una versión limpia muy parecida, sin explicar nada.
9. Si la simplificación actual es casi igual al texto original, reescríbela con palabras más simples.
10. Sustituye palabras formales o técnicas por palabras más comunes cuando sea posible.
11. Usa oraciones cortas.
12. Usa viñetas solo si el texto contiene listas, pasos, causas, consecuencias o varias ideas separadas.
13. Conserva números, fechas, nombres propios y cantidades.
14. No agregues información que no esté en el texto original.

Texto refinado:",ok,,3.51326847076416
6,6,lora_mistral,lora_mistral_self_refine_llama3,"DIRECCIÓN DE PRESUPUESTO (DIPRES): ""formula y lleva el control presupuestario de la nación.""",DIRECCIÓN DE PRESUPUESTO: formula y lleva el control presupuestario de la nación.,La Dirección de Presupuesto formula y lleva el control presupuestario de la nación.,La Dirección de Presupuesto formula y controla el presupuesto nacional.,llama3,llama3:8b,"Eres un editor de textos en español especializado en simplificación de textos formales.

Tu tarea es mejorar una simplificación ya generada. No debes rehacerla desde cero.

Texto original:
DIRECCIÓN DE PRESUPUESTO (DIPRES): ""formula y lleva el control presupuestario de la nación.""

Simplificación actual:
La Dirección de Presupuesto formula y lleva el control presupuestario de la nación.

Instrucciones obligatorias:
1. Responde únicamente en español.
2. Devuelve solo el texto refinado.
3. No escribas notas, explicaciones, comentarios ni justificaciones.
4. No uses frases como ""Note:"", ""Nota:"", ""He cambiado"", ""No hice cambios"", ""Ningún cambio significativo"" o similares.
5. Conserva el significado del texto original.
6. No inventes información.
7. No elimines datos importantes.
8. Si la simplificación actual ya es clara y fiel, devuelve una versión limpia muy parecida, sin explicar nada.
9. Si la simplificación actual es casi igual al texto original, reescríbela con palabras más simples.
10. Sustituye palabras formales o técnicas por palabras más comunes cuando sea posible.
11. Usa oraciones cortas.
12. Usa viñetas solo si el texto contiene listas, pasos, causas, consecuencias o varias ideas separadas.
13. Conserva números, fechas, nombres propios y cantidades.
14. No agregues información que no esté en el texto original.

Texto refinado:",ok,,2.3018877506256104
7,7,lora_mistral,lora_mistral_self_refine_llama3,"Interés compuesto: Es la suma del capital y el interés acumulado, que se va multiplicando según los plazos convenidos. La tasa de interés es el porcentaje que se aplica a un préstamo o inversión realizada.",El interés compuesto es la suma del capital y el interés acumulado. La tasa de interés es el porcentaje aplicado a un préstamo o inversión realizada.,El interés compuesto es la suma del capital y el interés acumulado. Se multiplica según los plazos convenidos. La tasa de interés es el porcentaje que se aplica a un préstamo o inversión realizada.,El interés compuesto es la suma del capital y el interés acumulado. Se multiplica según los plazos convenidos. La tasa de interés es el porcentaje que se aplica a un préstamo o inversión.,llama3,llama3:8b,"Eres un editor de textos en español especializado en simplificación de textos formales.

Tu tarea es mejorar una simplificación ya generada. No debes rehacerla desde cero.

Texto original:
Interés compuesto: Es la suma del capital y el interés acumulado, que se va multiplicando según los plazos convenidos. La tasa de interés es el porcentaje que se aplica a un préstamo o inversión realizada.

Simplificación actual:
El interés compuesto es la suma del capital y el interés acumulado. Se multiplica según los plazos convenidos. La tasa de interés es el porcentaje que se aplica a un préstamo o inversión realizada.

Instrucciones obligatorias:
1. Responde únicamente en español.
2. Devuelve solo el texto refinado.
3. No escribas notas, explicaciones, comentarios ni justificaciones.
4. No uses frases como ""Note:"", ""Nota:"", ""He cambiado"", ""No hice cambios"", ""Ningún cambio significativo"" o similares.
5. Conserva el significado del texto original.
6. No inventes información.
7. No elimines datos importantes.
8. Si la simplificación actual ya es clara y fiel, devuelve una versión limpia muy parecida, sin explicar nada.
9. Si la simplificación actual es casi igual al texto original, reescríbela con palabras más simples.
10. Sustituye palabras formales o técnicas por palabras más comunes cuando sea posible.
11. Usa oraciones cortas.
12. Usa viñetas solo si el texto contiene listas, pasos, causas, consecuencias o varias ideas separadas.
13. Conserva números, fechas, nombres propios y cantidades.
14. No agregues información que no esté en el texto original.

Texto refinado:",ok,,5.597147464752197
8,8,lora_mistral,lora_mistral_self_refine_llama3,La producción en un país se realiza mediante lo que se conoce como factores de producción y de los cuales nos ocuparemos en detalle más adelante.,A través de los factores de producción se realiza la producción en un país. Más adelante nos ocuparemos en detalle de estos factores.,La producción en un país se realiza mediante los factores de producción.,La producción en un país se hace con los factores de producción.,llama3,llama3:8b,"Eres un editor de textos en español especializado en simplificación de textos formales.

Tu tarea es mejorar una simplificación ya generada. No debes rehacerla desde cero.

Texto original:
La producción en un país se realiza mediante lo que se conoce como factores de producción y de los cuales nos ocuparemos en detalle más adelante.

Simplificación actual:
La producción en un país se realiza mediante los factores de producción.

Instrucciones obligatorias:
1. Responde únicamente en español.
2. Devuelve solo el texto refinado.
3. No escribas notas, explicaciones, comentarios ni justificaciones.
4. No uses frases como ""Note:"", ""Nota:"", ""He cambiado"", ""No hice cambios"", ""Ningún cambio significativo"" o similares.
5. Conserva el significado del texto original.
6. No inventes información.
7. No elimines datos importantes.
8. Si la simplificación actual ya es clara y fiel, devuelve una versión limpia muy parecida, sin explicar nada.
9. Si la simplificación actual es casi igual al texto original, reescríbela con palabras más simples.
10. Sustituye palabras formales o técnicas por palabras más comunes cuando sea posible.
11. Usa oraciones cortas.
12. Usa viñetas solo si el texto contiene listas, pasos, causas, consecuencias o varias ideas separadas.
13. Conserva números, fechas, nombres propios y cantidades.
14. No agregues información que no esté en el texto original.

Texto refinado:",ok,,2.0759732723236084
9,9,lora_mistral,lora_mistral_self_refine_llama3,"A pesar de que algunos critican al intermediario, se necesita a este individuo en la economía.","Aunque algunas personas critican al intermediario, este individuo es necesario en la economía.","A pesar de que algunos critican al intermediario, se necesita a este individuo en la economía.","A pesar de las críticas, el intermediario es necesario en la economía.",llama3,llama3:8b,"Eres un editor de textos en español especializado en simplificación de textos formales.

Tu tarea es mejorar una simplificación ya generada. No debes rehacerla desde cero.

Texto original:
A pesar de que algunos critican al intermediario, se necesita a este individuo en la economía.

Simplificación actual:
A pesar de que algunos critican al intermediario, se necesita a este individuo en la economía.

Instrucciones obligatorias:
1. Responde únicamente en español.
2. Devuelve solo el texto refinado.
3. No escribas notas, explicaciones, comentarios ni justificaciones.
4. No uses frases como ""Note:"", ""Nota:"", ""He cambiado"", ""No hice cambios"", ""Ningún cambio significativo"" o similares.
5. Conserva el significado del texto original.
6. No inventes información.
7. No elimines datos importantes.
8. Si la simplificación actual ya es clara y fiel, devuelve una versión limpia muy parecida, sin explicar nada.
9. Si la simplificación actual es casi igual al texto original, reescríbela con palabras más simples.
10. Sustituye palabras formales o técnicas por palabras más comunes cuando sea posible.
11. Usa oraciones cortas.
12. Usa viñetas solo si el texto contiene listas, pasos, causas, consecuencias o varias ideas separadas.
13. Conserva números, fechas, nombres propios y cantidades.
14. No agregues información que no esté en el texto original.

Texto refinado:",ok,,2.6234982013702393
10,10,lora_mistral,lora_mistral_self_refine_llama3,El impuesto a los réditos es también un buen instrumento para conocer el monto de las rentas y de la riqueza nacional.,El impuesto a las utilidades también es un buen método para conocer el monto de las rentas y de la riqueza nacional.,El impuesto a los réditos es un buen instrumento para conocer el monto de las rentas y de la riqueza nacional.,El impuesto a los réditos es un buen instrumento para conocer la cantidad de rentas y riqueza nacional.,llama3,llama3:8b,"Eres un editor de textos en español especializado en simplificación de textos formales.

Tu tarea es mejorar una simplificación ya generada. No debes rehacerla desde cero.

Texto original:
El impuesto a los réditos es también un buen instrumento para conocer el monto de las rentas y de la riqueza nacional.

Simplificación actual:
El impuesto a los réditos es un buen instrumento para conocer el monto de las rentas y de la riqueza nacional.

Instrucciones obligatorias:
1. Responde únicamente en español.
2. Devuelve solo el texto refinado.
3. No escribas notas, explicaciones, comentarios ni justificaciones.
4. No uses frases como ""Note:"", ""Nota:"", ""He cambiado"", ""No hice cambios"", ""Ningún cambio significativo"" o similares.
5. Conserva el significado del texto original.
6. No inventes información.
7. No elimines datos importantes.
8. Si la simplificación actual ya es clara y fiel, devuelve una versión limpia muy parecida, sin explicar nada.
9. Si la simplificación actual es casi igual al texto original, reescríbela con palabras más simples.
10. Sustituye palabras formales o técnicas por palabras más comunes cuando sea posible.
11. Usa oraciones cortas.
12. Usa viñetas solo si el texto contiene listas, pasos, causas, consecuencias o varias ideas separadas.
13. Conserva números, fechas, nombres propios y cantidades.
14. No agregues información que no esté en el texto original.

Texto refinado:",ok,,3.219681739807129
11,11,lora_mistral,lora_mistral_self_refine_llama3,"También es de mucha ayuda separar las metas en tres períodos de tiempo para los propósitos de planeamiento, y aun cuando esto ya se trató en el capítulo anterior, se reitera tan importante aspecto, centrados en el tema del presente y con la intención de reforzar el manejo del mismo:","También ayuda separar las metas en tres períodos de tiempo para cumplir con los propósitos planteados. Aunque este aspecto ya se trató en el capítulo anterior, reiteramos su importancia:","También es de mucha ayuda separar las metas en tres períodos de tiempo para los propósitos de planeamiento. Aunque ya se trató en el capítulo anterior, se reitera tan importante aspecto centrados en el tema del presente y con la intención de reforzar el manejo del mismo:","También es útil separar las metas en tres períodos de tiempo para planificar. Aunque se ha hablado sobre esto antes, es importante recordarlo para gestionar mejor el tema actual.",llama3,llama3:8b,"Eres un editor de textos en español especializado en simplificación de textos formales.

Tu tarea es mejorar una simplificación ya generada. No debes rehacerla desde cero.

Texto original:
También es de mucha ayuda separar las metas en tres períodos de tiempo para los propósitos de planeamiento, y aun cuando esto ya se trató en el capítulo anterior, se reitera tan importante aspecto, centrados en el tema del presente y con la intención de reforzar el manejo del mismo:

Simplificación actual:
También es de mucha ayuda separar las metas en tres períodos de tiempo para los propósitos de planeamiento. Aunque ya se trató en el capítulo anterior, se reitera tan importante aspecto centrados en el tema del presente y con la intención de reforzar el manejo del mismo:

Instrucciones obligatorias:
1. Responde únicamente en español.
2. Devuelve solo el texto refinado.
3. No escribas notas, explicaciones, comentarios ni justificaciones.
4. No uses frases como ""Note:"", ""Nota:"", ""He cambiado"", ""No hice cambios"", ""Ningún cambio significativo"" o similares.
5. Conserva el significado del texto original.
6. No inventes información.
7. No elimines datos importantes.
8. Si la simplificación actual ya es clara y fiel, devuelve una versión limpia muy parecida, sin explicar nada.
9. Si la simplificación actual es casi igual al texto original, reescríbela con palabras más simples.
10. Sustituye palabras formales o técnicas por palabras más comunes cuando sea posible.
11. Usa oraciones cortas.
12. Usa viñetas solo si el texto contiene listas, pasos, causas, consecuencias o varias ideas separadas.
13. Conserva números, fechas, nombres propios y cantidades.
14. No agregues información que no esté en el texto original.

Texto refinado:",ok,,4.987446546554565
12,12,lora_mistral,lora_mistral_self_refine_llama3,Seguridad financiera: Consiste en cumplir con las necesidades que se presentan en el futuro de las personas y al mismo tiempo cumplir con las obligaciones diarias.,"Seguridad financiera, consiste en cumplir con las necesidades económicas que se presentan en el futuro de las personas y también cumplir con las obligaciones financieras diarias.",La seguridad financiera consiste en cumplir con las necesidades que se presentan en el futuro de las personas y al mismo tiempo cumplir con las obligaciones diarias.,La seguridad financiera consiste en cubrir las necesidades futuras de las personas y pagar las cuentas diarias.,llama3,llama3:8b,"Eres un editor de textos en español especializado en simplificación de textos formales.

Tu tarea es mejorar una simplificación ya generada. No debes rehacerla desde cero.

Texto original:
Seguridad financiera: Consiste en cumplir con las necesidades que se presentan en el futuro de las personas y al mismo tiempo cumplir con las obligaciones diarias.

Simplificación actual:
La seguridad financiera consiste en cumplir con las necesidades que se presentan en el futuro de las personas y al mismo tiempo cumplir con las obligaciones diarias.

Instrucciones obligatorias:
1. Responde únicamente en español.
2. Devuelve solo el texto refinado.
3. No escribas notas, explicaciones, comentarios ni justificaciones.
4. No uses frases como ""Note:"", ""Nota:"", ""He cambiado"", ""No hice cambios"", ""Ningún cambio significativo"" o similares.
5. Conserva el significado del texto original.
6. No inventes información.
7. No elimines datos importantes.
8. Si la simplificación actual ya es clara y fiel, devuelve una versión limpia muy parecida, sin explicar nada.
9. Si la simplificación actual es casi igual al texto original, reescríbela con palabras más simples.
10. Sustituye palabras formales o técnicas por palabras más comunes cuando sea posible.
11. Usa oraciones cortas.
12. Usa viñetas solo si el texto contiene listas, pasos, causas, consecuencias o varias ideas separadas.
13. Conserva números, fechas, nombres propios y cantidades.
14. No agregues información que no esté en el texto original.

Texto refinado:",ok,,3.1204111576080322
13,13,lora_mistral,lora_mistral_self_refine_llama3,"La última, pero no menos importante razón, puede ser encontrar un fascinante campo de acción intelectual para comprender el mundo real.",La última es encontrar un campo de acción intelectual para comprender el mundo real.,La última razón es encontrar un campo de acción intelectual para comprender el mundo real.,La última razón es encontrar un campo intelectual interesante para comprender el mundo real.,llama3,llama3:8b,"Eres un editor de textos en español especializado en simplificación de textos formales.

Tu tarea es mejorar una simplificación ya generada. No debes rehacerla desde cero.

Texto original:
La última, pero no menos importante razón, puede ser encontrar un fascinante campo de acción intelectual para comprender el mundo real.

Simplificación actual:
La última razón es encontrar un campo de acción intelectual para comprender el mundo real.

Instrucciones obligatorias:
1. Responde únicamente en español.
2. Devuelve solo el texto refinado.
3. No escribas notas, explicaciones, comentarios ni justificaciones.
4. No uses frases como ""Note:"", ""Nota:"", ""He cambiado"", ""No hice cambios"", ""Ningún cambio significativo"" o similares.
5. Conserva el significado del texto original.
6. No inventes información.
7. No elimines datos importantes.
8. Si la simplificación actual ya es clara y fiel, devuelve una versión limpia muy parecida, sin explicar nada.
9. Si la simplificación actual es casi igual al texto original, reescríbela con palabras más simples.
10. Sustituye palabras formales o técnicas por palabras más comunes cuando sea posible.
11. Usa oraciones cortas.
12. Usa viñetas solo si el texto contiene listas, pasos, causas, consecuencias o varias ideas separadas.
13. Conserva números, fechas, nombres propios y cantidades.
14. No agregues información que no esté en el texto original.

Texto refinado:",ok,,2.66033673286438
14,14,lora_mistral,lora_mistral_self_refine_llama3,"Si el entusiasmo, y esto no es idealismo ramplón, se orienta hacia la salud, la belleza, el éxito, la felicidad, lo más probable es que se obtenga la salud, la belleza, el éxito y la felicidad.","Si el entusiasmo se dirige hacia la salud, la belleza, el éxito, la felicidad es probable que los consigamos.","Si el entusiasmo se orienta hacia la salud, la belleza, el éxito y la felicidad, es probable que se obtenga estos resultados.","Si el entusiasmo se orienta hacia la salud, belleza, éxito y felicidad, es probable obtener estos resultados.",llama3,llama3:8b,"Eres un editor de textos en español especializado en simplificación de textos formales.

Tu tarea es mejorar una simplificación ya generada. No debes rehacerla desde cero.

Texto original:
Si el entusiasmo, y esto no es idealismo ramplón, se orienta hacia la salud, la belleza, el éxito, la felicidad, lo más probable es que se obtenga la salud, la belleza, el éxito y la felicidad.

Simplificación actual:
Si el entusiasmo se orienta hacia la salud, la belleza, el éxito y la felicidad, es probable que se obtenga estos resultados.

Instrucciones obligatorias:
1. Responde únicamente en español.
2. Devuelve solo el texto refinado.
3. No escribas notas, explicaciones, comentarios ni justificaciones.
4. No uses frases como ""Note:"", ""Nota:"", ""He cambiado"", ""No hice cambios"", ""Ningún cambio significativo"" o similares.
5. Conserva el significado del texto original.
6. No inventes información.
7. No elimines datos importantes.
8. Si la simplificación actual ya es clara y fiel, devuelve una versión limpia muy parecida, sin explicar nada.
9. Si la simplificación actual es casi igual al texto original, reescríbela con palabras más simples.
10. Sustituye palabras formales o técnicas por palabras más comunes cuando sea posible.
11. Usa oraciones cortas.
12. Usa viñetas solo si el texto contiene listas, pasos, causas, consecuencias o varias ideas separadas.
13. Conserva números, fechas, nombres propios y cantidades.
14. No agregues información que no esté en el texto original.

Texto refinado:",ok,,3.475303888320923
15,15,lora_mistral,lora_mistral_self_refine_llama3,"En la segunda etapa de programación, se definen los objetivos y se fijan las metas o resultados esperados, que deben ser lo más específicos y precisos posibles, para tener claridad en lo que se trata de alcanzar con las inversiones por realizar; por ejemplo, los tipos de inversión y los montos que se pretenden lograr en un tiempo definido y otros que pueden describirse en términos de logro o resultados que se desean alcanzar.","En la segunda etapa de programación, se definen los objetivos y se fijan las metas específicas.","En la segunda etapa de programación se definen los objetivos y se fijan las metas o resultados esperados. Estos deben ser lo más específicos y precisos posibles para tener claridad en lo que se trata de alcanzar con las inversiones por realizar. Por ejemplo, los tipos de inversión y los montos que se pretenden lograr en un tiempo definido y otros que pueden describirse en términos de logro o resultados que se desean alcanzar.","En la segunda etapa de programación se definen los objetivos y metas claras para saber qué se quiere lograr con las inversiones. Por ejemplo, se establecen tipos de inversión y montos a alcanzar en un plazo determinado.",llama3,llama3:8b,"Eres un editor de textos en español especializado en simplificación de textos formales.

Tu tarea es mejorar una simplificación ya generada. No debes rehacerla desde cero.

Texto original:
En la segunda etapa de programación, se definen los objetivos y se fijan las metas o resultados esperados, que deben ser lo más específicos y precisos posibles, para tener claridad en lo que se trata de alcanzar con las inversiones por realizar; por ejemplo, los tipos de inversión y los montos que se pretenden lograr en un tiempo definido y otros que pueden describirse en términos de logro o resultados que se desean alcanzar.

Simplificación actual:
En la segunda etapa de programación se definen los objetivos y se fijan las metas o resultados esperados. Estos deben ser lo más específicos y precisos posibles para tener claridad en lo que se trata de alcanzar con las inversiones por realizar. Por ejemplo, los tipos de inversión y los montos que se pretenden lograr en un tiempo definido y otros que pueden describirse en términos de logro o resultados que se desean alcanzar.

Instrucciones obligatorias:
1. Responde únicamente en español.
2. Devuelve solo el texto refinado.
3. No escribas notas, explicaciones, comentarios ni justificaciones.
4. No uses frases como ""Note:"", ""Nota:"", ""He cambiado"", ""No hice cambios"", ""Ningún cambio significativo"" o similares.
5. Conserva el significado del texto original.
6. No inventes información.
7. No elimines datos importantes.
8. Si la simplificación actual ya es clara y fiel, devuelve una versión limpia muy parecida, sin explicar nada.
9. Si la simplificación actual es casi igual al texto original, reescríbela con palabras más simples.
10. Sustituye palabras formales o técnicas por palabras más comunes cuando sea posible.
11. Usa oraciones cortas.
12. Usa viñetas solo si el texto contiene listas, pasos, causas, consecuencias o varias ideas separadas.
13. Conserva números, fechas, nombres propios y cantidades.
14. No agregues información que no esté en el texto original.

Texto refinado:",ok,,6.00799560546875
16,16,lora_mistral,lora_mistral_self_refine_llama3,Estas tarjetas acarrean pocos riesgos y te ayudan a crear buenos antecedentes crediticios al mostrar tu capacidad para usar una tarjeta con responsabilidad.,Estas tarjetas traen pocos riesgos y ayudan a crear buen historial crediticio.,Estas tarjetas acarrean pocos riesgos y te ayudan a crear buenos antecedentes crediticios al mostrar tu capacidad para usar una tarjeta con responsabilidad.,Estas tarjetas acarrean pocos riesgos y te ayudan a crear buenos antecedentes crediticios al demostrar tu capacidad para usar una tarjeta responsablemente.,llama3,llama3:8b,"Eres un editor de textos en español especializado en simplificación de textos formales.

Tu tarea es mejorar una simplificación ya generada. No debes rehacerla desde cero.

Texto original:
Estas tarjetas acarrean pocos riesgos y te ayudan a crear buenos antecedentes crediticios al mostrar tu capacidad para usar una tarjeta con responsabilidad.

Simplificación actual:
Estas tarjetas acarrean pocos riesgos y te ayudan a crear buenos antecedentes crediticios al mostrar tu capacidad para usar una tarjeta con responsabilidad.

Instrucciones obligatorias:
1. Responde únicamente en español.
2. Devuelve solo el texto refinado.
3. No escribas notas, explicaciones, comentarios ni justificaciones.
4. No uses frases como ""Note:"", ""Nota:"", ""He cambiado"", ""No hice cambios"", ""Ningún cambio significativo"" o similares.
5. Conserva el significado del texto original.
6. No inventes información.
7. No elimines datos importantes.
8. Si la simplificación actual ya es clara y fiel, devuelve una versión limpia muy parecida, sin explicar nada.
9. Si la simplificación actual es casi igual al texto original, reescríbela con palabras más simples.
10. Sustituye palabras formales o técnicas por palabras más comunes cuando sea posible.
11. Usa oraciones cortas.
12. Usa viñetas solo si el texto contiene listas, pasos, causas, consecuencias o varias ideas separadas.
13. Conserva números, fechas, nombres propios y cantidades.
14. No agregues información que no esté en el texto original.

Texto refinado:",ok,,4.528373956680298
17,17,lora_mistral,lora_mistral_self_refine_llama3,"Adicionalmente, el canal móvil (celulares) es de alto potencial para utilizar pagos a través de mensajería de texto SMS permitiendo, desde cualquier lugar donde se tenga acceso al servicio inalámbrico, realizar pagos electrónicos.","Además, los celulares permiten realizar pagos electrónicos desde cualquier lugar con acceso al servicio inalámbrico.","Adicionalmente, el canal móvil es de alto potencial para utilizar pagos a través de mensajería de texto SMS. Esto permite realizar pagos electrónicos desde cualquier lugar donde se tenga acceso al servicio inalámbrico.","Además, el canal móvil es ideal para realizar pagos electrónicos a través de SMS desde cualquier lugar con conexión inalámbrica.",llama3,llama3:8b,"Eres un editor de textos en español especializado en simplificación de textos formales.

Tu tarea es mejorar una simplificación ya generada. No debes rehacerla desde cero.

Texto original:
Adicionalmente, el canal móvil (celulares) es de alto potencial para utilizar pagos a través de mensajería de texto SMS permitiendo, desde cualquier lugar donde se tenga acceso al servicio inalámbrico, realizar pagos electrónicos.

Simplificación actual:
Adicionalmente, el canal móvil es de alto potencial para utilizar pagos a través de mensajería de texto SMS. Esto permite realizar pagos electrónicos desde cualquier lugar donde se tenga acceso al servicio inalámbrico.

Instrucciones obligatorias:
1. Responde únicamente en español.
2. Devuelve solo el texto refinado.
3. No escribas notas, explicaciones, comentarios ni justificaciones.
4. No uses frases como ""Note:"", ""Nota:"", ""He cambiado"", ""No hice cambios"", ""Ningún cambio significativo"" o similares.
5. Conserva el significado del texto original.
6. No inventes información.
7. No elimines datos importantes.
8. Si la simplificación actual ya es clara y fiel, devuelve una versión limpia muy parecida, sin explicar nada.
9. Si la simplificación actual es casi igual al texto original, reescríbela con palabras más simples.
10. Sustituye palabras formales o técnicas por palabras más comunes cuando sea posible.
11. Usa oraciones cortas.
12. Usa viñetas solo si el texto contiene listas, pasos, causas, consecuencias o varias ideas separadas.
13. Conserva números, fechas, nombres propios y cantidades.
14. No agregues información que no esté en el texto original.

Texto refinado:",ok,,3.408210515975952
18,18,lora_mistral,lora_mistral_self_refine_llama3,"Existen varias modalidades de cheques, como lo mencionan los mismos Alonso, Brailovsky y Ortiz (1999).","Según Alonso, Brailovsky y Ortiz (mil novecientos noventa y nueve) hay varias modalidades de cheques.","Existen varias modalidades de cheques, como mencionan Alonso, Brailovsky y Ortiz.","Existen varias modalidades de cheques, como mencionan Alonso, Brailovsky y Ortiz.",llama3,llama3:8b,"Eres un editor de textos en español especializado en simplificación de textos formales.

Tu tarea es mejorar una simplificación ya generada. No debes rehacerla desde cero.

Texto original:
Existen varias modalidades de cheques, como lo mencionan los mismos Alonso, Brailovsky y Ortiz (1999).

Simplificación actual:
Existen varias modalidades de cheques, como mencionan Alonso, Brailovsky y Ortiz.

Instrucciones obligatorias:
1. Responde únicamente en español.
2. Devuelve solo el texto refinado.
3. No escribas notas, explicaciones, comentarios ni justificaciones.
4. No uses frases como ""Note:"", ""Nota:"", ""He cambiado"", ""No hice cambios"", ""Ningún cambio significativo"" o similares.
5. Conserva el significado del texto original.
6. No inventes información.
7. No elimines datos importantes.
8. Si la simplificación actual ya es clara y fiel, devuelve una versión limpia muy parecida, sin explicar nada.
9. Si la simplificación actual es casi igual al texto original, reescríbela con palabras más simples.
10. Sustituye palabras formales o técnicas por palabras más comunes cuando sea posible.
11. Usa oraciones cortas.
12. Usa viñetas solo si el texto contiene listas, pasos, causas, consecuencias o varias ideas separadas.
13. Conserva números, fechas, nombres propios y cantidades.
14. No agregues información que no esté en el texto original.

Texto refinado:",ok,,2.513002395629883
19,19,lora_mistral,lora_mistral_self_refine_llama3,"La mayor ventaja es la flexibilidad que le da al usuario, quien puede pagar sus saldos por completo cada mes o puede pagar en parte.",La mayor ventaja es la flexibilidad para el usuario. Quien puede pagar sus saldos completos o en parte mensualmente.,"La mayor ventaja es la flexibilidad que le da al usuario, quien puede pagar sus saldos por completo cada mes o puede pagar en parte.","La mayor ventaja es la flexibilidad, que permite al usuario pagar sus saldos completamente cada mes o en parte.",llama3,llama3:8b,"Eres un editor de textos en español especializado en simplificación de textos formales.

Tu tarea es mejorar una simplificación ya generada. No debes rehacerla desde cero.

Texto original:
La mayor ventaja es la flexibilidad que le da al usuario, quien puede pagar sus saldos por completo cada mes o puede pagar en parte.

Simplificación actual:
La mayor ventaja es la flexibilidad que le da al usuario, quien puede pagar sus saldos por completo cada mes o puede pagar en parte.

Instrucciones obligatorias:
1. Responde únicamente en español.
2. Devuelve solo el texto refinado.
3. No escribas notas, explicaciones, comentarios ni justificaciones.
4. No uses frases como ""Note:"", ""Nota:"", ""He cambiado"", ""No hice cambios"", ""Ningún cambio significativo"" o similares.
5. Conserva el significado del texto original.
6. No inventes información.
7. No elimines datos importantes.
8. Si la simplificación actual ya es clara y fiel, devuelve una versión limpia muy parecida, sin explicar nada.
9. Si la simplificación actual es casi igual al texto original, reescríbela con palabras más simples.
10. Sustituye palabras formales o técnicas por palabras más comunes cuando sea posible.
11. Usa oraciones cortas.
12. Usa viñetas solo si el texto contiene listas, pasos, causas, consecuencias o varias ideas separadas.
13. Conserva números, fechas, nombres propios y cantidades.
14. No agregues información que no esté en el texto original.

Texto refinado:",ok,,2.8084471225738525
20,20,lora_mistral,lora_mistral_self_refine_llama3,"El dinero que inviertes inicialmente se denomina ""capital"".",El capital es el dinero invertido inicialmente.,"El dinero que inviertes inicialmente se llama ""capital"".",El dinero que inviertes al principio se llama capital.,llama3,llama3:8b,"Eres un editor de textos en español especializado en simplificación de textos formales.

Tu tarea es mejorar una simplificación ya generada. No debes rehacerla desde cero.

Texto original:
El dinero que inviertes inicialmente se denomina ""capital"".

Simplificación actual:
El dinero que inviertes inicialmente se llama ""capital"".

Instrucciones obligatorias:
1. Responde únicamente en español.
2. Devuelve solo el texto refinado.
3. No escribas notas, explicaciones, comentarios ni justificaciones.
4. No uses frases como ""Note:"", ""Nota:"", ""He cambiado"", ""No hice cambios"", ""Ningún cambio significativo"" o similares.
5. Conserva el significado del texto original.
6. No inventes información.
7. No elimines datos importantes.
8. Si la simplificación actual ya es clara y fiel, devuelve una versión limpia muy parecida, sin explicar nada.
9. Si la simplificación actual es casi igual al texto original, reescríbela con palabras más simples.
10. Sustituye palabras formales o técnicas por palabras más comunes cuando sea posible.
11. Usa oraciones cortas.
12. Usa viñetas solo si el texto contiene listas, pasos, causas, consecuencias o varias ideas separadas.
13. Conserva números, fechas, nombres propios y cantidades.
14. No agregues información que no esté en el texto original.

Texto refinado:",ok,,1.6957204341888428
21,21,lora_mistral,lora_mistral_self_refine_llama3,"Existen modelos cuantitativos que permiten determinar de manera técnica el valor de la tasa de descuento como el CAPM1 y el WACC2 (Bell, 2016), los cuales no se incluyen en el presente documento; no obstante, la determinación subjetiva de la tasa de descuento exigida por el accionista puede utilizarse ante la falta de información de los mencionados modelos.","Hay modelos cuantitativos para determinar técnicamente el valor de la tasa de descuento, pero no se incluyen en este documento. Sin embargo, la determinación subjetiva de la tasa de descuento exigida por el accionista se puede utilizar ante la falta de información de esos modelos.","Existen modelos cuantitativos para determinar la tasa de descuento. Pero no se incluyen en este documento. Por eso, la tasa de descuento exigida por el accionista puede ser determinada subjetivamente.","Existen modelos para determinar la tasa de descuento. Sin embargo, estos modelos no se incluyen aquí. En su lugar, la tasa de descuento exigida por el accionista puede ser estimada subjetivamente.",llama3,llama3:8b,"Eres un editor de textos en español especializado en simplificación de textos formales.

Tu tarea es mejorar una simplificación ya generada. No debes rehacerla desde cero.

Texto original:
Existen modelos cuantitativos que permiten determinar de manera técnica el valor de la tasa de descuento como el CAPM1 y el WACC2 (Bell, 2016), los cuales no se incluyen en el presente documento; no obstante, la determinación subjetiva de la tasa de descuento exigida por el accionista puede utilizarse ante la falta de información de los mencionados modelos.

Simplificación actual:
Existen modelos cuantitativos para determinar la tasa de descuento. Pero no se incluyen en este documento. Por eso, la tasa de descuento exigida por el accionista puede ser determinada subjetivamente.

Instrucciones obligatorias:
1. Responde únicamente en español.
2. Devuelve solo el texto refinado.
3. No escribas notas, explicaciones, comentarios ni justificaciones.
4. No uses frases como ""Note:"", ""Nota:"", ""He cambiado"", ""No hice cambios"", ""Ningún cambio significativo"" o similares.
5. Conserva el significado del texto original.
6. No inventes información.
7. No elimines datos importantes.
8. Si la simplificación actual ya es clara y fiel, devuelve una versión limpia muy parecida, sin explicar nada.
9. Si la simplificación actual es casi igual al texto original, reescríbela con palabras más simples.
10. Sustituye palabras formales o técnicas por palabras más comunes cuando sea posible.
11. Usa oraciones cortas.
12. Usa viñetas solo si el texto contiene listas, pasos, causas, consecuencias o varias ideas separadas.
13. Conserva números, fechas, nombres propios y cantidades.
14. No agregues información que no esté en el texto original.

Texto refinado:",ok,,5.248729944229126
22,22,lora_mistral,lora_mistral_self_refine_llama3,"Particularmente, se observa que el escenario 3 es el único que presenta una situación que no sea rentable.",El escenario tres es el único que presenta una situación no rentable.,"Particularmente, el escenario tres es el único que presenta una situación no rentable.","Particularmente, solo el escenario tres presenta una situación no rentable.",llama3,llama3:8b,"Eres un editor de textos en español especializado en simplificación de textos formales.

Tu tarea es mejorar una simplificación ya generada. No debes rehacerla desde cero.

Texto original:
Particularmente, se observa que el escenario 3 es el único que presenta una situación que no sea rentable.

Simplificación actual:
Particularmente, el escenario tres es el único que presenta una situación no rentable.

Instrucciones obligatorias:
1. Responde únicamente en español.
2. Devuelve solo el texto refinado.
3. No escribas notas, explicaciones, comentarios ni justificaciones.
4. No uses frases como ""Note:"", ""Nota:"", ""He cambiado"", ""No hice cambios"", ""Ningún cambio significativo"" o similares.
5. Conserva el significado del texto original.
6. No inventes información.
7. No elimines datos importantes.
8. Si la simplificación actual ya es clara y fiel, devuelve una versión limpia muy parecida, sin explicar nada.
9. Si la simplificación actual es casi igual al texto original, reescríbela con palabras más simples.
10. Sustituye palabras formales o técnicas por palabras más comunes cuando sea posible.
11. Usa oraciones cortas.
12. Usa viñetas solo si el texto contiene listas, pasos, causas, consecuencias o varias ideas separadas.
13. Conserva números, fechas, nombres propios y cantidades.
14. No agregues información que no esté en el texto original.

Texto refinado:",ok,,2.1192829608917236
23,23,lora_mistral,lora_mistral_self_refine_llama3,"Obtenga el rendimiento de un bono de $10,000 que paga el 6.",Saque el rendimiento de un bono de diez mil dólares que paga el seis.,Obtenga el rendimiento de un bono de diez mil dólares que paga el seis por ciento.,Obtenga el rendimiento de un bono de diez mil dólares que paga el 6%.,llama3,llama3:8b,"Eres un editor de textos en español especializado en simplificación de textos formales.

Tu tarea es mejorar una simplificación ya generada. No debes rehacerla desde cero.

Texto original:
Obtenga el rendimiento de un bono de $10,000 que paga el 6.

Simplificación actual:
Obtenga el rendimiento de un bono de diez mil dólares que paga el seis por ciento.

Instrucciones obligatorias:
1. Responde únicamente en español.
2. Devuelve solo el texto refinado.
3. No escribas notas, explicaciones, comentarios ni justificaciones.
4. No uses frases como ""Note:"", ""Nota:"", ""He cambiado"", ""No hice cambios"", ""Ningún cambio significativo"" o similares.
5. Conserva el significado del texto original.
6. No inventes información.
7. No elimines datos importantes.
8. Si la simplificación actual ya es clara y fiel, devuelve una versión limpia muy parecida, sin explicar nada.
9. Si la simplificación actual es casi igual al texto original, reescríbela con palabras más simples.
10. Sustituye palabras formales o técnicas por palabras más comunes cuando sea posible.
11. Usa oraciones cortas.
12. Usa viñetas solo si el texto contiene listas, pasos, causas, consecuencias o varias ideas separadas.
13. Conserva números, fechas, nombres propios y cantidades.
14. No agregues información que no esté en el texto original.

Texto refinado:",ok,,2.788443088531494
24,24,lora_mistral,lora_mistral_self_refine_llama3,"De partida, el tema concierne a todos los individuos y durante toda la vida, pues las finanzas explican la procedencia y uso de los ingresos y recursos que se disponen para satisfacer las necesidades particulares de todas y todos.",El tema interesa a todas las personas. Porque las finanzas explican el origen y uso de los ingresos disponibles para satisfacer las necesidades de todos.,"El tema concierne a todos los individuos y durante toda la vida, pues las finanzas explican la procedencia y uso de los ingresos y recursos que se disponen para satisfacer las necesidades particulares de todas y todos.","El tema concierne a todos los individuos y durante toda la vida, ya que las finanzas explican cómo se obtienen y se utilizan los ingresos para satisfacer nuestras necesidades personales.",llama3,llama3:8b,"Eres un editor de textos en español especializado en simplificación de textos formales.

Tu tarea es mejorar una simplificación ya generada. No debes rehacerla desde cero.

Texto original:
De partida, el tema concierne a todos los individuos y durante toda la vida, pues las finanzas explican la procedencia y uso de los ingresos y recursos que se disponen para satisfacer las necesidades particulares de todas y todos.

Simplificación actual:
El tema concierne a todos los individuos y durante toda la vida, pues las finanzas explican la procedencia y uso de los ingresos y recursos que se disponen para satisfacer las necesidades particulares de todas y todos.

Instrucciones obligatorias:
1. Responde únicamente en español.
2. Devuelve solo el texto refinado.
3. No escribas notas, explicaciones, comentarios ni justificaciones.
4. No uses frases como ""Note:"", ""Nota:"", ""He cambiado"", ""No hice cambios"", ""Ningún cambio significativo"" o similares.
5. Conserva el significado del texto original.
6. No inventes información.
7. No elimines datos importantes.
8. Si la simplificación actual ya es clara y fiel, devuelve una versión limpia muy parecida, sin explicar nada.
9. Si la simplificación actual es casi igual al texto original, reescríbela con palabras más simples.
10. Sustituye palabras formales o técnicas por palabras más comunes cuando sea posible.
11. Usa oraciones cortas.
12. Usa viñetas solo si el texto contiene listas, pasos, causas, consecuencias o varias ideas separadas.
13. Conserva números, fechas, nombres propios y cantidades.
14. No agregues información que no esté en el texto original.

Texto refinado:",ok,,4.675530433654785
25,25,lora_mistral,lora_mistral_self_refine_llama3,¿Qué función cumplen las empresas en la sociedad?,¿Qué función tienen las empresas en la sociedad?,¿Qué función cumplen las empresas en la sociedad?,¿Qué papel juegan las empresas en la sociedad?,llama3,llama3:8b,"Eres un editor de textos en español especializado en simplificación de textos formales.

Tu tarea es mejorar una simplificación ya generada. No debes rehacerla desde cero.

Texto original:
¿Qué función cumplen las empresas en la sociedad?

Simplificación actual:
¿Qué función cumplen las empresas en la sociedad?

Instrucciones obligatorias:
1. Responde únicamente en español.
2. Devuelve solo el texto refinado.
3. No escribas notas, explicaciones, comentarios ni justificaciones.
4. No uses frases como ""Note:"", ""Nota:"", ""He cambiado"", ""No hice cambios"", ""Ningún cambio significativo"" o similares.
5. Conserva el significado del texto original.
6. No inventes información.
7. No elimines datos importantes.
8. Si la simplificación actual ya es clara y fiel, devuelve una versión limpia muy parecida, sin explicar nada.
9. Si la simplificación actual es casi igual al texto original, reescríbela con palabras más simples.
10. Sustituye palabras formales o técnicas por palabras más comunes cuando sea posible.
11. Usa oraciones cortas.
12. Usa viñetas solo si el texto contiene listas, pasos, causas, consecuencias o varias ideas separadas.
13. Conserva números, fechas, nombres propios y cantidades.
14. No agregues información que no esté en el texto original.

Texto refinado:",ok,,1.5735433101654053
26,26,lora_mistral,lora_mistral_self_refine_llama3,Estos principios están diseñados para promover que las firmas de servicios financieros y las organizaciones de consumidores hagan más para educar a los ciudadanos en esta área.,Estos principios están diseñados para promover que las empresas de servicios financieros y las organizaciones de consumidores hagan más para educar a los ciudadanos en esta área.,Estos principios promueven la educación de los ciudadanos en la materia.,Estos principios fomentan la educación de los ciudadanos sobre servicios financieros.,llama3,llama3:8b,"Eres un editor de textos en español especializado en simplificación de textos formales.

Tu tarea es mejorar una simplificación ya generada. No debes rehacerla desde cero.

Texto original:
Estos principios están diseñados para promover que las firmas de servicios financieros y las organizaciones de consumidores hagan más para educar a los ciudadanos en esta área.

Simplificación actual:
Estos principios promueven la educación de los ciudadanos en la materia.

Instrucciones obligatorias:
1. Responde únicamente en español.
2. Devuelve solo el texto refinado.
3. No escribas notas, explicaciones, comentarios ni justificaciones.
4. No uses frases como ""Note:"", ""Nota:"", ""He cambiado"", ""No hice cambios"", ""Ningún cambio significativo"" o similares.
5. Conserva el significado del texto original.
6. No inventes información.
7. No elimines datos importantes.
8. Si la simplificación actual ya es clara y fiel, devuelve una versión limpia muy parecida, sin explicar nada.
9. Si la simplificación actual es casi igual al texto original, reescríbela con palabras más simples.
10. Sustituye palabras formales o técnicas por palabras más comunes cuando sea posible.
11. Usa oraciones cortas.
12. Usa viñetas solo si el texto contiene listas, pasos, causas, consecuencias o varias ideas separadas.
13. Conserva números, fechas, nombres propios y cantidades.
14. No agregues información que no esté en el texto original.

Texto refinado:",ok,,2.4542105197906494
27,27,lora_mistral,lora_mistral_self_refine_llama3,"Hable con ellos, déles la cara, y hágales saber que está haciendo todo lo que puede para pagarles.","Hable con ellos, enfréntelos y comuníqueles que está haciendo lo posible para pagarles.",Hable con ellos y déles la cara. Hágales saber que está haciendo todo lo que puede para pagarles.,"Hable con ellos, déles la cara y explíqueles que está haciendo todo lo posible para pagarles.",llama3,llama3:8b,"Eres un editor de textos en español especializado en simplificación de textos formales.

Tu tarea es mejorar una simplificación ya generada. No debes rehacerla desde cero.

Texto original:
Hable con ellos, déles la cara, y hágales saber que está haciendo todo lo que puede para pagarles.

Simplificación actual:
Hable con ellos y déles la cara. Hágales saber que está haciendo todo lo que puede para pagarles.

Instrucciones obligatorias:
1. Responde únicamente en español.
2. Devuelve solo el texto refinado.
3. No escribas notas, explicaciones, comentarios ni justificaciones.
4. No uses frases como ""Note:"", ""Nota:"", ""He cambiado"", ""No hice cambios"", ""Ningún cambio significativo"" o similares.
5. Conserva el significado del texto original.
6. No inventes información.
7. No elimines datos importantes.
8. Si la simplificación actual ya es clara y fiel, devuelve una versión limpia muy parecida, sin explicar nada.
9. Si la simplificación actual es casi igual al texto original, reescríbela con palabras más simples.
10. Sustituye palabras formales o técnicas por palabras más comunes cuando sea posible.
11. Usa oraciones cortas.
12. Usa viñetas solo si el texto contiene listas, pasos, causas, consecuencias o varias ideas separadas.
13. Conserva números, fechas, nombres propios y cantidades.
14. No agregues información que no esté en el texto original.

Texto refinado:",ok,,2.7645676136016846
28,28,lora_mistral,lora_mistral_self_refine_llama3,Pero ¿en qué se compite?,Pero ¿en qué se compite?,"Pero, en qué se compite?",Pero ¿qué se compite?,llama3,llama3:8b,"Eres un editor de textos en español especializado en simplificación de textos formales.

Tu tarea es mejorar una simplificación ya generada. No debes rehacerla desde cero.

Texto original:
Pero ¿en qué se compite?

Simplificación actual:
Pero, en qué se compite?

Instrucciones obligatorias:
1. Responde únicamente en español.
2. Devuelve solo el texto refinado.
3. No escribas notas, explicaciones, comentarios ni justificaciones.
4. No uses frases como ""Note:"", ""Nota:"", ""He cambiado"", ""No hice cambios"", ""Ningún cambio significativo"" o similares.
5. Conserva el significado del texto original.
6. No inventes información.
7. No elimines datos importantes.
8. Si la simplificación actual ya es clara y fiel, devuelve una versión limpia muy parecida, sin explicar nada.
9. Si la simplificación actual es casi igual al texto original, reescríbela con palabras más simples.
10. Sustituye palabras formales o técnicas por palabras más comunes cuando sea posible.
11. Usa oraciones cortas.
12. Usa viñetas solo si el texto contiene listas, pasos, causas, consecuencias o varias ideas separadas.
13. Conserva números, fechas, nombres propios y cantidades.
14. No agregues información que no esté en el texto original.

Texto refinado:",ok,,1.3387415409088135
29,29,lora_mistral,lora_mistral_self_refine_llama3,"Por otra parte, algunas personas sostienen que un impuesto de 10 por ciento impondría el mismo sacrificio a ambas familias.","Por otra parte, algunas personas sostienen que un impuesto de diez por ciento impondría el mismo sacrificio a ambas familias.","Por otra parte, algunas personas sostienen que un impuesto de diez por ciento impondría el mismo sacrificio a ambas familias.",Algunas personas creen que un impuesto del 10% impondría el mismo sacrificio a ambas familias.,llama3,llama3:8b,"Eres un editor de textos en español especializado en simplificación de textos formales.

Tu tarea es mejorar una simplificación ya generada. No debes rehacerla desde cero.

Texto original:
Por otra parte, algunas personas sostienen que un impuesto de 10 por ciento impondría el mismo sacrificio a ambas familias.

Simplificación actual:
Por otra parte, algunas personas sostienen que un impuesto de diez por ciento impondría el mismo sacrificio a ambas familias.

Instrucciones obligatorias:
1. Responde únicamente en español.
2. Devuelve solo el texto refinado.
3. No escribas notas, explicaciones, comentarios ni justificaciones.
4. No uses frases como ""Note:"", ""Nota:"", ""He cambiado"", ""No hice cambios"", ""Ningún cambio significativo"" o similares.
5. Conserva el significado del texto original.
6. No inventes información.
7. No elimines datos importantes.
8. Si la simplificación actual ya es clara y fiel, devuelve una versión limpia muy parecida, sin explicar nada.
9. Si la simplificación actual es casi igual al texto original, reescríbela con palabras más simples.
10. Sustituye palabras formales o técnicas por palabras más comunes cuando sea posible.
11. Usa oraciones cortas.
12. Usa viñetas solo si el texto contiene listas, pasos, causas, consecuencias o varias ideas separadas.
13. Conserva números, fechas, nombres propios y cantidades.
14. No agregues información que no esté en el texto original.

Texto refinado:",ok,,3.612006902694702
30,30,lora_mistral,lora_mistral_self_refine_llama3,"Al principio, como ya vimos en el trueque, adoptó la forma de mercancía, pero con el tiempo se transformó en dinero-papel, cuentas corrientes y otras formas.","Al principio, tuvo la forma de mercancía, pero luego se transformó en dinero-papel, cuentas corrientes y otras formas.","Al principio adoptó la forma de mercancía, pero con el tiempo se transformó en dinero-papel, cuentas corrientes y otras formas.","Al principio se convirtió en mercancía, pero con el tiempo pasó a ser dinero-papel, cuentas corrientes y otras formas.",llama3,llama3:8b,"Eres un editor de textos en español especializado en simplificación de textos formales.

Tu tarea es mejorar una simplificación ya generada. No debes rehacerla desde cero.

Texto original:
Al principio, como ya vimos en el trueque, adoptó la forma de mercancía, pero con el tiempo se transformó en dinero-papel, cuentas corrientes y otras formas.

Simplificación actual:
Al principio adoptó la forma de mercancía, pero con el tiempo se transformó en dinero-papel, cuentas corrientes y otras formas.

Instrucciones obligatorias:
1. Responde únicamente en español.
2. Devuelve solo el texto refinado.
3. No escribas notas, explicaciones, comentarios ni justificaciones.
4. No uses frases como ""Note:"", ""Nota:"", ""He cambiado"", ""No hice cambios"", ""Ningún cambio significativo"" o similares.
5. Conserva el significado del texto original.
6. No inventes información.
7. No elimines datos importantes.
8. Si la simplificación actual ya es clara y fiel, devuelve una versión limpia muy parecida, sin explicar nada.
9. Si la simplificación actual es casi igual al texto original, reescríbela con palabras más simples.
10. Sustituye palabras formales o técnicas por palabras más comunes cuando sea posible.
11. Usa oraciones cortas.
12. Usa viñetas solo si el texto contiene listas, pasos, causas, consecuencias o varias ideas separadas.
13. Conserva números, fechas, nombres propios y cantidades.
14. No agregues información que no esté en el texto original.

Texto refinado:",ok,,3.970831871032715
31,31,lora_mistral,lora_mistral_self_refine_llama3,"¿Son estos sólo sueños, o son metas reales?",¿Estos son sólo sueños o son metas reales?,¿Son estos sólo sueños o son metas reales?,¿Son solo sueños o metas reales?,llama3,llama3:8b,"Eres un editor de textos en español especializado en simplificación de textos formales.

Tu tarea es mejorar una simplificación ya generada. No debes rehacerla desde cero.

Texto original:
¿Son estos sólo sueños, o son metas reales?

Simplificación actual:
¿Son estos sólo sueños o son metas reales?

Instrucciones obligatorias:
1. Responde únicamente en español.
2. Devuelve solo el texto refinado.
3. No escribas notas, explicaciones, comentarios ni justificaciones.
4. No uses frases como ""Note:"", ""Nota:"", ""He cambiado"", ""No hice cambios"", ""Ningún cambio significativo"" o similares.
5. Conserva el significado del texto original.
6. No inventes información.
7. No elimines datos importantes.
8. Si la simplificación actual ya es clara y fiel, devuelve una versión limpia muy parecida, sin explicar nada.
9. Si la simplificación actual es casi igual al texto original, reescríbela con palabras más simples.
10. Sustituye palabras formales o técnicas por palabras más comunes cuando sea posible.
11. Usa oraciones cortas.
12. Usa viñetas solo si el texto contiene listas, pasos, causas, consecuencias o varias ideas separadas.
13. Conserva números, fechas, nombres propios y cantidades.
14. No agregues información que no esté en el texto original.

Texto refinado:",ok,,1.9881072044372559
32,32,lora_mistral,lora_mistral_self_refine_llama3,"En los pueblos donde el principio de la elección se extiende a todo, no hay propiamente hablando carrera pública.",En los pueblos donde el principio de la elección se extiende a todo no existe la carrera pública.,"En los pueblos donde el principio de la elección se extiende a todo, no hay propiamente carrera pública.","En los pueblos donde todos pueden elegir, no hay carrera pública.",llama3,llama3:8b,"Eres un editor de textos en español especializado en simplificación de textos formales.

Tu tarea es mejorar una simplificación ya generada. No debes rehacerla desde cero.

Texto original:
En los pueblos donde el principio de la elección se extiende a todo, no hay propiamente hablando carrera pública.

Simplificación actual:
En los pueblos donde el principio de la elección se extiende a todo, no hay propiamente carrera pública.

Instrucciones obligatorias:
1. Responde únicamente en español.
2. Devuelve solo el texto refinado.
3. No escribas notas, explicaciones, comentarios ni justificaciones.
4. No uses frases como ""Note:"", ""Nota:"", ""He cambiado"", ""No hice cambios"", ""Ningún cambio significativo"" o similares.
5. Conserva el significado del texto original.
6. No inventes información.
7. No elimines datos importantes.
8. Si la simplificación actual ya es clara y fiel, devuelve una versión limpia muy parecida, sin explicar nada.
9. Si la simplificación actual es casi igual al texto original, reescríbela con palabras más simples.
10. Sustituye palabras formales o técnicas por palabras más comunes cuando sea posible.
11. Usa oraciones cortas.
12. Usa viñetas solo si el texto contiene listas, pasos, causas, consecuencias o varias ideas separadas.
13. Conserva números, fechas, nombres propios y cantidades.
14. No agregues información que no esté en el texto original.

Texto refinado:",ok,,2.451848268508911
33,33,lora_mistral,lora_mistral_self_refine_llama3,"Sin entusiasmo, dijo alguien famoso, nunca se ha podido realizar nada grande.",Sin entusiasmo no se logró nada grande.,"Sin entusiasmo, dijo alguien famoso, nunca se ha podido realizar nada grande.",Nunca se ha logrado algo grande sin entusiasmo.,llama3,llama3:8b,"Eres un editor de textos en español especializado en simplificación de textos formales.

Tu tarea es mejorar una simplificación ya generada. No debes rehacerla desde cero.

Texto original:
Sin entusiasmo, dijo alguien famoso, nunca se ha podido realizar nada grande.

Simplificación actual:
Sin entusiasmo, dijo alguien famoso, nunca se ha podido realizar nada grande.

Instrucciones obligatorias:
1. Responde únicamente en español.
2. Devuelve solo el texto refinado.
3. No escribas notas, explicaciones, comentarios ni justificaciones.
4. No uses frases como ""Note:"", ""Nota:"", ""He cambiado"", ""No hice cambios"", ""Ningún cambio significativo"" o similares.
5. Conserva el significado del texto original.
6. No inventes información.
7. No elimines datos importantes.
8. Si la simplificación actual ya es clara y fiel, devuelve una versión limpia muy parecida, sin explicar nada.
9. Si la simplificación actual es casi igual al texto original, reescríbela con palabras más simples.
10. Sustituye palabras formales o técnicas por palabras más comunes cuando sea posible.
11. Usa oraciones cortas.
12. Usa viñetas solo si el texto contiene listas, pasos, causas, consecuencias o varias ideas separadas.
13. Conserva números, fechas, nombres propios y cantidades.
14. No agregues información que no esté en el texto original.

Texto refinado:",ok,,2.147639274597168
34,34,lora_mistral,lora_mistral_self_refine_llama3,"Por tanto, este método calcula interés sobre interés.","Por eso, este método calcula interés sobre interés.","Por tanto, este método calcula interés sobre interés.",Este método calcula intereses sobre intereses.,llama3,llama3:8b,"Eres un editor de textos en español especializado en simplificación de textos formales.

Tu tarea es mejorar una simplificación ya generada. No debes rehacerla desde cero.

Texto original:
Por tanto, este método calcula interés sobre interés.

Simplificación actual:
Por tanto, este método calcula interés sobre interés.

Instrucciones obligatorias:
1. Responde únicamente en español.
2. Devuelve solo el texto refinado.
3. No escribas notas, explicaciones, comentarios ni justificaciones.
4. No uses frases como ""Note:"", ""Nota:"", ""He cambiado"", ""No hice cambios"", ""Ningún cambio significativo"" o similares.
5. Conserva el significado del texto original.
6. No inventes información.
7. No elimines datos importantes.
8. Si la simplificación actual ya es clara y fiel, devuelve una versión limpia muy parecida, sin explicar nada.
9. Si la simplificación actual es casi igual al texto original, reescríbela con palabras más simples.
10. Sustituye palabras formales o técnicas por palabras más comunes cuando sea posible.
11. Usa oraciones cortas.
12. Usa viñetas solo si el texto contiene listas, pasos, causas, consecuencias o varias ideas separadas.
13. Conserva números, fechas, nombres propios y cantidades.
14. No agregues información que no esté en el texto original.

Texto refinado:",ok,,1.8055212497711182
35,35,lora_mistral,lora_mistral_self_refine_llama3,"El resultado es aproximado a $300,000 en seis años.",El resultado es aproximadamente trescientos mil dólares en seis años.,El resultado es aproximado a trescientos dólares en seis años.,"El resultado es aproximadamente de $300,000 en seis años.",llama3,llama3:8b,"Eres un editor de textos en español especializado en simplificación de textos formales.

Tu tarea es mejorar una simplificación ya generada. No debes rehacerla desde cero.

Texto original:
El resultado es aproximado a $300,000 en seis años.

Simplificación actual:
El resultado es aproximado a trescientos dólares en seis años.

Instrucciones obligatorias:
1. Responde únicamente en español.
2. Devuelve solo el texto refinado.
3. No escribas notas, explicaciones, comentarios ni justificaciones.
4. No uses frases como ""Note:"", ""Nota:"", ""He cambiado"", ""No hice cambios"", ""Ningún cambio significativo"" o similares.
5. Conserva el significado del texto original.
6. No inventes información.
7. No elimines datos importantes.
8. Si la simplificación actual ya es clara y fiel, devuelve una versión limpia muy parecida, sin explicar nada.
9. Si la simplificación actual es casi igual al texto original, reescríbela con palabras más simples.
10. Sustituye palabras formales o técnicas por palabras más comunes cuando sea posible.
11. Usa oraciones cortas.
12. Usa viñetas solo si el texto contiene listas, pasos, causas, consecuencias o varias ideas separadas.
13. Conserva números, fechas, nombres propios y cantidades.
14. No agregues información que no esté en el texto original.

Texto refinado:",ok,,2.170348644256592
36,36,lora_mistral,lora_mistral_self_refine_llama3,Documente todos sus gastos e ingresos o compárelos con lo que usted planificó que iba a gastar en el mes.,Documente todos sus gastos e ingresos y compárelos con lo que usted planificó que iba a gastar en el mes.,Documente todos sus gastos e ingresos.,Documente todos sus gastos e ingresos para compararlos con lo planeado.,llama3,llama3:8b,"Eres un editor de textos en español especializado en simplificación de textos formales.

Tu tarea es mejorar una simplificación ya generada. No debes rehacerla desde cero.

Texto original:
Documente todos sus gastos e ingresos o compárelos con lo que usted planificó que iba a gastar en el mes.

Simplificación actual:
Documente todos sus gastos e ingresos.

Instrucciones obligatorias:
1. Responde únicamente en español.
2. Devuelve solo el texto refinado.
3. No escribas notas, explicaciones, comentarios ni justificaciones.
4. No uses frases como ""Note:"", ""Nota:"", ""He cambiado"", ""No hice cambios"", ""Ningún cambio significativo"" o similares.
5. Conserva el significado del texto original.
6. No inventes información.
7. No elimines datos importantes.
8. Si la simplificación actual ya es clara y fiel, devuelve una versión limpia muy parecida, sin explicar nada.
9. Si la simplificación actual es casi igual al texto original, reescríbela con palabras más simples.
10. Sustituye palabras formales o técnicas por palabras más comunes cuando sea posible.
11. Usa oraciones cortas.
12. Usa viñetas solo si el texto contiene listas, pasos, causas, consecuencias o varias ideas separadas.
13. Conserva números, fechas, nombres propios y cantidades.
14. No agregues información que no esté en el texto original.

Texto refinado:",ok,,2.5747556686401367
