sari,bleu,fernandez_huerta_pred,fernandez_huerta_src,fernandez_huerta_delta,compression_ratio_eval,sentence_splits,levenshtein_similarity,exact_copy,additions_proportion,deletions_proportion,rouge1_f,rouge2_f,rougeL_f,inflesz_pred,inflesz_src,inflesz_delta,bertscore_f1,model_key,config_label,ruleset,temperature,top_p,repetition_penalty,max_new_tokens,n_rows_evaluated,leader_score
30.320822888632943,9.123027977891276,77.36498248149313,76.02962775136697,1.3353547301261592,0.8196660081376644,0.3445378151260504,0.4284870075482273,0.0,0.5911467986894932,0.6857747282894228,0.3461241800172147,0.1450535854112399,0.30472025738394654,65.53612810067679,49.07904300113044,16.45708509954637,0.7885101194642171,llama3,llama3_cfg_3,R1,0.3,0.9,1.15,256,238,49.73289851174845
