model_key,prompt_type,ruleset,gen_temperature,gen_top_p,gen_repetition_penalty,gen_max_new_tokens,sari,bleu,fernandez_huerta_pred,fernandez_huerta_src,fernandez_huerta_delta,compression_ratio_eval,sentence_splits,levenshtein_similarity,exact_copy,additions_proportion,deletions_proportion,rouge1_f,rouge2_f,rougeL_f,inflesz_pred,inflesz_src,inflesz_delta,bertscore_f1
llama3,few-shot,R4,0.2,0.85,1.05,256.0,43.73648057987092,19.99176434348242,85.59853209226274,88.31434213016652,-2.7158100379037626,0.7358836351989996,0.6,0.5028486337610107,0.0,0.27648541101714474,0.4553371306291044,0.48885468291390266,0.32732413669584,0.42784478454982516,71.96828071348158,51.98361474783032,19.984665965651253,0.8009556621313095
llama3,few-shot,R4,0.2,0.9,1.1,256.0,43.60999609249525,17.464021965144646,83.85642648595426,88.31434213016652,-4.457915644212248,0.7656350535057435,0.55,0.4643291868390542,0.0,0.3680462521941629,0.5146523714809043,0.4664281785750905,0.3035896387597987,0.41354342634089597,69.83200654935571,51.98361474783032,17.848391801525377,0.8027921468019485
llama3,few-shot,R4,0.3,0.9,1.15,256.0,42.99421935087238,16.40661172186486,80.3537693230659,88.31434213016652,-7.9605728071006014,0.8119558840800458,0.65,0.43646076016809204,0.0,0.42676187289560896,0.5351825877043619,0.43714549056339685,0.27243701184065716,0.38256738923682165,66.39926810633797,51.98361474783032,14.41565335850764,0.7964463919401169
mistral,few-shot,R4,0.3,0.9,1.1,256.0,40.18565703933702,11.50466325675955,81.02445220864816,88.31434213016652,-7.289889921518355,1.5244794712925047,0.8,0.33813200599084897,0.0,0.5045143107601604,0.3447497203119484,0.4414175103410347,0.23901551642482438,0.3798557862643363,53.6043662643602,51.98361474783032,1.6207515165298765,0.7776652812957764
mistral,few-shot,R4,0.1,0.85,1.1,256.0,39.77102374408741,11.54461696547684,87.18222175822282,88.31434213016652,-1.1321203719436794,1.4893389355330737,0.65,0.42965536527593945,0.0,0.4804894684564355,0.3339165909077012,0.43830337434375916,0.2419869032017646,0.3718074081378369,58.36334594512131,51.98361474783032,6.37973119729098,0.7835008025169372
mistral,few-shot,R4,0.2,0.85,1.1,256.0,39.381729925516986,11.818992492135186,81.93502660258943,88.31434213016652,-6.3793155275770745,1.485382496907516,0.75,0.3848251097443959,0.0,0.5050454769886772,0.35222218885319934,0.4437049272759374,0.2510025175221787,0.3740978390999814,54.156220349494085,51.98361474783032,2.1726056016637614,0.7829893946647644
