{
  "experiment_id": "exp_hparam_search_20260321_211923",
  "dataset_name": "muestra_20_hparam_search",
  "n_samples": 20,
  "models_tested": [
    "llama3",
    "mistral"
  ],
  "prompt_type_fixed": "few-shot",
  "ruleset_fixed": "R4",
  "temperatures": [
    0.1,
    0.2,
    0.3
  ],
  "top_ps": [
    0.85,
    0.9
  ],
  "repetition_penalties": [
    1.05,
    1.1,
    1.15
  ],
  "max_new_tokens": 256,
  "n_param_configs": 18,
  "expected_total_runs": 720,
  "successful_runs": 720,
  "leader_metrics": [
    "sari",
    "bertscore_f1"
  ],
  "support_metrics": [
    "rougeL_f",
    "compression_ratio_eval",
    "exact_copy"
  ],
  "discard_rules": {
    "exact_copy_max": 0.5,
    "compression_ratio_eval_min": 0.6,
    "compression_ratio_eval_max": 1.6
  },
  "top3_by_model": [
    {
      "model_key": "llama3",
      "prompt_type": "few-shot",
      "ruleset": "R4",
      "gen_temperature": 0.2,
      "gen_top_p": 0.85,
      "gen_repetition_penalty": 1.05,
      "gen_max_new_tokens": 256.0,
      "sari": 43.73648057987092,
      "bleu": 19.99176434348242,
      "fernandez_huerta_pred": 85.59853209226274,
      "fernandez_huerta_src": 88.31434213016652,
      "fernandez_huerta_delta": -2.7158100379037626,
      "compression_ratio_eval": 0.7358836351989996,
      "sentence_splits": 0.6,
      "levenshtein_similarity": 0.5028486337610107,
      "exact_copy": 0.0,
      "additions_proportion": 0.27648541101714474,
      "deletions_proportion": 0.4553371306291044,
      "rouge1_f": 0.48885468291390266,
      "rouge2_f": 0.32732413669584,
      "rougeL_f": 0.42784478454982516,
      "inflesz_pred": 71.96828071348158,
      "inflesz_src": 51.98361474783032,
      "inflesz_delta": 19.984665965651253,
      "bertscore_f1": 0.8009556621313095
    },
    {
      "model_key": "llama3",
      "prompt_type": "few-shot",
      "ruleset": "R4",
      "gen_temperature": 0.2,
      "gen_top_p": 0.9,
      "gen_repetition_penalty": 1.1,
      "gen_max_new_tokens": 256.0,
      "sari": 43.60999609249525,
      "bleu": 17.464021965144646,
      "fernandez_huerta_pred": 83.85642648595426,
      "fernandez_huerta_src": 88.31434213016652,
      "fernandez_huerta_delta": -4.457915644212248,
      "compression_ratio_eval": 0.7656350535057435,
      "sentence_splits": 0.55,
      "levenshtein_similarity": 0.4643291868390542,
      "exact_copy": 0.0,
      "additions_proportion": 0.3680462521941629,
      "deletions_proportion": 0.5146523714809043,
      "rouge1_f": 0.4664281785750905,
      "rouge2_f": 0.3035896387597987,
      "rougeL_f": 0.41354342634089597,
      "inflesz_pred": 69.83200654935571,
      "inflesz_src": 51.98361474783032,
      "inflesz_delta": 17.848391801525377,
      "bertscore_f1": 0.8027921468019485
    },
    {
      "model_key": "llama3",
      "prompt_type": "few-shot",
      "ruleset": "R4",
      "gen_temperature": 0.3,
      "gen_top_p": 0.9,
      "gen_repetition_penalty": 1.15,
      "gen_max_new_tokens": 256.0,
      "sari": 42.99421935087238,
      "bleu": 16.40661172186486,
      "fernandez_huerta_pred": 80.3537693230659,
      "fernandez_huerta_src": 88.31434213016652,
      "fernandez_huerta_delta": -7.9605728071006014,
      "compression_ratio_eval": 0.8119558840800458,
      "sentence_splits": 0.65,
      "levenshtein_similarity": 0.43646076016809204,
      "exact_copy": 0.0,
      "additions_proportion": 0.42676187289560896,
      "deletions_proportion": 0.5351825877043619,
      "rouge1_f": 0.43714549056339685,
      "rouge2_f": 0.27243701184065716,
      "rougeL_f": 0.38256738923682165,
      "inflesz_pred": 66.39926810633797,
      "inflesz_src": 51.98361474783032,
      "inflesz_delta": 14.41565335850764,
      "bertscore_f1": 0.7964463919401169
    },
    {
      "model_key": "mistral",
      "prompt_type": "few-shot",
      "ruleset": "R4",
      "gen_temperature": 0.3,
      "gen_top_p": 0.9,
      "gen_repetition_penalty": 1.1,
      "gen_max_new_tokens": 256.0,
      "sari": 40.18565703933702,
      "bleu": 11.50466325675955,
      "fernandez_huerta_pred": 81.02445220864816,
      "fernandez_huerta_src": 88.31434213016652,
      "fernandez_huerta_delta": -7.289889921518355,
      "compression_ratio_eval": 1.5244794712925047,
      "sentence_splits": 0.8,
      "levenshtein_similarity": 0.33813200599084897,
      "exact_copy": 0.0,
      "additions_proportion": 0.5045143107601604,
      "deletions_proportion": 0.3447497203119484,
      "rouge1_f": 0.4414175103410347,
      "rouge2_f": 0.23901551642482438,
      "rougeL_f": 0.3798557862643363,
      "inflesz_pred": 53.6043662643602,
      "inflesz_src": 51.98361474783032,
      "inflesz_delta": 1.6207515165298765,
      "bertscore_f1": 0.7776652812957764
    },
    {
      "model_key": "mistral",
      "prompt_type": "few-shot",
      "ruleset": "R4",
      "gen_temperature": 0.1,
      "gen_top_p": 0.85,
      "gen_repetition_penalty": 1.1,
      "gen_max_new_tokens": 256.0,
      "sari": 39.77102374408741,
      "bleu": 11.54461696547684,
      "fernandez_huerta_pred": 87.18222175822282,
      "fernandez_huerta_src": 88.31434213016652,
      "fernandez_huerta_delta": -1.1321203719436794,
      "compression_ratio_eval": 1.4893389355330737,
      "sentence_splits": 0.65,
      "levenshtein_similarity": 0.42965536527593945,
      "exact_copy": 0.0,
      "additions_proportion": 0.4804894684564355,
      "deletions_proportion": 0.3339165909077012,
      "rouge1_f": 0.43830337434375916,
      "rouge2_f": 0.2419869032017646,
      "rougeL_f": 0.3718074081378369,
      "inflesz_pred": 58.36334594512131,
      "inflesz_src": 51.98361474783032,
      "inflesz_delta": 6.37973119729098,
      "bertscore_f1": 0.7835008025169372
    },
    {
      "model_key": "mistral",
      "prompt_type": "few-shot",
      "ruleset": "R4",
      "gen_temperature": 0.2,
      "gen_top_p": 0.85,
      "gen_repetition_penalty": 1.1,
      "gen_max_new_tokens": 256.0,
      "sari": 39.381729925516986,
      "bleu": 11.818992492135186,
      "fernandez_huerta_pred": 81.93502660258943,
      "fernandez_huerta_src": 88.31434213016652,
      "fernandez_huerta_delta": -6.3793155275770745,
      "compression_ratio_eval": 1.485382496907516,
      "sentence_splits": 0.75,
      "levenshtein_similarity": 0.3848251097443959,
      "exact_copy": 0.0,
      "additions_proportion": 0.5050454769886772,
      "deletions_proportion": 0.35222218885319934,
      "rouge1_f": 0.4437049272759374,
      "rouge2_f": 0.2510025175221787,
      "rougeL_f": 0.3740978390999814,
      "inflesz_pred": 54.156220349494085,
      "inflesz_src": 51.98361474783032,
      "inflesz_delta": 2.1726056016637614,
      "bertscore_f1": 0.7829893946647644
    }
  ]
}