experiment_id,run_id,timestamp,dataset_name,fold_id,split_name,model_key,model_id,backend,prompt_type,ruleset,few_shot_example_ids,generation_config,sample_id,source_text,reference_text,generated_text,prompt_text,inference_seconds,status,error_message,metrics,row_id,prompt_family,owner,config_label,gen_temperature,gen_top_p,gen_repetition_penalty,gen_max_new_tokens,gen_do_sample,gen_no_repeat_ngram_size,src_words,pred_words,ref_words,src_sentences,pred_sentences,ref_sentences,sari,bleu,fernandez_huerta_pred,fernandez_huerta_src,fernandez_huerta_delta,compression_ratio_eval,sentence_splits,levenshtein_similarity,exact_copy,additions_proportion,deletions_proportion,inflesz_pred,inflesz_src,inflesz_delta,rouge1_f,rouge2_f,rougeL_f,bertscore_f1,sbert_similarity
exp_prompting_sample36_top4_20260505_022729,5da3ab91-74bc-412b-97f1-c4314bf29c85,2026-05-05T02:27:54.697730,feina_repr30_test_sample36,,sample36,llama3,meta-llama/Meta-Llama-3-8B-Instruct,ollama,few-shot,R1,"[78, 1805, 3635, 5262]","{'temperature': 0.3, 'top_p': 0.9, 'repetition_penalty': 1.15, 'max_new_tokens': 256}",550,"No tiene incentivos ni motivación, dos elementos esenciales en ambientes de competencia.",No tiene sentido ni motivación. Estos elementos son esenciales para la competencia.,Sin motivación y sin incentivos no se puede trabajar bien en un ambiente competitivo.,"Reescribe en español cada texto con lenguaje más claro y sencillo.
Conserva el significado original y no inventes información.
Guía interna de simplificación: usa palabras comunes; evita tecnicismos innecesarios; reemplaza palabras difíciles por palabras simples.

Devuelve solo la versión final simplificada.

Ejemplo 1
Texto: A continuación una tabla donde se demuestra como crecen los ahorros al pasar los años: Edad Inversión Intereses Saldo Inversión Intereses Saldo Laura Ganados Alberto Ganados 22 $800 $80 $880 23 $800 $168 $1.232 Valor al Jubilarse $311.092 Valor al Jubilarse $263.232 Menos las contribuciones iniciales $6.400 Menos las contribuciones iniciales $28.800 Ganancia Neta $304.692 Ganancia Neta $234.
Versión simplificada: A continuación, presentamos una tabla donde se demuestra como crecen los ahorros al pasar los años. Las categorías en que se divide la tabla son edad, inversión, intereses ganados y saldo. La tabla contrasta las ganancias en intereses por año de Laura y Alberto con una proyección de edad de jubilación de sesenta y cinco años y según la cantidad de años que mantuvieron el ahorro.

Ejemplo 2
Texto: El varias veces mencionado Yager, nos dice acertadamente sobre estos aspectos lo siguiente: La mayoría de ustedes están hambrientos de tener libertad financiera, están hastiados de tener batallas financieras porque son como un carrusel.
Versión simplificada: Yager habla acertadamente sobre estos aspectos y dice que la mayoría ambiciona tener libertad financiera y está cansada de tener batallas financieras inútiles.

Ejemplo 3
Texto: De acuerdo con esta medición, la proporción de pobres en la población mundial quienes viven con menos de un dólar por día descendió levemente entre 1987 y 1993, pues pasó del 30% al 29%.
Versión simplificada: Según esta medición, la proporción de personas pobres en la población mundial descendió un poco entre mil novecientos ochenta y siete y mil novecientos noventa y tres. Es decir, el porcentaje de personas que vivían con menos de un dólar por día pasó del treinta al veintinueve por ciento.

Ejemplo 4
Texto: - Rentabilidad
INTERÉS DE 2 PESOS SOBRE UNA INVERSIÓN DE 100 PESOS = RENTABILIDAD DE 2 % ((2 ÷ 100) × 100 = 2%) POR CADA 100 PESOS SE GANAN 2 PESOS
Endeudamiento
DEUDA DE 30 PESOS POR SOBRE EL CAPITAL DE 20 PESOS = ENDEUDAMIENTO DE 1,5 VECES EL CAPITAL (30 ÷ 20 = 1,5) POR CADA PESO DE CAPITAL EXISTE 1,5 PESOS DE DEUDA
Liquidez
80 PESOS DE DINERO DISPONIBLE POR SOBRE DEUDAS DE 40 PESOS = LIQUIDEZ DE DOS VECES EL VALOR DE LA DEUDA (80 ÷ 40 = 2) POR CADA PESO DE DEUDA SE DISPONE DE 2 PESOS PARA PAGO
Versión simplificada: EL INTERÉS DE DOS PESOS SOBRE UNA INVERSIÓN DE CIEN PESOS DA UNA RENTABILIDAD DE DOS POR CIENTO. ES DECIR, POR CADA CIEN PESOS GANAMOS DOS PESOS. LA DEUDA DE TREINTA PESOS SOBRE EL CAPITAL DE VEINTE PESOS RESULTA EN UNA DEUDA DE UNO PUNTO CINCO VECES EL CAPITAL. ES DECIR, POR CADA PESO DE CAPITAL HAY UNO PUNTO CINCO PESOS DE DEUDA. EN OCHENTA PESOS DE DINERO DISPONIBLE SOBRE DEUDAS DE CUARENTA PESOS DA UNA LIQUIDEZ DEL DOBLE DE LA DEUDA. POR CADA PESO ADEUDADO HAY DOS PESOS PARA PAGAR.

Texto: No tiene incentivos ni motivación, dos elementos esenciales en ambientes de competencia.
Versión simplificada:",15.3676,success,,{},550,few-shot,hariel,llama3_cfg_3,0.3,0.9,1.15,256,,,12,14,12,1,1,2,32.203641768859164,3.1251907639724417,75.26857142857142,48.34,26.928571428571416,1.1666666666666667,0,0.48554913294797686,0,0.7142857142857143,0.6666666666666666,63.785,39.08500000000001,24.69999999999999,0.21428571428571427,0.07692307692307691,0.14285714285714288,0.7448984384536743,
exp_prompting_sample36_top4_20260505_022729,ef76b546-02c9-4365-8968-f0d71dbf182c,2026-05-05T02:28:10.286189,feina_repr30_test_sample36,,sample36,llama3,meta-llama/Meta-Llama-3-8B-Instruct,ollama,few-shot,R1,"[78, 1805, 3635, 5262]","{'temperature': 0.3, 'top_p': 0.9, 'repetition_penalty': 1.15, 'max_new_tokens': 256}",571,"En los procesos de importaciones y exportaciones intervienen, además de clientes y proveedores, instituciones del Estado y los bancos, tal como se indica en el siguiente recuadro:",Clientes y proveedores intervienen en las importancias y exportaciones. También lo hacen las instituciones estatales y los banco como se indica a continuación:,"En la importación y exportación, también participan organismos estatales y bancos, aparte de clientes y proveedores.","Reescribe en español cada texto con lenguaje más claro y sencillo.
Conserva el significado original y no inventes información.
Guía interna de simplificación: usa palabras comunes; evita tecnicismos innecesarios; reemplaza palabras difíciles por palabras simples.

Devuelve solo la versión final simplificada.

Ejemplo 1
Texto: A continuación una tabla donde se demuestra como crecen los ahorros al pasar los años: Edad Inversión Intereses Saldo Inversión Intereses Saldo Laura Ganados Alberto Ganados 22 $800 $80 $880 23 $800 $168 $1.232 Valor al Jubilarse $311.092 Valor al Jubilarse $263.232 Menos las contribuciones iniciales $6.400 Menos las contribuciones iniciales $28.800 Ganancia Neta $304.692 Ganancia Neta $234.
Versión simplificada: A continuación, presentamos una tabla donde se demuestra como crecen los ahorros al pasar los años. Las categorías en que se divide la tabla son edad, inversión, intereses ganados y saldo. La tabla contrasta las ganancias en intereses por año de Laura y Alberto con una proyección de edad de jubilación de sesenta y cinco años y según la cantidad de años que mantuvieron el ahorro.

Ejemplo 2
Texto: El varias veces mencionado Yager, nos dice acertadamente sobre estos aspectos lo siguiente: La mayoría de ustedes están hambrientos de tener libertad financiera, están hastiados de tener batallas financieras porque son como un carrusel.
Versión simplificada: Yager habla acertadamente sobre estos aspectos y dice que la mayoría ambiciona tener libertad financiera y está cansada de tener batallas financieras inútiles.

Ejemplo 3
Texto: De acuerdo con esta medición, la proporción de pobres en la población mundial quienes viven con menos de un dólar por día descendió levemente entre 1987 y 1993, pues pasó del 30% al 29%.
Versión simplificada: Según esta medición, la proporción de personas pobres en la población mundial descendió un poco entre mil novecientos ochenta y siete y mil novecientos noventa y tres. Es decir, el porcentaje de personas que vivían con menos de un dólar por día pasó del treinta al veintinueve por ciento.

Ejemplo 4
Texto: - Rentabilidad
INTERÉS DE 2 PESOS SOBRE UNA INVERSIÓN DE 100 PESOS = RENTABILIDAD DE 2 % ((2 ÷ 100) × 100 = 2%) POR CADA 100 PESOS SE GANAN 2 PESOS
Endeudamiento
DEUDA DE 30 PESOS POR SOBRE EL CAPITAL DE 20 PESOS = ENDEUDAMIENTO DE 1,5 VECES EL CAPITAL (30 ÷ 20 = 1,5) POR CADA PESO DE CAPITAL EXISTE 1,5 PESOS DE DEUDA
Liquidez
80 PESOS DE DINERO DISPONIBLE POR SOBRE DEUDAS DE 40 PESOS = LIQUIDEZ DE DOS VECES EL VALOR DE LA DEUDA (80 ÷ 40 = 2) POR CADA PESO DE DEUDA SE DISPONE DE 2 PESOS PARA PAGO
Versión simplificada: EL INTERÉS DE DOS PESOS SOBRE UNA INVERSIÓN DE CIEN PESOS DA UNA RENTABILIDAD DE DOS POR CIENTO. ES DECIR, POR CADA CIEN PESOS GANAMOS DOS PESOS. LA DEUDA DE TREINTA PESOS SOBRE EL CAPITAL DE VEINTE PESOS RESULTA EN UNA DEUDA DE UNO PUNTO CINCO VECES EL CAPITAL. ES DECIR, POR CADA PESO DE CAPITAL HAY UNO PUNTO CINCO PESOS DE DEUDA. EN OCHENTA PESOS DE DINERO DISPONIBLE SOBRE DEUDAS DE CUARENTA PESOS DA UNA LIQUIDEZ DEL DOBLE DE LA DEUDA. POR CADA PESO ADEUDADO HAY DOS PESOS PARA PAGAR.

Texto: En los procesos de importaciones y exportaciones intervienen, además de clientes y proveedores, instituciones del Estado y los bancos, tal como se indica en el siguiente recuadro:
Versión simplificada:",17.3629,success,,{},571,few-shot,hariel,llama3_cfg_3,0.3,0.9,1.15,256,,,27,16,23,1,1,2,44.060676206509534,4.620919856858098,54.215,69.72888888888889,-15.513888888888886,0.5925925925925926,0,0.4271186440677966,0,0.5,0.7037037037037037,38.97875000000002,41.39055555555555,-2.4118055555555316,0.45454545454545453,0.1904761904761905,0.2727272727272727,0.7855876684188843,
exp_prompting_sample36_top4_20260505_022729,ccd5b843-da04-492e-93a3-9fe4689ae854,2026-05-05T02:28:27.880568,feina_repr30_test_sample36,,sample36,llama3,meta-llama/Meta-Llama-3-8B-Instruct,ollama,few-shot,R1,"[78, 1805, 3635, 5262]","{'temperature': 0.3, 'top_p': 0.9, 'repetition_penalty': 1.15, 'max_new_tokens': 256}",885,"El robo de identidad ocurre cuando su información personal, tal como su nombre, número de cuenta, o número de cédula de identidad se usan sin su conocimiento para cometer un fraude o robo.","El robo de identidad ocurre cuando su información personal como su nombre, número de cuenta, o número de cédula de identidad se usan sin su conocimiento para cometer un fraude o robo.","El robo de identidad es cuando alguien utiliza su información personal, como el nombre y números de cuenta o de identificación, sin su permiso para hacer trucos o robos.","Reescribe en español cada texto con lenguaje más claro y sencillo.
Conserva el significado original y no inventes información.
Guía interna de simplificación: usa palabras comunes; evita tecnicismos innecesarios; reemplaza palabras difíciles por palabras simples.

Devuelve solo la versión final simplificada.

Ejemplo 1
Texto: A continuación una tabla donde se demuestra como crecen los ahorros al pasar los años: Edad Inversión Intereses Saldo Inversión Intereses Saldo Laura Ganados Alberto Ganados 22 $800 $80 $880 23 $800 $168 $1.232 Valor al Jubilarse $311.092 Valor al Jubilarse $263.232 Menos las contribuciones iniciales $6.400 Menos las contribuciones iniciales $28.800 Ganancia Neta $304.692 Ganancia Neta $234.
Versión simplificada: A continuación, presentamos una tabla donde se demuestra como crecen los ahorros al pasar los años. Las categorías en que se divide la tabla son edad, inversión, intereses ganados y saldo. La tabla contrasta las ganancias en intereses por año de Laura y Alberto con una proyección de edad de jubilación de sesenta y cinco años y según la cantidad de años que mantuvieron el ahorro.

Ejemplo 2
Texto: El varias veces mencionado Yager, nos dice acertadamente sobre estos aspectos lo siguiente: La mayoría de ustedes están hambrientos de tener libertad financiera, están hastiados de tener batallas financieras porque son como un carrusel.
Versión simplificada: Yager habla acertadamente sobre estos aspectos y dice que la mayoría ambiciona tener libertad financiera y está cansada de tener batallas financieras inútiles.

Ejemplo 3
Texto: De acuerdo con esta medición, la proporción de pobres en la población mundial quienes viven con menos de un dólar por día descendió levemente entre 1987 y 1993, pues pasó del 30% al 29%.
Versión simplificada: Según esta medición, la proporción de personas pobres en la población mundial descendió un poco entre mil novecientos ochenta y siete y mil novecientos noventa y tres. Es decir, el porcentaje de personas que vivían con menos de un dólar por día pasó del treinta al veintinueve por ciento.

Ejemplo 4
Texto: - Rentabilidad
INTERÉS DE 2 PESOS SOBRE UNA INVERSIÓN DE 100 PESOS = RENTABILIDAD DE 2 % ((2 ÷ 100) × 100 = 2%) POR CADA 100 PESOS SE GANAN 2 PESOS
Endeudamiento
DEUDA DE 30 PESOS POR SOBRE EL CAPITAL DE 20 PESOS = ENDEUDAMIENTO DE 1,5 VECES EL CAPITAL (30 ÷ 20 = 1,5) POR CADA PESO DE CAPITAL EXISTE 1,5 PESOS DE DEUDA
Liquidez
80 PESOS DE DINERO DISPONIBLE POR SOBRE DEUDAS DE 40 PESOS = LIQUIDEZ DE DOS VECES EL VALOR DE LA DEUDA (80 ÷ 40 = 2) POR CADA PESO DE DEUDA SE DISPONE DE 2 PESOS PARA PAGO
Versión simplificada: EL INTERÉS DE DOS PESOS SOBRE UNA INVERSIÓN DE CIEN PESOS DA UNA RENTABILIDAD DE DOS POR CIENTO. ES DECIR, POR CADA CIEN PESOS GANAMOS DOS PESOS. LA DEUDA DE TREINTA PESOS SOBRE EL CAPITAL DE VEINTE PESOS RESULTA EN UNA DEUDA DE UNO PUNTO CINCO VECES EL CAPITAL. ES DECIR, POR CADA PESO DE CAPITAL HAY UNO PUNTO CINCO PESOS DE DEUDA. EN OCHENTA PESOS DE DINERO DISPONIBLE SOBRE DEUDAS DE CUARENTA PESOS DA UNA LIQUIDEZ DEL DOBLE DE LA DEUDA. POR CADA PESO ADEUDADO HAY DOS PESOS PARA PAGAR.

Texto: El robo de identidad ocurre cuando su información personal, tal como su nombre, número de cuenta, o número de cédula de identidad se usan sin su conocimiento para cometer un fraude o robo.
Versión simplificada:",19.7118,success,,{},885,few-shot,hariel,llama3_cfg_3,0.3,0.9,1.15,256,,,33,29,32,1,1,1,17.219228191887513,13.689475488870162,81.25379310344829,81.9309090909091,-0.6771159874608088,0.8787878787878788,0,0.7170868347338936,0,0.3793103448275862,0.45454545454545453,51.08672413793106,47.34712121212122,3.7396029258098338,0.6176470588235293,0.303030303030303,0.5882352941176471,0.8529073596000671,
exp_prompting_sample36_top4_20260505_022729,da3066d4-9d5b-41ad-9ffb-221cac4308ea,2026-05-05T02:28:47.819616,feina_repr30_test_sample36,,sample36,llama3,meta-llama/Meta-Llama-3-8B-Instruct,ollama,few-shot,R1,"[78, 1805, 3635, 5262]","{'temperature': 0.3, 'top_p': 0.9, 'repetition_penalty': 1.15, 'max_new_tokens': 256}",1193,"Los sueños de los niños tienen una gran variedad que va desde Tarzán hasta el Agente 007, pasando por Superman.",Los sueños de los niños son variados y van desde Tarzán hasta el Agente 007 y Superman.,"Los niños soñan con cosas muy diferentes, como ser Tarzán, el Agente 007 o Superman.","Reescribe en español cada texto con lenguaje más claro y sencillo.
Conserva el significado original y no inventes información.
Guía interna de simplificación: usa palabras comunes; evita tecnicismos innecesarios; reemplaza palabras difíciles por palabras simples.

Devuelve solo la versión final simplificada.

Ejemplo 1
Texto: A continuación una tabla donde se demuestra como crecen los ahorros al pasar los años: Edad Inversión Intereses Saldo Inversión Intereses Saldo Laura Ganados Alberto Ganados 22 $800 $80 $880 23 $800 $168 $1.232 Valor al Jubilarse $311.092 Valor al Jubilarse $263.232 Menos las contribuciones iniciales $6.400 Menos las contribuciones iniciales $28.800 Ganancia Neta $304.692 Ganancia Neta $234.
Versión simplificada: A continuación, presentamos una tabla donde se demuestra como crecen los ahorros al pasar los años. Las categorías en que se divide la tabla son edad, inversión, intereses ganados y saldo. La tabla contrasta las ganancias en intereses por año de Laura y Alberto con una proyección de edad de jubilación de sesenta y cinco años y según la cantidad de años que mantuvieron el ahorro.

Ejemplo 2
Texto: El varias veces mencionado Yager, nos dice acertadamente sobre estos aspectos lo siguiente: La mayoría de ustedes están hambrientos de tener libertad financiera, están hastiados de tener batallas financieras porque son como un carrusel.
Versión simplificada: Yager habla acertadamente sobre estos aspectos y dice que la mayoría ambiciona tener libertad financiera y está cansada de tener batallas financieras inútiles.

Ejemplo 3
Texto: De acuerdo con esta medición, la proporción de pobres en la población mundial quienes viven con menos de un dólar por día descendió levemente entre 1987 y 1993, pues pasó del 30% al 29%.
Versión simplificada: Según esta medición, la proporción de personas pobres en la población mundial descendió un poco entre mil novecientos ochenta y siete y mil novecientos noventa y tres. Es decir, el porcentaje de personas que vivían con menos de un dólar por día pasó del treinta al veintinueve por ciento.

Ejemplo 4
Texto: - Rentabilidad
INTERÉS DE 2 PESOS SOBRE UNA INVERSIÓN DE 100 PESOS = RENTABILIDAD DE 2 % ((2 ÷ 100) × 100 = 2%) POR CADA 100 PESOS SE GANAN 2 PESOS
Endeudamiento
DEUDA DE 30 PESOS POR SOBRE EL CAPITAL DE 20 PESOS = ENDEUDAMIENTO DE 1,5 VECES EL CAPITAL (30 ÷ 20 = 1,5) POR CADA PESO DE CAPITAL EXISTE 1,5 PESOS DE DEUDA
Liquidez
80 PESOS DE DINERO DISPONIBLE POR SOBRE DEUDAS DE 40 PESOS = LIQUIDEZ DE DOS VECES EL VALOR DE LA DEUDA (80 ÷ 40 = 2) POR CADA PESO DE DEUDA SE DISPONE DE 2 PESOS PARA PAGO
Versión simplificada: EL INTERÉS DE DOS PESOS SOBRE UNA INVERSIÓN DE CIEN PESOS DA UNA RENTABILIDAD DE DOS POR CIENTO. ES DECIR, POR CADA CIEN PESOS GANAMOS DOS PESOS. LA DEUDA DE TREINTA PESOS SOBRE EL CAPITAL DE VEINTE PESOS RESULTA EN UNA DEUDA DE UNO PUNTO CINCO VECES EL CAPITAL. ES DECIR, POR CADA PESO DE CAPITAL HAY UNO PUNTO CINCO PESOS DE DEUDA. EN OCHENTA PESOS DE DINERO DISPONIBLE SOBRE DEUDAS DE CUARENTA PESOS DA UNA LIQUIDEZ DEL DOBLE DE LA DEUDA. POR CADA PESO ADEUDADO HAY DOS PESOS PARA PAGAR.

Texto: Los sueños de los niños tienen una gran variedad que va desde Tarzán hasta el Agente 007, pasando por Superman.
Versión simplificada:",16.3721,success,,{},1193,few-shot,hariel,llama3_cfg_3,0.3,0.9,1.15,256,,,20,15,17,1,1,1,39.35560966810967,11.306082351602983,96.04,99.74000000000001,-3.700000000000003,0.75,0,0.5538461538461539,0,0.5333333333333333,0.65,83.84833333333334,80.92500000000001,2.923333333333332,0.4736842105263158,0.27777777777777773,0.4736842105263158,0.8379143476486206,
exp_prompting_sample36_top4_20260505_022729,c973a01c-046c-4cb1-88c7-b5ac6eba72bf,2026-05-05T02:29:04.410924,feina_repr30_test_sample36,,sample36,llama3,meta-llama/Meta-Llama-3-8B-Instruct,ollama,few-shot,R1,"[78, 1805, 3635, 5262]","{'temperature': 0.3, 'top_p': 0.9, 'repetition_penalty': 1.15, 'max_new_tokens': 256}",1391,Expresiones como soborno y cohecho se refieren a ilícitos vinculados a la compra de la voluntad de un individuo para provecho personal.,Expresiones como soborno y cohecho se refieren a delitos vinculados a comprar la voluntad de alguien para provecho personal.,"Expresiones como ""soborno"" y ""cohecho"" se refieren a actos ilegales que involucran comprar el apoyo o consentimiento de alguien para beneficio propio.","Reescribe en español cada texto con lenguaje más claro y sencillo.
Conserva el significado original y no inventes información.
Guía interna de simplificación: usa palabras comunes; evita tecnicismos innecesarios; reemplaza palabras difíciles por palabras simples.

Devuelve solo la versión final simplificada.

Ejemplo 1
Texto: A continuación una tabla donde se demuestra como crecen los ahorros al pasar los años: Edad Inversión Intereses Saldo Inversión Intereses Saldo Laura Ganados Alberto Ganados 22 $800 $80 $880 23 $800 $168 $1.232 Valor al Jubilarse $311.092 Valor al Jubilarse $263.232 Menos las contribuciones iniciales $6.400 Menos las contribuciones iniciales $28.800 Ganancia Neta $304.692 Ganancia Neta $234.
Versión simplificada: A continuación, presentamos una tabla donde se demuestra como crecen los ahorros al pasar los años. Las categorías en que se divide la tabla son edad, inversión, intereses ganados y saldo. La tabla contrasta las ganancias en intereses por año de Laura y Alberto con una proyección de edad de jubilación de sesenta y cinco años y según la cantidad de años que mantuvieron el ahorro.

Ejemplo 2
Texto: El varias veces mencionado Yager, nos dice acertadamente sobre estos aspectos lo siguiente: La mayoría de ustedes están hambrientos de tener libertad financiera, están hastiados de tener batallas financieras porque son como un carrusel.
Versión simplificada: Yager habla acertadamente sobre estos aspectos y dice que la mayoría ambiciona tener libertad financiera y está cansada de tener batallas financieras inútiles.

Ejemplo 3
Texto: De acuerdo con esta medición, la proporción de pobres en la población mundial quienes viven con menos de un dólar por día descendió levemente entre 1987 y 1993, pues pasó del 30% al 29%.
Versión simplificada: Según esta medición, la proporción de personas pobres en la población mundial descendió un poco entre mil novecientos ochenta y siete y mil novecientos noventa y tres. Es decir, el porcentaje de personas que vivían con menos de un dólar por día pasó del treinta al veintinueve por ciento.

Ejemplo 4
Texto: - Rentabilidad
INTERÉS DE 2 PESOS SOBRE UNA INVERSIÓN DE 100 PESOS = RENTABILIDAD DE 2 % ((2 ÷ 100) × 100 = 2%) POR CADA 100 PESOS SE GANAN 2 PESOS
Endeudamiento
DEUDA DE 30 PESOS POR SOBRE EL CAPITAL DE 20 PESOS = ENDEUDAMIENTO DE 1,5 VECES EL CAPITAL (30 ÷ 20 = 1,5) POR CADA PESO DE CAPITAL EXISTE 1,5 PESOS DE DEUDA
Liquidez
80 PESOS DE DINERO DISPONIBLE POR SOBRE DEUDAS DE 40 PESOS = LIQUIDEZ DE DOS VECES EL VALOR DE LA DEUDA (80 ÷ 40 = 2) POR CADA PESO DE DEUDA SE DISPONE DE 2 PESOS PARA PAGO
Versión simplificada: EL INTERÉS DE DOS PESOS SOBRE UNA INVERSIÓN DE CIEN PESOS DA UNA RENTABILIDAD DE DOS POR CIENTO. ES DECIR, POR CADA CIEN PESOS GANAMOS DOS PESOS. LA DEUDA DE TREINTA PESOS SOBRE EL CAPITAL DE VEINTE PESOS RESULTA EN UNA DEUDA DE UNO PUNTO CINCO VECES EL CAPITAL. ES DECIR, POR CADA PESO DE CAPITAL HAY UNO PUNTO CINCO PESOS DE DEUDA. EN OCHENTA PESOS DE DINERO DISPONIBLE SOBRE DEUDAS DE CUARENTA PESOS DA UNA LIQUIDEZ DEL DOBLE DE LA DEUDA. POR CADA PESO ADEUDADO HAY DOS PESOS PARA PAGAR.

Texto: Expresiones como soborno y cohecho se refieren a ilícitos vinculados a la compra de la voluntad de un individuo para provecho personal.
Versión simplificada:",20.0242,success,,{},1391,few-shot,hariel,llama3_cfg_3,0.3,0.9,1.15,256,,,22,22,19,1,1,1,39.1025383507635,11.145671749607036,60.38545454545455,68.56727272727274,-8.181818181818187,1.0,0,0.5824561403508772,0,0.5454545454545454,0.5454545454545454,37.58045454545456,46.07590909090911,-8.49545454545455,0.5853658536585366,0.4615384615384615,0.5853658536585366,0.8959304094314575,
exp_prompting_sample36_top4_20260505_022729,e6f04e2f-074b-4ddf-aad6-77fd5a2c43e8,2026-05-05T02:29:24.661017,feina_repr30_test_sample36,,sample36,llama3,meta-llama/Meta-Llama-3-8B-Instruct,ollama,few-shot,R1,"[78, 1805, 3635, 5262]","{'temperature': 0.3, 'top_p': 0.9, 'repetition_penalty': 1.15, 'max_new_tokens': 256}",1399,"DIRECCIÓN DE PRESUPUESTO (DIPRES): ""formula y lleva el control presupuestario de la nación.""",DIRECCIÓN DE PRESUPUESTO: formula y lleva el control presupuestario de la nación.,La Dirección de Presupuesto es responsable de gestionar y supervisar los presupuestos del país.,"Reescribe en español cada texto con lenguaje más claro y sencillo.
Conserva el significado original y no inventes información.
Guía interna de simplificación: usa palabras comunes; evita tecnicismos innecesarios; reemplaza palabras difíciles por palabras simples.

Devuelve solo la versión final simplificada.

Ejemplo 1
Texto: A continuación una tabla donde se demuestra como crecen los ahorros al pasar los años: Edad Inversión Intereses Saldo Inversión Intereses Saldo Laura Ganados Alberto Ganados 22 $800 $80 $880 23 $800 $168 $1.232 Valor al Jubilarse $311.092 Valor al Jubilarse $263.232 Menos las contribuciones iniciales $6.400 Menos las contribuciones iniciales $28.800 Ganancia Neta $304.692 Ganancia Neta $234.
Versión simplificada: A continuación, presentamos una tabla donde se demuestra como crecen los ahorros al pasar los años. Las categorías en que se divide la tabla son edad, inversión, intereses ganados y saldo. La tabla contrasta las ganancias en intereses por año de Laura y Alberto con una proyección de edad de jubilación de sesenta y cinco años y según la cantidad de años que mantuvieron el ahorro.

Ejemplo 2
Texto: El varias veces mencionado Yager, nos dice acertadamente sobre estos aspectos lo siguiente: La mayoría de ustedes están hambrientos de tener libertad financiera, están hastiados de tener batallas financieras porque son como un carrusel.
Versión simplificada: Yager habla acertadamente sobre estos aspectos y dice que la mayoría ambiciona tener libertad financiera y está cansada de tener batallas financieras inútiles.

Ejemplo 3
Texto: De acuerdo con esta medición, la proporción de pobres en la población mundial quienes viven con menos de un dólar por día descendió levemente entre 1987 y 1993, pues pasó del 30% al 29%.
Versión simplificada: Según esta medición, la proporción de personas pobres en la población mundial descendió un poco entre mil novecientos ochenta y siete y mil novecientos noventa y tres. Es decir, el porcentaje de personas que vivían con menos de un dólar por día pasó del treinta al veintinueve por ciento.

Ejemplo 4
Texto: - Rentabilidad
INTERÉS DE 2 PESOS SOBRE UNA INVERSIÓN DE 100 PESOS = RENTABILIDAD DE 2 % ((2 ÷ 100) × 100 = 2%) POR CADA 100 PESOS SE GANAN 2 PESOS
Endeudamiento
DEUDA DE 30 PESOS POR SOBRE EL CAPITAL DE 20 PESOS = ENDEUDAMIENTO DE 1,5 VECES EL CAPITAL (30 ÷ 20 = 1,5) POR CADA PESO DE CAPITAL EXISTE 1,5 PESOS DE DEUDA
Liquidez
80 PESOS DE DINERO DISPONIBLE POR SOBRE DEUDAS DE 40 PESOS = LIQUIDEZ DE DOS VECES EL VALOR DE LA DEUDA (80 ÷ 40 = 2) POR CADA PESO DE DEUDA SE DISPONE DE 2 PESOS PARA PAGO
Versión simplificada: EL INTERÉS DE DOS PESOS SOBRE UNA INVERSIÓN DE CIEN PESOS DA UNA RENTABILIDAD DE DOS POR CIENTO. ES DECIR, POR CADA CIEN PESOS GANAMOS DOS PESOS. LA DEUDA DE TREINTA PESOS SOBRE EL CAPITAL DE VEINTE PESOS RESULTA EN UNA DEUDA DE UNO PUNTO CINCO VECES EL CAPITAL. ES DECIR, POR CADA PESO DE CAPITAL HAY UNO PUNTO CINCO PESOS DE DEUDA. EN OCHENTA PESOS DE DINERO DISPONIBLE SOBRE DEUDAS DE CUARENTA PESOS DA UNA LIQUIDEZ DEL DOBLE DE LA DEUDA. POR CADA PESO ADEUDADO HAY DOS PESOS PARA PAGAR.

Texto: DIRECCIÓN DE PRESUPUESTO (DIPRES): ""formula y lleva el control presupuestario de la nación.""
Versión simplificada:",16.3921,success,,{},1399,few-shot,hariel,llama3_cfg_3,0.3,0.9,1.15,256,,,13,14,12,1,1,1,31.316304894310008,3.4585921141027356,70.98285714285716,69.76307692307694,1.219780219780219,1.0769230769230769,0,0.3315508021390374,0,0.5714285714285714,0.5384615384615384,59.33500000000001,59.65038461538464,-0.31538461538463025,0.4666666666666667,0.21428571428571427,0.3333333333333333,0.7064061760902405,
exp_prompting_sample36_top4_20260505_022729,8d449fb9-f73d-44be-ae36-e479c98d1768,2026-05-05T02:29:41.281847,feina_repr30_test_sample36,,sample36,llama3,meta-llama/Meta-Llama-3-8B-Instruct,ollama,few-shot,R1,"[78, 1805, 3635, 5262]","{'temperature': 0.3, 'top_p': 0.9, 'repetition_penalty': 1.15, 'max_new_tokens': 256}",1636,"Interés compuesto: Es la suma del capital y el interés acumulado, que se va multiplicando según los plazos convenidos. La tasa de interés es el porcentaje que se aplica a un préstamo o inversión realizada.",El interés compuesto es la suma del capital y el interés acumulado. La tasa de interés es el porcentaje aplicado a un préstamo o inversión realizada.,"El interés compuesto es la suma del capital y el interés acumulado, que crece según el tiempo establecido. La tasa de interés es el porcentaje que se aplica a un préstamo o inversión.","Reescribe en español cada texto con lenguaje más claro y sencillo.
Conserva el significado original y no inventes información.
Guía interna de simplificación: usa palabras comunes; evita tecnicismos innecesarios; reemplaza palabras difíciles por palabras simples.

Devuelve solo la versión final simplificada.

Ejemplo 1
Texto: A continuación una tabla donde se demuestra como crecen los ahorros al pasar los años: Edad Inversión Intereses Saldo Inversión Intereses Saldo Laura Ganados Alberto Ganados 22 $800 $80 $880 23 $800 $168 $1.232 Valor al Jubilarse $311.092 Valor al Jubilarse $263.232 Menos las contribuciones iniciales $6.400 Menos las contribuciones iniciales $28.800 Ganancia Neta $304.692 Ganancia Neta $234.
Versión simplificada: A continuación, presentamos una tabla donde se demuestra como crecen los ahorros al pasar los años. Las categorías en que se divide la tabla son edad, inversión, intereses ganados y saldo. La tabla contrasta las ganancias en intereses por año de Laura y Alberto con una proyección de edad de jubilación de sesenta y cinco años y según la cantidad de años que mantuvieron el ahorro.

Ejemplo 2
Texto: El varias veces mencionado Yager, nos dice acertadamente sobre estos aspectos lo siguiente: La mayoría de ustedes están hambrientos de tener libertad financiera, están hastiados de tener batallas financieras porque son como un carrusel.
Versión simplificada: Yager habla acertadamente sobre estos aspectos y dice que la mayoría ambiciona tener libertad financiera y está cansada de tener batallas financieras inútiles.

Ejemplo 3
Texto: De acuerdo con esta medición, la proporción de pobres en la población mundial quienes viven con menos de un dólar por día descendió levemente entre 1987 y 1993, pues pasó del 30% al 29%.
Versión simplificada: Según esta medición, la proporción de personas pobres en la población mundial descendió un poco entre mil novecientos ochenta y siete y mil novecientos noventa y tres. Es decir, el porcentaje de personas que vivían con menos de un dólar por día pasó del treinta al veintinueve por ciento.

Ejemplo 4
Texto: - Rentabilidad
INTERÉS DE 2 PESOS SOBRE UNA INVERSIÓN DE 100 PESOS = RENTABILIDAD DE 2 % ((2 ÷ 100) × 100 = 2%) POR CADA 100 PESOS SE GANAN 2 PESOS
Endeudamiento
DEUDA DE 30 PESOS POR SOBRE EL CAPITAL DE 20 PESOS = ENDEUDAMIENTO DE 1,5 VECES EL CAPITAL (30 ÷ 20 = 1,5) POR CADA PESO DE CAPITAL EXISTE 1,5 PESOS DE DEUDA
Liquidez
80 PESOS DE DINERO DISPONIBLE POR SOBRE DEUDAS DE 40 PESOS = LIQUIDEZ DE DOS VECES EL VALOR DE LA DEUDA (80 ÷ 40 = 2) POR CADA PESO DE DEUDA SE DISPONE DE 2 PESOS PARA PAGO
Versión simplificada: EL INTERÉS DE DOS PESOS SOBRE UNA INVERSIÓN DE CIEN PESOS DA UNA RENTABILIDAD DE DOS POR CIENTO. ES DECIR, POR CADA CIEN PESOS GANAMOS DOS PESOS. LA DEUDA DE TREINTA PESOS SOBRE EL CAPITAL DE VEINTE PESOS RESULTA EN UNA DEUDA DE UNO PUNTO CINCO VECES EL CAPITAL. ES DECIR, POR CADA PESO DE CAPITAL HAY UNO PUNTO CINCO PESOS DE DEUDA. EN OCHENTA PESOS DE DINERO DISPONIBLE SOBRE DEUDAS DE CUARENTA PESOS DA UNA LIQUIDEZ DEL DOBLE DE LA DEUDA. POR CADA PESO ADEUDADO HAY DOS PESOS PARA PAGAR.

Texto: Interés compuesto: Es la suma del capital y el interés acumulado, que se va multiplicando según los plazos convenidos. La tasa de interés es el porcentaje que se aplica a un préstamo o inversión realizada.
Versión simplificada:",22.6688,success,,{},1636,few-shot,hariel,llama3_cfg_3,0.3,0.9,1.15,256,,,35,33,26,2,2,2,56.65722572012688,59.22111127396989,82.47636363636364,77.58285714285716,4.893506493506479,0.9428571428571428,0,0.8350515463917526,0,0.15151515151515152,0.2,67.6228787878788,61.17500000000004,6.447878787878764,0.8285714285714285,0.7647058823529413,0.8285714285714285,0.9401412606239319,
exp_prompting_sample36_top4_20260505_022729,63733f16-6591-481a-9223-f031687d8abe,2026-05-05T02:30:04.177045,feina_repr30_test_sample36,,sample36,llama3,meta-llama/Meta-Llama-3-8B-Instruct,ollama,few-shot,R1,"[78, 1805, 3635, 5262]","{'temperature': 0.3, 'top_p': 0.9, 'repetition_penalty': 1.15, 'max_new_tokens': 256}",1740,La producción en un país se realiza mediante lo que se conoce como factores de producción y de los cuales nos ocuparemos en detalle más adelante.,A través de los factores de producción se realiza la producción en un país. Más adelante nos ocuparemos en detalle de estos factores.,"La producción en un país se hace utilizando recursos, sobre los que hablaremos después.","Reescribe en español cada texto con lenguaje más claro y sencillo.
Conserva el significado original y no inventes información.
Guía interna de simplificación: usa palabras comunes; evita tecnicismos innecesarios; reemplaza palabras difíciles por palabras simples.

Devuelve solo la versión final simplificada.

Ejemplo 1
Texto: A continuación una tabla donde se demuestra como crecen los ahorros al pasar los años: Edad Inversión Intereses Saldo Inversión Intereses Saldo Laura Ganados Alberto Ganados 22 $800 $80 $880 23 $800 $168 $1.232 Valor al Jubilarse $311.092 Valor al Jubilarse $263.232 Menos las contribuciones iniciales $6.400 Menos las contribuciones iniciales $28.800 Ganancia Neta $304.692 Ganancia Neta $234.
Versión simplificada: A continuación, presentamos una tabla donde se demuestra como crecen los ahorros al pasar los años. Las categorías en que se divide la tabla son edad, inversión, intereses ganados y saldo. La tabla contrasta las ganancias en intereses por año de Laura y Alberto con una proyección de edad de jubilación de sesenta y cinco años y según la cantidad de años que mantuvieron el ahorro.

Ejemplo 2
Texto: El varias veces mencionado Yager, nos dice acertadamente sobre estos aspectos lo siguiente: La mayoría de ustedes están hambrientos de tener libertad financiera, están hastiados de tener batallas financieras porque son como un carrusel.
Versión simplificada: Yager habla acertadamente sobre estos aspectos y dice que la mayoría ambiciona tener libertad financiera y está cansada de tener batallas financieras inútiles.

Ejemplo 3
Texto: De acuerdo con esta medición, la proporción de pobres en la población mundial quienes viven con menos de un dólar por día descendió levemente entre 1987 y 1993, pues pasó del 30% al 29%.
Versión simplificada: Según esta medición, la proporción de personas pobres en la población mundial descendió un poco entre mil novecientos ochenta y siete y mil novecientos noventa y tres. Es decir, el porcentaje de personas que vivían con menos de un dólar por día pasó del treinta al veintinueve por ciento.

Ejemplo 4
Texto: - Rentabilidad
INTERÉS DE 2 PESOS SOBRE UNA INVERSIÓN DE 100 PESOS = RENTABILIDAD DE 2 % ((2 ÷ 100) × 100 = 2%) POR CADA 100 PESOS SE GANAN 2 PESOS
Endeudamiento
DEUDA DE 30 PESOS POR SOBRE EL CAPITAL DE 20 PESOS = ENDEUDAMIENTO DE 1,5 VECES EL CAPITAL (30 ÷ 20 = 1,5) POR CADA PESO DE CAPITAL EXISTE 1,5 PESOS DE DEUDA
Liquidez
80 PESOS DE DINERO DISPONIBLE POR SOBRE DEUDAS DE 40 PESOS = LIQUIDEZ DE DOS VECES EL VALOR DE LA DEUDA (80 ÷ 40 = 2) POR CADA PESO DE DEUDA SE DISPONE DE 2 PESOS PARA PAGO
Versión simplificada: EL INTERÉS DE DOS PESOS SOBRE UNA INVERSIÓN DE CIEN PESOS DA UNA RENTABILIDAD DE DOS POR CIENTO. ES DECIR, POR CADA CIEN PESOS GANAMOS DOS PESOS. LA DEUDA DE TREINTA PESOS SOBRE EL CAPITAL DE VEINTE PESOS RESULTA EN UNA DEUDA DE UNO PUNTO CINCO VECES EL CAPITAL. ES DECIR, POR CADA PESO DE CAPITAL HAY UNO PUNTO CINCO PESOS DE DEUDA. EN OCHENTA PESOS DE DINERO DISPONIBLE SOBRE DEUDAS DE CUARENTA PESOS DA UNA LIQUIDEZ DEL DOBLE DE LA DEUDA. POR CADA PESO ADEUDADO HAY DOS PESOS PARA PAGAR.

Texto: La producción en un país se realiza mediante lo que se conoce como factores de producción y de los cuales nos ocuparemos en detalle más adelante.
Versión simplificada:",14.6244,success,,{},1740,few-shot,hariel,llama3_cfg_3,0.3,0.9,1.15,256,,,26,14,23,1,1,2,45.35319255907492,10.03346682639213,79.55428571428571,89.84000000000002,-10.285714285714306,0.5384615384615384,0,0.5258620689655172,0,0.42857142857142855,0.6923076923076923,68.23500000000001,63.42346153846155,4.811538461538461,0.4444444444444445,0.27906976744186046,0.35555555555555557,0.7881205677986145,
exp_prompting_sample36_top4_20260505_022729,89026556-52e5-45e7-9379-64c5b6070d66,2026-05-05T02:30:19.024834,feina_repr30_test_sample36,,sample36,llama3,meta-llama/Meta-Llama-3-8B-Instruct,ollama,few-shot,R1,"[78, 1805, 3635, 5262]","{'temperature': 0.3, 'top_p': 0.9, 'repetition_penalty': 1.15, 'max_new_tokens': 256}",1742,"A pesar de que algunos critican al intermediario, se necesita a este individuo en la economía.","Aunque algunas personas critican al intermediario, este individuo es necesario en la economía.","Aunque algunos critican al intermediario financiero, es importante su papel en la economía.","Reescribe en español cada texto con lenguaje más claro y sencillo.
Conserva el significado original y no inventes información.
Guía interna de simplificación: usa palabras comunes; evita tecnicismos innecesarios; reemplaza palabras difíciles por palabras simples.

Devuelve solo la versión final simplificada.

Ejemplo 1
Texto: A continuación una tabla donde se demuestra como crecen los ahorros al pasar los años: Edad Inversión Intereses Saldo Inversión Intereses Saldo Laura Ganados Alberto Ganados 22 $800 $80 $880 23 $800 $168 $1.232 Valor al Jubilarse $311.092 Valor al Jubilarse $263.232 Menos las contribuciones iniciales $6.400 Menos las contribuciones iniciales $28.800 Ganancia Neta $304.692 Ganancia Neta $234.
Versión simplificada: A continuación, presentamos una tabla donde se demuestra como crecen los ahorros al pasar los años. Las categorías en que se divide la tabla son edad, inversión, intereses ganados y saldo. La tabla contrasta las ganancias en intereses por año de Laura y Alberto con una proyección de edad de jubilación de sesenta y cinco años y según la cantidad de años que mantuvieron el ahorro.

Ejemplo 2
Texto: El varias veces mencionado Yager, nos dice acertadamente sobre estos aspectos lo siguiente: La mayoría de ustedes están hambrientos de tener libertad financiera, están hastiados de tener batallas financieras porque son como un carrusel.
Versión simplificada: Yager habla acertadamente sobre estos aspectos y dice que la mayoría ambiciona tener libertad financiera y está cansada de tener batallas financieras inútiles.

Ejemplo 3
Texto: De acuerdo con esta medición, la proporción de pobres en la población mundial quienes viven con menos de un dólar por día descendió levemente entre 1987 y 1993, pues pasó del 30% al 29%.
Versión simplificada: Según esta medición, la proporción de personas pobres en la población mundial descendió un poco entre mil novecientos ochenta y siete y mil novecientos noventa y tres. Es decir, el porcentaje de personas que vivían con menos de un dólar por día pasó del treinta al veintinueve por ciento.

Ejemplo 4
Texto: - Rentabilidad
INTERÉS DE 2 PESOS SOBRE UNA INVERSIÓN DE 100 PESOS = RENTABILIDAD DE 2 % ((2 ÷ 100) × 100 = 2%) POR CADA 100 PESOS SE GANAN 2 PESOS
Endeudamiento
DEUDA DE 30 PESOS POR SOBRE EL CAPITAL DE 20 PESOS = ENDEUDAMIENTO DE 1,5 VECES EL CAPITAL (30 ÷ 20 = 1,5) POR CADA PESO DE CAPITAL EXISTE 1,5 PESOS DE DEUDA
Liquidez
80 PESOS DE DINERO DISPONIBLE POR SOBRE DEUDAS DE 40 PESOS = LIQUIDEZ DE DOS VECES EL VALOR DE LA DEUDA (80 ÷ 40 = 2) POR CADA PESO DE DEUDA SE DISPONE DE 2 PESOS PARA PAGO
Versión simplificada: EL INTERÉS DE DOS PESOS SOBRE UNA INVERSIÓN DE CIEN PESOS DA UNA RENTABILIDAD DE DOS POR CIENTO. ES DECIR, POR CADA CIEN PESOS GANAMOS DOS PESOS. LA DEUDA DE TREINTA PESOS SOBRE EL CAPITAL DE VEINTE PESOS RESULTA EN UNA DEUDA DE UNO PUNTO CINCO VECES EL CAPITAL. ES DECIR, POR CADA PESO DE CAPITAL HAY UNO PUNTO CINCO PESOS DE DEUDA. EN OCHENTA PESOS DE DINERO DISPONIBLE SOBRE DEUDAS DE CUARENTA PESOS DA UNA LIQUIDEZ DEL DOBLE DE LA DEUDA. POR CADA PESO ADEUDADO HAY DOS PESOS PARA PAGAR.

Texto: A pesar de que algunos critican al intermediario, se necesita a este individuo en la economía.
Versión simplificada:",15.5258,success,,{},1742,few-shot,hariel,llama3_cfg_3,0.3,0.9,1.15,256,,,16,13,13,1,1,1,56.21156878896817,26.01278440403793,51.30153846153848,69.215,-17.913461538461526,0.8125,0,0.6702702702702703,0,0.46153846153846156,0.5625,40.48115384615386,54.55375000000001,-14.072596153846149,0.6428571428571429,0.38461538461538464,0.6428571428571429,0.8829872608184814,
exp_prompting_sample36_top4_20260505_022729,a162b9cd-3737-4fb7-a437-59ccc0d67390,2026-05-05T02:30:34.815435,feina_repr30_test_sample36,,sample36,llama3,meta-llama/Meta-Llama-3-8B-Instruct,ollama,few-shot,R1,"[78, 1805, 3635, 5262]","{'temperature': 0.3, 'top_p': 0.9, 'repetition_penalty': 1.15, 'max_new_tokens': 256}",1790,El impuesto a los réditos es también un buen instrumento para conocer el monto de las rentas y de la riqueza nacional.,El impuesto a las utilidades también es un buen método para conocer el monto de las rentas y de la riqueza nacional.,El impuesto sobre los intereses es una forma efectiva de medir el monto de las rentas y la riqueza del país.,"Reescribe en español cada texto con lenguaje más claro y sencillo.
Conserva el significado original y no inventes información.
Guía interna de simplificación: usa palabras comunes; evita tecnicismos innecesarios; reemplaza palabras difíciles por palabras simples.

Devuelve solo la versión final simplificada.

Ejemplo 1
Texto: A continuación una tabla donde se demuestra como crecen los ahorros al pasar los años: Edad Inversión Intereses Saldo Inversión Intereses Saldo Laura Ganados Alberto Ganados 22 $800 $80 $880 23 $800 $168 $1.232 Valor al Jubilarse $311.092 Valor al Jubilarse $263.232 Menos las contribuciones iniciales $6.400 Menos las contribuciones iniciales $28.800 Ganancia Neta $304.692 Ganancia Neta $234.
Versión simplificada: A continuación, presentamos una tabla donde se demuestra como crecen los ahorros al pasar los años. Las categorías en que se divide la tabla son edad, inversión, intereses ganados y saldo. La tabla contrasta las ganancias en intereses por año de Laura y Alberto con una proyección de edad de jubilación de sesenta y cinco años y según la cantidad de años que mantuvieron el ahorro.

Ejemplo 2
Texto: El varias veces mencionado Yager, nos dice acertadamente sobre estos aspectos lo siguiente: La mayoría de ustedes están hambrientos de tener libertad financiera, están hastiados de tener batallas financieras porque son como un carrusel.
Versión simplificada: Yager habla acertadamente sobre estos aspectos y dice que la mayoría ambiciona tener libertad financiera y está cansada de tener batallas financieras inútiles.

Ejemplo 3
Texto: De acuerdo con esta medición, la proporción de pobres en la población mundial quienes viven con menos de un dólar por día descendió levemente entre 1987 y 1993, pues pasó del 30% al 29%.
Versión simplificada: Según esta medición, la proporción de personas pobres en la población mundial descendió un poco entre mil novecientos ochenta y siete y mil novecientos noventa y tres. Es decir, el porcentaje de personas que vivían con menos de un dólar por día pasó del treinta al veintinueve por ciento.

Ejemplo 4
Texto: - Rentabilidad
INTERÉS DE 2 PESOS SOBRE UNA INVERSIÓN DE 100 PESOS = RENTABILIDAD DE 2 % ((2 ÷ 100) × 100 = 2%) POR CADA 100 PESOS SE GANAN 2 PESOS
Endeudamiento
DEUDA DE 30 PESOS POR SOBRE EL CAPITAL DE 20 PESOS = ENDEUDAMIENTO DE 1,5 VECES EL CAPITAL (30 ÷ 20 = 1,5) POR CADA PESO DE CAPITAL EXISTE 1,5 PESOS DE DEUDA
Liquidez
80 PESOS DE DINERO DISPONIBLE POR SOBRE DEUDAS DE 40 PESOS = LIQUIDEZ DE DOS VECES EL VALOR DE LA DEUDA (80 ÷ 40 = 2) POR CADA PESO DE DEUDA SE DISPONE DE 2 PESOS PARA PAGO
Versión simplificada: EL INTERÉS DE DOS PESOS SOBRE UNA INVERSIÓN DE CIEN PESOS DA UNA RENTABILIDAD DE DOS POR CIENTO. ES DECIR, POR CADA CIEN PESOS GANAMOS DOS PESOS. LA DEUDA DE TREINTA PESOS SOBRE EL CAPITAL DE VEINTE PESOS RESULTA EN UNA DEUDA DE UNO PUNTO CINCO VECES EL CAPITAL. ES DECIR, POR CADA PESO DE CAPITAL HAY UNO PUNTO CINCO PESOS DE DEUDA. EN OCHENTA PESOS DE DINERO DISPONIBLE SOBRE DEUDAS DE CUARENTA PESOS DA UNA LIQUIDEZ DEL DOBLE DE LA DEUDA. POR CADA PESO ADEUDADO HAY DOS PESOS PARA PAGAR.

Texto: El impuesto a los réditos es también un buen instrumento para conocer el monto de las rentas y de la riqueza nacional.
Versión simplificada:",17.8176,success,,{},1790,few-shot,hariel,llama3_cfg_3,0.3,0.9,1.15,256,,,22,21,22,1,1,1,39.711278191670345,26.835433067540844,96.26857142857143,95.84,0.4285714285714306,0.9545454545454546,0,0.6194690265486725,0,0.38095238095238093,0.4090909090909091,76.06833333333334,74.39409090909092,1.674242424242422,0.5217391304347826,0.31818181818181823,0.4782608695652174,0.89063560962677,
exp_prompting_sample36_top4_20260505_022729,728030ea-5fa1-412f-8c2e-ad08696c70d2,2026-05-05T02:30:52.850845,feina_repr30_test_sample36,,sample36,llama3,meta-llama/Meta-Llama-3-8B-Instruct,ollama,few-shot,R1,"[78, 1805, 3635, 5262]","{'temperature': 0.3, 'top_p': 0.9, 'repetition_penalty': 1.15, 'max_new_tokens': 256}",1920,"También es de mucha ayuda separar las metas en tres períodos de tiempo para los propósitos de planeamiento, y aun cuando esto ya se trató en el capítulo anterior, se reitera tan importante aspecto, centrados en el tema del presente y con la intención de reforzar el manejo del mismo:","También ayuda separar las metas en tres períodos de tiempo para cumplir con los propósitos planteados. Aunque este aspecto ya se trató en el capítulo anterior, reiteramos su importancia:",Separar las metas en tres períodos de tiempo ayuda a planificar mejor.,"Reescribe en español cada texto con lenguaje más claro y sencillo.
Conserva el significado original y no inventes información.
Guía interna de simplificación: usa palabras comunes; evita tecnicismos innecesarios; reemplaza palabras difíciles por palabras simples.

Devuelve solo la versión final simplificada.

Ejemplo 1
Texto: A continuación una tabla donde se demuestra como crecen los ahorros al pasar los años: Edad Inversión Intereses Saldo Inversión Intereses Saldo Laura Ganados Alberto Ganados 22 $800 $80 $880 23 $800 $168 $1.232 Valor al Jubilarse $311.092 Valor al Jubilarse $263.232 Menos las contribuciones iniciales $6.400 Menos las contribuciones iniciales $28.800 Ganancia Neta $304.692 Ganancia Neta $234.
Versión simplificada: A continuación, presentamos una tabla donde se demuestra como crecen los ahorros al pasar los años. Las categorías en que se divide la tabla son edad, inversión, intereses ganados y saldo. La tabla contrasta las ganancias en intereses por año de Laura y Alberto con una proyección de edad de jubilación de sesenta y cinco años y según la cantidad de años que mantuvieron el ahorro.

Ejemplo 2
Texto: El varias veces mencionado Yager, nos dice acertadamente sobre estos aspectos lo siguiente: La mayoría de ustedes están hambrientos de tener libertad financiera, están hastiados de tener batallas financieras porque son como un carrusel.
Versión simplificada: Yager habla acertadamente sobre estos aspectos y dice que la mayoría ambiciona tener libertad financiera y está cansada de tener batallas financieras inútiles.

Ejemplo 3
Texto: De acuerdo con esta medición, la proporción de pobres en la población mundial quienes viven con menos de un dólar por día descendió levemente entre 1987 y 1993, pues pasó del 30% al 29%.
Versión simplificada: Según esta medición, la proporción de personas pobres en la población mundial descendió un poco entre mil novecientos ochenta y siete y mil novecientos noventa y tres. Es decir, el porcentaje de personas que vivían con menos de un dólar por día pasó del treinta al veintinueve por ciento.

Ejemplo 4
Texto: - Rentabilidad
INTERÉS DE 2 PESOS SOBRE UNA INVERSIÓN DE 100 PESOS = RENTABILIDAD DE 2 % ((2 ÷ 100) × 100 = 2%) POR CADA 100 PESOS SE GANAN 2 PESOS
Endeudamiento
DEUDA DE 30 PESOS POR SOBRE EL CAPITAL DE 20 PESOS = ENDEUDAMIENTO DE 1,5 VECES EL CAPITAL (30 ÷ 20 = 1,5) POR CADA PESO DE CAPITAL EXISTE 1,5 PESOS DE DEUDA
Liquidez
80 PESOS DE DINERO DISPONIBLE POR SOBRE DEUDAS DE 40 PESOS = LIQUIDEZ DE DOS VECES EL VALOR DE LA DEUDA (80 ÷ 40 = 2) POR CADA PESO DE DEUDA SE DISPONE DE 2 PESOS PARA PAGO
Versión simplificada: EL INTERÉS DE DOS PESOS SOBRE UNA INVERSIÓN DE CIEN PESOS DA UNA RENTABILIDAD DE DOS POR CIENTO. ES DECIR, POR CADA CIEN PESOS GANAMOS DOS PESOS. LA DEUDA DE TREINTA PESOS SOBRE EL CAPITAL DE VEINTE PESOS RESULTA EN UNA DEUDA DE UNO PUNTO CINCO VECES EL CAPITAL. ES DECIR, POR CADA PESO DE CAPITAL HAY UNO PUNTO CINCO PESOS DE DEUDA. EN OCHENTA PESOS DE DINERO DISPONIBLE SOBRE DEUDAS DE CUARENTA PESOS DA UNA LIQUIDEZ DEL DOBLE DE LA DEUDA. POR CADA PESO ADEUDADO HAY DOS PESOS PARA PAGAR.

Texto: También es de mucha ayuda separar las metas en tres períodos de tiempo para los propósitos de planeamiento, y aun cuando esto ya se trató en el capítulo anterior, se reitera tan importante aspecto, centrados en el tema del presente y con la intención de reforzar el manejo del mismo:
Versión simplificada:",15.7369,success,,{},1920,few-shot,hariel,llama3_cfg_3,0.3,0.9,1.15,256,,,50,12,29,1,1,2,49.8678965303786,11.61417937112354,78.34,92.0,-13.659999999999997,0.24,0,0.34560906515580736,0,0.25,0.82,70.23500000000001,39.71100000000003,30.523999999999987,0.43478260869565216,0.36363636363636365,0.391304347826087,0.7602027654647827,
exp_prompting_sample36_top4_20260505_022729,02bf9d72-5228-40a7-ba01-67fb16ee5967,2026-05-05T02:31:08.806233,feina_repr30_test_sample36,,sample36,llama3,meta-llama/Meta-Llama-3-8B-Instruct,ollama,few-shot,R1,"[78, 1805, 3635, 5262]","{'temperature': 0.3, 'top_p': 0.9, 'repetition_penalty': 1.15, 'max_new_tokens': 256}",2027,Seguridad financiera: Consiste en cumplir con las necesidades que se presentan en el futuro de las personas y al mismo tiempo cumplir con las obligaciones diarias.,"Seguridad financiera, consiste en cumplir con las necesidades económicas que se presentan en el futuro de las personas y también cumplir con las obligaciones financieras diarias.","La seguridad financiera es importante porque te permite pagar tus necesidades actuales y futuras, así como también cumplir con tus compromisos.","Reescribe en español cada texto con lenguaje más claro y sencillo.
Conserva el significado original y no inventes información.
Guía interna de simplificación: usa palabras comunes; evita tecnicismos innecesarios; reemplaza palabras difíciles por palabras simples.

Devuelve solo la versión final simplificada.

Ejemplo 1
Texto: A continuación una tabla donde se demuestra como crecen los ahorros al pasar los años: Edad Inversión Intereses Saldo Inversión Intereses Saldo Laura Ganados Alberto Ganados 22 $800 $80 $880 23 $800 $168 $1.232 Valor al Jubilarse $311.092 Valor al Jubilarse $263.232 Menos las contribuciones iniciales $6.400 Menos las contribuciones iniciales $28.800 Ganancia Neta $304.692 Ganancia Neta $234.
Versión simplificada: A continuación, presentamos una tabla donde se demuestra como crecen los ahorros al pasar los años. Las categorías en que se divide la tabla son edad, inversión, intereses ganados y saldo. La tabla contrasta las ganancias en intereses por año de Laura y Alberto con una proyección de edad de jubilación de sesenta y cinco años y según la cantidad de años que mantuvieron el ahorro.

Ejemplo 2
Texto: El varias veces mencionado Yager, nos dice acertadamente sobre estos aspectos lo siguiente: La mayoría de ustedes están hambrientos de tener libertad financiera, están hastiados de tener batallas financieras porque son como un carrusel.
Versión simplificada: Yager habla acertadamente sobre estos aspectos y dice que la mayoría ambiciona tener libertad financiera y está cansada de tener batallas financieras inútiles.

Ejemplo 3
Texto: De acuerdo con esta medición, la proporción de pobres en la población mundial quienes viven con menos de un dólar por día descendió levemente entre 1987 y 1993, pues pasó del 30% al 29%.
Versión simplificada: Según esta medición, la proporción de personas pobres en la población mundial descendió un poco entre mil novecientos ochenta y siete y mil novecientos noventa y tres. Es decir, el porcentaje de personas que vivían con menos de un dólar por día pasó del treinta al veintinueve por ciento.

Ejemplo 4
Texto: - Rentabilidad
INTERÉS DE 2 PESOS SOBRE UNA INVERSIÓN DE 100 PESOS = RENTABILIDAD DE 2 % ((2 ÷ 100) × 100 = 2%) POR CADA 100 PESOS SE GANAN 2 PESOS
Endeudamiento
DEUDA DE 30 PESOS POR SOBRE EL CAPITAL DE 20 PESOS = ENDEUDAMIENTO DE 1,5 VECES EL CAPITAL (30 ÷ 20 = 1,5) POR CADA PESO DE CAPITAL EXISTE 1,5 PESOS DE DEUDA
Liquidez
80 PESOS DE DINERO DISPONIBLE POR SOBRE DEUDAS DE 40 PESOS = LIQUIDEZ DE DOS VECES EL VALOR DE LA DEUDA (80 ÷ 40 = 2) POR CADA PESO DE DEUDA SE DISPONE DE 2 PESOS PARA PAGO
Versión simplificada: EL INTERÉS DE DOS PESOS SOBRE UNA INVERSIÓN DE CIEN PESOS DA UNA RENTABILIDAD DE DOS POR CIENTO. ES DECIR, POR CADA CIEN PESOS GANAMOS DOS PESOS. LA DEUDA DE TREINTA PESOS SOBRE EL CAPITAL DE VEINTE PESOS RESULTA EN UNA DEUDA DE UNO PUNTO CINCO VECES EL CAPITAL. ES DECIR, POR CADA PESO DE CAPITAL HAY UNO PUNTO CINCO PESOS DE DEUDA. EN OCHENTA PESOS DE DINERO DISPONIBLE SOBRE DEUDAS DE CUARENTA PESOS DA UNA LIQUIDEZ DEL DOBLE DE LA DEUDA. POR CADA PESO ADEUDADO HAY DOS PESOS PARA PAGAR.

Texto: Seguridad financiera: Consiste en cumplir con las necesidades que se presentan en el futuro de las personas y al mismo tiempo cumplir con las obligaciones diarias.
Versión simplificada:",17.4918,success,,{},2027,few-shot,hariel,llama3_cfg_3,0.3,0.9,1.15,256,,,26,21,26,1,1,1,26.158551597431057,6.3024687512681865,61.98285714285715,80.60923076923079,-18.626373626373642,0.8076923076923077,0,0.33986928104575165,0,0.7142857142857143,0.7692307692307693,40.468333333333334,53.83884615384618,-13.370512820512843,0.32,0.16666666666666666,0.32,0.7802111506462097,
exp_prompting_sample36_top4_20260505_022729,d88d5bd2-0392-4e0d-b368-78b66c78b46e,2026-05-05T02:31:26.534478,feina_repr30_test_sample36,,sample36,llama3,meta-llama/Meta-Llama-3-8B-Instruct,ollama,few-shot,R1,"[78, 1805, 3635, 5262]","{'temperature': 0.3, 'top_p': 0.9, 'repetition_penalty': 1.15, 'max_new_tokens': 256}",2065,"La última, pero no menos importante razón, puede ser encontrar un fascinante campo de acción intelectual para comprender el mundo real.",La última es encontrar un campo de acción intelectual para comprender el mundo real.,La razón final es encontrar un tema interesante que te ayude a entender mejor el mundo.,"Reescribe en español cada texto con lenguaje más claro y sencillo.
Conserva el significado original y no inventes información.
Guía interna de simplificación: usa palabras comunes; evita tecnicismos innecesarios; reemplaza palabras difíciles por palabras simples.

Devuelve solo la versión final simplificada.

Ejemplo 1
Texto: A continuación una tabla donde se demuestra como crecen los ahorros al pasar los años: Edad Inversión Intereses Saldo Inversión Intereses Saldo Laura Ganados Alberto Ganados 22 $800 $80 $880 23 $800 $168 $1.232 Valor al Jubilarse $311.092 Valor al Jubilarse $263.232 Menos las contribuciones iniciales $6.400 Menos las contribuciones iniciales $28.800 Ganancia Neta $304.692 Ganancia Neta $234.
Versión simplificada: A continuación, presentamos una tabla donde se demuestra como crecen los ahorros al pasar los años. Las categorías en que se divide la tabla son edad, inversión, intereses ganados y saldo. La tabla contrasta las ganancias en intereses por año de Laura y Alberto con una proyección de edad de jubilación de sesenta y cinco años y según la cantidad de años que mantuvieron el ahorro.

Ejemplo 2
Texto: El varias veces mencionado Yager, nos dice acertadamente sobre estos aspectos lo siguiente: La mayoría de ustedes están hambrientos de tener libertad financiera, están hastiados de tener batallas financieras porque son como un carrusel.
Versión simplificada: Yager habla acertadamente sobre estos aspectos y dice que la mayoría ambiciona tener libertad financiera y está cansada de tener batallas financieras inútiles.

Ejemplo 3
Texto: De acuerdo con esta medición, la proporción de pobres en la población mundial quienes viven con menos de un dólar por día descendió levemente entre 1987 y 1993, pues pasó del 30% al 29%.
Versión simplificada: Según esta medición, la proporción de personas pobres en la población mundial descendió un poco entre mil novecientos ochenta y siete y mil novecientos noventa y tres. Es decir, el porcentaje de personas que vivían con menos de un dólar por día pasó del treinta al veintinueve por ciento.

Ejemplo 4
Texto: - Rentabilidad
INTERÉS DE 2 PESOS SOBRE UNA INVERSIÓN DE 100 PESOS = RENTABILIDAD DE 2 % ((2 ÷ 100) × 100 = 2%) POR CADA 100 PESOS SE GANAN 2 PESOS
Endeudamiento
DEUDA DE 30 PESOS POR SOBRE EL CAPITAL DE 20 PESOS = ENDEUDAMIENTO DE 1,5 VECES EL CAPITAL (30 ÷ 20 = 1,5) POR CADA PESO DE CAPITAL EXISTE 1,5 PESOS DE DEUDA
Liquidez
80 PESOS DE DINERO DISPONIBLE POR SOBRE DEUDAS DE 40 PESOS = LIQUIDEZ DE DOS VECES EL VALOR DE LA DEUDA (80 ÷ 40 = 2) POR CADA PESO DE DEUDA SE DISPONE DE 2 PESOS PARA PAGO
Versión simplificada: EL INTERÉS DE DOS PESOS SOBRE UNA INVERSIÓN DE CIEN PESOS DA UNA RENTABILIDAD DE DOS POR CIENTO. ES DECIR, POR CADA CIEN PESOS GANAMOS DOS PESOS. LA DEUDA DE TREINTA PESOS SOBRE EL CAPITAL DE VEINTE PESOS RESULTA EN UNA DEUDA DE UNO PUNTO CINCO VECES EL CAPITAL. ES DECIR, POR CADA PESO DE CAPITAL HAY UNO PUNTO CINCO PESOS DE DEUDA. EN OCHENTA PESOS DE DINERO DISPONIBLE SOBRE DEUDAS DE CUARENTA PESOS DA UNA LIQUIDEZ DEL DOBLE DE LA DEUDA. POR CADA PESO ADEUDADO HAY DOS PESOS PARA PAGAR.

Texto: La última, pero no menos importante razón, puede ser encontrar un fascinante campo de acción intelectual para comprender el mundo real.
Versión simplificada:",16.1215,success,,{},2065,few-shot,hariel,llama3_cfg_3,0.3,0.9,1.15,256,,,21,16,14,1,1,1,35.419194095664686,11.64394847706997,84.215,76.26857142857142,7.946428571428584,0.7619047619047619,0,0.5045045045045045,0,0.625,0.7142857142857143,70.12875000000001,55.30166666666668,14.827083333333334,0.43749999999999994,0.19999999999999998,0.37500000000000006,0.8186931610107422,
exp_prompting_sample36_top4_20260505_022729,6200597c-7c58-404f-9fa5-da90acdf6da6,2026-05-05T02:31:42.872875,feina_repr30_test_sample36,,sample36,llama3,meta-llama/Meta-Llama-3-8B-Instruct,ollama,few-shot,R1,"[78, 1805, 3635, 5262]","{'temperature': 0.3, 'top_p': 0.9, 'repetition_penalty': 1.15, 'max_new_tokens': 256}",2365,"Si el entusiasmo, y esto no es idealismo ramplón, se orienta hacia la salud, la belleza, el éxito, la felicidad, lo más probable es que se obtenga la salud, la belleza, el éxito y la felicidad.","Si el entusiasmo se dirige hacia la salud, la belleza, el éxito, la felicidad es probable que los consigamos.","Si nos enfocamos en la salud, la belleza, el éxito y la felicidad con entusiasmo, podemos lograr estos objetivos.","Reescribe en español cada texto con lenguaje más claro y sencillo.
Conserva el significado original y no inventes información.
Guía interna de simplificación: usa palabras comunes; evita tecnicismos innecesarios; reemplaza palabras difíciles por palabras simples.

Devuelve solo la versión final simplificada.

Ejemplo 1
Texto: A continuación una tabla donde se demuestra como crecen los ahorros al pasar los años: Edad Inversión Intereses Saldo Inversión Intereses Saldo Laura Ganados Alberto Ganados 22 $800 $80 $880 23 $800 $168 $1.232 Valor al Jubilarse $311.092 Valor al Jubilarse $263.232 Menos las contribuciones iniciales $6.400 Menos las contribuciones iniciales $28.800 Ganancia Neta $304.692 Ganancia Neta $234.
Versión simplificada: A continuación, presentamos una tabla donde se demuestra como crecen los ahorros al pasar los años. Las categorías en que se divide la tabla son edad, inversión, intereses ganados y saldo. La tabla contrasta las ganancias en intereses por año de Laura y Alberto con una proyección de edad de jubilación de sesenta y cinco años y según la cantidad de años que mantuvieron el ahorro.

Ejemplo 2
Texto: El varias veces mencionado Yager, nos dice acertadamente sobre estos aspectos lo siguiente: La mayoría de ustedes están hambrientos de tener libertad financiera, están hastiados de tener batallas financieras porque son como un carrusel.
Versión simplificada: Yager habla acertadamente sobre estos aspectos y dice que la mayoría ambiciona tener libertad financiera y está cansada de tener batallas financieras inútiles.

Ejemplo 3
Texto: De acuerdo con esta medición, la proporción de pobres en la población mundial quienes viven con menos de un dólar por día descendió levemente entre 1987 y 1993, pues pasó del 30% al 29%.
Versión simplificada: Según esta medición, la proporción de personas pobres en la población mundial descendió un poco entre mil novecientos ochenta y siete y mil novecientos noventa y tres. Es decir, el porcentaje de personas que vivían con menos de un dólar por día pasó del treinta al veintinueve por ciento.

Ejemplo 4
Texto: - Rentabilidad
INTERÉS DE 2 PESOS SOBRE UNA INVERSIÓN DE 100 PESOS = RENTABILIDAD DE 2 % ((2 ÷ 100) × 100 = 2%) POR CADA 100 PESOS SE GANAN 2 PESOS
Endeudamiento
DEUDA DE 30 PESOS POR SOBRE EL CAPITAL DE 20 PESOS = ENDEUDAMIENTO DE 1,5 VECES EL CAPITAL (30 ÷ 20 = 1,5) POR CADA PESO DE CAPITAL EXISTE 1,5 PESOS DE DEUDA
Liquidez
80 PESOS DE DINERO DISPONIBLE POR SOBRE DEUDAS DE 40 PESOS = LIQUIDEZ DE DOS VECES EL VALOR DE LA DEUDA (80 ÷ 40 = 2) POR CADA PESO DE DEUDA SE DISPONE DE 2 PESOS PARA PAGO
Versión simplificada: EL INTERÉS DE DOS PESOS SOBRE UNA INVERSIÓN DE CIEN PESOS DA UNA RENTABILIDAD DE DOS POR CIENTO. ES DECIR, POR CADA CIEN PESOS GANAMOS DOS PESOS. LA DEUDA DE TREINTA PESOS SOBRE EL CAPITAL DE VEINTE PESOS RESULTA EN UNA DEUDA DE UNO PUNTO CINCO VECES EL CAPITAL. ES DECIR, POR CADA PESO DE CAPITAL HAY UNO PUNTO CINCO PESOS DE DEUDA. EN OCHENTA PESOS DE DINERO DISPONIBLE SOBRE DEUDAS DE CUARENTA PESOS DA UNA LIQUIDEZ DEL DOBLE DE LA DEUDA. POR CADA PESO ADEUDADO HAY DOS PESOS PARA PAGAR.

Texto: Si el entusiasmo, y esto no es idealismo ramplón, se orienta hacia la salud, la belleza, el éxito, la felicidad, lo más probable es que se obtenga la salud, la belleza, el éxito y la felicidad.
Versión simplificada:",18.8378,success,,{},2365,few-shot,hariel,llama3_cfg_3,0.3,0.9,1.15,256,,,36,19,19,1,1,1,51.47449583632639,35.45968452939003,75.15578947368424,92.34,-17.184210526315766,0.5277777777777778,0,0.38562091503267976,0,0.42105263157894735,0.6944444444444444,56.67710526315793,54.887777777777785,1.7893274853801415,0.5263157894736842,0.3333333333333333,0.47368421052631576,0.8310080766677856,
exp_prompting_sample36_top4_20260505_022729,1b7711f5-3670-45bf-999f-7508421287fb,2026-05-05T02:32:01.927487,feina_repr30_test_sample36,,sample36,llama3,meta-llama/Meta-Llama-3-8B-Instruct,ollama,few-shot,R1,"[78, 1805, 3635, 5262]","{'temperature': 0.3, 'top_p': 0.9, 'repetition_penalty': 1.15, 'max_new_tokens': 256}",2449,"En la segunda etapa de programación, se definen los objetivos y se fijan las metas o resultados esperados, que deben ser lo más específicos y precisos posibles, para tener claridad en lo que se trata de alcanzar con las inversiones por realizar; por ejemplo, los tipos de inversión y los montos que se pretenden lograr en un tiempo definido y otros que pueden describirse en términos de logro o resultados que se desean alcanzar.","En la segunda etapa de programación, se definen los objetivos y se fijan las metas específicas.","En la segunda etapa de programación, se establecen objetivos claros y precisos para saber qué se quiere lograr con las inversiones. Por ejemplo, se pueden definir los tipos de inversión y el monto que se desea lograr en un plazo determinado o describirse resultados deseados.","Reescribe en español cada texto con lenguaje más claro y sencillo.
Conserva el significado original y no inventes información.
Guía interna de simplificación: usa palabras comunes; evita tecnicismos innecesarios; reemplaza palabras difíciles por palabras simples.

Devuelve solo la versión final simplificada.

Ejemplo 1
Texto: A continuación una tabla donde se demuestra como crecen los ahorros al pasar los años: Edad Inversión Intereses Saldo Inversión Intereses Saldo Laura Ganados Alberto Ganados 22 $800 $80 $880 23 $800 $168 $1.232 Valor al Jubilarse $311.092 Valor al Jubilarse $263.232 Menos las contribuciones iniciales $6.400 Menos las contribuciones iniciales $28.800 Ganancia Neta $304.692 Ganancia Neta $234.
Versión simplificada: A continuación, presentamos una tabla donde se demuestra como crecen los ahorros al pasar los años. Las categorías en que se divide la tabla son edad, inversión, intereses ganados y saldo. La tabla contrasta las ganancias en intereses por año de Laura y Alberto con una proyección de edad de jubilación de sesenta y cinco años y según la cantidad de años que mantuvieron el ahorro.

Ejemplo 2
Texto: El varias veces mencionado Yager, nos dice acertadamente sobre estos aspectos lo siguiente: La mayoría de ustedes están hambrientos de tener libertad financiera, están hastiados de tener batallas financieras porque son como un carrusel.
Versión simplificada: Yager habla acertadamente sobre estos aspectos y dice que la mayoría ambiciona tener libertad financiera y está cansada de tener batallas financieras inútiles.

Ejemplo 3
Texto: De acuerdo con esta medición, la proporción de pobres en la población mundial quienes viven con menos de un dólar por día descendió levemente entre 1987 y 1993, pues pasó del 30% al 29%.
Versión simplificada: Según esta medición, la proporción de personas pobres en la población mundial descendió un poco entre mil novecientos ochenta y siete y mil novecientos noventa y tres. Es decir, el porcentaje de personas que vivían con menos de un dólar por día pasó del treinta al veintinueve por ciento.

Ejemplo 4
Texto: - Rentabilidad
INTERÉS DE 2 PESOS SOBRE UNA INVERSIÓN DE 100 PESOS = RENTABILIDAD DE 2 % ((2 ÷ 100) × 100 = 2%) POR CADA 100 PESOS SE GANAN 2 PESOS
Endeudamiento
DEUDA DE 30 PESOS POR SOBRE EL CAPITAL DE 20 PESOS = ENDEUDAMIENTO DE 1,5 VECES EL CAPITAL (30 ÷ 20 = 1,5) POR CADA PESO DE CAPITAL EXISTE 1,5 PESOS DE DEUDA
Liquidez
80 PESOS DE DINERO DISPONIBLE POR SOBRE DEUDAS DE 40 PESOS = LIQUIDEZ DE DOS VECES EL VALOR DE LA DEUDA (80 ÷ 40 = 2) POR CADA PESO DE DEUDA SE DISPONE DE 2 PESOS PARA PAGO
Versión simplificada: EL INTERÉS DE DOS PESOS SOBRE UNA INVERSIÓN DE CIEN PESOS DA UNA RENTABILIDAD DE DOS POR CIENTO. ES DECIR, POR CADA CIEN PESOS GANAMOS DOS PESOS. LA DEUDA DE TREINTA PESOS SOBRE EL CAPITAL DE VEINTE PESOS RESULTA EN UNA DEUDA DE UNO PUNTO CINCO VECES EL CAPITAL. ES DECIR, POR CADA PESO DE CAPITAL HAY UNO PUNTO CINCO PESOS DE DEUDA. EN OCHENTA PESOS DE DINERO DISPONIBLE SOBRE DEUDAS DE CUARENTA PESOS DA UNA LIQUIDEZ DEL DOBLE DE LA DEUDA. POR CADA PESO ADEUDADO HAY DOS PESOS PARA PAGAR.

Texto: En la segunda etapa de programación, se definen los objetivos y se fijan las metas o resultados esperados, que deben ser lo más específicos y precisos posibles, para tener claridad en lo que se trata de alcanzar con las inversiones por realizar; por ejemplo, los tipos de inversión y los montos que se pretenden lograr en un tiempo definido y otros que pueden describirse en términos de logro o resultados que se desean alcanzar.
Versión simplificada:",25.367,success,,{},2449,few-shot,hariel,llama3_cfg_3,0.3,0.9,1.15,256,,,74,45,16,1,2,1,44.54944156429613,15.506492764786794,79.64000000000001,90.32648648648652,-10.686486486486501,0.6081081081081081,1,0.1590909090909091,0,0.28888888888888886,0.5675675675675675,56.96611111111113,13.286351351351371,43.67975975975976,0.4,0.2222222222222222,0.36923076923076914,0.7987131476402283,
exp_prompting_sample36_top4_20260505_022729,1c2c315a-0ea3-4c76-9ff5-aa48936775d8,2026-05-05T02:32:27.526717,feina_repr30_test_sample36,,sample36,llama3,meta-llama/Meta-Llama-3-8B-Instruct,ollama,few-shot,R1,"[78, 1805, 3635, 5262]","{'temperature': 0.3, 'top_p': 0.9, 'repetition_penalty': 1.15, 'max_new_tokens': 256}",2550,Estas tarjetas acarrean pocos riesgos y te ayudan a crear buenos antecedentes crediticios al mostrar tu capacidad para usar una tarjeta con responsabilidad.,Estas tarjetas traen pocos riesgos y ayudan a crear buen historial crediticio.,Estas tarjetas no son peligrosas y te permiten construir un buen historial crediticio demostrando que puedes utilizar la tarjeta de manera responsable.,"Reescribe en español cada texto con lenguaje más claro y sencillo.
Conserva el significado original y no inventes información.
Guía interna de simplificación: usa palabras comunes; evita tecnicismos innecesarios; reemplaza palabras difíciles por palabras simples.

Devuelve solo la versión final simplificada.

Ejemplo 1
Texto: A continuación una tabla donde se demuestra como crecen los ahorros al pasar los años: Edad Inversión Intereses Saldo Inversión Intereses Saldo Laura Ganados Alberto Ganados 22 $800 $80 $880 23 $800 $168 $1.232 Valor al Jubilarse $311.092 Valor al Jubilarse $263.232 Menos las contribuciones iniciales $6.400 Menos las contribuciones iniciales $28.800 Ganancia Neta $304.692 Ganancia Neta $234.
Versión simplificada: A continuación, presentamos una tabla donde se demuestra como crecen los ahorros al pasar los años. Las categorías en que se divide la tabla son edad, inversión, intereses ganados y saldo. La tabla contrasta las ganancias en intereses por año de Laura y Alberto con una proyección de edad de jubilación de sesenta y cinco años y según la cantidad de años que mantuvieron el ahorro.

Ejemplo 2
Texto: El varias veces mencionado Yager, nos dice acertadamente sobre estos aspectos lo siguiente: La mayoría de ustedes están hambrientos de tener libertad financiera, están hastiados de tener batallas financieras porque son como un carrusel.
Versión simplificada: Yager habla acertadamente sobre estos aspectos y dice que la mayoría ambiciona tener libertad financiera y está cansada de tener batallas financieras inútiles.

Ejemplo 3
Texto: De acuerdo con esta medición, la proporción de pobres en la población mundial quienes viven con menos de un dólar por día descendió levemente entre 1987 y 1993, pues pasó del 30% al 29%.
Versión simplificada: Según esta medición, la proporción de personas pobres en la población mundial descendió un poco entre mil novecientos ochenta y siete y mil novecientos noventa y tres. Es decir, el porcentaje de personas que vivían con menos de un dólar por día pasó del treinta al veintinueve por ciento.

Ejemplo 4
Texto: - Rentabilidad
INTERÉS DE 2 PESOS SOBRE UNA INVERSIÓN DE 100 PESOS = RENTABILIDAD DE 2 % ((2 ÷ 100) × 100 = 2%) POR CADA 100 PESOS SE GANAN 2 PESOS
Endeudamiento
DEUDA DE 30 PESOS POR SOBRE EL CAPITAL DE 20 PESOS = ENDEUDAMIENTO DE 1,5 VECES EL CAPITAL (30 ÷ 20 = 1,5) POR CADA PESO DE CAPITAL EXISTE 1,5 PESOS DE DEUDA
Liquidez
80 PESOS DE DINERO DISPONIBLE POR SOBRE DEUDAS DE 40 PESOS = LIQUIDEZ DE DOS VECES EL VALOR DE LA DEUDA (80 ÷ 40 = 2) POR CADA PESO DE DEUDA SE DISPONE DE 2 PESOS PARA PAGO
Versión simplificada: EL INTERÉS DE DOS PESOS SOBRE UNA INVERSIÓN DE CIEN PESOS DA UNA RENTABILIDAD DE DOS POR CIENTO. ES DECIR, POR CADA CIEN PESOS GANAMOS DOS PESOS. LA DEUDA DE TREINTA PESOS SOBRE EL CAPITAL DE VEINTE PESOS RESULTA EN UNA DEUDA DE UNO PUNTO CINCO VECES EL CAPITAL. ES DECIR, POR CADA PESO DE CAPITAL HAY UNO PUNTO CINCO PESOS DE DEUDA. EN OCHENTA PESOS DE DINERO DISPONIBLE SOBRE DEUDAS DE CUARENTA PESOS DA UNA LIQUIDEZ DEL DOBLE DE LA DEUDA. POR CADA PESO ADEUDADO HAY DOS PESOS PARA PAGAR.

Texto: Estas tarjetas acarrean pocos riesgos y te ayudan a crear buenos antecedentes crediticios al mostrar tu capacidad para usar una tarjeta con responsabilidad.
Versión simplificada:",18.8646,success,,{},2550,few-shot,hariel,llama3_cfg_3,0.3,0.9,1.15,256,,,23,22,12,1,1,1,41.09692776359443,8.383924775392588,65.83999999999999,61.535652173913036,4.304347826086953,0.9565217391304348,0,0.5667752442996743,0,0.7727272727272727,0.782608695652174,43.244090909090914,37.56543478260869,5.678656126482224,0.3529411764705882,0.18749999999999997,0.3529411764705882,0.8348536491394043,
exp_prompting_sample36_top4_20260505_022729,f1e84e7f-210b-4648-9e8b-61c09eed64bc,2026-05-05T02:32:46.620129,feina_repr30_test_sample36,,sample36,llama3,meta-llama/Meta-Llama-3-8B-Instruct,ollama,few-shot,R1,"[78, 1805, 3635, 5262]","{'temperature': 0.3, 'top_p': 0.9, 'repetition_penalty': 1.15, 'max_new_tokens': 256}",2657,"Adicionalmente, el canal móvil (celulares) es de alto potencial para utilizar pagos a través de mensajería de texto SMS permitiendo, desde cualquier lugar donde se tenga acceso al servicio inalámbrico, realizar pagos electrónicos.","Además, los celulares permiten realizar pagos electrónicos desde cualquier lugar con acceso al servicio inalámbrico.",El pago electrónico puede hacerse desde cualquier lugar con conexión móvil gracias a la función de mensajes de texto (SMS).,"Reescribe en español cada texto con lenguaje más claro y sencillo.
Conserva el significado original y no inventes información.
Guía interna de simplificación: usa palabras comunes; evita tecnicismos innecesarios; reemplaza palabras difíciles por palabras simples.

Devuelve solo la versión final simplificada.

Ejemplo 1
Texto: A continuación una tabla donde se demuestra como crecen los ahorros al pasar los años: Edad Inversión Intereses Saldo Inversión Intereses Saldo Laura Ganados Alberto Ganados 22 $800 $80 $880 23 $800 $168 $1.232 Valor al Jubilarse $311.092 Valor al Jubilarse $263.232 Menos las contribuciones iniciales $6.400 Menos las contribuciones iniciales $28.800 Ganancia Neta $304.692 Ganancia Neta $234.
Versión simplificada: A continuación, presentamos una tabla donde se demuestra como crecen los ahorros al pasar los años. Las categorías en que se divide la tabla son edad, inversión, intereses ganados y saldo. La tabla contrasta las ganancias en intereses por año de Laura y Alberto con una proyección de edad de jubilación de sesenta y cinco años y según la cantidad de años que mantuvieron el ahorro.

Ejemplo 2
Texto: El varias veces mencionado Yager, nos dice acertadamente sobre estos aspectos lo siguiente: La mayoría de ustedes están hambrientos de tener libertad financiera, están hastiados de tener batallas financieras porque son como un carrusel.
Versión simplificada: Yager habla acertadamente sobre estos aspectos y dice que la mayoría ambiciona tener libertad financiera y está cansada de tener batallas financieras inútiles.

Ejemplo 3
Texto: De acuerdo con esta medición, la proporción de pobres en la población mundial quienes viven con menos de un dólar por día descendió levemente entre 1987 y 1993, pues pasó del 30% al 29%.
Versión simplificada: Según esta medición, la proporción de personas pobres en la población mundial descendió un poco entre mil novecientos ochenta y siete y mil novecientos noventa y tres. Es decir, el porcentaje de personas que vivían con menos de un dólar por día pasó del treinta al veintinueve por ciento.

Ejemplo 4
Texto: - Rentabilidad
INTERÉS DE 2 PESOS SOBRE UNA INVERSIÓN DE 100 PESOS = RENTABILIDAD DE 2 % ((2 ÷ 100) × 100 = 2%) POR CADA 100 PESOS SE GANAN 2 PESOS
Endeudamiento
DEUDA DE 30 PESOS POR SOBRE EL CAPITAL DE 20 PESOS = ENDEUDAMIENTO DE 1,5 VECES EL CAPITAL (30 ÷ 20 = 1,5) POR CADA PESO DE CAPITAL EXISTE 1,5 PESOS DE DEUDA
Liquidez
80 PESOS DE DINERO DISPONIBLE POR SOBRE DEUDAS DE 40 PESOS = LIQUIDEZ DE DOS VECES EL VALOR DE LA DEUDA (80 ÷ 40 = 2) POR CADA PESO DE DEUDA SE DISPONE DE 2 PESOS PARA PAGO
Versión simplificada: EL INTERÉS DE DOS PESOS SOBRE UNA INVERSIÓN DE CIEN PESOS DA UNA RENTABILIDAD DE DOS POR CIENTO. ES DECIR, POR CADA CIEN PESOS GANAMOS DOS PESOS. LA DEUDA DE TREINTA PESOS SOBRE EL CAPITAL DE VEINTE PESOS RESULTA EN UNA DEUDA DE UNO PUNTO CINCO VECES EL CAPITAL. ES DECIR, POR CADA PESO DE CAPITAL HAY UNO PUNTO CINCO PESOS DE DEUDA. EN OCHENTA PESOS DE DINERO DISPONIBLE SOBRE DEUDAS DE CUARENTA PESOS DA UNA LIQUIDEZ DEL DOBLE DE LA DEUDA. POR CADA PESO ADEUDADO HAY DOS PESOS PARA PAGAR.

Texto: Adicionalmente, el canal móvil (celulares) es de alto potencial para utilizar pagos a través de mensajería de texto SMS permitiendo, desde cualquier lugar donde se tenga acceso al servicio inalámbrico, realizar pagos electrónicos.
Versión simplificada:",17.2226,success,,{},2657,few-shot,hariel,llama3_cfg_3,0.3,0.9,1.15,256,,,33,20,15,1,1,1,41.27062088867988,10.90009697802911,84.74000000000001,60.112727272727284,24.627272727272725,0.6060606060606061,0,0.3002832861189802,0,0.5,0.696969696969697,65.35000000000002,24.692575757575753,40.65742424242427,0.2380952380952381,0.15,0.2380952380952381,0.7950063943862915,
exp_prompting_sample36_top4_20260505_022729,15cbbcff-8d99-48eb-9598-246e01f86ed3,2026-05-05T02:33:04.062828,feina_repr30_test_sample36,,sample36,llama3,meta-llama/Meta-Llama-3-8B-Instruct,ollama,few-shot,R1,"[78, 1805, 3635, 5262]","{'temperature': 0.3, 'top_p': 0.9, 'repetition_penalty': 1.15, 'max_new_tokens': 256}",2703,"Existen varias modalidades de cheques, como lo mencionan los mismos Alonso, Brailovsky y Ortiz (1999).","Según Alonso, Brailovsky y Ortiz (mil novecientos noventa y nueve) hay varias modalidades de cheques.","Existen diferentes tipos de cheques, según dicen Alonso, Brailovsky y Ortiz.","Reescribe en español cada texto con lenguaje más claro y sencillo.
Conserva el significado original y no inventes información.
Guía interna de simplificación: usa palabras comunes; evita tecnicismos innecesarios; reemplaza palabras difíciles por palabras simples.

Devuelve solo la versión final simplificada.

Ejemplo 1
Texto: A continuación una tabla donde se demuestra como crecen los ahorros al pasar los años: Edad Inversión Intereses Saldo Inversión Intereses Saldo Laura Ganados Alberto Ganados 22 $800 $80 $880 23 $800 $168 $1.232 Valor al Jubilarse $311.092 Valor al Jubilarse $263.232 Menos las contribuciones iniciales $6.400 Menos las contribuciones iniciales $28.800 Ganancia Neta $304.692 Ganancia Neta $234.
Versión simplificada: A continuación, presentamos una tabla donde se demuestra como crecen los ahorros al pasar los años. Las categorías en que se divide la tabla son edad, inversión, intereses ganados y saldo. La tabla contrasta las ganancias en intereses por año de Laura y Alberto con una proyección de edad de jubilación de sesenta y cinco años y según la cantidad de años que mantuvieron el ahorro.

Ejemplo 2
Texto: El varias veces mencionado Yager, nos dice acertadamente sobre estos aspectos lo siguiente: La mayoría de ustedes están hambrientos de tener libertad financiera, están hastiados de tener batallas financieras porque son como un carrusel.
Versión simplificada: Yager habla acertadamente sobre estos aspectos y dice que la mayoría ambiciona tener libertad financiera y está cansada de tener batallas financieras inútiles.

Ejemplo 3
Texto: De acuerdo con esta medición, la proporción de pobres en la población mundial quienes viven con menos de un dólar por día descendió levemente entre 1987 y 1993, pues pasó del 30% al 29%.
Versión simplificada: Según esta medición, la proporción de personas pobres en la población mundial descendió un poco entre mil novecientos ochenta y siete y mil novecientos noventa y tres. Es decir, el porcentaje de personas que vivían con menos de un dólar por día pasó del treinta al veintinueve por ciento.

Ejemplo 4
Texto: - Rentabilidad
INTERÉS DE 2 PESOS SOBRE UNA INVERSIÓN DE 100 PESOS = RENTABILIDAD DE 2 % ((2 ÷ 100) × 100 = 2%) POR CADA 100 PESOS SE GANAN 2 PESOS
Endeudamiento
DEUDA DE 30 PESOS POR SOBRE EL CAPITAL DE 20 PESOS = ENDEUDAMIENTO DE 1,5 VECES EL CAPITAL (30 ÷ 20 = 1,5) POR CADA PESO DE CAPITAL EXISTE 1,5 PESOS DE DEUDA
Liquidez
80 PESOS DE DINERO DISPONIBLE POR SOBRE DEUDAS DE 40 PESOS = LIQUIDEZ DE DOS VECES EL VALOR DE LA DEUDA (80 ÷ 40 = 2) POR CADA PESO DE DEUDA SE DISPONE DE 2 PESOS PARA PAGO
Versión simplificada: EL INTERÉS DE DOS PESOS SOBRE UNA INVERSIÓN DE CIEN PESOS DA UNA RENTABILIDAD DE DOS POR CIENTO. ES DECIR, POR CADA CIEN PESOS GANAMOS DOS PESOS. LA DEUDA DE TREINTA PESOS SOBRE EL CAPITAL DE VEINTE PESOS RESULTA EN UNA DEUDA DE UNO PUNTO CINCO VECES EL CAPITAL. ES DECIR, POR CADA PESO DE CAPITAL HAY UNO PUNTO CINCO PESOS DE DEUDA. EN OCHENTA PESOS DE DINERO DISPONIBLE SOBRE DEUDAS DE CUARENTA PESOS DA UNA LIQUIDEZ DEL DOBLE DE LA DEUDA. POR CADA PESO ADEUDADO HAY DOS PESOS PARA PAGAR.

Texto: Existen varias modalidades de cheques, como lo mencionan los mismos Alonso, Brailovsky y Ortiz (1999).
Versión simplificada:",15.9179,success,,{},2703,few-shot,hariel,llama3_cfg_3,0.3,0.9,1.15,256,,,15,11,15,1,1,1,51.52458652458652,22.12006040119351,66.65818181818184,80.04,-13.381818181818161,0.7333333333333333,0,0.6404494382022472,0,0.36363636363636365,0.5333333333333333,59.9077272727273,67.23500000000001,-7.327272727272714,0.5714285714285715,0.3846153846153846,0.42857142857142855,0.8185524344444275,
exp_prompting_sample36_top4_20260505_022729,7edf3fd1-7cf0-43b9-9233-86b25eac1b50,2026-05-05T02:33:20.205101,feina_repr30_test_sample36,,sample36,llama3,meta-llama/Meta-Llama-3-8B-Instruct,ollama,few-shot,R1,"[78, 1805, 3635, 5262]","{'temperature': 0.3, 'top_p': 0.9, 'repetition_penalty': 1.15, 'max_new_tokens': 256}",2732,"La mayor ventaja es la flexibilidad que le da al usuario, quien puede pagar sus saldos por completo cada mes o puede pagar en parte.",La mayor ventaja es la flexibilidad para el usuario. Quien puede pagar sus saldos completos o en parte mensualmente.,"La principal ventaja es que el usuario tiene libertad para elegir cómo paga sus deudas, ya sea pagando todo a la vez o haciendo pagos parciales.","Reescribe en español cada texto con lenguaje más claro y sencillo.
Conserva el significado original y no inventes información.
Guía interna de simplificación: usa palabras comunes; evita tecnicismos innecesarios; reemplaza palabras difíciles por palabras simples.

Devuelve solo la versión final simplificada.

Ejemplo 1
Texto: A continuación una tabla donde se demuestra como crecen los ahorros al pasar los años: Edad Inversión Intereses Saldo Inversión Intereses Saldo Laura Ganados Alberto Ganados 22 $800 $80 $880 23 $800 $168 $1.232 Valor al Jubilarse $311.092 Valor al Jubilarse $263.232 Menos las contribuciones iniciales $6.400 Menos las contribuciones iniciales $28.800 Ganancia Neta $304.692 Ganancia Neta $234.
Versión simplificada: A continuación, presentamos una tabla donde se demuestra como crecen los ahorros al pasar los años. Las categorías en que se divide la tabla son edad, inversión, intereses ganados y saldo. La tabla contrasta las ganancias en intereses por año de Laura y Alberto con una proyección de edad de jubilación de sesenta y cinco años y según la cantidad de años que mantuvieron el ahorro.

Ejemplo 2
Texto: El varias veces mencionado Yager, nos dice acertadamente sobre estos aspectos lo siguiente: La mayoría de ustedes están hambrientos de tener libertad financiera, están hastiados de tener batallas financieras porque son como un carrusel.
Versión simplificada: Yager habla acertadamente sobre estos aspectos y dice que la mayoría ambiciona tener libertad financiera y está cansada de tener batallas financieras inútiles.

Ejemplo 3
Texto: De acuerdo con esta medición, la proporción de pobres en la población mundial quienes viven con menos de un dólar por día descendió levemente entre 1987 y 1993, pues pasó del 30% al 29%.
Versión simplificada: Según esta medición, la proporción de personas pobres en la población mundial descendió un poco entre mil novecientos ochenta y siete y mil novecientos noventa y tres. Es decir, el porcentaje de personas que vivían con menos de un dólar por día pasó del treinta al veintinueve por ciento.

Ejemplo 4
Texto: - Rentabilidad
INTERÉS DE 2 PESOS SOBRE UNA INVERSIÓN DE 100 PESOS = RENTABILIDAD DE 2 % ((2 ÷ 100) × 100 = 2%) POR CADA 100 PESOS SE GANAN 2 PESOS
Endeudamiento
DEUDA DE 30 PESOS POR SOBRE EL CAPITAL DE 20 PESOS = ENDEUDAMIENTO DE 1,5 VECES EL CAPITAL (30 ÷ 20 = 1,5) POR CADA PESO DE CAPITAL EXISTE 1,5 PESOS DE DEUDA
Liquidez
80 PESOS DE DINERO DISPONIBLE POR SOBRE DEUDAS DE 40 PESOS = LIQUIDEZ DE DOS VECES EL VALOR DE LA DEUDA (80 ÷ 40 = 2) POR CADA PESO DE DEUDA SE DISPONE DE 2 PESOS PARA PAGO
Versión simplificada: EL INTERÉS DE DOS PESOS SOBRE UNA INVERSIÓN DE CIEN PESOS DA UNA RENTABILIDAD DE DOS POR CIENTO. ES DECIR, POR CADA CIEN PESOS GANAMOS DOS PESOS. LA DEUDA DE TREINTA PESOS SOBRE EL CAPITAL DE VEINTE PESOS RESULTA EN UNA DEUDA DE UNO PUNTO CINCO VECES EL CAPITAL. ES DECIR, POR CADA PESO DE CAPITAL HAY UNO PUNTO CINCO PESOS DE DEUDA. EN OCHENTA PESOS DE DINERO DISPONIBLE SOBRE DEUDAS DE CUARENTA PESOS DA UNA LIQUIDEZ DEL DOBLE DE LA DEUDA. POR CADA PESO ADEUDADO HAY DOS PESOS PARA PAGAR.

Texto: La mayor ventaja es la flexibilidad que le da al usuario, quien puede pagar sus saldos por completo cada mes o puede pagar en parte.
Versión simplificada:",19.0602,success,,{},2732,few-shot,hariel,llama3_cfg_3,0.3,0.9,1.15,256,,,25,26,19,1,1,2,34.82376429058221,4.749262933870049,89.84000000000002,99.56,-9.719999999999985,1.04,0,0.4927536231884058,0,0.6923076923076923,0.68,63.42346153846155,74.67900000000002,-11.255538461538464,0.391304347826087,0.09090909090909093,0.30434782608695654,0.7942051887512207,
exp_prompting_sample36_top4_20260505_022729,582b8244-acc1-4b16-84b7-f5fce22b92ac,2026-05-05T02:33:39.507973,feina_repr30_test_sample36,,sample36,llama3,meta-llama/Meta-Llama-3-8B-Instruct,ollama,few-shot,R1,"[78, 1805, 3635, 5262]","{'temperature': 0.3, 'top_p': 0.9, 'repetition_penalty': 1.15, 'max_new_tokens': 256}",2947,"El dinero que inviertes inicialmente se denomina ""capital"".",El capital es el dinero invertido inicialmente.,El capital es el dinero que inviertes al principio.,"Reescribe en español cada texto con lenguaje más claro y sencillo.
Conserva el significado original y no inventes información.
Guía interna de simplificación: usa palabras comunes; evita tecnicismos innecesarios; reemplaza palabras difíciles por palabras simples.

Devuelve solo la versión final simplificada.

Ejemplo 1
Texto: A continuación una tabla donde se demuestra como crecen los ahorros al pasar los años: Edad Inversión Intereses Saldo Inversión Intereses Saldo Laura Ganados Alberto Ganados 22 $800 $80 $880 23 $800 $168 $1.232 Valor al Jubilarse $311.092 Valor al Jubilarse $263.232 Menos las contribuciones iniciales $6.400 Menos las contribuciones iniciales $28.800 Ganancia Neta $304.692 Ganancia Neta $234.
Versión simplificada: A continuación, presentamos una tabla donde se demuestra como crecen los ahorros al pasar los años. Las categorías en que se divide la tabla son edad, inversión, intereses ganados y saldo. La tabla contrasta las ganancias en intereses por año de Laura y Alberto con una proyección de edad de jubilación de sesenta y cinco años y según la cantidad de años que mantuvieron el ahorro.

Ejemplo 2
Texto: El varias veces mencionado Yager, nos dice acertadamente sobre estos aspectos lo siguiente: La mayoría de ustedes están hambrientos de tener libertad financiera, están hastiados de tener batallas financieras porque son como un carrusel.
Versión simplificada: Yager habla acertadamente sobre estos aspectos y dice que la mayoría ambiciona tener libertad financiera y está cansada de tener batallas financieras inútiles.

Ejemplo 3
Texto: De acuerdo con esta medición, la proporción de pobres en la población mundial quienes viven con menos de un dólar por día descendió levemente entre 1987 y 1993, pues pasó del 30% al 29%.
Versión simplificada: Según esta medición, la proporción de personas pobres en la población mundial descendió un poco entre mil novecientos ochenta y siete y mil novecientos noventa y tres. Es decir, el porcentaje de personas que vivían con menos de un dólar por día pasó del treinta al veintinueve por ciento.

Ejemplo 4
Texto: - Rentabilidad
INTERÉS DE 2 PESOS SOBRE UNA INVERSIÓN DE 100 PESOS = RENTABILIDAD DE 2 % ((2 ÷ 100) × 100 = 2%) POR CADA 100 PESOS SE GANAN 2 PESOS
Endeudamiento
DEUDA DE 30 PESOS POR SOBRE EL CAPITAL DE 20 PESOS = ENDEUDAMIENTO DE 1,5 VECES EL CAPITAL (30 ÷ 20 = 1,5) POR CADA PESO DE CAPITAL EXISTE 1,5 PESOS DE DEUDA
Liquidez
80 PESOS DE DINERO DISPONIBLE POR SOBRE DEUDAS DE 40 PESOS = LIQUIDEZ DE DOS VECES EL VALOR DE LA DEUDA (80 ÷ 40 = 2) POR CADA PESO DE DEUDA SE DISPONE DE 2 PESOS PARA PAGO
Versión simplificada: EL INTERÉS DE DOS PESOS SOBRE UNA INVERSIÓN DE CIEN PESOS DA UNA RENTABILIDAD DE DOS POR CIENTO. ES DECIR, POR CADA CIEN PESOS GANAMOS DOS PESOS. LA DEUDA DE TREINTA PESOS SOBRE EL CAPITAL DE VEINTE PESOS RESULTA EN UNA DEUDA DE UNO PUNTO CINCO VECES EL CAPITAL. ES DECIR, POR CADA PESO DE CAPITAL HAY UNO PUNTO CINCO PESOS DE DEUDA. EN OCHENTA PESOS DE DINERO DISPONIBLE SOBRE DEUDAS DE CUARENTA PESOS DA UNA LIQUIDEZ DEL DOBLE DE LA DEUDA. POR CADA PESO ADEUDADO HAY DOS PESOS PARA PAGAR.

Texto: El dinero que inviertes inicialmente se denomina ""capital"".
Versión simplificada:",14.5401,success,,{},2947,few-shot,hariel,llama3_cfg_3,0.3,0.9,1.15,256,,,8,9,7,1,1,1,53.345959595959606,41.11336169005198,82.17333333333335,36.59,45.58333333333334,1.125,0,0.5636363636363636,0,0.4444444444444444,0.375,80.15722222222225,35.297500000000014,44.85972222222223,0.6250000000000001,0.5714285714285715,0.6250000000000001,0.8973148465156555,
exp_prompting_sample36_top4_20260505_022729,75330661-02e1-47af-9d32-9ecfcbc7af95,2026-05-05T02:33:54.273411,feina_repr30_test_sample36,,sample36,llama3,meta-llama/Meta-Llama-3-8B-Instruct,ollama,few-shot,R1,"[78, 1805, 3635, 5262]","{'temperature': 0.3, 'top_p': 0.9, 'repetition_penalty': 1.15, 'max_new_tokens': 256}",3320,"Existen modelos cuantitativos que permiten determinar de manera técnica el valor de la tasa de descuento como el CAPM1 y el WACC2 (Bell, 2016), los cuales no se incluyen en el presente documento; no obstante, la determinación subjetiva de la tasa de descuento exigida por el accionista puede utilizarse ante la falta de información de los mencionados modelos.","Hay modelos cuantitativos para determinar técnicamente el valor de la tasa de descuento, pero no se incluyen en este documento. Sin embargo, la determinación subjetiva de la tasa de descuento exigida por el accionista se puede utilizar ante la falta de información de esos modelos.","La determinación del valor de la tasa de descuento es técnicamente posible mediante modelos como CAPM y WACC, pero no se incluyen en este documento. En su lugar, se puede utilizar una estimación subjetiva de la tasa de descuento que un accionista podría requerir si no hay información disponible sobre los mencionados modelos.","Reescribe en español cada texto con lenguaje más claro y sencillo.
Conserva el significado original y no inventes información.
Guía interna de simplificación: usa palabras comunes; evita tecnicismos innecesarios; reemplaza palabras difíciles por palabras simples.

Devuelve solo la versión final simplificada.

Ejemplo 1
Texto: A continuación una tabla donde se demuestra como crecen los ahorros al pasar los años: Edad Inversión Intereses Saldo Inversión Intereses Saldo Laura Ganados Alberto Ganados 22 $800 $80 $880 23 $800 $168 $1.232 Valor al Jubilarse $311.092 Valor al Jubilarse $263.232 Menos las contribuciones iniciales $6.400 Menos las contribuciones iniciales $28.800 Ganancia Neta $304.692 Ganancia Neta $234.
Versión simplificada: A continuación, presentamos una tabla donde se demuestra como crecen los ahorros al pasar los años. Las categorías en que se divide la tabla son edad, inversión, intereses ganados y saldo. La tabla contrasta las ganancias en intereses por año de Laura y Alberto con una proyección de edad de jubilación de sesenta y cinco años y según la cantidad de años que mantuvieron el ahorro.

Ejemplo 2
Texto: El varias veces mencionado Yager, nos dice acertadamente sobre estos aspectos lo siguiente: La mayoría de ustedes están hambrientos de tener libertad financiera, están hastiados de tener batallas financieras porque son como un carrusel.
Versión simplificada: Yager habla acertadamente sobre estos aspectos y dice que la mayoría ambiciona tener libertad financiera y está cansada de tener batallas financieras inútiles.

Ejemplo 3
Texto: De acuerdo con esta medición, la proporción de pobres en la población mundial quienes viven con menos de un dólar por día descendió levemente entre 1987 y 1993, pues pasó del 30% al 29%.
Versión simplificada: Según esta medición, la proporción de personas pobres en la población mundial descendió un poco entre mil novecientos ochenta y siete y mil novecientos noventa y tres. Es decir, el porcentaje de personas que vivían con menos de un dólar por día pasó del treinta al veintinueve por ciento.

Ejemplo 4
Texto: - Rentabilidad
INTERÉS DE 2 PESOS SOBRE UNA INVERSIÓN DE 100 PESOS = RENTABILIDAD DE 2 % ((2 ÷ 100) × 100 = 2%) POR CADA 100 PESOS SE GANAN 2 PESOS
Endeudamiento
DEUDA DE 30 PESOS POR SOBRE EL CAPITAL DE 20 PESOS = ENDEUDAMIENTO DE 1,5 VECES EL CAPITAL (30 ÷ 20 = 1,5) POR CADA PESO DE CAPITAL EXISTE 1,5 PESOS DE DEUDA
Liquidez
80 PESOS DE DINERO DISPONIBLE POR SOBRE DEUDAS DE 40 PESOS = LIQUIDEZ DE DOS VECES EL VALOR DE LA DEUDA (80 ÷ 40 = 2) POR CADA PESO DE DEUDA SE DISPONE DE 2 PESOS PARA PAGO
Versión simplificada: EL INTERÉS DE DOS PESOS SOBRE UNA INVERSIÓN DE CIEN PESOS DA UNA RENTABILIDAD DE DOS POR CIENTO. ES DECIR, POR CADA CIEN PESOS GANAMOS DOS PESOS. LA DEUDA DE TREINTA PESOS SOBRE EL CAPITAL DE VEINTE PESOS RESULTA EN UNA DEUDA DE UNO PUNTO CINCO VECES EL CAPITAL. ES DECIR, POR CADA PESO DE CAPITAL HAY UNO PUNTO CINCO PESOS DE DEUDA. EN OCHENTA PESOS DE DINERO DISPONIBLE SOBRE DEUDAS DE CUARENTA PESOS DA UNA LIQUIDEZ DEL DOBLE DE LA DEUDA. POR CADA PESO ADEUDADO HAY DOS PESOS PARA PAGAR.

Texto: Existen modelos cuantitativos que permiten determinar de manera técnica el valor de la tasa de descuento como el CAPM1 y el WACC2 (Bell, 2016), los cuales no se incluyen en el presente documento; no obstante, la determinación subjetiva de la tasa de descuento exigida por el accionista puede utilizarse ante la falta de información de los mencionados modelos.
Versión simplificada:",26.9641,success,,{},3320,few-shot,hariel,llama3_cfg_3,0.3,0.9,1.15,256,,,58,53,45,1,2,2,55.77227245335505,34.15566870510396,76.19849056603775,80.94344827586207,-4.74495770982432,0.9137931034482759,1,0.29781021897810217,0,0.4339622641509434,0.4827586206896552,48.68216981132076,19.938448275862072,28.74372153545869,0.6226415094339622,0.4423076923076923,0.4528301886792453,0.8531070947647095,
exp_prompting_sample36_top4_20260505_022729,c07ded59-4a4e-4186-884e-8b9829aa6071,2026-05-05T02:34:21.472178,feina_repr30_test_sample36,,sample36,llama3,meta-llama/Meta-Llama-3-8B-Instruct,ollama,few-shot,R1,"[78, 1805, 3635, 5262]","{'temperature': 0.3, 'top_p': 0.9, 'repetition_penalty': 1.15, 'max_new_tokens': 256}",3396,"Particularmente, se observa que el escenario 3 es el único que presenta una situación que no sea rentable.",El escenario tres es el único que presenta una situación no rentable.,Este escenario no es rentable.,"Reescribe en español cada texto con lenguaje más claro y sencillo.
Conserva el significado original y no inventes información.
Guía interna de simplificación: usa palabras comunes; evita tecnicismos innecesarios; reemplaza palabras difíciles por palabras simples.

Devuelve solo la versión final simplificada.

Ejemplo 1
Texto: A continuación una tabla donde se demuestra como crecen los ahorros al pasar los años: Edad Inversión Intereses Saldo Inversión Intereses Saldo Laura Ganados Alberto Ganados 22 $800 $80 $880 23 $800 $168 $1.232 Valor al Jubilarse $311.092 Valor al Jubilarse $263.232 Menos las contribuciones iniciales $6.400 Menos las contribuciones iniciales $28.800 Ganancia Neta $304.692 Ganancia Neta $234.
Versión simplificada: A continuación, presentamos una tabla donde se demuestra como crecen los ahorros al pasar los años. Las categorías en que se divide la tabla son edad, inversión, intereses ganados y saldo. La tabla contrasta las ganancias en intereses por año de Laura y Alberto con una proyección de edad de jubilación de sesenta y cinco años y según la cantidad de años que mantuvieron el ahorro.

Ejemplo 2
Texto: El varias veces mencionado Yager, nos dice acertadamente sobre estos aspectos lo siguiente: La mayoría de ustedes están hambrientos de tener libertad financiera, están hastiados de tener batallas financieras porque son como un carrusel.
Versión simplificada: Yager habla acertadamente sobre estos aspectos y dice que la mayoría ambiciona tener libertad financiera y está cansada de tener batallas financieras inútiles.

Ejemplo 3
Texto: De acuerdo con esta medición, la proporción de pobres en la población mundial quienes viven con menos de un dólar por día descendió levemente entre 1987 y 1993, pues pasó del 30% al 29%.
Versión simplificada: Según esta medición, la proporción de personas pobres en la población mundial descendió un poco entre mil novecientos ochenta y siete y mil novecientos noventa y tres. Es decir, el porcentaje de personas que vivían con menos de un dólar por día pasó del treinta al veintinueve por ciento.

Ejemplo 4
Texto: - Rentabilidad
INTERÉS DE 2 PESOS SOBRE UNA INVERSIÓN DE 100 PESOS = RENTABILIDAD DE 2 % ((2 ÷ 100) × 100 = 2%) POR CADA 100 PESOS SE GANAN 2 PESOS
Endeudamiento
DEUDA DE 30 PESOS POR SOBRE EL CAPITAL DE 20 PESOS = ENDEUDAMIENTO DE 1,5 VECES EL CAPITAL (30 ÷ 20 = 1,5) POR CADA PESO DE CAPITAL EXISTE 1,5 PESOS DE DEUDA
Liquidez
80 PESOS DE DINERO DISPONIBLE POR SOBRE DEUDAS DE 40 PESOS = LIQUIDEZ DE DOS VECES EL VALOR DE LA DEUDA (80 ÷ 40 = 2) POR CADA PESO DE DEUDA SE DISPONE DE 2 PESOS PARA PAGO
Versión simplificada: EL INTERÉS DE DOS PESOS SOBRE UNA INVERSIÓN DE CIEN PESOS DA UNA RENTABILIDAD DE DOS POR CIENTO. ES DECIR, POR CADA CIEN PESOS GANAMOS DOS PESOS. LA DEUDA DE TREINTA PESOS SOBRE EL CAPITAL DE VEINTE PESOS RESULTA EN UNA DEUDA DE UNO PUNTO CINCO VECES EL CAPITAL. ES DECIR, POR CADA PESO DE CAPITAL HAY UNO PUNTO CINCO PESOS DE DEUDA. EN OCHENTA PESOS DE DINERO DISPONIBLE SOBRE DEUDAS DE CUARENTA PESOS DA UNA LIQUIDEZ DEL DOBLE DE LA DEUDA. POR CADA PESO ADEUDADO HAY DOS PESOS PARA PAGAR.

Texto: Particularmente, se observa que el escenario 3 es el único que presenta una situación que no sea rentable.
Versión simplificada:",13.2108,success,,{},3396,few-shot,hariel,llama3_cfg_3,0.3,0.9,1.15,256,,,18,5,12,1,1,1,33.08422269995089,6.356491690403502,54.440000000000005,81.17333333333333,-26.733333333333327,0.2777777777777778,0,0.38235294117647056,0,0.2,0.7777777777777778,64.775,64.23500000000001,0.539999999999992,0.4444444444444444,0.0,0.33333333333333337,0.823542594909668,
exp_prompting_sample36_top4_20260505_022729,35755643-330c-4a60-96ee-c8ea7a4e53c2,2026-05-05T02:34:34.902585,feina_repr30_test_sample36,,sample36,llama3,meta-llama/Meta-Llama-3-8B-Instruct,ollama,few-shot,R1,"[78, 1805, 3635, 5262]","{'temperature': 0.3, 'top_p': 0.9, 'repetition_penalty': 1.15, 'max_new_tokens': 256}",3404,"Obtenga el rendimiento de un bono de $10,000 que paga el 6.",Saque el rendimiento de un bono de diez mil dólares que paga el seis.,"El rendimiento anual de un bono de $10,000 que paga el 6% es de $600.","Reescribe en español cada texto con lenguaje más claro y sencillo.
Conserva el significado original y no inventes información.
Guía interna de simplificación: usa palabras comunes; evita tecnicismos innecesarios; reemplaza palabras difíciles por palabras simples.

Devuelve solo la versión final simplificada.

Ejemplo 1
Texto: A continuación una tabla donde se demuestra como crecen los ahorros al pasar los años: Edad Inversión Intereses Saldo Inversión Intereses Saldo Laura Ganados Alberto Ganados 22 $800 $80 $880 23 $800 $168 $1.232 Valor al Jubilarse $311.092 Valor al Jubilarse $263.232 Menos las contribuciones iniciales $6.400 Menos las contribuciones iniciales $28.800 Ganancia Neta $304.692 Ganancia Neta $234.
Versión simplificada: A continuación, presentamos una tabla donde se demuestra como crecen los ahorros al pasar los años. Las categorías en que se divide la tabla son edad, inversión, intereses ganados y saldo. La tabla contrasta las ganancias en intereses por año de Laura y Alberto con una proyección de edad de jubilación de sesenta y cinco años y según la cantidad de años que mantuvieron el ahorro.

Ejemplo 2
Texto: El varias veces mencionado Yager, nos dice acertadamente sobre estos aspectos lo siguiente: La mayoría de ustedes están hambrientos de tener libertad financiera, están hastiados de tener batallas financieras porque son como un carrusel.
Versión simplificada: Yager habla acertadamente sobre estos aspectos y dice que la mayoría ambiciona tener libertad financiera y está cansada de tener batallas financieras inútiles.

Ejemplo 3
Texto: De acuerdo con esta medición, la proporción de pobres en la población mundial quienes viven con menos de un dólar por día descendió levemente entre 1987 y 1993, pues pasó del 30% al 29%.
Versión simplificada: Según esta medición, la proporción de personas pobres en la población mundial descendió un poco entre mil novecientos ochenta y siete y mil novecientos noventa y tres. Es decir, el porcentaje de personas que vivían con menos de un dólar por día pasó del treinta al veintinueve por ciento.

Ejemplo 4
Texto: - Rentabilidad
INTERÉS DE 2 PESOS SOBRE UNA INVERSIÓN DE 100 PESOS = RENTABILIDAD DE 2 % ((2 ÷ 100) × 100 = 2%) POR CADA 100 PESOS SE GANAN 2 PESOS
Endeudamiento
DEUDA DE 30 PESOS POR SOBRE EL CAPITAL DE 20 PESOS = ENDEUDAMIENTO DE 1,5 VECES EL CAPITAL (30 ÷ 20 = 1,5) POR CADA PESO DE CAPITAL EXISTE 1,5 PESOS DE DEUDA
Liquidez
80 PESOS DE DINERO DISPONIBLE POR SOBRE DEUDAS DE 40 PESOS = LIQUIDEZ DE DOS VECES EL VALOR DE LA DEUDA (80 ÷ 40 = 2) POR CADA PESO DE DEUDA SE DISPONE DE 2 PESOS PARA PAGO
Versión simplificada: EL INTERÉS DE DOS PESOS SOBRE UNA INVERSIÓN DE CIEN PESOS DA UNA RENTABILIDAD DE DOS POR CIENTO. ES DECIR, POR CADA CIEN PESOS GANAMOS DOS PESOS. LA DEUDA DE TREINTA PESOS SOBRE EL CAPITAL DE VEINTE PESOS RESULTA EN UNA DEUDA DE UNO PUNTO CINCO VECES EL CAPITAL. ES DECIR, POR CADA PESO DE CAPITAL HAY UNO PUNTO CINCO PESOS DE DEUDA. EN OCHENTA PESOS DE DINERO DISPONIBLE SOBRE DEUDAS DE CUARENTA PESOS DA UNA LIQUIDEZ DEL DOBLE DE LA DEUDA. POR CADA PESO ADEUDADO HAY DOS PESOS PARA PAGAR.

Texto: Obtenga el rendimiento de un bono de $10,000 que paga el 6.
Versión simplificada:",16.8813,success,,{},3404,few-shot,hariel,llama3_cfg_3,0.3,0.9,1.15,256,,,13,16,14,1,1,1,31.486668110709036,19.51797195341104,132.965,120.53230769230768,12.43269230769232,1.2307692307692308,0,0.78125,0,0.25,0.07692307692307693,120.7475,112.36576923076925,8.381730769230757,0.5806451612903225,0.4137931034482759,0.5806451612903225,0.8093894720077515,
exp_prompting_sample36_top4_20260505_022729,86ee8d35-a603-4f5d-8304-a3d1ccba0486,2026-05-05T02:34:52.009079,feina_repr30_test_sample36,,sample36,llama3,meta-llama/Meta-Llama-3-8B-Instruct,ollama,few-shot,R1,"[78, 1805, 3635, 5262]","{'temperature': 0.3, 'top_p': 0.9, 'repetition_penalty': 1.15, 'max_new_tokens': 256}",3570,"De partida, el tema concierne a todos los individuos y durante toda la vida, pues las finanzas explican la procedencia y uso de los ingresos y recursos que se disponen para satisfacer las necesidades particulares de todas y todos.",El tema interesa a todas las personas. Porque las finanzas explican el origen y uso de los ingresos disponibles para satisfacer las necesidades de todos.,Las finanzas son importantes en nuestra vida porque nos ayudan a entender cómo gastamos nuestros ingresos y recursos para satisfacer nuestras necesidades personales.,"Reescribe en español cada texto con lenguaje más claro y sencillo.
Conserva el significado original y no inventes información.
Guía interna de simplificación: usa palabras comunes; evita tecnicismos innecesarios; reemplaza palabras difíciles por palabras simples.

Devuelve solo la versión final simplificada.

Ejemplo 1
Texto: A continuación una tabla donde se demuestra como crecen los ahorros al pasar los años: Edad Inversión Intereses Saldo Inversión Intereses Saldo Laura Ganados Alberto Ganados 22 $800 $80 $880 23 $800 $168 $1.232 Valor al Jubilarse $311.092 Valor al Jubilarse $263.232 Menos las contribuciones iniciales $6.400 Menos las contribuciones iniciales $28.800 Ganancia Neta $304.692 Ganancia Neta $234.
Versión simplificada: A continuación, presentamos una tabla donde se demuestra como crecen los ahorros al pasar los años. Las categorías en que se divide la tabla son edad, inversión, intereses ganados y saldo. La tabla contrasta las ganancias en intereses por año de Laura y Alberto con una proyección de edad de jubilación de sesenta y cinco años y según la cantidad de años que mantuvieron el ahorro.

Ejemplo 2
Texto: El varias veces mencionado Yager, nos dice acertadamente sobre estos aspectos lo siguiente: La mayoría de ustedes están hambrientos de tener libertad financiera, están hastiados de tener batallas financieras porque son como un carrusel.
Versión simplificada: Yager habla acertadamente sobre estos aspectos y dice que la mayoría ambiciona tener libertad financiera y está cansada de tener batallas financieras inútiles.

Ejemplo 3
Texto: De acuerdo con esta medición, la proporción de pobres en la población mundial quienes viven con menos de un dólar por día descendió levemente entre 1987 y 1993, pues pasó del 30% al 29%.
Versión simplificada: Según esta medición, la proporción de personas pobres en la población mundial descendió un poco entre mil novecientos ochenta y siete y mil novecientos noventa y tres. Es decir, el porcentaje de personas que vivían con menos de un dólar por día pasó del treinta al veintinueve por ciento.

Ejemplo 4
Texto: - Rentabilidad
INTERÉS DE 2 PESOS SOBRE UNA INVERSIÓN DE 100 PESOS = RENTABILIDAD DE 2 % ((2 ÷ 100) × 100 = 2%) POR CADA 100 PESOS SE GANAN 2 PESOS
Endeudamiento
DEUDA DE 30 PESOS POR SOBRE EL CAPITAL DE 20 PESOS = ENDEUDAMIENTO DE 1,5 VECES EL CAPITAL (30 ÷ 20 = 1,5) POR CADA PESO DE CAPITAL EXISTE 1,5 PESOS DE DEUDA
Liquidez
80 PESOS DE DINERO DISPONIBLE POR SOBRE DEUDAS DE 40 PESOS = LIQUIDEZ DE DOS VECES EL VALOR DE LA DEUDA (80 ÷ 40 = 2) POR CADA PESO DE DEUDA SE DISPONE DE 2 PESOS PARA PAGO
Versión simplificada: EL INTERÉS DE DOS PESOS SOBRE UNA INVERSIÓN DE CIEN PESOS DA UNA RENTABILIDAD DE DOS POR CIENTO. ES DECIR, POR CADA CIEN PESOS GANAMOS DOS PESOS. LA DEUDA DE TREINTA PESOS SOBRE EL CAPITAL DE VEINTE PESOS RESULTA EN UNA DEUDA DE UNO PUNTO CINCO VECES EL CAPITAL. ES DECIR, POR CADA PESO DE CAPITAL HAY UNO PUNTO CINCO PESOS DE DEUDA. EN OCHENTA PESOS DE DINERO DISPONIBLE SOBRE DEUDAS DE CUARENTA PESOS DA UNA LIQUIDEZ DEL DOBLE DE LA DEUDA. POR CADA PESO ADEUDADO HAY DOS PESOS PARA PAGAR.

Texto: De partida, el tema concierne a todos los individuos y durante toda la vida, pues las finanzas explican la procedencia y uso de los ingresos y recursos que se disponen para satisfacer las necesidades particulares de todas y todos.
Versión simplificada:",18.5046,success,,{},3570,few-shot,hariel,llama3_cfg_3,0.3,0.9,1.15,256,,,39,23,25,1,1,2,37.12905033432533,3.9270635238719893,58.92695652173913,81.14769230769232,-22.220735785953195,0.5897435897435898,0,0.43544303797468353,0,0.5652173913043478,0.7435897435897436,34.85673913043479,40.04012820512823,-5.183389074693437,0.3673469387755102,0.0851063829787234,0.24489795918367346,0.7970877289772034,
exp_prompting_sample36_top4_20260505_022729,57b0ca08-7061-4178-bafa-3fcdaada2de8,2026-05-05T02:35:10.726978,feina_repr30_test_sample36,,sample36,llama3,meta-llama/Meta-Llama-3-8B-Instruct,ollama,few-shot,R1,"[78, 1805, 3635, 5262]","{'temperature': 0.3, 'top_p': 0.9, 'repetition_penalty': 1.15, 'max_new_tokens': 256}",3653,¿Qué función cumplen las empresas en la sociedad?,¿Qué función tienen las empresas en la sociedad?,"Las empresas son fundamentales para la sociedad porque crean empleos, producen bienes y servicios que mejoran nuestras vidas, y generan riqueza. Además, aportan innovación y tecnología que nos permiten vivir de manera más cómoda y segura.","Reescribe en español cada texto con lenguaje más claro y sencillo.
Conserva el significado original y no inventes información.
Guía interna de simplificación: usa palabras comunes; evita tecnicismos innecesarios; reemplaza palabras difíciles por palabras simples.

Devuelve solo la versión final simplificada.

Ejemplo 1
Texto: A continuación una tabla donde se demuestra como crecen los ahorros al pasar los años: Edad Inversión Intereses Saldo Inversión Intereses Saldo Laura Ganados Alberto Ganados 22 $800 $80 $880 23 $800 $168 $1.232 Valor al Jubilarse $311.092 Valor al Jubilarse $263.232 Menos las contribuciones iniciales $6.400 Menos las contribuciones iniciales $28.800 Ganancia Neta $304.692 Ganancia Neta $234.
Versión simplificada: A continuación, presentamos una tabla donde se demuestra como crecen los ahorros al pasar los años. Las categorías en que se divide la tabla son edad, inversión, intereses ganados y saldo. La tabla contrasta las ganancias en intereses por año de Laura y Alberto con una proyección de edad de jubilación de sesenta y cinco años y según la cantidad de años que mantuvieron el ahorro.

Ejemplo 2
Texto: El varias veces mencionado Yager, nos dice acertadamente sobre estos aspectos lo siguiente: La mayoría de ustedes están hambrientos de tener libertad financiera, están hastiados de tener batallas financieras porque son como un carrusel.
Versión simplificada: Yager habla acertadamente sobre estos aspectos y dice que la mayoría ambiciona tener libertad financiera y está cansada de tener batallas financieras inútiles.

Ejemplo 3
Texto: De acuerdo con esta medición, la proporción de pobres en la población mundial quienes viven con menos de un dólar por día descendió levemente entre 1987 y 1993, pues pasó del 30% al 29%.
Versión simplificada: Según esta medición, la proporción de personas pobres en la población mundial descendió un poco entre mil novecientos ochenta y siete y mil novecientos noventa y tres. Es decir, el porcentaje de personas que vivían con menos de un dólar por día pasó del treinta al veintinueve por ciento.

Ejemplo 4
Texto: - Rentabilidad
INTERÉS DE 2 PESOS SOBRE UNA INVERSIÓN DE 100 PESOS = RENTABILIDAD DE 2 % ((2 ÷ 100) × 100 = 2%) POR CADA 100 PESOS SE GANAN 2 PESOS
Endeudamiento
DEUDA DE 30 PESOS POR SOBRE EL CAPITAL DE 20 PESOS = ENDEUDAMIENTO DE 1,5 VECES EL CAPITAL (30 ÷ 20 = 1,5) POR CADA PESO DE CAPITAL EXISTE 1,5 PESOS DE DEUDA
Liquidez
80 PESOS DE DINERO DISPONIBLE POR SOBRE DEUDAS DE 40 PESOS = LIQUIDEZ DE DOS VECES EL VALOR DE LA DEUDA (80 ÷ 40 = 2) POR CADA PESO DE DEUDA SE DISPONE DE 2 PESOS PARA PAGO
Versión simplificada: EL INTERÉS DE DOS PESOS SOBRE UNA INVERSIÓN DE CIEN PESOS DA UNA RENTABILIDAD DE DOS POR CIENTO. ES DECIR, POR CADA CIEN PESOS GANAMOS DOS PESOS. LA DEUDA DE TREINTA PESOS SOBRE EL CAPITAL DE VEINTE PESOS RESULTA EN UNA DEUDA DE UNO PUNTO CINCO VECES EL CAPITAL. ES DECIR, POR CADA PESO DE CAPITAL HAY UNO PUNTO CINCO PESOS DE DEUDA. EN OCHENTA PESOS DE DINERO DISPONIBLE SOBRE DEUDAS DE CUARENTA PESOS DA UNA LIQUIDEZ DEL DOBLE DE LA DEUDA. POR CADA PESO ADEUDADO HAY DOS PESOS PARA PAGAR.

Texto: ¿Qué función cumplen las empresas en la sociedad?
Versión simplificada:",23.6403,success,,{},3653,few-shot,hariel,llama3_cfg_3,0.3,0.9,1.15,256,,,8,36,8,1,2,1,27.222222222222218,1.9819139932908678,69.50666666666667,89.09,-19.58333333333333,4.5,1,0.0627177700348432,0,0.8888888888888888,0.5,52.121111111111105,89.81000000000002,-37.68888888888891,0.2,0.08333333333333334,0.16,0.6808618307113647,
exp_prompting_sample36_top4_20260505_022729,340fe026-a0b4-4198-936a-b751857365d3,2026-05-05T02:35:34.582638,feina_repr30_test_sample36,,sample36,llama3,meta-llama/Meta-Llama-3-8B-Instruct,ollama,few-shot,R1,"[78, 1805, 3635, 5262]","{'temperature': 0.3, 'top_p': 0.9, 'repetition_penalty': 1.15, 'max_new_tokens': 256}",3712,Estos principios están diseñados para promover que las firmas de servicios financieros y las organizaciones de consumidores hagan más para educar a los ciudadanos en esta área.,Estos principios están diseñados para promover que las empresas de servicios financieros y las organizaciones de consumidores hagan más para educar a los ciudadanos en esta área.,Estos principios buscan fomentar la educación financiera entre los ciudadanos.,"Reescribe en español cada texto con lenguaje más claro y sencillo.
Conserva el significado original y no inventes información.
Guía interna de simplificación: usa palabras comunes; evita tecnicismos innecesarios; reemplaza palabras difíciles por palabras simples.

Devuelve solo la versión final simplificada.

Ejemplo 1
Texto: A continuación una tabla donde se demuestra como crecen los ahorros al pasar los años: Edad Inversión Intereses Saldo Inversión Intereses Saldo Laura Ganados Alberto Ganados 22 $800 $80 $880 23 $800 $168 $1.232 Valor al Jubilarse $311.092 Valor al Jubilarse $263.232 Menos las contribuciones iniciales $6.400 Menos las contribuciones iniciales $28.800 Ganancia Neta $304.692 Ganancia Neta $234.
Versión simplificada: A continuación, presentamos una tabla donde se demuestra como crecen los ahorros al pasar los años. Las categorías en que se divide la tabla son edad, inversión, intereses ganados y saldo. La tabla contrasta las ganancias en intereses por año de Laura y Alberto con una proyección de edad de jubilación de sesenta y cinco años y según la cantidad de años que mantuvieron el ahorro.

Ejemplo 2
Texto: El varias veces mencionado Yager, nos dice acertadamente sobre estos aspectos lo siguiente: La mayoría de ustedes están hambrientos de tener libertad financiera, están hastiados de tener batallas financieras porque son como un carrusel.
Versión simplificada: Yager habla acertadamente sobre estos aspectos y dice que la mayoría ambiciona tener libertad financiera y está cansada de tener batallas financieras inútiles.

Ejemplo 3
Texto: De acuerdo con esta medición, la proporción de pobres en la población mundial quienes viven con menos de un dólar por día descendió levemente entre 1987 y 1993, pues pasó del 30% al 29%.
Versión simplificada: Según esta medición, la proporción de personas pobres en la población mundial descendió un poco entre mil novecientos ochenta y siete y mil novecientos noventa y tres. Es decir, el porcentaje de personas que vivían con menos de un dólar por día pasó del treinta al veintinueve por ciento.

Ejemplo 4
Texto: - Rentabilidad
INTERÉS DE 2 PESOS SOBRE UNA INVERSIÓN DE 100 PESOS = RENTABILIDAD DE 2 % ((2 ÷ 100) × 100 = 2%) POR CADA 100 PESOS SE GANAN 2 PESOS
Endeudamiento
DEUDA DE 30 PESOS POR SOBRE EL CAPITAL DE 20 PESOS = ENDEUDAMIENTO DE 1,5 VECES EL CAPITAL (30 ÷ 20 = 1,5) POR CADA PESO DE CAPITAL EXISTE 1,5 PESOS DE DEUDA
Liquidez
80 PESOS DE DINERO DISPONIBLE POR SOBRE DEUDAS DE 40 PESOS = LIQUIDEZ DE DOS VECES EL VALOR DE LA DEUDA (80 ÷ 40 = 2) POR CADA PESO DE DEUDA SE DISPONE DE 2 PESOS PARA PAGO
Versión simplificada: EL INTERÉS DE DOS PESOS SOBRE UNA INVERSIÓN DE CIEN PESOS DA UNA RENTABILIDAD DE DOS POR CIENTO. ES DECIR, POR CADA CIEN PESOS GANAMOS DOS PESOS. LA DEUDA DE TREINTA PESOS SOBRE EL CAPITAL DE VEINTE PESOS RESULTA EN UNA DEUDA DE UNO PUNTO CINCO VECES EL CAPITAL. ES DECIR, POR CADA PESO DE CAPITAL HAY UNO PUNTO CINCO PESOS DE DEUDA. EN OCHENTA PESOS DE DINERO DISPONIBLE SOBRE DEUDAS DE CUARENTA PESOS DA UNA LIQUIDEZ DEL DOBLE DE LA DEUDA. POR CADA PESO ADEUDADO HAY DOS PESOS PARA PAGAR.

Texto: Estos principios están diseñados para promover que las firmas de servicios financieros y las organizaciones de consumidores hagan más para educar a los ciudadanos en esta área.
Versión simplificada:",15.7517,success,,{},3712,few-shot,hariel,llama3_cfg_3,0.3,0.9,1.15,256,,,27,10,27,1,1,1,9.790735419327374,2.389812490863547,40.64,67.50666666666669,-26.86666666666669,0.37037037037037035,0,0.47244094488188976,0,0.6,0.8518518518518519,34.85500000000002,39.08314814814818,-4.228148148148165,0.2439024390243902,0.10256410256410257,0.2439024390243902,0.8230160474777222,
exp_prompting_sample36_top4_20260505_022729,4d442678-955e-4d21-977a-84737d33a2ad,2026-05-05T02:35:50.558854,feina_repr30_test_sample36,,sample36,llama3,meta-llama/Meta-Llama-3-8B-Instruct,ollama,few-shot,R1,"[78, 1805, 3635, 5262]","{'temperature': 0.3, 'top_p': 0.9, 'repetition_penalty': 1.15, 'max_new_tokens': 256}",3776,"Hable con ellos, déles la cara, y hágales saber que está haciendo todo lo que puede para pagarles.","Hable con ellos, enfréntelos y comuníqueles que está haciendo lo posible para pagarles.","Hable con ellos, déles la cara y asegúreles que estás haciendo todo lo posible por pagar.","Reescribe en español cada texto con lenguaje más claro y sencillo.
Conserva el significado original y no inventes información.
Guía interna de simplificación: usa palabras comunes; evita tecnicismos innecesarios; reemplaza palabras difíciles por palabras simples.

Devuelve solo la versión final simplificada.

Ejemplo 1
Texto: A continuación una tabla donde se demuestra como crecen los ahorros al pasar los años: Edad Inversión Intereses Saldo Inversión Intereses Saldo Laura Ganados Alberto Ganados 22 $800 $80 $880 23 $800 $168 $1.232 Valor al Jubilarse $311.092 Valor al Jubilarse $263.232 Menos las contribuciones iniciales $6.400 Menos las contribuciones iniciales $28.800 Ganancia Neta $304.692 Ganancia Neta $234.
Versión simplificada: A continuación, presentamos una tabla donde se demuestra como crecen los ahorros al pasar los años. Las categorías en que se divide la tabla son edad, inversión, intereses ganados y saldo. La tabla contrasta las ganancias en intereses por año de Laura y Alberto con una proyección de edad de jubilación de sesenta y cinco años y según la cantidad de años que mantuvieron el ahorro.

Ejemplo 2
Texto: El varias veces mencionado Yager, nos dice acertadamente sobre estos aspectos lo siguiente: La mayoría de ustedes están hambrientos de tener libertad financiera, están hastiados de tener batallas financieras porque son como un carrusel.
Versión simplificada: Yager habla acertadamente sobre estos aspectos y dice que la mayoría ambiciona tener libertad financiera y está cansada de tener batallas financieras inútiles.

Ejemplo 3
Texto: De acuerdo con esta medición, la proporción de pobres en la población mundial quienes viven con menos de un dólar por día descendió levemente entre 1987 y 1993, pues pasó del 30% al 29%.
Versión simplificada: Según esta medición, la proporción de personas pobres en la población mundial descendió un poco entre mil novecientos ochenta y siete y mil novecientos noventa y tres. Es decir, el porcentaje de personas que vivían con menos de un dólar por día pasó del treinta al veintinueve por ciento.

Ejemplo 4
Texto: - Rentabilidad
INTERÉS DE 2 PESOS SOBRE UNA INVERSIÓN DE 100 PESOS = RENTABILIDAD DE 2 % ((2 ÷ 100) × 100 = 2%) POR CADA 100 PESOS SE GANAN 2 PESOS
Endeudamiento
DEUDA DE 30 PESOS POR SOBRE EL CAPITAL DE 20 PESOS = ENDEUDAMIENTO DE 1,5 VECES EL CAPITAL (30 ÷ 20 = 1,5) POR CADA PESO DE CAPITAL EXISTE 1,5 PESOS DE DEUDA
Liquidez
80 PESOS DE DINERO DISPONIBLE POR SOBRE DEUDAS DE 40 PESOS = LIQUIDEZ DE DOS VECES EL VALOR DE LA DEUDA (80 ÷ 40 = 2) POR CADA PESO DE DEUDA SE DISPONE DE 2 PESOS PARA PAGO
Versión simplificada: EL INTERÉS DE DOS PESOS SOBRE UNA INVERSIÓN DE CIEN PESOS DA UNA RENTABILIDAD DE DOS POR CIENTO. ES DECIR, POR CADA CIEN PESOS GANAMOS DOS PESOS. LA DEUDA DE TREINTA PESOS SOBRE EL CAPITAL DE VEINTE PESOS RESULTA EN UNA DEUDA DE UNO PUNTO CINCO VECES EL CAPITAL. ES DECIR, POR CADA PESO DE CAPITAL HAY UNO PUNTO CINCO PESOS DE DEUDA. EN OCHENTA PESOS DE DINERO DISPONIBLE SOBRE DEUDAS DE CUARENTA PESOS DA UNA LIQUIDEZ DEL DOBLE DE LA DEUDA. POR CADA PESO ADEUDADO HAY DOS PESOS PARA PAGAR.

Texto: Hable con ellos, déles la cara, y hágales saber que está haciendo todo lo que puede para pagarles.
Versión simplificada:",16.7375,success,,{},3776,few-shot,hariel,llama3_cfg_3,0.3,0.9,1.15,256,,,18,16,13,1,1,1,43.43479488569621,18.16725573641283,84.215,91.17333333333335,-6.958333333333343,0.8888888888888888,0,0.8021390374331551,0,0.3125,0.3888888888888889,70.12875000000001,74.61833333333335,-4.489583333333343,0.5294117647058824,0.25,0.5294117647058824,0.8333357572555542,
exp_prompting_sample36_top4_20260505_022729,3504ddc3-6556-4d63-80ab-cbbab9d6c685,2026-05-05T02:36:07.514522,feina_repr30_test_sample36,,sample36,llama3,meta-llama/Meta-Llama-3-8B-Instruct,ollama,few-shot,R1,"[78, 1805, 3635, 5262]","{'temperature': 0.3, 'top_p': 0.9, 'repetition_penalty': 1.15, 'max_new_tokens': 256}",3819,Pero ¿en qué se compite?,Pero ¿en qué se compite?,"La gente se compete por ganar libertad financiera y evitar batallas financieras inútiles, ya que no todos pueden vivir con lo justo.","Reescribe en español cada texto con lenguaje más claro y sencillo.
Conserva el significado original y no inventes información.
Guía interna de simplificación: usa palabras comunes; evita tecnicismos innecesarios; reemplaza palabras difíciles por palabras simples.

Devuelve solo la versión final simplificada.

Ejemplo 1
Texto: A continuación una tabla donde se demuestra como crecen los ahorros al pasar los años: Edad Inversión Intereses Saldo Inversión Intereses Saldo Laura Ganados Alberto Ganados 22 $800 $80 $880 23 $800 $168 $1.232 Valor al Jubilarse $311.092 Valor al Jubilarse $263.232 Menos las contribuciones iniciales $6.400 Menos las contribuciones iniciales $28.800 Ganancia Neta $304.692 Ganancia Neta $234.
Versión simplificada: A continuación, presentamos una tabla donde se demuestra como crecen los ahorros al pasar los años. Las categorías en que se divide la tabla son edad, inversión, intereses ganados y saldo. La tabla contrasta las ganancias en intereses por año de Laura y Alberto con una proyección de edad de jubilación de sesenta y cinco años y según la cantidad de años que mantuvieron el ahorro.

Ejemplo 2
Texto: El varias veces mencionado Yager, nos dice acertadamente sobre estos aspectos lo siguiente: La mayoría de ustedes están hambrientos de tener libertad financiera, están hastiados de tener batallas financieras porque son como un carrusel.
Versión simplificada: Yager habla acertadamente sobre estos aspectos y dice que la mayoría ambiciona tener libertad financiera y está cansada de tener batallas financieras inútiles.

Ejemplo 3
Texto: De acuerdo con esta medición, la proporción de pobres en la población mundial quienes viven con menos de un dólar por día descendió levemente entre 1987 y 1993, pues pasó del 30% al 29%.
Versión simplificada: Según esta medición, la proporción de personas pobres en la población mundial descendió un poco entre mil novecientos ochenta y siete y mil novecientos noventa y tres. Es decir, el porcentaje de personas que vivían con menos de un dólar por día pasó del treinta al veintinueve por ciento.

Ejemplo 4
Texto: - Rentabilidad
INTERÉS DE 2 PESOS SOBRE UNA INVERSIÓN DE 100 PESOS = RENTABILIDAD DE 2 % ((2 ÷ 100) × 100 = 2%) POR CADA 100 PESOS SE GANAN 2 PESOS
Endeudamiento
DEUDA DE 30 PESOS POR SOBRE EL CAPITAL DE 20 PESOS = ENDEUDAMIENTO DE 1,5 VECES EL CAPITAL (30 ÷ 20 = 1,5) POR CADA PESO DE CAPITAL EXISTE 1,5 PESOS DE DEUDA
Liquidez
80 PESOS DE DINERO DISPONIBLE POR SOBRE DEUDAS DE 40 PESOS = LIQUIDEZ DE DOS VECES EL VALOR DE LA DEUDA (80 ÷ 40 = 2) POR CADA PESO DE DEUDA SE DISPONE DE 2 PESOS PARA PAGO
Versión simplificada: EL INTERÉS DE DOS PESOS SOBRE UNA INVERSIÓN DE CIEN PESOS DA UNA RENTABILIDAD DE DOS POR CIENTO. ES DECIR, POR CADA CIEN PESOS GANAMOS DOS PESOS. LA DEUDA DE TREINTA PESOS SOBRE EL CAPITAL DE VEINTE PESOS RESULTA EN UNA DEUDA DE UNO PUNTO CINCO VECES EL CAPITAL. ES DECIR, POR CADA PESO DE CAPITAL HAY UNO PUNTO CINCO PESOS DE DEUDA. EN OCHENTA PESOS DE DINERO DISPONIBLE SOBRE DEUDAS DE CUARENTA PESOS DA UNA LIQUIDEZ DEL DOBLE DE LA DEUDA. POR CADA PESO ADEUDADO HAY DOS PESOS PARA PAGAR.

Texto: Pero ¿en qué se compite?
Versión simplificada:",18.7515,success,,{},3819,few-shot,hariel,llama3_cfg_3,0.3,0.9,1.15,256,,,5,22,5,1,1,1,2.380952380952381,1.5732934811145336,79.47636363636364,90.44,-10.963636363636354,4.4,0,0.1794871794871795,0,0.9545454545454546,0.8,57.403181818181835,102.155,-44.751818181818166,0.07142857142857142,0.0,0.07142857142857142,0.6565062403678894,
exp_prompting_sample36_top4_20260505_022729,633ce8d7-3819-45e9-a5e0-c7b4a3f042b5,2026-05-05T02:36:26.481704,feina_repr30_test_sample36,,sample36,llama3,meta-llama/Meta-Llama-3-8B-Instruct,ollama,few-shot,R1,"[78, 1805, 3635, 5262]","{'temperature': 0.3, 'top_p': 0.9, 'repetition_penalty': 1.15, 'max_new_tokens': 256}",4006,"Por otra parte, algunas personas sostienen que un impuesto de 10 por ciento impondría el mismo sacrificio a ambas familias.","Por otra parte, algunas personas sostienen que un impuesto de diez por ciento impondría el mismo sacrificio a ambas familias.",Algunas personas creen que un impuesto del 10% sería igualmente difícil para ambas familias.,"Reescribe en español cada texto con lenguaje más claro y sencillo.
Conserva el significado original y no inventes información.
Guía interna de simplificación: usa palabras comunes; evita tecnicismos innecesarios; reemplaza palabras difíciles por palabras simples.

Devuelve solo la versión final simplificada.

Ejemplo 1
Texto: A continuación una tabla donde se demuestra como crecen los ahorros al pasar los años: Edad Inversión Intereses Saldo Inversión Intereses Saldo Laura Ganados Alberto Ganados 22 $800 $80 $880 23 $800 $168 $1.232 Valor al Jubilarse $311.092 Valor al Jubilarse $263.232 Menos las contribuciones iniciales $6.400 Menos las contribuciones iniciales $28.800 Ganancia Neta $304.692 Ganancia Neta $234.
Versión simplificada: A continuación, presentamos una tabla donde se demuestra como crecen los ahorros al pasar los años. Las categorías en que se divide la tabla son edad, inversión, intereses ganados y saldo. La tabla contrasta las ganancias en intereses por año de Laura y Alberto con una proyección de edad de jubilación de sesenta y cinco años y según la cantidad de años que mantuvieron el ahorro.

Ejemplo 2
Texto: El varias veces mencionado Yager, nos dice acertadamente sobre estos aspectos lo siguiente: La mayoría de ustedes están hambrientos de tener libertad financiera, están hastiados de tener batallas financieras porque son como un carrusel.
Versión simplificada: Yager habla acertadamente sobre estos aspectos y dice que la mayoría ambiciona tener libertad financiera y está cansada de tener batallas financieras inútiles.

Ejemplo 3
Texto: De acuerdo con esta medición, la proporción de pobres en la población mundial quienes viven con menos de un dólar por día descendió levemente entre 1987 y 1993, pues pasó del 30% al 29%.
Versión simplificada: Según esta medición, la proporción de personas pobres en la población mundial descendió un poco entre mil novecientos ochenta y siete y mil novecientos noventa y tres. Es decir, el porcentaje de personas que vivían con menos de un dólar por día pasó del treinta al veintinueve por ciento.

Ejemplo 4
Texto: - Rentabilidad
INTERÉS DE 2 PESOS SOBRE UNA INVERSIÓN DE 100 PESOS = RENTABILIDAD DE 2 % ((2 ÷ 100) × 100 = 2%) POR CADA 100 PESOS SE GANAN 2 PESOS
Endeudamiento
DEUDA DE 30 PESOS POR SOBRE EL CAPITAL DE 20 PESOS = ENDEUDAMIENTO DE 1,5 VECES EL CAPITAL (30 ÷ 20 = 1,5) POR CADA PESO DE CAPITAL EXISTE 1,5 PESOS DE DEUDA
Liquidez
80 PESOS DE DINERO DISPONIBLE POR SOBRE DEUDAS DE 40 PESOS = LIQUIDEZ DE DOS VECES EL VALOR DE LA DEUDA (80 ÷ 40 = 2) POR CADA PESO DE DEUDA SE DISPONE DE 2 PESOS PARA PAGO
Versión simplificada: EL INTERÉS DE DOS PESOS SOBRE UNA INVERSIÓN DE CIEN PESOS DA UNA RENTABILIDAD DE DOS POR CIENTO. ES DECIR, POR CADA CIEN PESOS GANAMOS DOS PESOS. LA DEUDA DE TREINTA PESOS SOBRE EL CAPITAL DE VEINTE PESOS RESULTA EN UNA DEUDA DE UNO PUNTO CINCO VECES EL CAPITAL. ES DECIR, POR CADA PESO DE CAPITAL HAY UNO PUNTO CINCO PESOS DE DEUDA. EN OCHENTA PESOS DE DINERO DISPONIBLE SOBRE DEUDAS DE CUARENTA PESOS DA UNA LIQUIDEZ DEL DOBLE DE LA DEUDA. POR CADA PESO ADEUDADO HAY DOS PESOS PARA PAGAR.

Texto: Por otra parte, algunas personas sostienen que un impuesto de 10 por ciento impondría el mismo sacrificio a ambas familias.
Versión simplificada:",16.8683,success,,{},4006,few-shot,hariel,llama3_cfg_3,0.3,0.9,1.15,256,,,20,14,20,1,1,1,16.802407589020863,10.935997938624864,75.26857142857142,84.74000000000001,-9.47142857142859,0.7,0,0.641860465116279,0,0.42857142857142855,0.6,63.785,65.35000000000002,-1.5650000000000261,0.4324324324324324,0.2285714285714286,0.4324324324324324,0.8416994214057922,
exp_prompting_sample36_top4_20260505_022729,17da63f6-3155-4e3e-ae53-bbdd2c210984,2026-05-05T02:36:43.567445,feina_repr30_test_sample36,,sample36,llama3,meta-llama/Meta-Llama-3-8B-Instruct,ollama,few-shot,R1,"[78, 1805, 3635, 5262]","{'temperature': 0.3, 'top_p': 0.9, 'repetition_penalty': 1.15, 'max_new_tokens': 256}",4276,"Al principio, como ya vimos en el trueque, adoptó la forma de mercancía, pero con el tiempo se transformó en dinero-papel, cuentas corrientes y otras formas.","Al principio, tuvo la forma de mercancía, pero luego se transformó en dinero-papel, cuentas corrientes y otras formas.","La moneda comenzó a ser un objeto tangible, como una mercancía. Con el tiempo, evolucionó para convertirse en billetes de papel, cuentas bancarias y otros formatos.","Reescribe en español cada texto con lenguaje más claro y sencillo.
Conserva el significado original y no inventes información.
Guía interna de simplificación: usa palabras comunes; evita tecnicismos innecesarios; reemplaza palabras difíciles por palabras simples.

Devuelve solo la versión final simplificada.

Ejemplo 1
Texto: A continuación una tabla donde se demuestra como crecen los ahorros al pasar los años: Edad Inversión Intereses Saldo Inversión Intereses Saldo Laura Ganados Alberto Ganados 22 $800 $80 $880 23 $800 $168 $1.232 Valor al Jubilarse $311.092 Valor al Jubilarse $263.232 Menos las contribuciones iniciales $6.400 Menos las contribuciones iniciales $28.800 Ganancia Neta $304.692 Ganancia Neta $234.
Versión simplificada: A continuación, presentamos una tabla donde se demuestra como crecen los ahorros al pasar los años. Las categorías en que se divide la tabla son edad, inversión, intereses ganados y saldo. La tabla contrasta las ganancias en intereses por año de Laura y Alberto con una proyección de edad de jubilación de sesenta y cinco años y según la cantidad de años que mantuvieron el ahorro.

Ejemplo 2
Texto: El varias veces mencionado Yager, nos dice acertadamente sobre estos aspectos lo siguiente: La mayoría de ustedes están hambrientos de tener libertad financiera, están hastiados de tener batallas financieras porque son como un carrusel.
Versión simplificada: Yager habla acertadamente sobre estos aspectos y dice que la mayoría ambiciona tener libertad financiera y está cansada de tener batallas financieras inútiles.

Ejemplo 3
Texto: De acuerdo con esta medición, la proporción de pobres en la población mundial quienes viven con menos de un dólar por día descendió levemente entre 1987 y 1993, pues pasó del 30% al 29%.
Versión simplificada: Según esta medición, la proporción de personas pobres en la población mundial descendió un poco entre mil novecientos ochenta y siete y mil novecientos noventa y tres. Es decir, el porcentaje de personas que vivían con menos de un dólar por día pasó del treinta al veintinueve por ciento.

Ejemplo 4
Texto: - Rentabilidad
INTERÉS DE 2 PESOS SOBRE UNA INVERSIÓN DE 100 PESOS = RENTABILIDAD DE 2 % ((2 ÷ 100) × 100 = 2%) POR CADA 100 PESOS SE GANAN 2 PESOS
Endeudamiento
DEUDA DE 30 PESOS POR SOBRE EL CAPITAL DE 20 PESOS = ENDEUDAMIENTO DE 1,5 VECES EL CAPITAL (30 ÷ 20 = 1,5) POR CADA PESO DE CAPITAL EXISTE 1,5 PESOS DE DEUDA
Liquidez
80 PESOS DE DINERO DISPONIBLE POR SOBRE DEUDAS DE 40 PESOS = LIQUIDEZ DE DOS VECES EL VALOR DE LA DEUDA (80 ÷ 40 = 2) POR CADA PESO DE DEUDA SE DISPONE DE 2 PESOS PARA PAGO
Versión simplificada: EL INTERÉS DE DOS PESOS SOBRE UNA INVERSIÓN DE CIEN PESOS DA UNA RENTABILIDAD DE DOS POR CIENTO. ES DECIR, POR CADA CIEN PESOS GANAMOS DOS PESOS. LA DEUDA DE TREINTA PESOS SOBRE EL CAPITAL DE VEINTE PESOS RESULTA EN UNA DEUDA DE UNO PUNTO CINCO VECES EL CAPITAL. ES DECIR, POR CADA PESO DE CAPITAL HAY UNO PUNTO CINCO PESOS DE DEUDA. EN OCHENTA PESOS DE DINERO DISPONIBLE SOBRE DEUDAS DE CUARENTA PESOS DA UNA LIQUIDEZ DEL DOBLE DE LA DEUDA. POR CADA PESO ADEUDADO HAY DOS PESOS PARA PAGAR.

Texto: Al principio, como ya vimos en el trueque, adoptó la forma de mercancía, pero con el tiempo se transformó en dinero-papel, cuentas corrientes y otras formas.
Versión simplificada:",20.5596,success,,{},4276,few-shot,hariel,llama3_cfg_3,0.3,0.9,1.15,256,,,27,26,19,1,2,1,25.85843540357904,3.493641888989307,69.76307692307694,94.17333333333333,-24.410256410256395,0.9629629629629629,1,0.4672897196261682,0,0.5769230769230769,0.5925925925925926,59.65038461538464,66.77203703703705,-7.1216524216524135,0.3404255319148936,0.08888888888888889,0.29787234042553196,0.7987812757492065,
exp_prompting_sample36_top4_20260505_022729,b91dd17d-dd9d-4af3-990b-3708d456281a,2026-05-05T02:37:04.346511,feina_repr30_test_sample36,,sample36,llama3,meta-llama/Meta-Llama-3-8B-Instruct,ollama,few-shot,R1,"[78, 1805, 3635, 5262]","{'temperature': 0.3, 'top_p': 0.9, 'repetition_penalty': 1.15, 'max_new_tokens': 256}",4284,"¿Son estos sólo sueños, o son metas reales?",¿Estos son sólo sueños o son metas reales?,¿Sólo son sueños o metas reales?,"Reescribe en español cada texto con lenguaje más claro y sencillo.
Conserva el significado original y no inventes información.
Guía interna de simplificación: usa palabras comunes; evita tecnicismos innecesarios; reemplaza palabras difíciles por palabras simples.

Devuelve solo la versión final simplificada.

Ejemplo 1
Texto: A continuación una tabla donde se demuestra como crecen los ahorros al pasar los años: Edad Inversión Intereses Saldo Inversión Intereses Saldo Laura Ganados Alberto Ganados 22 $800 $80 $880 23 $800 $168 $1.232 Valor al Jubilarse $311.092 Valor al Jubilarse $263.232 Menos las contribuciones iniciales $6.400 Menos las contribuciones iniciales $28.800 Ganancia Neta $304.692 Ganancia Neta $234.
Versión simplificada: A continuación, presentamos una tabla donde se demuestra como crecen los ahorros al pasar los años. Las categorías en que se divide la tabla son edad, inversión, intereses ganados y saldo. La tabla contrasta las ganancias en intereses por año de Laura y Alberto con una proyección de edad de jubilación de sesenta y cinco años y según la cantidad de años que mantuvieron el ahorro.

Ejemplo 2
Texto: El varias veces mencionado Yager, nos dice acertadamente sobre estos aspectos lo siguiente: La mayoría de ustedes están hambrientos de tener libertad financiera, están hastiados de tener batallas financieras porque son como un carrusel.
Versión simplificada: Yager habla acertadamente sobre estos aspectos y dice que la mayoría ambiciona tener libertad financiera y está cansada de tener batallas financieras inútiles.

Ejemplo 3
Texto: De acuerdo con esta medición, la proporción de pobres en la población mundial quienes viven con menos de un dólar por día descendió levemente entre 1987 y 1993, pues pasó del 30% al 29%.
Versión simplificada: Según esta medición, la proporción de personas pobres en la población mundial descendió un poco entre mil novecientos ochenta y siete y mil novecientos noventa y tres. Es decir, el porcentaje de personas que vivían con menos de un dólar por día pasó del treinta al veintinueve por ciento.

Ejemplo 4
Texto: - Rentabilidad
INTERÉS DE 2 PESOS SOBRE UNA INVERSIÓN DE 100 PESOS = RENTABILIDAD DE 2 % ((2 ÷ 100) × 100 = 2%) POR CADA 100 PESOS SE GANAN 2 PESOS
Endeudamiento
DEUDA DE 30 PESOS POR SOBRE EL CAPITAL DE 20 PESOS = ENDEUDAMIENTO DE 1,5 VECES EL CAPITAL (30 ÷ 20 = 1,5) POR CADA PESO DE CAPITAL EXISTE 1,5 PESOS DE DEUDA
Liquidez
80 PESOS DE DINERO DISPONIBLE POR SOBRE DEUDAS DE 40 PESOS = LIQUIDEZ DE DOS VECES EL VALOR DE LA DEUDA (80 ÷ 40 = 2) POR CADA PESO DE DEUDA SE DISPONE DE 2 PESOS PARA PAGO
Versión simplificada: EL INTERÉS DE DOS PESOS SOBRE UNA INVERSIÓN DE CIEN PESOS DA UNA RENTABILIDAD DE DOS POR CIENTO. ES DECIR, POR CADA CIEN PESOS GANAMOS DOS PESOS. LA DEUDA DE TREINTA PESOS SOBRE EL CAPITAL DE VEINTE PESOS RESULTA EN UNA DEUDA DE UNO PUNTO CINCO VECES EL CAPITAL. ES DECIR, POR CADA PESO DE CAPITAL HAY UNO PUNTO CINCO PESOS DE DEUDA. EN OCHENTA PESOS DE DINERO DISPONIBLE SOBRE DEUDAS DE CUARENTA PESOS DA UNA LIQUIDEZ DEL DOBLE DE LA DEUDA. POR CADA PESO ADEUDADO HAY DOS PESOS PARA PAGAR.

Texto: ¿Son estos sólo sueños, o son metas reales?
Versión simplificada:",14.9146,success,,{},4284,few-shot,hariel,llama3_cfg_3,0.3,0.9,1.15,256,,,8,6,8,1,1,1,46.09418359418359,24.177237023718654,89.83999999999999,96.59,-6.750000000000014,0.75,0,0.7466666666666667,0,0.0,0.25,97.00166666666668,97.59750000000001,-0.5958333333333314,0.888888888888889,0.5,0.7777777777777777,0.9155514240264893,
exp_prompting_sample36_top4_20260505_022729,cd955e20-6b2d-44f3-a956-a6becf304082,2026-05-05T02:37:19.479066,feina_repr30_test_sample36,,sample36,llama3,meta-llama/Meta-Llama-3-8B-Instruct,ollama,few-shot,R1,"[78, 1805, 3635, 5262]","{'temperature': 0.3, 'top_p': 0.9, 'repetition_penalty': 1.15, 'max_new_tokens': 256}",4638,"En los pueblos donde el principio de la elección se extiende a todo, no hay propiamente hablando carrera pública.",En los pueblos donde el principio de la elección se extiende a todo no existe la carrera pública.,"En lugares donde todos pueden elegir, no hay realmente una ""carrera pública"".","Reescribe en español cada texto con lenguaje más claro y sencillo.
Conserva el significado original y no inventes información.
Guía interna de simplificación: usa palabras comunes; evita tecnicismos innecesarios; reemplaza palabras difíciles por palabras simples.

Devuelve solo la versión final simplificada.

Ejemplo 1
Texto: A continuación una tabla donde se demuestra como crecen los ahorros al pasar los años: Edad Inversión Intereses Saldo Inversión Intereses Saldo Laura Ganados Alberto Ganados 22 $800 $80 $880 23 $800 $168 $1.232 Valor al Jubilarse $311.092 Valor al Jubilarse $263.232 Menos las contribuciones iniciales $6.400 Menos las contribuciones iniciales $28.800 Ganancia Neta $304.692 Ganancia Neta $234.
Versión simplificada: A continuación, presentamos una tabla donde se demuestra como crecen los ahorros al pasar los años. Las categorías en que se divide la tabla son edad, inversión, intereses ganados y saldo. La tabla contrasta las ganancias en intereses por año de Laura y Alberto con una proyección de edad de jubilación de sesenta y cinco años y según la cantidad de años que mantuvieron el ahorro.

Ejemplo 2
Texto: El varias veces mencionado Yager, nos dice acertadamente sobre estos aspectos lo siguiente: La mayoría de ustedes están hambrientos de tener libertad financiera, están hastiados de tener batallas financieras porque son como un carrusel.
Versión simplificada: Yager habla acertadamente sobre estos aspectos y dice que la mayoría ambiciona tener libertad financiera y está cansada de tener batallas financieras inútiles.

Ejemplo 3
Texto: De acuerdo con esta medición, la proporción de pobres en la población mundial quienes viven con menos de un dólar por día descendió levemente entre 1987 y 1993, pues pasó del 30% al 29%.
Versión simplificada: Según esta medición, la proporción de personas pobres en la población mundial descendió un poco entre mil novecientos ochenta y siete y mil novecientos noventa y tres. Es decir, el porcentaje de personas que vivían con menos de un dólar por día pasó del treinta al veintinueve por ciento.

Ejemplo 4
Texto: - Rentabilidad
INTERÉS DE 2 PESOS SOBRE UNA INVERSIÓN DE 100 PESOS = RENTABILIDAD DE 2 % ((2 ÷ 100) × 100 = 2%) POR CADA 100 PESOS SE GANAN 2 PESOS
Endeudamiento
DEUDA DE 30 PESOS POR SOBRE EL CAPITAL DE 20 PESOS = ENDEUDAMIENTO DE 1,5 VECES EL CAPITAL (30 ÷ 20 = 1,5) POR CADA PESO DE CAPITAL EXISTE 1,5 PESOS DE DEUDA
Liquidez
80 PESOS DE DINERO DISPONIBLE POR SOBRE DEUDAS DE 40 PESOS = LIQUIDEZ DE DOS VECES EL VALOR DE LA DEUDA (80 ÷ 40 = 2) POR CADA PESO DE DEUDA SE DISPONE DE 2 PESOS PARA PAGO
Versión simplificada: EL INTERÉS DE DOS PESOS SOBRE UNA INVERSIÓN DE CIEN PESOS DA UNA RENTABILIDAD DE DOS POR CIENTO. ES DECIR, POR CADA CIEN PESOS GANAMOS DOS PESOS. LA DEUDA DE TREINTA PESOS SOBRE EL CAPITAL DE VEINTE PESOS RESULTA EN UNA DEUDA DE UNO PUNTO CINCO VECES EL CAPITAL. ES DECIR, POR CADA PESO DE CAPITAL HAY UNO PUNTO CINCO PESOS DE DEUDA. EN OCHENTA PESOS DE DINERO DISPONIBLE SOBRE DEUDAS DE CUARENTA PESOS DA UNA LIQUIDEZ DEL DOBLE DE LA DEUDA. POR CADA PESO ADEUDADO HAY DOS PESOS PARA PAGAR.

Texto: En los pueblos donde el principio de la elección se extiende a todo, no hay propiamente hablando carrera pública.
Versión simplificada:",15.3005,success,,{},4638,few-shot,hariel,llama3_cfg_3,0.3,0.9,1.15,256,,,19,12,18,1,1,1,18.967932323431043,5.336597434165171,68.34,84.62947368421054,-16.289473684210535,0.631578947368421,0,0.6105263157894737,0,0.5,0.6842105263157895,59.85166666666669,66.51394736842106,-6.662280701754369,0.3636363636363637,0.12903225806451615,0.3636363636363637,0.8130783438682556,
exp_prompting_sample36_top4_20260505_022729,1d31aa8b-fdab-4fe2-8f17-8402d55b4aa1,2026-05-05T02:37:34.998233,feina_repr30_test_sample36,,sample36,llama3,meta-llama/Meta-Llama-3-8B-Instruct,ollama,few-shot,R1,"[78, 1805, 3635, 5262]","{'temperature': 0.3, 'top_p': 0.9, 'repetition_penalty': 1.15, 'max_new_tokens': 256}",4751,"Sin entusiasmo, dijo alguien famoso, nunca se ha podido realizar nada grande.",Sin entusiasmo no se logró nada grande.,Nunca puedes lograr algo importante sin sentir entusiasmo.,"Reescribe en español cada texto con lenguaje más claro y sencillo.
Conserva el significado original y no inventes información.
Guía interna de simplificación: usa palabras comunes; evita tecnicismos innecesarios; reemplaza palabras difíciles por palabras simples.

Devuelve solo la versión final simplificada.

Ejemplo 1
Texto: A continuación una tabla donde se demuestra como crecen los ahorros al pasar los años: Edad Inversión Intereses Saldo Inversión Intereses Saldo Laura Ganados Alberto Ganados 22 $800 $80 $880 23 $800 $168 $1.232 Valor al Jubilarse $311.092 Valor al Jubilarse $263.232 Menos las contribuciones iniciales $6.400 Menos las contribuciones iniciales $28.800 Ganancia Neta $304.692 Ganancia Neta $234.
Versión simplificada: A continuación, presentamos una tabla donde se demuestra como crecen los ahorros al pasar los años. Las categorías en que se divide la tabla son edad, inversión, intereses ganados y saldo. La tabla contrasta las ganancias en intereses por año de Laura y Alberto con una proyección de edad de jubilación de sesenta y cinco años y según la cantidad de años que mantuvieron el ahorro.

Ejemplo 2
Texto: El varias veces mencionado Yager, nos dice acertadamente sobre estos aspectos lo siguiente: La mayoría de ustedes están hambrientos de tener libertad financiera, están hastiados de tener batallas financieras porque son como un carrusel.
Versión simplificada: Yager habla acertadamente sobre estos aspectos y dice que la mayoría ambiciona tener libertad financiera y está cansada de tener batallas financieras inútiles.

Ejemplo 3
Texto: De acuerdo con esta medición, la proporción de pobres en la población mundial quienes viven con menos de un dólar por día descendió levemente entre 1987 y 1993, pues pasó del 30% al 29%.
Versión simplificada: Según esta medición, la proporción de personas pobres en la población mundial descendió un poco entre mil novecientos ochenta y siete y mil novecientos noventa y tres. Es decir, el porcentaje de personas que vivían con menos de un dólar por día pasó del treinta al veintinueve por ciento.

Ejemplo 4
Texto: - Rentabilidad
INTERÉS DE 2 PESOS SOBRE UNA INVERSIÓN DE 100 PESOS = RENTABILIDAD DE 2 % ((2 ÷ 100) × 100 = 2%) POR CADA 100 PESOS SE GANAN 2 PESOS
Endeudamiento
DEUDA DE 30 PESOS POR SOBRE EL CAPITAL DE 20 PESOS = ENDEUDAMIENTO DE 1,5 VECES EL CAPITAL (30 ÷ 20 = 1,5) POR CADA PESO DE CAPITAL EXISTE 1,5 PESOS DE DEUDA
Liquidez
80 PESOS DE DINERO DISPONIBLE POR SOBRE DEUDAS DE 40 PESOS = LIQUIDEZ DE DOS VECES EL VALOR DE LA DEUDA (80 ÷ 40 = 2) POR CADA PESO DE DEUDA SE DISPONE DE 2 PESOS PARA PAGO
Versión simplificada: EL INTERÉS DE DOS PESOS SOBRE UNA INVERSIÓN DE CIEN PESOS DA UNA RENTABILIDAD DE DOS POR CIENTO. ES DECIR, POR CADA CIEN PESOS GANAMOS DOS PESOS. LA DEUDA DE TREINTA PESOS SOBRE EL CAPITAL DE VEINTE PESOS RESULTA EN UNA DEUDA DE UNO PUNTO CINCO VECES EL CAPITAL. ES DECIR, POR CADA PESO DE CAPITAL HAY UNO PUNTO CINCO PESOS DE DEUDA. EN OCHENTA PESOS DE DINERO DISPONIBLE SOBRE DEUDAS DE CUARENTA PESOS DA UNA LIQUIDEZ DEL DOBLE DE LA DEUDA. POR CADA PESO ADEUDADO HAY DOS PESOS PARA PAGAR.

Texto: Sin entusiasmo, dijo alguien famoso, nunca se ha podido realizar nada grande.
Versión simplificada:",15.0152,success,,{},4751,few-shot,hariel,llama3_cfg_3,0.3,0.9,1.15,256,,,12,8,7,1,1,1,35.333333333333336,5.669791110976001,51.59,68.34,-16.75,0.6666666666666666,0,0.2074074074074074,0,0.625,0.75,50.8725,59.85166666666669,-8.979166666666686,0.26666666666666666,0.0,0.26666666666666666,0.7787414193153381,
exp_prompting_sample36_top4_20260505_022729,dce7553a-cf3c-4048-af7d-fa38670c505f,2026-05-05T02:37:50.247053,feina_repr30_test_sample36,,sample36,llama3,meta-llama/Meta-Llama-3-8B-Instruct,ollama,few-shot,R1,"[78, 1805, 3635, 5262]","{'temperature': 0.3, 'top_p': 0.9, 'repetition_penalty': 1.15, 'max_new_tokens': 256}",5037,"Por tanto, este método calcula interés sobre interés.","Por eso, este método calcula interés sobre interés.","Este método considera el interés ganado y lo aplica de nuevo, es decir, se calcula el interés sobre el interés.","Reescribe en español cada texto con lenguaje más claro y sencillo.
Conserva el significado original y no inventes información.
Guía interna de simplificación: usa palabras comunes; evita tecnicismos innecesarios; reemplaza palabras difíciles por palabras simples.

Devuelve solo la versión final simplificada.

Ejemplo 1
Texto: A continuación una tabla donde se demuestra como crecen los ahorros al pasar los años: Edad Inversión Intereses Saldo Inversión Intereses Saldo Laura Ganados Alberto Ganados 22 $800 $80 $880 23 $800 $168 $1.232 Valor al Jubilarse $311.092 Valor al Jubilarse $263.232 Menos las contribuciones iniciales $6.400 Menos las contribuciones iniciales $28.800 Ganancia Neta $304.692 Ganancia Neta $234.
Versión simplificada: A continuación, presentamos una tabla donde se demuestra como crecen los ahorros al pasar los años. Las categorías en que se divide la tabla son edad, inversión, intereses ganados y saldo. La tabla contrasta las ganancias en intereses por año de Laura y Alberto con una proyección de edad de jubilación de sesenta y cinco años y según la cantidad de años que mantuvieron el ahorro.

Ejemplo 2
Texto: El varias veces mencionado Yager, nos dice acertadamente sobre estos aspectos lo siguiente: La mayoría de ustedes están hambrientos de tener libertad financiera, están hastiados de tener batallas financieras porque son como un carrusel.
Versión simplificada: Yager habla acertadamente sobre estos aspectos y dice que la mayoría ambiciona tener libertad financiera y está cansada de tener batallas financieras inútiles.

Ejemplo 3
Texto: De acuerdo con esta medición, la proporción de pobres en la población mundial quienes viven con menos de un dólar por día descendió levemente entre 1987 y 1993, pues pasó del 30% al 29%.
Versión simplificada: Según esta medición, la proporción de personas pobres en la población mundial descendió un poco entre mil novecientos ochenta y siete y mil novecientos noventa y tres. Es decir, el porcentaje de personas que vivían con menos de un dólar por día pasó del treinta al veintinueve por ciento.

Ejemplo 4
Texto: - Rentabilidad
INTERÉS DE 2 PESOS SOBRE UNA INVERSIÓN DE 100 PESOS = RENTABILIDAD DE 2 % ((2 ÷ 100) × 100 = 2%) POR CADA 100 PESOS SE GANAN 2 PESOS
Endeudamiento
DEUDA DE 30 PESOS POR SOBRE EL CAPITAL DE 20 PESOS = ENDEUDAMIENTO DE 1,5 VECES EL CAPITAL (30 ÷ 20 = 1,5) POR CADA PESO DE CAPITAL EXISTE 1,5 PESOS DE DEUDA
Liquidez
80 PESOS DE DINERO DISPONIBLE POR SOBRE DEUDAS DE 40 PESOS = LIQUIDEZ DE DOS VECES EL VALOR DE LA DEUDA (80 ÷ 40 = 2) POR CADA PESO DE DEUDA SE DISPONE DE 2 PESOS PARA PAGO
Versión simplificada: EL INTERÉS DE DOS PESOS SOBRE UNA INVERSIÓN DE CIEN PESOS DA UNA RENTABILIDAD DE DOS POR CIENTO. ES DECIR, POR CADA CIEN PESOS GANAMOS DOS PESOS. LA DEUDA DE TREINTA PESOS SOBRE EL CAPITAL DE VEINTE PESOS RESULTA EN UNA DEUDA DE UNO PUNTO CINCO VECES EL CAPITAL. ES DECIR, POR CADA PESO DE CAPITAL HAY UNO PUNTO CINCO PESOS DE DEUDA. EN OCHENTA PESOS DE DINERO DISPONIBLE SOBRE DEUDAS DE CUARENTA PESOS DA UNA LIQUIDEZ DEL DOBLE DE LA DEUDA. POR CADA PESO ADEUDADO HAY DOS PESOS PARA PAGAR.

Texto: Por tanto, este método calcula interés sobre interés.
Versión simplificada:",18.4664,success,,{},5037,few-shot,hariel,llama3_cfg_3,0.3,0.9,1.15,256,,,8,20,8,1,1,1,29.602396514161217,5.356850921756574,78.74000000000004,51.59,27.150000000000034,2.5,0,0.5,0,0.7,0.25,59.12000000000002,50.8725,8.247500000000016,0.5142857142857142,0.30303030303030304,0.5142857142857142,0.820418119430542,
exp_prompting_sample36_top4_20260505_022729,ffba9864-585d-4e37-9ab8-b388fb5f7ad0,2026-05-05T02:38:08.939078,feina_repr30_test_sample36,,sample36,llama3,meta-llama/Meta-Llama-3-8B-Instruct,ollama,few-shot,R1,"[78, 1805, 3635, 5262]","{'temperature': 0.3, 'top_p': 0.9, 'repetition_penalty': 1.15, 'max_new_tokens': 256}",5112,"El resultado es aproximado a $300,000 en seis años.",El resultado es aproximadamente trescientos mil dólares en seis años.,"El resultado sería de alrededor de 300,000 dólares después de seis años.","Reescribe en español cada texto con lenguaje más claro y sencillo.
Conserva el significado original y no inventes información.
Guía interna de simplificación: usa palabras comunes; evita tecnicismos innecesarios; reemplaza palabras difíciles por palabras simples.

Devuelve solo la versión final simplificada.

Ejemplo 1
Texto: A continuación una tabla donde se demuestra como crecen los ahorros al pasar los años: Edad Inversión Intereses Saldo Inversión Intereses Saldo Laura Ganados Alberto Ganados 22 $800 $80 $880 23 $800 $168 $1.232 Valor al Jubilarse $311.092 Valor al Jubilarse $263.232 Menos las contribuciones iniciales $6.400 Menos las contribuciones iniciales $28.800 Ganancia Neta $304.692 Ganancia Neta $234.
Versión simplificada: A continuación, presentamos una tabla donde se demuestra como crecen los ahorros al pasar los años. Las categorías en que se divide la tabla son edad, inversión, intereses ganados y saldo. La tabla contrasta las ganancias en intereses por año de Laura y Alberto con una proyección de edad de jubilación de sesenta y cinco años y según la cantidad de años que mantuvieron el ahorro.

Ejemplo 2
Texto: El varias veces mencionado Yager, nos dice acertadamente sobre estos aspectos lo siguiente: La mayoría de ustedes están hambrientos de tener libertad financiera, están hastiados de tener batallas financieras porque son como un carrusel.
Versión simplificada: Yager habla acertadamente sobre estos aspectos y dice que la mayoría ambiciona tener libertad financiera y está cansada de tener batallas financieras inútiles.

Ejemplo 3
Texto: De acuerdo con esta medición, la proporción de pobres en la población mundial quienes viven con menos de un dólar por día descendió levemente entre 1987 y 1993, pues pasó del 30% al 29%.
Versión simplificada: Según esta medición, la proporción de personas pobres en la población mundial descendió un poco entre mil novecientos ochenta y siete y mil novecientos noventa y tres. Es decir, el porcentaje de personas que vivían con menos de un dólar por día pasó del treinta al veintinueve por ciento.

Ejemplo 4
Texto: - Rentabilidad
INTERÉS DE 2 PESOS SOBRE UNA INVERSIÓN DE 100 PESOS = RENTABILIDAD DE 2 % ((2 ÷ 100) × 100 = 2%) POR CADA 100 PESOS SE GANAN 2 PESOS
Endeudamiento
DEUDA DE 30 PESOS POR SOBRE EL CAPITAL DE 20 PESOS = ENDEUDAMIENTO DE 1,5 VECES EL CAPITAL (30 ÷ 20 = 1,5) POR CADA PESO DE CAPITAL EXISTE 1,5 PESOS DE DEUDA
Liquidez
80 PESOS DE DINERO DISPONIBLE POR SOBRE DEUDAS DE 40 PESOS = LIQUIDEZ DE DOS VECES EL VALOR DE LA DEUDA (80 ÷ 40 = 2) POR CADA PESO DE DEUDA SE DISPONE DE 2 PESOS PARA PAGO
Versión simplificada: EL INTERÉS DE DOS PESOS SOBRE UNA INVERSIÓN DE CIEN PESOS DA UNA RENTABILIDAD DE DOS POR CIENTO. ES DECIR, POR CADA CIEN PESOS GANAMOS DOS PESOS. LA DEUDA DE TREINTA PESOS SOBRE EL CAPITAL DE VEINTE PESOS RESULTA EN UNA DEUDA DE UNO PUNTO CINCO VECES EL CAPITAL. ES DECIR, POR CADA PESO DE CAPITAL HAY UNO PUNTO CINCO PESOS DE DEUDA. EN OCHENTA PESOS DE DINERO DISPONIBLE SOBRE DEUDAS DE CUARENTA PESOS DA UNA LIQUIDEZ DEL DOBLE DE LA DEUDA. POR CADA PESO ADEUDADO HAY DOS PESOS PARA PAGAR.

Texto: El resultado es aproximado a $300,000 en seis años.
Versión simplificada:",16.7419,success,,{},5112,few-shot,hariel,llama3_cfg_3,0.3,0.9,1.15,256,,,10,13,10,1,1,1,46.099409849409845,15.133218633429316,97.45538461538462,100.64,-3.184615384615384,1.3,0,0.6666666666666666,0,0.5384615384615384,0.4,88.40423076923078,97.155,-8.750769230769222,0.4827586206896552,0.2962962962962963,0.4827586206896552,0.8832859396934509,
exp_prompting_sample36_top4_20260505_022729,d3ef2314-c3d2-4f70-baa1-fc83f6cbdcf9,2026-05-05T02:38:25.897428,feina_repr30_test_sample36,,sample36,llama3,meta-llama/Meta-Llama-3-8B-Instruct,ollama,few-shot,R1,"[78, 1805, 3635, 5262]","{'temperature': 0.3, 'top_p': 0.9, 'repetition_penalty': 1.15, 'max_new_tokens': 256}",5187,Documente todos sus gastos e ingresos o compárelos con lo que usted planificó que iba a gastar en el mes.,Documente todos sus gastos e ingresos y compárelos con lo que usted planificó que iba a gastar en el mes.,Asegúrate de documentar tus gastos y ingresos para compararlos con tu presupuesto mensual.,"Reescribe en español cada texto con lenguaje más claro y sencillo.
Conserva el significado original y no inventes información.
Guía interna de simplificación: usa palabras comunes; evita tecnicismos innecesarios; reemplaza palabras difíciles por palabras simples.

Devuelve solo la versión final simplificada.

Ejemplo 1
Texto: A continuación una tabla donde se demuestra como crecen los ahorros al pasar los años: Edad Inversión Intereses Saldo Inversión Intereses Saldo Laura Ganados Alberto Ganados 22 $800 $80 $880 23 $800 $168 $1.232 Valor al Jubilarse $311.092 Valor al Jubilarse $263.232 Menos las contribuciones iniciales $6.400 Menos las contribuciones iniciales $28.800 Ganancia Neta $304.692 Ganancia Neta $234.
Versión simplificada: A continuación, presentamos una tabla donde se demuestra como crecen los ahorros al pasar los años. Las categorías en que se divide la tabla son edad, inversión, intereses ganados y saldo. La tabla contrasta las ganancias en intereses por año de Laura y Alberto con una proyección de edad de jubilación de sesenta y cinco años y según la cantidad de años que mantuvieron el ahorro.

Ejemplo 2
Texto: El varias veces mencionado Yager, nos dice acertadamente sobre estos aspectos lo siguiente: La mayoría de ustedes están hambrientos de tener libertad financiera, están hastiados de tener batallas financieras porque son como un carrusel.
Versión simplificada: Yager habla acertadamente sobre estos aspectos y dice que la mayoría ambiciona tener libertad financiera y está cansada de tener batallas financieras inútiles.

Ejemplo 3
Texto: De acuerdo con esta medición, la proporción de pobres en la población mundial quienes viven con menos de un dólar por día descendió levemente entre 1987 y 1993, pues pasó del 30% al 29%.
Versión simplificada: Según esta medición, la proporción de personas pobres en la población mundial descendió un poco entre mil novecientos ochenta y siete y mil novecientos noventa y tres. Es decir, el porcentaje de personas que vivían con menos de un dólar por día pasó del treinta al veintinueve por ciento.

Ejemplo 4
Texto: - Rentabilidad
INTERÉS DE 2 PESOS SOBRE UNA INVERSIÓN DE 100 PESOS = RENTABILIDAD DE 2 % ((2 ÷ 100) × 100 = 2%) POR CADA 100 PESOS SE GANAN 2 PESOS
Endeudamiento
DEUDA DE 30 PESOS POR SOBRE EL CAPITAL DE 20 PESOS = ENDEUDAMIENTO DE 1,5 VECES EL CAPITAL (30 ÷ 20 = 1,5) POR CADA PESO DE CAPITAL EXISTE 1,5 PESOS DE DEUDA
Liquidez
80 PESOS DE DINERO DISPONIBLE POR SOBRE DEUDAS DE 40 PESOS = LIQUIDEZ DE DOS VECES EL VALOR DE LA DEUDA (80 ÷ 40 = 2) POR CADA PESO DE DEUDA SE DISPONE DE 2 PESOS PARA PAGO
Versión simplificada: EL INTERÉS DE DOS PESOS SOBRE UNA INVERSIÓN DE CIEN PESOS DA UNA RENTABILIDAD DE DOS POR CIENTO. ES DECIR, POR CADA CIEN PESOS GANAMOS DOS PESOS. LA DEUDA DE TREINTA PESOS SOBRE EL CAPITAL DE VEINTE PESOS RESULTA EN UNA DEUDA DE UNO PUNTO CINCO VECES EL CAPITAL. ES DECIR, POR CADA PESO DE CAPITAL HAY UNO PUNTO CINCO PESOS DE DEUDA. EN OCHENTA PESOS DE DINERO DISPONIBLE SOBRE DEUDAS DE CUARENTA PESOS DA UNA LIQUIDEZ DEL DOBLE DE LA DEUDA. POR CADA PESO ADEUDADO HAY DOS PESOS PARA PAGAR.

Texto: Documente todos sus gastos e ingresos o compárelos con lo que usted planificó que iba a gastar en el mes.
Versión simplificada:",17.1108,success,,{},5187,few-shot,hariel,llama3_cfg_3,0.3,0.9,1.15,256,,,20,13,20,1,1,1,12.037037037037038,2.5756623924996602,55.91692307692309,93.74000000000001,-37.82307692307692,0.65,0,0.5435897435897435,0,0.7692307692307693,0.85,45.27346153846156,74.69500000000001,-29.421538461538447,0.22857142857142854,0.0,0.17142857142857143,0.7405397891998291,
exp_prompting_sample36_top4_20260505_022729,7eb51503-560f-4d3e-af4f-7a46caced048,2026-05-05T02:38:43.229350,feina_repr30_test_sample36,,sample36,llama3,meta-llama/Meta-Llama-3-8B-Instruct,ollama,few-shot,R2,"[78, 1805, 3635, 5262]","{'temperature': 0.7, 'top_p': 0.9, 'repetition_penalty': 1.1, 'max_new_tokens': 512}",550,"No tiene incentivos ni motivación, dos elementos esenciales en ambientes de competencia.",No tiene sentido ni motivación. Estos elementos son esenciales para la competencia.,"No tiene motivación para trabajar bien y ganar, lo que es importante en un ambiente competitivo.","Reescribe en español cada texto con lenguaje más claro y sencillo.
Conserva el significado original y no inventes información.
Guía interna de simplificación: usa palabras comunes; evita tecnicismos innecesarios; reemplaza palabras difíciles por palabras simples; usa oraciones cortas; expresa una idea por oración; prefiere voz activa; divide oraciones largas.

Devuelve solo la versión final simplificada.

Ejemplo 1
Texto: A continuación una tabla donde se demuestra como crecen los ahorros al pasar los años: Edad Inversión Intereses Saldo Inversión Intereses Saldo Laura Ganados Alberto Ganados 22 $800 $80 $880 23 $800 $168 $1.232 Valor al Jubilarse $311.092 Valor al Jubilarse $263.232 Menos las contribuciones iniciales $6.400 Menos las contribuciones iniciales $28.800 Ganancia Neta $304.692 Ganancia Neta $234.
Versión simplificada: A continuación, presentamos una tabla donde se demuestra como crecen los ahorros al pasar los años. Las categorías en que se divide la tabla son edad, inversión, intereses ganados y saldo. La tabla contrasta las ganancias en intereses por año de Laura y Alberto con una proyección de edad de jubilación de sesenta y cinco años y según la cantidad de años que mantuvieron el ahorro.

Ejemplo 2
Texto: El varias veces mencionado Yager, nos dice acertadamente sobre estos aspectos lo siguiente: La mayoría de ustedes están hambrientos de tener libertad financiera, están hastiados de tener batallas financieras porque son como un carrusel.
Versión simplificada: Yager habla acertadamente sobre estos aspectos y dice que la mayoría ambiciona tener libertad financiera y está cansada de tener batallas financieras inútiles.

Ejemplo 3
Texto: De acuerdo con esta medición, la proporción de pobres en la población mundial quienes viven con menos de un dólar por día descendió levemente entre 1987 y 1993, pues pasó del 30% al 29%.
Versión simplificada: Según esta medición, la proporción de personas pobres en la población mundial descendió un poco entre mil novecientos ochenta y siete y mil novecientos noventa y tres. Es decir, el porcentaje de personas que vivían con menos de un dólar por día pasó del treinta al veintinueve por ciento.

Ejemplo 4
Texto: - Rentabilidad
INTERÉS DE 2 PESOS SOBRE UNA INVERSIÓN DE 100 PESOS = RENTABILIDAD DE 2 % ((2 ÷ 100) × 100 = 2%) POR CADA 100 PESOS SE GANAN 2 PESOS
Endeudamiento
DEUDA DE 30 PESOS POR SOBRE EL CAPITAL DE 20 PESOS = ENDEUDAMIENTO DE 1,5 VECES EL CAPITAL (30 ÷ 20 = 1,5) POR CADA PESO DE CAPITAL EXISTE 1,5 PESOS DE DEUDA
Liquidez
80 PESOS DE DINERO DISPONIBLE POR SOBRE DEUDAS DE 40 PESOS = LIQUIDEZ DE DOS VECES EL VALOR DE LA DEUDA (80 ÷ 40 = 2) POR CADA PESO DE DEUDA SE DISPONE DE 2 PESOS PARA PAGO
Versión simplificada: EL INTERÉS DE DOS PESOS SOBRE UNA INVERSIÓN DE CIEN PESOS DA UNA RENTABILIDAD DE DOS POR CIENTO. ES DECIR, POR CADA CIEN PESOS GANAMOS DOS PESOS. LA DEUDA DE TREINTA PESOS SOBRE EL CAPITAL DE VEINTE PESOS RESULTA EN UNA DEUDA DE UNO PUNTO CINCO VECES EL CAPITAL. ES DECIR, POR CADA PESO DE CAPITAL HAY UNO PUNTO CINCO PESOS DE DEUDA. EN OCHENTA PESOS DE DINERO DISPONIBLE SOBRE DEUDAS DE CUARENTA PESOS DA UNA LIQUIDEZ DEL DOBLE DE LA DEUDA. POR CADA PESO ADEUDADO HAY DOS PESOS PARA PAGAR.

Texto: No tiene incentivos ni motivación, dos elementos esenciales en ambientes de competencia.
Versión simplificada:",16.6796,success,,{},550,few-shot,nancy,llama3_cfg_2,0.7,0.9,1.1,512,,,12,16,12,1,1,2,38.91329258976318,5.401157445454033,76.715,48.34,28.375,1.3333333333333333,0,0.532608695652174,0,0.75,0.6666666666666666,62.34125,39.08500000000001,23.256249999999994,0.33333333333333337,0.14285714285714288,0.33333333333333337,0.7686567306518555,
exp_prompting_sample36_top4_20260505_022729,df069302-52ff-4742-b750-d2e873134547,2026-05-05T02:39:00.127833,feina_repr30_test_sample36,,sample36,llama3,meta-llama/Meta-Llama-3-8B-Instruct,ollama,few-shot,R2,"[78, 1805, 3635, 5262]","{'temperature': 0.7, 'top_p': 0.9, 'repetition_penalty': 1.1, 'max_new_tokens': 512}",571,"En los procesos de importaciones y exportaciones intervienen, además de clientes y proveedores, instituciones del Estado y los bancos, tal como se indica en el siguiente recuadro:",Clientes y proveedores intervienen en las importancias y exportaciones. También lo hacen las instituciones estatales y los banco como se indica a continuación:,"En la importación y exportación, están involucrados no solo clientes y proveedores, sino también el Estado y los bancos.","Reescribe en español cada texto con lenguaje más claro y sencillo.
Conserva el significado original y no inventes información.
Guía interna de simplificación: usa palabras comunes; evita tecnicismos innecesarios; reemplaza palabras difíciles por palabras simples; usa oraciones cortas; expresa una idea por oración; prefiere voz activa; divide oraciones largas.

Devuelve solo la versión final simplificada.

Ejemplo 1
Texto: A continuación una tabla donde se demuestra como crecen los ahorros al pasar los años: Edad Inversión Intereses Saldo Inversión Intereses Saldo Laura Ganados Alberto Ganados 22 $800 $80 $880 23 $800 $168 $1.232 Valor al Jubilarse $311.092 Valor al Jubilarse $263.232 Menos las contribuciones iniciales $6.400 Menos las contribuciones iniciales $28.800 Ganancia Neta $304.692 Ganancia Neta $234.
Versión simplificada: A continuación, presentamos una tabla donde se demuestra como crecen los ahorros al pasar los años. Las categorías en que se divide la tabla son edad, inversión, intereses ganados y saldo. La tabla contrasta las ganancias en intereses por año de Laura y Alberto con una proyección de edad de jubilación de sesenta y cinco años y según la cantidad de años que mantuvieron el ahorro.

Ejemplo 2
Texto: El varias veces mencionado Yager, nos dice acertadamente sobre estos aspectos lo siguiente: La mayoría de ustedes están hambrientos de tener libertad financiera, están hastiados de tener batallas financieras porque son como un carrusel.
Versión simplificada: Yager habla acertadamente sobre estos aspectos y dice que la mayoría ambiciona tener libertad financiera y está cansada de tener batallas financieras inútiles.

Ejemplo 3
Texto: De acuerdo con esta medición, la proporción de pobres en la población mundial quienes viven con menos de un dólar por día descendió levemente entre 1987 y 1993, pues pasó del 30% al 29%.
Versión simplificada: Según esta medición, la proporción de personas pobres en la población mundial descendió un poco entre mil novecientos ochenta y siete y mil novecientos noventa y tres. Es decir, el porcentaje de personas que vivían con menos de un dólar por día pasó del treinta al veintinueve por ciento.

Ejemplo 4
Texto: - Rentabilidad
INTERÉS DE 2 PESOS SOBRE UNA INVERSIÓN DE 100 PESOS = RENTABILIDAD DE 2 % ((2 ÷ 100) × 100 = 2%) POR CADA 100 PESOS SE GANAN 2 PESOS
Endeudamiento
DEUDA DE 30 PESOS POR SOBRE EL CAPITAL DE 20 PESOS = ENDEUDAMIENTO DE 1,5 VECES EL CAPITAL (30 ÷ 20 = 1,5) POR CADA PESO DE CAPITAL EXISTE 1,5 PESOS DE DEUDA
Liquidez
80 PESOS DE DINERO DISPONIBLE POR SOBRE DEUDAS DE 40 PESOS = LIQUIDEZ DE DOS VECES EL VALOR DE LA DEUDA (80 ÷ 40 = 2) POR CADA PESO DE DEUDA SE DISPONE DE 2 PESOS PARA PAGO
Versión simplificada: EL INTERÉS DE DOS PESOS SOBRE UNA INVERSIÓN DE CIEN PESOS DA UNA RENTABILIDAD DE DOS POR CIENTO. ES DECIR, POR CADA CIEN PESOS GANAMOS DOS PESOS. LA DEUDA DE TREINTA PESOS SOBRE EL CAPITAL DE VEINTE PESOS RESULTA EN UNA DEUDA DE UNO PUNTO CINCO VECES EL CAPITAL. ES DECIR, POR CADA PESO DE CAPITAL HAY UNO PUNTO CINCO PESOS DE DEUDA. EN OCHENTA PESOS DE DINERO DISPONIBLE SOBRE DEUDAS DE CUARENTA PESOS DA UNA LIQUIDEZ DEL DOBLE DE LA DEUDA. POR CADA PESO ADEUDADO HAY DOS PESOS PARA PAGAR.

Texto: En los procesos de importaciones y exportaciones intervienen, además de clientes y proveedores, instituciones del Estado y los bancos, tal como se indica en el siguiente recuadro:
Versión simplificada:",18.352,success,,{},571,few-shot,nancy,llama3_cfg_2,0.7,0.9,1.1,512,,,27,19,23,1,1,2,41.66251187084521,4.717310324650736,75.15578947368424,69.72888888888889,5.426900584795348,0.7037037037037037,0,0.6086956521739131,0,0.47368421052631576,0.6296296296296297,56.67710526315793,41.39055555555555,15.286549707602376,0.41666666666666663,0.17391304347826086,0.2916666666666667,0.7548491954803467,
exp_prompting_sample36_top4_20260505_022729,cfb826ff-727d-461b-b5db-8ba24a768c57,2026-05-05T02:39:18.726926,feina_repr30_test_sample36,,sample36,llama3,meta-llama/Meta-Llama-3-8B-Instruct,ollama,few-shot,R2,"[78, 1805, 3635, 5262]","{'temperature': 0.7, 'top_p': 0.9, 'repetition_penalty': 1.1, 'max_new_tokens': 512}",885,"El robo de identidad ocurre cuando su información personal, tal como su nombre, número de cuenta, o número de cédula de identidad se usan sin su conocimiento para cometer un fraude o robo.","El robo de identidad ocurre cuando su información personal como su nombre, número de cuenta, o número de cédula de identidad se usan sin su conocimiento para cometer un fraude o robo.","El robo de identidad es cuando alguien utiliza sus datos personales, como nombre y números de cuenta, sin su permiso para hacer algo ilegal.","Reescribe en español cada texto con lenguaje más claro y sencillo.
Conserva el significado original y no inventes información.
Guía interna de simplificación: usa palabras comunes; evita tecnicismos innecesarios; reemplaza palabras difíciles por palabras simples; usa oraciones cortas; expresa una idea por oración; prefiere voz activa; divide oraciones largas.

Devuelve solo la versión final simplificada.

Ejemplo 1
Texto: A continuación una tabla donde se demuestra como crecen los ahorros al pasar los años: Edad Inversión Intereses Saldo Inversión Intereses Saldo Laura Ganados Alberto Ganados 22 $800 $80 $880 23 $800 $168 $1.232 Valor al Jubilarse $311.092 Valor al Jubilarse $263.232 Menos las contribuciones iniciales $6.400 Menos las contribuciones iniciales $28.800 Ganancia Neta $304.692 Ganancia Neta $234.
Versión simplificada: A continuación, presentamos una tabla donde se demuestra como crecen los ahorros al pasar los años. Las categorías en que se divide la tabla son edad, inversión, intereses ganados y saldo. La tabla contrasta las ganancias en intereses por año de Laura y Alberto con una proyección de edad de jubilación de sesenta y cinco años y según la cantidad de años que mantuvieron el ahorro.

Ejemplo 2
Texto: El varias veces mencionado Yager, nos dice acertadamente sobre estos aspectos lo siguiente: La mayoría de ustedes están hambrientos de tener libertad financiera, están hastiados de tener batallas financieras porque son como un carrusel.
Versión simplificada: Yager habla acertadamente sobre estos aspectos y dice que la mayoría ambiciona tener libertad financiera y está cansada de tener batallas financieras inútiles.

Ejemplo 3
Texto: De acuerdo con esta medición, la proporción de pobres en la población mundial quienes viven con menos de un dólar por día descendió levemente entre 1987 y 1993, pues pasó del 30% al 29%.
Versión simplificada: Según esta medición, la proporción de personas pobres en la población mundial descendió un poco entre mil novecientos ochenta y siete y mil novecientos noventa y tres. Es decir, el porcentaje de personas que vivían con menos de un dólar por día pasó del treinta al veintinueve por ciento.

Ejemplo 4
Texto: - Rentabilidad
INTERÉS DE 2 PESOS SOBRE UNA INVERSIÓN DE 100 PESOS = RENTABILIDAD DE 2 % ((2 ÷ 100) × 100 = 2%) POR CADA 100 PESOS SE GANAN 2 PESOS
Endeudamiento
DEUDA DE 30 PESOS POR SOBRE EL CAPITAL DE 20 PESOS = ENDEUDAMIENTO DE 1,5 VECES EL CAPITAL (30 ÷ 20 = 1,5) POR CADA PESO DE CAPITAL EXISTE 1,5 PESOS DE DEUDA
Liquidez
80 PESOS DE DINERO DISPONIBLE POR SOBRE DEUDAS DE 40 PESOS = LIQUIDEZ DE DOS VECES EL VALOR DE LA DEUDA (80 ÷ 40 = 2) POR CADA PESO DE DEUDA SE DISPONE DE 2 PESOS PARA PAGO
Versión simplificada: EL INTERÉS DE DOS PESOS SOBRE UNA INVERSIÓN DE CIEN PESOS DA UNA RENTABILIDAD DE DOS POR CIENTO. ES DECIR, POR CADA CIEN PESOS GANAMOS DOS PESOS. LA DEUDA DE TREINTA PESOS SOBRE EL CAPITAL DE VEINTE PESOS RESULTA EN UNA DEUDA DE UNO PUNTO CINCO VECES EL CAPITAL. ES DECIR, POR CADA PESO DE CAPITAL HAY UNO PUNTO CINCO PESOS DE DEUDA. EN OCHENTA PESOS DE DINERO DISPONIBLE SOBRE DEUDAS DE CUARENTA PESOS DA UNA LIQUIDEZ DEL DOBLE DE LA DEUDA. POR CADA PESO ADEUDADO HAY DOS PESOS PARA PAGAR.

Texto: El robo de identidad ocurre cuando su información personal, tal como su nombre, número de cuenta, o número de cédula de identidad se usan sin su conocimiento para cometer un fraude o robo.
Versión simplificada:",18.8743,success,,{},885,few-shot,nancy,llama3_cfg_2,0.7,0.9,1.1,512,,,33,24,32,1,1,1,16.539121066984844,11.831478092790396,80.09000000000002,81.9309090909091,-1.8409090909090793,0.7272727272727273,0,0.6036585365853658,0,0.5,0.6363636363636364,55.639166666666696,47.34712121212122,8.292045454545473,0.42622950819672134,0.1694915254237288,0.42622950819672134,0.8304314017295837,
exp_prompting_sample36_top4_20260505_022729,4d9a6b6c-223a-4479-a3d8-d778faaa9f68,2026-05-05T02:39:37.819062,feina_repr30_test_sample36,,sample36,llama3,meta-llama/Meta-Llama-3-8B-Instruct,ollama,few-shot,R2,"[78, 1805, 3635, 5262]","{'temperature': 0.7, 'top_p': 0.9, 'repetition_penalty': 1.1, 'max_new_tokens': 512}",1193,"Los sueños de los niños tienen una gran variedad que va desde Tarzán hasta el Agente 007, pasando por Superman.",Los sueños de los niños son variados y van desde Tarzán hasta el Agente 007 y Superman.,"Los niños soñan con cosas como ser Tarzán, el Agente 007 o Superman.","Reescribe en español cada texto con lenguaje más claro y sencillo.
Conserva el significado original y no inventes información.
Guía interna de simplificación: usa palabras comunes; evita tecnicismos innecesarios; reemplaza palabras difíciles por palabras simples; usa oraciones cortas; expresa una idea por oración; prefiere voz activa; divide oraciones largas.

Devuelve solo la versión final simplificada.

Ejemplo 1
Texto: A continuación una tabla donde se demuestra como crecen los ahorros al pasar los años: Edad Inversión Intereses Saldo Inversión Intereses Saldo Laura Ganados Alberto Ganados 22 $800 $80 $880 23 $800 $168 $1.232 Valor al Jubilarse $311.092 Valor al Jubilarse $263.232 Menos las contribuciones iniciales $6.400 Menos las contribuciones iniciales $28.800 Ganancia Neta $304.692 Ganancia Neta $234.
Versión simplificada: A continuación, presentamos una tabla donde se demuestra como crecen los ahorros al pasar los años. Las categorías en que se divide la tabla son edad, inversión, intereses ganados y saldo. La tabla contrasta las ganancias en intereses por año de Laura y Alberto con una proyección de edad de jubilación de sesenta y cinco años y según la cantidad de años que mantuvieron el ahorro.

Ejemplo 2
Texto: El varias veces mencionado Yager, nos dice acertadamente sobre estos aspectos lo siguiente: La mayoría de ustedes están hambrientos de tener libertad financiera, están hastiados de tener batallas financieras porque son como un carrusel.
Versión simplificada: Yager habla acertadamente sobre estos aspectos y dice que la mayoría ambiciona tener libertad financiera y está cansada de tener batallas financieras inútiles.

Ejemplo 3
Texto: De acuerdo con esta medición, la proporción de pobres en la población mundial quienes viven con menos de un dólar por día descendió levemente entre 1987 y 1993, pues pasó del 30% al 29%.
Versión simplificada: Según esta medición, la proporción de personas pobres en la población mundial descendió un poco entre mil novecientos ochenta y siete y mil novecientos noventa y tres. Es decir, el porcentaje de personas que vivían con menos de un dólar por día pasó del treinta al veintinueve por ciento.

Ejemplo 4
Texto: - Rentabilidad
INTERÉS DE 2 PESOS SOBRE UNA INVERSIÓN DE 100 PESOS = RENTABILIDAD DE 2 % ((2 ÷ 100) × 100 = 2%) POR CADA 100 PESOS SE GANAN 2 PESOS
Endeudamiento
DEUDA DE 30 PESOS POR SOBRE EL CAPITAL DE 20 PESOS = ENDEUDAMIENTO DE 1,5 VECES EL CAPITAL (30 ÷ 20 = 1,5) POR CADA PESO DE CAPITAL EXISTE 1,5 PESOS DE DEUDA
Liquidez
80 PESOS DE DINERO DISPONIBLE POR SOBRE DEUDAS DE 40 PESOS = LIQUIDEZ DE DOS VECES EL VALOR DE LA DEUDA (80 ÷ 40 = 2) POR CADA PESO DE DEUDA SE DISPONE DE 2 PESOS PARA PAGO
Versión simplificada: EL INTERÉS DE DOS PESOS SOBRE UNA INVERSIÓN DE CIEN PESOS DA UNA RENTABILIDAD DE DOS POR CIENTO. ES DECIR, POR CADA CIEN PESOS GANAMOS DOS PESOS. LA DEUDA DE TREINTA PESOS SOBRE EL CAPITAL DE VEINTE PESOS RESULTA EN UNA DEUDA DE UNO PUNTO CINCO VECES EL CAPITAL. ES DECIR, POR CADA PESO DE CAPITAL HAY UNO PUNTO CINCO PESOS DE DEUDA. EN OCHENTA PESOS DE DINERO DISPONIBLE SOBRE DEUDAS DE CUARENTA PESOS DA UNA LIQUIDEZ DEL DOBLE DE LA DEUDA. POR CADA PESO ADEUDADO HAY DOS PESOS PARA PAGAR.

Texto: Los sueños de los niños tienen una gran variedad que va desde Tarzán hasta el Agente 007, pasando por Superman.
Versión simplificada:",15.823,success,,{},1193,few-shot,nancy,llama3_cfg_2,0.7,0.9,1.1,512,,,20,13,17,1,1,1,39.35560966810967,11.326622904675613,102.07076923076923,99.74000000000001,2.3307692307692207,0.65,0,0.5363128491620112,0,0.46153846153846156,0.65,93.19653846153847,80.92500000000001,12.271538461538455,0.5,0.29411764705882354,0.5,0.842180609703064,
exp_prompting_sample36_top4_20260505_022729,e470670f-6377-4511-882c-27f57dcac23c,2026-05-05T02:39:53.865316,feina_repr30_test_sample36,,sample36,llama3,meta-llama/Meta-Llama-3-8B-Instruct,ollama,few-shot,R2,"[78, 1805, 3635, 5262]","{'temperature': 0.7, 'top_p': 0.9, 'repetition_penalty': 1.1, 'max_new_tokens': 512}",1391,Expresiones como soborno y cohecho se refieren a ilícitos vinculados a la compra de la voluntad de un individuo para provecho personal.,Expresiones como soborno y cohecho se refieren a delitos vinculados a comprar la voluntad de alguien para provecho personal.,Esto es un delito en el que se paga o se ofrece dinero para influir en las decisiones de alguien y beneficiarse personalmente.,"Reescribe en español cada texto con lenguaje más claro y sencillo.
Conserva el significado original y no inventes información.
Guía interna de simplificación: usa palabras comunes; evita tecnicismos innecesarios; reemplaza palabras difíciles por palabras simples; usa oraciones cortas; expresa una idea por oración; prefiere voz activa; divide oraciones largas.

Devuelve solo la versión final simplificada.

Ejemplo 1
Texto: A continuación una tabla donde se demuestra como crecen los ahorros al pasar los años: Edad Inversión Intereses Saldo Inversión Intereses Saldo Laura Ganados Alberto Ganados 22 $800 $80 $880 23 $800 $168 $1.232 Valor al Jubilarse $311.092 Valor al Jubilarse $263.232 Menos las contribuciones iniciales $6.400 Menos las contribuciones iniciales $28.800 Ganancia Neta $304.692 Ganancia Neta $234.
Versión simplificada: A continuación, presentamos una tabla donde se demuestra como crecen los ahorros al pasar los años. Las categorías en que se divide la tabla son edad, inversión, intereses ganados y saldo. La tabla contrasta las ganancias en intereses por año de Laura y Alberto con una proyección de edad de jubilación de sesenta y cinco años y según la cantidad de años que mantuvieron el ahorro.

Ejemplo 2
Texto: El varias veces mencionado Yager, nos dice acertadamente sobre estos aspectos lo siguiente: La mayoría de ustedes están hambrientos de tener libertad financiera, están hastiados de tener batallas financieras porque son como un carrusel.
Versión simplificada: Yager habla acertadamente sobre estos aspectos y dice que la mayoría ambiciona tener libertad financiera y está cansada de tener batallas financieras inútiles.

Ejemplo 3
Texto: De acuerdo con esta medición, la proporción de pobres en la población mundial quienes viven con menos de un dólar por día descendió levemente entre 1987 y 1993, pues pasó del 30% al 29%.
Versión simplificada: Según esta medición, la proporción de personas pobres en la población mundial descendió un poco entre mil novecientos ochenta y siete y mil novecientos noventa y tres. Es decir, el porcentaje de personas que vivían con menos de un dólar por día pasó del treinta al veintinueve por ciento.

Ejemplo 4
Texto: - Rentabilidad
INTERÉS DE 2 PESOS SOBRE UNA INVERSIÓN DE 100 PESOS = RENTABILIDAD DE 2 % ((2 ÷ 100) × 100 = 2%) POR CADA 100 PESOS SE GANAN 2 PESOS
Endeudamiento
DEUDA DE 30 PESOS POR SOBRE EL CAPITAL DE 20 PESOS = ENDEUDAMIENTO DE 1,5 VECES EL CAPITAL (30 ÷ 20 = 1,5) POR CADA PESO DE CAPITAL EXISTE 1,5 PESOS DE DEUDA
Liquidez
80 PESOS DE DINERO DISPONIBLE POR SOBRE DEUDAS DE 40 PESOS = LIQUIDEZ DE DOS VECES EL VALOR DE LA DEUDA (80 ÷ 40 = 2) POR CADA PESO DE DEUDA SE DISPONE DE 2 PESOS PARA PAGO
Versión simplificada: EL INTERÉS DE DOS PESOS SOBRE UNA INVERSIÓN DE CIEN PESOS DA UNA RENTABILIDAD DE DOS POR CIENTO. ES DECIR, POR CADA CIEN PESOS GANAMOS DOS PESOS. LA DEUDA DE TREINTA PESOS SOBRE EL CAPITAL DE VEINTE PESOS RESULTA EN UNA DEUDA DE UNO PUNTO CINCO VECES EL CAPITAL. ES DECIR, POR CADA PESO DE CAPITAL HAY UNO PUNTO CINCO PESOS DE DEUDA. EN OCHENTA PESOS DE DINERO DISPONIBLE SOBRE DEUDAS DE CUARENTA PESOS DA UNA LIQUIDEZ DEL DOBLE DE LA DEUDA. POR CADA PESO ADEUDADO HAY DOS PESOS PARA PAGAR.

Texto: Expresiones como soborno y cohecho se refieren a ilícitos vinculados a la compra de la voluntad de un individuo para provecho personal.
Versión simplificada:",18.0802,success,,{},1391,few-shot,nancy,llama3_cfg_2,0.7,0.9,1.1,512,,,22,23,19,1,1,1,26.46034327379314,4.141141330484801,85.01391304347827,68.56727272727274,16.44664031620553,1.0454545454545454,0,0.2681992337164751,0,0.782608695652174,0.7727272727272727,61.94369565217393,46.07590909090911,15.867786561264822,0.23809523809523808,0.049999999999999996,0.14285714285714288,0.7401090264320374,
exp_prompting_sample36_top4_20260505_022729,7c98a274-2525-49bb-be98-f377fb427baf,2026-05-05T02:40:12.186181,feina_repr30_test_sample36,,sample36,llama3,meta-llama/Meta-Llama-3-8B-Instruct,ollama,few-shot,R2,"[78, 1805, 3635, 5262]","{'temperature': 0.7, 'top_p': 0.9, 'repetition_penalty': 1.1, 'max_new_tokens': 512}",1399,"DIRECCIÓN DE PRESUPUESTO (DIPRES): ""formula y lleva el control presupuestario de la nación.""",DIRECCIÓN DE PRESUPUESTO: formula y lleva el control presupuestario de la nación.,El organismo DIRECCIÓN DE PRESUPUESTO (DIPRES) es responsable de gestionar y supervisar los presupuestos del país.,"Reescribe en español cada texto con lenguaje más claro y sencillo.
Conserva el significado original y no inventes información.
Guía interna de simplificación: usa palabras comunes; evita tecnicismos innecesarios; reemplaza palabras difíciles por palabras simples; usa oraciones cortas; expresa una idea por oración; prefiere voz activa; divide oraciones largas.

Devuelve solo la versión final simplificada.

Ejemplo 1
Texto: A continuación una tabla donde se demuestra como crecen los ahorros al pasar los años: Edad Inversión Intereses Saldo Inversión Intereses Saldo Laura Ganados Alberto Ganados 22 $800 $80 $880 23 $800 $168 $1.232 Valor al Jubilarse $311.092 Valor al Jubilarse $263.232 Menos las contribuciones iniciales $6.400 Menos las contribuciones iniciales $28.800 Ganancia Neta $304.692 Ganancia Neta $234.
Versión simplificada: A continuación, presentamos una tabla donde se demuestra como crecen los ahorros al pasar los años. Las categorías en que se divide la tabla son edad, inversión, intereses ganados y saldo. La tabla contrasta las ganancias en intereses por año de Laura y Alberto con una proyección de edad de jubilación de sesenta y cinco años y según la cantidad de años que mantuvieron el ahorro.

Ejemplo 2
Texto: El varias veces mencionado Yager, nos dice acertadamente sobre estos aspectos lo siguiente: La mayoría de ustedes están hambrientos de tener libertad financiera, están hastiados de tener batallas financieras porque son como un carrusel.
Versión simplificada: Yager habla acertadamente sobre estos aspectos y dice que la mayoría ambiciona tener libertad financiera y está cansada de tener batallas financieras inútiles.

Ejemplo 3
Texto: De acuerdo con esta medición, la proporción de pobres en la población mundial quienes viven con menos de un dólar por día descendió levemente entre 1987 y 1993, pues pasó del 30% al 29%.
Versión simplificada: Según esta medición, la proporción de personas pobres en la población mundial descendió un poco entre mil novecientos ochenta y siete y mil novecientos noventa y tres. Es decir, el porcentaje de personas que vivían con menos de un dólar por día pasó del treinta al veintinueve por ciento.

Ejemplo 4
Texto: - Rentabilidad
INTERÉS DE 2 PESOS SOBRE UNA INVERSIÓN DE 100 PESOS = RENTABILIDAD DE 2 % ((2 ÷ 100) × 100 = 2%) POR CADA 100 PESOS SE GANAN 2 PESOS
Endeudamiento
DEUDA DE 30 PESOS POR SOBRE EL CAPITAL DE 20 PESOS = ENDEUDAMIENTO DE 1,5 VECES EL CAPITAL (30 ÷ 20 = 1,5) POR CADA PESO DE CAPITAL EXISTE 1,5 PESOS DE DEUDA
Liquidez
80 PESOS DE DINERO DISPONIBLE POR SOBRE DEUDAS DE 40 PESOS = LIQUIDEZ DE DOS VECES EL VALOR DE LA DEUDA (80 ÷ 40 = 2) POR CADA PESO DE DEUDA SE DISPONE DE 2 PESOS PARA PAGO
Versión simplificada: EL INTERÉS DE DOS PESOS SOBRE UNA INVERSIÓN DE CIEN PESOS DA UNA RENTABILIDAD DE DOS POR CIENTO. ES DECIR, POR CADA CIEN PESOS GANAMOS DOS PESOS. LA DEUDA DE TREINTA PESOS SOBRE EL CAPITAL DE VEINTE PESOS RESULTA EN UNA DEUDA DE UNO PUNTO CINCO VECES EL CAPITAL. ES DECIR, POR CADA PESO DE CAPITAL HAY UNO PUNTO CINCO PESOS DE DEUDA. EN OCHENTA PESOS DE DINERO DISPONIBLE SOBRE DEUDAS DE CUARENTA PESOS DA UNA LIQUIDEZ DEL DOBLE DE LA DEUDA. POR CADA PESO ADEUDADO HAY DOS PESOS PARA PAGAR.

Texto: DIRECCIÓN DE PRESUPUESTO (DIPRES): ""formula y lleva el control presupuestario de la nación.""
Versión simplificada:",18.4096,success,,{},1399,few-shot,nancy,llama3_cfg_2,0.7,0.9,1.1,512,,,13,16,12,1,1,1,22.454489954489958,8.961672320242714,65.465,69.76307692307694,-4.298076923076934,1.2307692307692308,0,0.5728155339805825,0,0.5625,0.46153846153846156,50.660000000000025,59.65038461538464,-8.990384615384613,0.43750000000000006,0.20000000000000004,0.31250000000000006,0.8327184915542603,
exp_prompting_sample36_top4_20260505_022729,6349a59d-fd2c-42be-b734-4e91411de18e,2026-05-05T02:40:30.817491,feina_repr30_test_sample36,,sample36,llama3,meta-llama/Meta-Llama-3-8B-Instruct,ollama,few-shot,R2,"[78, 1805, 3635, 5262]","{'temperature': 0.7, 'top_p': 0.9, 'repetition_penalty': 1.1, 'max_new_tokens': 512}",1636,"Interés compuesto: Es la suma del capital y el interés acumulado, que se va multiplicando según los plazos convenidos. La tasa de interés es el porcentaje que se aplica a un préstamo o inversión realizada.",El interés compuesto es la suma del capital y el interés acumulado. La tasa de interés es el porcentaje aplicado a un préstamo o inversión realizada.,"El interés compuesto es la suma del capital y el interés acumulado, que crece según el plazo convenido. La tasa de interés es el porcentaje que se aplica a un préstamo o inversión.","Reescribe en español cada texto con lenguaje más claro y sencillo.
Conserva el significado original y no inventes información.
Guía interna de simplificación: usa palabras comunes; evita tecnicismos innecesarios; reemplaza palabras difíciles por palabras simples; usa oraciones cortas; expresa una idea por oración; prefiere voz activa; divide oraciones largas.

Devuelve solo la versión final simplificada.

Ejemplo 1
Texto: A continuación una tabla donde se demuestra como crecen los ahorros al pasar los años: Edad Inversión Intereses Saldo Inversión Intereses Saldo Laura Ganados Alberto Ganados 22 $800 $80 $880 23 $800 $168 $1.232 Valor al Jubilarse $311.092 Valor al Jubilarse $263.232 Menos las contribuciones iniciales $6.400 Menos las contribuciones iniciales $28.800 Ganancia Neta $304.692 Ganancia Neta $234.
Versión simplificada: A continuación, presentamos una tabla donde se demuestra como crecen los ahorros al pasar los años. Las categorías en que se divide la tabla son edad, inversión, intereses ganados y saldo. La tabla contrasta las ganancias en intereses por año de Laura y Alberto con una proyección de edad de jubilación de sesenta y cinco años y según la cantidad de años que mantuvieron el ahorro.

Ejemplo 2
Texto: El varias veces mencionado Yager, nos dice acertadamente sobre estos aspectos lo siguiente: La mayoría de ustedes están hambrientos de tener libertad financiera, están hastiados de tener batallas financieras porque son como un carrusel.
Versión simplificada: Yager habla acertadamente sobre estos aspectos y dice que la mayoría ambiciona tener libertad financiera y está cansada de tener batallas financieras inútiles.

Ejemplo 3
Texto: De acuerdo con esta medición, la proporción de pobres en la población mundial quienes viven con menos de un dólar por día descendió levemente entre 1987 y 1993, pues pasó del 30% al 29%.
Versión simplificada: Según esta medición, la proporción de personas pobres en la población mundial descendió un poco entre mil novecientos ochenta y siete y mil novecientos noventa y tres. Es decir, el porcentaje de personas que vivían con menos de un dólar por día pasó del treinta al veintinueve por ciento.

Ejemplo 4
Texto: - Rentabilidad
INTERÉS DE 2 PESOS SOBRE UNA INVERSIÓN DE 100 PESOS = RENTABILIDAD DE 2 % ((2 ÷ 100) × 100 = 2%) POR CADA 100 PESOS SE GANAN 2 PESOS
Endeudamiento
DEUDA DE 30 PESOS POR SOBRE EL CAPITAL DE 20 PESOS = ENDEUDAMIENTO DE 1,5 VECES EL CAPITAL (30 ÷ 20 = 1,5) POR CADA PESO DE CAPITAL EXISTE 1,5 PESOS DE DEUDA
Liquidez
80 PESOS DE DINERO DISPONIBLE POR SOBRE DEUDAS DE 40 PESOS = LIQUIDEZ DE DOS VECES EL VALOR DE LA DEUDA (80 ÷ 40 = 2) POR CADA PESO DE DEUDA SE DISPONE DE 2 PESOS PARA PAGO
Versión simplificada: EL INTERÉS DE DOS PESOS SOBRE UNA INVERSIÓN DE CIEN PESOS DA UNA RENTABILIDAD DE DOS POR CIENTO. ES DECIR, POR CADA CIEN PESOS GANAMOS DOS PESOS. LA DEUDA DE TREINTA PESOS SOBRE EL CAPITAL DE VEINTE PESOS RESULTA EN UNA DEUDA DE UNO PUNTO CINCO VECES EL CAPITAL. ES DECIR, POR CADA PESO DE CAPITAL HAY UNO PUNTO CINCO PESOS DE DEUDA. EN OCHENTA PESOS DE DINERO DISPONIBLE SOBRE DEUDAS DE CUARENTA PESOS DA UNA LIQUIDEZ DEL DOBLE DE LA DEUDA. POR CADA PESO ADEUDADO HAY DOS PESOS PARA PAGAR.

Texto: Interés compuesto: Es la suma del capital y el interés acumulado, que se va multiplicando según los plazos convenidos. La tasa de interés es el porcentaje que se aplica a un préstamo o inversión realizada.
Versión simplificada:",22.1615,success,,{},1636,few-shot,nancy,llama3_cfg_2,0.7,0.9,1.1,512,,,35,33,26,2,2,2,56.65722572012688,59.22111127396989,84.29454545454546,77.58285714285716,6.711688311688292,0.9428571428571428,0,0.8883116883116883,0,0.15151515151515152,0.2,69.51075757575758,61.17500000000004,8.33575757575754,0.8285714285714285,0.7647058823529413,0.8285714285714285,0.9340506196022034,
exp_prompting_sample36_top4_20260505_022729,4e851625-faf7-409d-a0e9-2a26728309ba,2026-05-05T02:40:53.200928,feina_repr30_test_sample36,,sample36,llama3,meta-llama/Meta-Llama-3-8B-Instruct,ollama,few-shot,R2,"[78, 1805, 3635, 5262]","{'temperature': 0.7, 'top_p': 0.9, 'repetition_penalty': 1.1, 'max_new_tokens': 512}",1740,La producción en un país se realiza mediante lo que se conoce como factores de producción y de los cuales nos ocuparemos en detalle más adelante.,A través de los factores de producción se realiza la producción en un país. Más adelante nos ocuparemos en detalle de estos factores.,"La producción en un país se hace mediante factores, que estudiaremos después.","Reescribe en español cada texto con lenguaje más claro y sencillo.
Conserva el significado original y no inventes información.
Guía interna de simplificación: usa palabras comunes; evita tecnicismos innecesarios; reemplaza palabras difíciles por palabras simples; usa oraciones cortas; expresa una idea por oración; prefiere voz activa; divide oraciones largas.

Devuelve solo la versión final simplificada.

Ejemplo 1
Texto: A continuación una tabla donde se demuestra como crecen los ahorros al pasar los años: Edad Inversión Intereses Saldo Inversión Intereses Saldo Laura Ganados Alberto Ganados 22 $800 $80 $880 23 $800 $168 $1.232 Valor al Jubilarse $311.092 Valor al Jubilarse $263.232 Menos las contribuciones iniciales $6.400 Menos las contribuciones iniciales $28.800 Ganancia Neta $304.692 Ganancia Neta $234.
Versión simplificada: A continuación, presentamos una tabla donde se demuestra como crecen los ahorros al pasar los años. Las categorías en que se divide la tabla son edad, inversión, intereses ganados y saldo. La tabla contrasta las ganancias en intereses por año de Laura y Alberto con una proyección de edad de jubilación de sesenta y cinco años y según la cantidad de años que mantuvieron el ahorro.

Ejemplo 2
Texto: El varias veces mencionado Yager, nos dice acertadamente sobre estos aspectos lo siguiente: La mayoría de ustedes están hambrientos de tener libertad financiera, están hastiados de tener batallas financieras porque son como un carrusel.
Versión simplificada: Yager habla acertadamente sobre estos aspectos y dice que la mayoría ambiciona tener libertad financiera y está cansada de tener batallas financieras inútiles.

Ejemplo 3
Texto: De acuerdo con esta medición, la proporción de pobres en la población mundial quienes viven con menos de un dólar por día descendió levemente entre 1987 y 1993, pues pasó del 30% al 29%.
Versión simplificada: Según esta medición, la proporción de personas pobres en la población mundial descendió un poco entre mil novecientos ochenta y siete y mil novecientos noventa y tres. Es decir, el porcentaje de personas que vivían con menos de un dólar por día pasó del treinta al veintinueve por ciento.

Ejemplo 4
Texto: - Rentabilidad
INTERÉS DE 2 PESOS SOBRE UNA INVERSIÓN DE 100 PESOS = RENTABILIDAD DE 2 % ((2 ÷ 100) × 100 = 2%) POR CADA 100 PESOS SE GANAN 2 PESOS
Endeudamiento
DEUDA DE 30 PESOS POR SOBRE EL CAPITAL DE 20 PESOS = ENDEUDAMIENTO DE 1,5 VECES EL CAPITAL (30 ÷ 20 = 1,5) POR CADA PESO DE CAPITAL EXISTE 1,5 PESOS DE DEUDA
Liquidez
80 PESOS DE DINERO DISPONIBLE POR SOBRE DEUDAS DE 40 PESOS = LIQUIDEZ DE DOS VECES EL VALOR DE LA DEUDA (80 ÷ 40 = 2) POR CADA PESO DE DEUDA SE DISPONE DE 2 PESOS PARA PAGO
Versión simplificada: EL INTERÉS DE DOS PESOS SOBRE UNA INVERSIÓN DE CIEN PESOS DA UNA RENTABILIDAD DE DOS POR CIENTO. ES DECIR, POR CADA CIEN PESOS GANAMOS DOS PESOS. LA DEUDA DE TREINTA PESOS SOBRE EL CAPITAL DE VEINTE PESOS RESULTA EN UNA DEUDA DE UNO PUNTO CINCO VECES EL CAPITAL. ES DECIR, POR CADA PESO DE CAPITAL HAY UNO PUNTO CINCO PESOS DE DEUDA. EN OCHENTA PESOS DE DINERO DISPONIBLE SOBRE DEUDAS DE CUARENTA PESOS DA UNA LIQUIDEZ DEL DOBLE DE LA DEUDA. POR CADA PESO ADEUDADO HAY DOS PESOS PARA PAGAR.

Texto: La producción en un país se realiza mediante lo que se conoce como factores de producción y de los cuales nos ocuparemos en detalle más adelante.
Versión simplificada:",15.3595,success,,{},1740,few-shot,nancy,llama3_cfg_2,0.7,0.9,1.1,512,,,26,12,23,1,1,2,44.70180945941595,9.320079441514808,78.34,89.84000000000002,-11.500000000000014,0.46153846153846156,0,0.5765765765765766,0,0.25,0.6538461538461539,70.23500000000001,63.42346153846155,6.811538461538461,0.46511627906976744,0.29268292682926833,0.37209302325581395,0.8252304196357727,
exp_prompting_sample36_top4_20260505_022729,106de6ef-2d43-4898-88d7-08d65df1909f,2026-05-05T02:41:08.779052,feina_repr30_test_sample36,,sample36,llama3,meta-llama/Meta-Llama-3-8B-Instruct,ollama,few-shot,R2,"[78, 1805, 3635, 5262]","{'temperature': 0.7, 'top_p': 0.9, 'repetition_penalty': 1.1, 'max_new_tokens': 512}",1742,"A pesar de que algunos critican al intermediario, se necesita a este individuo en la economía.","Aunque algunas personas critican al intermediario, este individuo es necesario en la economía.","Aunque algunos lo critican, el intermediario es necesario en la economía.","Reescribe en español cada texto con lenguaje más claro y sencillo.
Conserva el significado original y no inventes información.
Guía interna de simplificación: usa palabras comunes; evita tecnicismos innecesarios; reemplaza palabras difíciles por palabras simples; usa oraciones cortas; expresa una idea por oración; prefiere voz activa; divide oraciones largas.

Devuelve solo la versión final simplificada.

Ejemplo 1
Texto: A continuación una tabla donde se demuestra como crecen los ahorros al pasar los años: Edad Inversión Intereses Saldo Inversión Intereses Saldo Laura Ganados Alberto Ganados 22 $800 $80 $880 23 $800 $168 $1.232 Valor al Jubilarse $311.092 Valor al Jubilarse $263.232 Menos las contribuciones iniciales $6.400 Menos las contribuciones iniciales $28.800 Ganancia Neta $304.692 Ganancia Neta $234.
Versión simplificada: A continuación, presentamos una tabla donde se demuestra como crecen los ahorros al pasar los años. Las categorías en que se divide la tabla son edad, inversión, intereses ganados y saldo. La tabla contrasta las ganancias en intereses por año de Laura y Alberto con una proyección de edad de jubilación de sesenta y cinco años y según la cantidad de años que mantuvieron el ahorro.

Ejemplo 2
Texto: El varias veces mencionado Yager, nos dice acertadamente sobre estos aspectos lo siguiente: La mayoría de ustedes están hambrientos de tener libertad financiera, están hastiados de tener batallas financieras porque son como un carrusel.
Versión simplificada: Yager habla acertadamente sobre estos aspectos y dice que la mayoría ambiciona tener libertad financiera y está cansada de tener batallas financieras inútiles.

Ejemplo 3
Texto: De acuerdo con esta medición, la proporción de pobres en la población mundial quienes viven con menos de un dólar por día descendió levemente entre 1987 y 1993, pues pasó del 30% al 29%.
Versión simplificada: Según esta medición, la proporción de personas pobres en la población mundial descendió un poco entre mil novecientos ochenta y siete y mil novecientos noventa y tres. Es decir, el porcentaje de personas que vivían con menos de un dólar por día pasó del treinta al veintinueve por ciento.

Ejemplo 4
Texto: - Rentabilidad
INTERÉS DE 2 PESOS SOBRE UNA INVERSIÓN DE 100 PESOS = RENTABILIDAD DE 2 % ((2 ÷ 100) × 100 = 2%) POR CADA 100 PESOS SE GANAN 2 PESOS
Endeudamiento
DEUDA DE 30 PESOS POR SOBRE EL CAPITAL DE 20 PESOS = ENDEUDAMIENTO DE 1,5 VECES EL CAPITAL (30 ÷ 20 = 1,5) POR CADA PESO DE CAPITAL EXISTE 1,5 PESOS DE DEUDA
Liquidez
80 PESOS DE DINERO DISPONIBLE POR SOBRE DEUDAS DE 40 PESOS = LIQUIDEZ DE DOS VECES EL VALOR DE LA DEUDA (80 ÷ 40 = 2) POR CADA PESO DE DEUDA SE DISPONE DE 2 PESOS PARA PAGO
Versión simplificada: EL INTERÉS DE DOS PESOS SOBRE UNA INVERSIÓN DE CIEN PESOS DA UNA RENTABILIDAD DE DOS POR CIENTO. ES DECIR, POR CADA CIEN PESOS GANAMOS DOS PESOS. LA DEUDA DE TREINTA PESOS SOBRE EL CAPITAL DE VEINTE PESOS RESULTA EN UNA DEUDA DE UNO PUNTO CINCO VECES EL CAPITAL. ES DECIR, POR CADA PESO DE CAPITAL HAY UNO PUNTO CINCO PESOS DE DEUDA. EN OCHENTA PESOS DE DINERO DISPONIBLE SOBRE DEUDAS DE CUARENTA PESOS DA UNA LIQUIDEZ DEL DOBLE DE LA DEUDA. POR CADA PESO ADEUDADO HAY DOS PESOS PARA PAGAR.

Texto: A pesar de que algunos critican al intermediario, se necesita a este individuo en la economía.
Versión simplificada:",15.5924,success,,{},1742,few-shot,nancy,llama3_cfg_2,0.7,0.9,1.1,512,,,16,11,13,1,1,1,62.42508871894836,37.07609241841855,55.74909090909092,69.215,-13.465909090909086,0.6875,0,0.7544910179640718,0,0.45454545454545453,0.625,48.58045454545456,54.55375000000001,-5.97329545454545,0.6923076923076924,0.41666666666666663,0.6923076923076924,0.9305233359336853,
exp_prompting_sample36_top4_20260505_022729,dc468b5d-e594-45a8-846e-338df4f1e470,2026-05-05T02:41:24.605449,feina_repr30_test_sample36,,sample36,llama3,meta-llama/Meta-Llama-3-8B-Instruct,ollama,few-shot,R2,"[78, 1805, 3635, 5262]","{'temperature': 0.7, 'top_p': 0.9, 'repetition_penalty': 1.1, 'max_new_tokens': 512}",1790,El impuesto a los réditos es también un buen instrumento para conocer el monto de las rentas y de la riqueza nacional.,El impuesto a las utilidades también es un buen método para conocer el monto de las rentas y de la riqueza nacional.,El impuesto a los réditos ayuda a saber cuántas rentas y riqueza hay en un país.,"Reescribe en español cada texto con lenguaje más claro y sencillo.
Conserva el significado original y no inventes información.
Guía interna de simplificación: usa palabras comunes; evita tecnicismos innecesarios; reemplaza palabras difíciles por palabras simples; usa oraciones cortas; expresa una idea por oración; prefiere voz activa; divide oraciones largas.

Devuelve solo la versión final simplificada.

Ejemplo 1
Texto: A continuación una tabla donde se demuestra como crecen los ahorros al pasar los años: Edad Inversión Intereses Saldo Inversión Intereses Saldo Laura Ganados Alberto Ganados 22 $800 $80 $880 23 $800 $168 $1.232 Valor al Jubilarse $311.092 Valor al Jubilarse $263.232 Menos las contribuciones iniciales $6.400 Menos las contribuciones iniciales $28.800 Ganancia Neta $304.692 Ganancia Neta $234.
Versión simplificada: A continuación, presentamos una tabla donde se demuestra como crecen los ahorros al pasar los años. Las categorías en que se divide la tabla son edad, inversión, intereses ganados y saldo. La tabla contrasta las ganancias en intereses por año de Laura y Alberto con una proyección de edad de jubilación de sesenta y cinco años y según la cantidad de años que mantuvieron el ahorro.

Ejemplo 2
Texto: El varias veces mencionado Yager, nos dice acertadamente sobre estos aspectos lo siguiente: La mayoría de ustedes están hambrientos de tener libertad financiera, están hastiados de tener batallas financieras porque son como un carrusel.
Versión simplificada: Yager habla acertadamente sobre estos aspectos y dice que la mayoría ambiciona tener libertad financiera y está cansada de tener batallas financieras inútiles.

Ejemplo 3
Texto: De acuerdo con esta medición, la proporción de pobres en la población mundial quienes viven con menos de un dólar por día descendió levemente entre 1987 y 1993, pues pasó del 30% al 29%.
Versión simplificada: Según esta medición, la proporción de personas pobres en la población mundial descendió un poco entre mil novecientos ochenta y siete y mil novecientos noventa y tres. Es decir, el porcentaje de personas que vivían con menos de un dólar por día pasó del treinta al veintinueve por ciento.

Ejemplo 4
Texto: - Rentabilidad
INTERÉS DE 2 PESOS SOBRE UNA INVERSIÓN DE 100 PESOS = RENTABILIDAD DE 2 % ((2 ÷ 100) × 100 = 2%) POR CADA 100 PESOS SE GANAN 2 PESOS
Endeudamiento
DEUDA DE 30 PESOS POR SOBRE EL CAPITAL DE 20 PESOS = ENDEUDAMIENTO DE 1,5 VECES EL CAPITAL (30 ÷ 20 = 1,5) POR CADA PESO DE CAPITAL EXISTE 1,5 PESOS DE DEUDA
Liquidez
80 PESOS DE DINERO DISPONIBLE POR SOBRE DEUDAS DE 40 PESOS = LIQUIDEZ DE DOS VECES EL VALOR DE LA DEUDA (80 ÷ 40 = 2) POR CADA PESO DE DEUDA SE DISPONE DE 2 PESOS PARA PAGO
Versión simplificada: EL INTERÉS DE DOS PESOS SOBRE UNA INVERSIÓN DE CIEN PESOS DA UNA RENTABILIDAD DE DOS POR CIENTO. ES DECIR, POR CADA CIEN PESOS GANAMOS DOS PESOS. LA DEUDA DE TREINTA PESOS SOBRE EL CAPITAL DE VEINTE PESOS RESULTA EN UNA DEUDA DE UNO PUNTO CINCO VECES EL CAPITAL. ES DECIR, POR CADA PESO DE CAPITAL HAY UNO PUNTO CINCO PESOS DE DEUDA. EN OCHENTA PESOS DE DINERO DISPONIBLE SOBRE DEUDAS DE CUARENTA PESOS DA UNA LIQUIDEZ DEL DOBLE DE LA DEUDA. POR CADA PESO ADEUDADO HAY DOS PESOS PARA PAGAR.

Texto: El impuesto a los réditos es también un buen instrumento para conocer el monto de las rentas y de la riqueza nacional.
Versión simplificada:",17.0198,success,,{},1790,few-shot,nancy,llama3_cfg_2,0.7,0.9,1.1,512,,,22,16,22,1,1,1,21.652336860670193,8.458977240154361,99.215,95.84,3.375,0.7272727272727273,0,0.5858585858585859,0,0.4375,0.5909090909090909,85.70375000000001,74.39409090909092,11.309659090909093,0.32558139534883723,0.14634146341463414,0.27906976744186046,0.804913341999054,
exp_prompting_sample36_top4_20260505_022729,ca50da75-b7a3-496a-94b2-5139d5d9d479,2026-05-05T02:41:41.867660,feina_repr30_test_sample36,,sample36,llama3,meta-llama/Meta-Llama-3-8B-Instruct,ollama,few-shot,R2,"[78, 1805, 3635, 5262]","{'temperature': 0.7, 'top_p': 0.9, 'repetition_penalty': 1.1, 'max_new_tokens': 512}",1920,"También es de mucha ayuda separar las metas en tres períodos de tiempo para los propósitos de planeamiento, y aun cuando esto ya se trató en el capítulo anterior, se reitera tan importante aspecto, centrados en el tema del presente y con la intención de reforzar el manejo del mismo:","También ayuda separar las metas en tres períodos de tiempo para cumplir con los propósitos planteados. Aunque este aspecto ya se trató en el capítulo anterior, reiteramos su importancia:",Separa tus metas en tres períodos para planificar mejor. Esta estrategia es clave para alcanzar tus objetivos financieros.,"Reescribe en español cada texto con lenguaje más claro y sencillo.
Conserva el significado original y no inventes información.
Guía interna de simplificación: usa palabras comunes; evita tecnicismos innecesarios; reemplaza palabras difíciles por palabras simples; usa oraciones cortas; expresa una idea por oración; prefiere voz activa; divide oraciones largas.

Devuelve solo la versión final simplificada.

Ejemplo 1
Texto: A continuación una tabla donde se demuestra como crecen los ahorros al pasar los años: Edad Inversión Intereses Saldo Inversión Intereses Saldo Laura Ganados Alberto Ganados 22 $800 $80 $880 23 $800 $168 $1.232 Valor al Jubilarse $311.092 Valor al Jubilarse $263.232 Menos las contribuciones iniciales $6.400 Menos las contribuciones iniciales $28.800 Ganancia Neta $304.692 Ganancia Neta $234.
Versión simplificada: A continuación, presentamos una tabla donde se demuestra como crecen los ahorros al pasar los años. Las categorías en que se divide la tabla son edad, inversión, intereses ganados y saldo. La tabla contrasta las ganancias en intereses por año de Laura y Alberto con una proyección de edad de jubilación de sesenta y cinco años y según la cantidad de años que mantuvieron el ahorro.

Ejemplo 2
Texto: El varias veces mencionado Yager, nos dice acertadamente sobre estos aspectos lo siguiente: La mayoría de ustedes están hambrientos de tener libertad financiera, están hastiados de tener batallas financieras porque son como un carrusel.
Versión simplificada: Yager habla acertadamente sobre estos aspectos y dice que la mayoría ambiciona tener libertad financiera y está cansada de tener batallas financieras inútiles.

Ejemplo 3
Texto: De acuerdo con esta medición, la proporción de pobres en la población mundial quienes viven con menos de un dólar por día descendió levemente entre 1987 y 1993, pues pasó del 30% al 29%.
Versión simplificada: Según esta medición, la proporción de personas pobres en la población mundial descendió un poco entre mil novecientos ochenta y siete y mil novecientos noventa y tres. Es decir, el porcentaje de personas que vivían con menos de un dólar por día pasó del treinta al veintinueve por ciento.

Ejemplo 4
Texto: - Rentabilidad
INTERÉS DE 2 PESOS SOBRE UNA INVERSIÓN DE 100 PESOS = RENTABILIDAD DE 2 % ((2 ÷ 100) × 100 = 2%) POR CADA 100 PESOS SE GANAN 2 PESOS
Endeudamiento
DEUDA DE 30 PESOS POR SOBRE EL CAPITAL DE 20 PESOS = ENDEUDAMIENTO DE 1,5 VECES EL CAPITAL (30 ÷ 20 = 1,5) POR CADA PESO DE CAPITAL EXISTE 1,5 PESOS DE DEUDA
Liquidez
80 PESOS DE DINERO DISPONIBLE POR SOBRE DEUDAS DE 40 PESOS = LIQUIDEZ DE DOS VECES EL VALOR DE LA DEUDA (80 ÷ 40 = 2) POR CADA PESO DE DEUDA SE DISPONE DE 2 PESOS PARA PAGO
Versión simplificada: EL INTERÉS DE DOS PESOS SOBRE UNA INVERSIÓN DE CIEN PESOS DA UNA RENTABILIDAD DE DOS POR CIENTO. ES DECIR, POR CADA CIEN PESOS GANAMOS DOS PESOS. LA DEUDA DE TREINTA PESOS SOBRE EL CAPITAL DE VEINTE PESOS RESULTA EN UNA DEUDA DE UNO PUNTO CINCO VECES EL CAPITAL. ES DECIR, POR CADA PESO DE CAPITAL HAY UNO PUNTO CINCO PESOS DE DEUDA. EN OCHENTA PESOS DE DINERO DISPONIBLE SOBRE DEUDAS DE CUARENTA PESOS DA UNA LIQUIDEZ DEL DOBLE DE LA DEUDA. POR CADA PESO ADEUDADO HAY DOS PESOS PARA PAGAR.

Texto: También es de mucha ayuda separar las metas en tres períodos de tiempo para los propósitos de planeamiento, y aun cuando esto ya se trató en el capítulo anterior, se reitera tan importante aspecto, centrados en el tema del presente y con la intención de reforzar el manejo del mismo:
Versión simplificada:",17.8791,success,,{},1920,few-shot,nancy,llama3_cfg_2,0.7,0.9,1.1,512,,,50,18,29,1,2,2,37.19402124173279,7.279854181060739,55.50666666666667,92.0,-36.49333333333333,0.36,1,0.2765432098765432,0,0.6666666666666666,0.88,52.468333333333334,39.71100000000003,12.757333333333307,0.23076923076923078,0.16,0.23076923076923078,0.7130793929100037,
exp_prompting_sample36_top4_20260505_022729,9bec7594-f63c-4d4a-af5f-ea7f6abe169a,2026-05-05T02:41:59.967996,feina_repr30_test_sample36,,sample36,llama3,meta-llama/Meta-Llama-3-8B-Instruct,ollama,few-shot,R2,"[78, 1805, 3635, 5262]","{'temperature': 0.7, 'top_p': 0.9, 'repetition_penalty': 1.1, 'max_new_tokens': 512}",2027,Seguridad financiera: Consiste en cumplir con las necesidades que se presentan en el futuro de las personas y al mismo tiempo cumplir con las obligaciones diarias.,"Seguridad financiera, consiste en cumplir con las necesidades económicas que se presentan en el futuro de las personas y también cumplir con las obligaciones financieras diarias.",La seguridad financiera es importante porque nos ayuda a pagar nuestras necesidades futuras y también a cumplir con nuestras obligaciones diarias.,"Reescribe en español cada texto con lenguaje más claro y sencillo.
Conserva el significado original y no inventes información.
Guía interna de simplificación: usa palabras comunes; evita tecnicismos innecesarios; reemplaza palabras difíciles por palabras simples; usa oraciones cortas; expresa una idea por oración; prefiere voz activa; divide oraciones largas.

Devuelve solo la versión final simplificada.

Ejemplo 1
Texto: A continuación una tabla donde se demuestra como crecen los ahorros al pasar los años: Edad Inversión Intereses Saldo Inversión Intereses Saldo Laura Ganados Alberto Ganados 22 $800 $80 $880 23 $800 $168 $1.232 Valor al Jubilarse $311.092 Valor al Jubilarse $263.232 Menos las contribuciones iniciales $6.400 Menos las contribuciones iniciales $28.800 Ganancia Neta $304.692 Ganancia Neta $234.
Versión simplificada: A continuación, presentamos una tabla donde se demuestra como crecen los ahorros al pasar los años. Las categorías en que se divide la tabla son edad, inversión, intereses ganados y saldo. La tabla contrasta las ganancias en intereses por año de Laura y Alberto con una proyección de edad de jubilación de sesenta y cinco años y según la cantidad de años que mantuvieron el ahorro.

Ejemplo 2
Texto: El varias veces mencionado Yager, nos dice acertadamente sobre estos aspectos lo siguiente: La mayoría de ustedes están hambrientos de tener libertad financiera, están hastiados de tener batallas financieras porque son como un carrusel.
Versión simplificada: Yager habla acertadamente sobre estos aspectos y dice que la mayoría ambiciona tener libertad financiera y está cansada de tener batallas financieras inútiles.

Ejemplo 3
Texto: De acuerdo con esta medición, la proporción de pobres en la población mundial quienes viven con menos de un dólar por día descendió levemente entre 1987 y 1993, pues pasó del 30% al 29%.
Versión simplificada: Según esta medición, la proporción de personas pobres en la población mundial descendió un poco entre mil novecientos ochenta y siete y mil novecientos noventa y tres. Es decir, el porcentaje de personas que vivían con menos de un dólar por día pasó del treinta al veintinueve por ciento.

Ejemplo 4
Texto: - Rentabilidad
INTERÉS DE 2 PESOS SOBRE UNA INVERSIÓN DE 100 PESOS = RENTABILIDAD DE 2 % ((2 ÷ 100) × 100 = 2%) POR CADA 100 PESOS SE GANAN 2 PESOS
Endeudamiento
DEUDA DE 30 PESOS POR SOBRE EL CAPITAL DE 20 PESOS = ENDEUDAMIENTO DE 1,5 VECES EL CAPITAL (30 ÷ 20 = 1,5) POR CADA PESO DE CAPITAL EXISTE 1,5 PESOS DE DEUDA
Liquidez
80 PESOS DE DINERO DISPONIBLE POR SOBRE DEUDAS DE 40 PESOS = LIQUIDEZ DE DOS VECES EL VALOR DE LA DEUDA (80 ÷ 40 = 2) POR CADA PESO DE DEUDA SE DISPONE DE 2 PESOS PARA PAGO
Versión simplificada: EL INTERÉS DE DOS PESOS SOBRE UNA INVERSIÓN DE CIEN PESOS DA UNA RENTABILIDAD DE DOS POR CIENTO. ES DECIR, POR CADA CIEN PESOS GANAMOS DOS PESOS. LA DEUDA DE TREINTA PESOS SOBRE EL CAPITAL DE VEINTE PESOS RESULTA EN UNA DEUDA DE UNO PUNTO CINCO VECES EL CAPITAL. ES DECIR, POR CADA PESO DE CAPITAL HAY UNO PUNTO CINCO PESOS DE DEUDA. EN OCHENTA PESOS DE DINERO DISPONIBLE SOBRE DEUDAS DE CUARENTA PESOS DA UNA LIQUIDEZ DEL DOBLE DE LA DEUDA. POR CADA PESO ADEUDADO HAY DOS PESOS PARA PAGAR.

Texto: Seguridad financiera: Consiste en cumplir con las necesidades que se presentan en el futuro de las personas y al mismo tiempo cumplir con las obligaciones diarias.
Versión simplificada:",17.8889,success,,{},2027,few-shot,nancy,llama3_cfg_2,0.7,0.9,1.1,512,,,26,21,26,1,1,1,26.096997889424255,5.041016299045804,61.98285714285715,80.60923076923079,-18.626373626373642,0.8076923076923077,0,0.627831715210356,0,0.6190476190476191,0.6923076923076923,40.468333333333334,53.83884615384618,-13.370512820512843,0.4,0.16666666666666666,0.4,0.8345664739608765,
exp_prompting_sample36_top4_20260505_022729,a4c35000-767e-4d0d-a5e2-3ed1eb16be95,2026-05-05T02:42:18.079864,feina_repr30_test_sample36,,sample36,llama3,meta-llama/Meta-Llama-3-8B-Instruct,ollama,few-shot,R2,"[78, 1805, 3635, 5262]","{'temperature': 0.7, 'top_p': 0.9, 'repetition_penalty': 1.1, 'max_new_tokens': 512}",2065,"La última, pero no menos importante razón, puede ser encontrar un fascinante campo de acción intelectual para comprender el mundo real.",La última es encontrar un campo de acción intelectual para comprender el mundo real.,La razón última es encontrar un tema interesante y desafiador que te ayude a entender mejor el mundo.,"Reescribe en español cada texto con lenguaje más claro y sencillo.
Conserva el significado original y no inventes información.
Guía interna de simplificación: usa palabras comunes; evita tecnicismos innecesarios; reemplaza palabras difíciles por palabras simples; usa oraciones cortas; expresa una idea por oración; prefiere voz activa; divide oraciones largas.

Devuelve solo la versión final simplificada.

Ejemplo 1
Texto: A continuación una tabla donde se demuestra como crecen los ahorros al pasar los años: Edad Inversión Intereses Saldo Inversión Intereses Saldo Laura Ganados Alberto Ganados 22 $800 $80 $880 23 $800 $168 $1.232 Valor al Jubilarse $311.092 Valor al Jubilarse $263.232 Menos las contribuciones iniciales $6.400 Menos las contribuciones iniciales $28.800 Ganancia Neta $304.692 Ganancia Neta $234.
Versión simplificada: A continuación, presentamos una tabla donde se demuestra como crecen los ahorros al pasar los años. Las categorías en que se divide la tabla son edad, inversión, intereses ganados y saldo. La tabla contrasta las ganancias en intereses por año de Laura y Alberto con una proyección de edad de jubilación de sesenta y cinco años y según la cantidad de años que mantuvieron el ahorro.

Ejemplo 2
Texto: El varias veces mencionado Yager, nos dice acertadamente sobre estos aspectos lo siguiente: La mayoría de ustedes están hambrientos de tener libertad financiera, están hastiados de tener batallas financieras porque son como un carrusel.
Versión simplificada: Yager habla acertadamente sobre estos aspectos y dice que la mayoría ambiciona tener libertad financiera y está cansada de tener batallas financieras inútiles.

Ejemplo 3
Texto: De acuerdo con esta medición, la proporción de pobres en la población mundial quienes viven con menos de un dólar por día descendió levemente entre 1987 y 1993, pues pasó del 30% al 29%.
Versión simplificada: Según esta medición, la proporción de personas pobres en la población mundial descendió un poco entre mil novecientos ochenta y siete y mil novecientos noventa y tres. Es decir, el porcentaje de personas que vivían con menos de un dólar por día pasó del treinta al veintinueve por ciento.

Ejemplo 4
Texto: - Rentabilidad
INTERÉS DE 2 PESOS SOBRE UNA INVERSIÓN DE 100 PESOS = RENTABILIDAD DE 2 % ((2 ÷ 100) × 100 = 2%) POR CADA 100 PESOS SE GANAN 2 PESOS
Endeudamiento
DEUDA DE 30 PESOS POR SOBRE EL CAPITAL DE 20 PESOS = ENDEUDAMIENTO DE 1,5 VECES EL CAPITAL (30 ÷ 20 = 1,5) POR CADA PESO DE CAPITAL EXISTE 1,5 PESOS DE DEUDA
Liquidez
80 PESOS DE DINERO DISPONIBLE POR SOBRE DEUDAS DE 40 PESOS = LIQUIDEZ DE DOS VECES EL VALOR DE LA DEUDA (80 ÷ 40 = 2) POR CADA PESO DE DEUDA SE DISPONE DE 2 PESOS PARA PAGO
Versión simplificada: EL INTERÉS DE DOS PESOS SOBRE UNA INVERSIÓN DE CIEN PESOS DA UNA RENTABILIDAD DE DOS POR CIENTO. ES DECIR, POR CADA CIEN PESOS GANAMOS DOS PESOS. LA DEUDA DE TREINTA PESOS SOBRE EL CAPITAL DE VEINTE PESOS RESULTA EN UNA DEUDA DE UNO PUNTO CINCO VECES EL CAPITAL. ES DECIR, POR CADA PESO DE CAPITAL HAY UNO PUNTO CINCO PESOS DE DEUDA. EN OCHENTA PESOS DE DINERO DISPONIBLE SOBRE DEUDAS DE CUARENTA PESOS DA UNA LIQUIDEZ DEL DOBLE DE LA DEUDA. POR CADA PESO ADEUDADO HAY DOS PESOS PARA PAGAR.

Texto: La última, pero no menos importante razón, puede ser encontrar un fascinante campo de acción intelectual para comprender el mundo real.
Versión simplificada:",17.2052,success,,{},2065,few-shot,nancy,llama3_cfg_2,0.7,0.9,1.1,512,,,21,18,14,1,1,1,38.29719500772132,16.19557012853241,77.84000000000002,76.26857142857142,1.5714285714285978,0.8571428571428571,0,0.5,0,0.6111111111111112,0.6666666666666666,60.773888888888905,55.30166666666668,5.4722222222222285,0.47058823529411764,0.25,0.4117647058823529,0.8211046457290649,
exp_prompting_sample36_top4_20260505_022729,aa7b3f8d-7e89-404b-9390-4f56bddb4926,2026-05-05T02:42:35.513399,feina_repr30_test_sample36,,sample36,llama3,meta-llama/Meta-Llama-3-8B-Instruct,ollama,few-shot,R2,"[78, 1805, 3635, 5262]","{'temperature': 0.7, 'top_p': 0.9, 'repetition_penalty': 1.1, 'max_new_tokens': 512}",2365,"Si el entusiasmo, y esto no es idealismo ramplón, se orienta hacia la salud, la belleza, el éxito, la felicidad, lo más probable es que se obtenga la salud, la belleza, el éxito y la felicidad.","Si el entusiasmo se dirige hacia la salud, la belleza, el éxito, la felicidad es probable que los consigamos.","Si nos enfocamos en la salud, la belleza, el éxito y la felicidad con entusiasmo, podemos lograr estos objetivos.","Reescribe en español cada texto con lenguaje más claro y sencillo.
Conserva el significado original y no inventes información.
Guía interna de simplificación: usa palabras comunes; evita tecnicismos innecesarios; reemplaza palabras difíciles por palabras simples; usa oraciones cortas; expresa una idea por oración; prefiere voz activa; divide oraciones largas.

Devuelve solo la versión final simplificada.

Ejemplo 1
Texto: A continuación una tabla donde se demuestra como crecen los ahorros al pasar los años: Edad Inversión Intereses Saldo Inversión Intereses Saldo Laura Ganados Alberto Ganados 22 $800 $80 $880 23 $800 $168 $1.232 Valor al Jubilarse $311.092 Valor al Jubilarse $263.232 Menos las contribuciones iniciales $6.400 Menos las contribuciones iniciales $28.800 Ganancia Neta $304.692 Ganancia Neta $234.
Versión simplificada: A continuación, presentamos una tabla donde se demuestra como crecen los ahorros al pasar los años. Las categorías en que se divide la tabla son edad, inversión, intereses ganados y saldo. La tabla contrasta las ganancias en intereses por año de Laura y Alberto con una proyección de edad de jubilación de sesenta y cinco años y según la cantidad de años que mantuvieron el ahorro.

Ejemplo 2
Texto: El varias veces mencionado Yager, nos dice acertadamente sobre estos aspectos lo siguiente: La mayoría de ustedes están hambrientos de tener libertad financiera, están hastiados de tener batallas financieras porque son como un carrusel.
Versión simplificada: Yager habla acertadamente sobre estos aspectos y dice que la mayoría ambiciona tener libertad financiera y está cansada de tener batallas financieras inútiles.

Ejemplo 3
Texto: De acuerdo con esta medición, la proporción de pobres en la población mundial quienes viven con menos de un dólar por día descendió levemente entre 1987 y 1993, pues pasó del 30% al 29%.
Versión simplificada: Según esta medición, la proporción de personas pobres en la población mundial descendió un poco entre mil novecientos ochenta y siete y mil novecientos noventa y tres. Es decir, el porcentaje de personas que vivían con menos de un dólar por día pasó del treinta al veintinueve por ciento.

Ejemplo 4
Texto: - Rentabilidad
INTERÉS DE 2 PESOS SOBRE UNA INVERSIÓN DE 100 PESOS = RENTABILIDAD DE 2 % ((2 ÷ 100) × 100 = 2%) POR CADA 100 PESOS SE GANAN 2 PESOS
Endeudamiento
DEUDA DE 30 PESOS POR SOBRE EL CAPITAL DE 20 PESOS = ENDEUDAMIENTO DE 1,5 VECES EL CAPITAL (30 ÷ 20 = 1,5) POR CADA PESO DE CAPITAL EXISTE 1,5 PESOS DE DEUDA
Liquidez
80 PESOS DE DINERO DISPONIBLE POR SOBRE DEUDAS DE 40 PESOS = LIQUIDEZ DE DOS VECES EL VALOR DE LA DEUDA (80 ÷ 40 = 2) POR CADA PESO DE DEUDA SE DISPONE DE 2 PESOS PARA PAGO
Versión simplificada: EL INTERÉS DE DOS PESOS SOBRE UNA INVERSIÓN DE CIEN PESOS DA UNA RENTABILIDAD DE DOS POR CIENTO. ES DECIR, POR CADA CIEN PESOS GANAMOS DOS PESOS. LA DEUDA DE TREINTA PESOS SOBRE EL CAPITAL DE VEINTE PESOS RESULTA EN UNA DEUDA DE UNO PUNTO CINCO VECES EL CAPITAL. ES DECIR, POR CADA PESO DE CAPITAL HAY UNO PUNTO CINCO PESOS DE DEUDA. EN OCHENTA PESOS DE DINERO DISPONIBLE SOBRE DEUDAS DE CUARENTA PESOS DA UNA LIQUIDEZ DEL DOBLE DE LA DEUDA. POR CADA PESO ADEUDADO HAY DOS PESOS PARA PAGAR.

Texto: Si el entusiasmo, y esto no es idealismo ramplón, se orienta hacia la salud, la belleza, el éxito, la felicidad, lo más probable es que se obtenga la salud, la belleza, el éxito y la felicidad.
Versión simplificada:",18.7056,success,,{},2365,few-shot,nancy,llama3_cfg_2,0.7,0.9,1.1,512,,,36,19,19,1,1,1,51.47449583632639,35.45968452939003,75.15578947368424,92.34,-17.184210526315766,0.5277777777777778,0,0.38562091503267976,0,0.42105263157894735,0.6944444444444444,56.67710526315793,54.887777777777785,1.7893274853801415,0.5263157894736842,0.3333333333333333,0.47368421052631576,0.8310080170631409,
exp_prompting_sample36_top4_20260505_022729,3b789253-0d29-471a-8be5-252e60e072f0,2026-05-05T02:42:54.435501,feina_repr30_test_sample36,,sample36,llama3,meta-llama/Meta-Llama-3-8B-Instruct,ollama,few-shot,R2,"[78, 1805, 3635, 5262]","{'temperature': 0.7, 'top_p': 0.9, 'repetition_penalty': 1.1, 'max_new_tokens': 512}",2449,"En la segunda etapa de programación, se definen los objetivos y se fijan las metas o resultados esperados, que deben ser lo más específicos y precisos posibles, para tener claridad en lo que se trata de alcanzar con las inversiones por realizar; por ejemplo, los tipos de inversión y los montos que se pretenden lograr en un tiempo definido y otros que pueden describirse en términos de logro o resultados que se desean alcanzar.","En la segunda etapa de programación, se definen los objetivos y se fijan las metas específicas.","En la segunda etapa, se definen objetivos claros y precisos para saber qué se busca lograr con las inversiones. Esto puede incluir los tipos de inversión, montos y plazos definidos.","Reescribe en español cada texto con lenguaje más claro y sencillo.
Conserva el significado original y no inventes información.
Guía interna de simplificación: usa palabras comunes; evita tecnicismos innecesarios; reemplaza palabras difíciles por palabras simples; usa oraciones cortas; expresa una idea por oración; prefiere voz activa; divide oraciones largas.

Devuelve solo la versión final simplificada.

Ejemplo 1
Texto: A continuación una tabla donde se demuestra como crecen los ahorros al pasar los años: Edad Inversión Intereses Saldo Inversión Intereses Saldo Laura Ganados Alberto Ganados 22 $800 $80 $880 23 $800 $168 $1.232 Valor al Jubilarse $311.092 Valor al Jubilarse $263.232 Menos las contribuciones iniciales $6.400 Menos las contribuciones iniciales $28.800 Ganancia Neta $304.692 Ganancia Neta $234.
Versión simplificada: A continuación, presentamos una tabla donde se demuestra como crecen los ahorros al pasar los años. Las categorías en que se divide la tabla son edad, inversión, intereses ganados y saldo. La tabla contrasta las ganancias en intereses por año de Laura y Alberto con una proyección de edad de jubilación de sesenta y cinco años y según la cantidad de años que mantuvieron el ahorro.

Ejemplo 2
Texto: El varias veces mencionado Yager, nos dice acertadamente sobre estos aspectos lo siguiente: La mayoría de ustedes están hambrientos de tener libertad financiera, están hastiados de tener batallas financieras porque son como un carrusel.
Versión simplificada: Yager habla acertadamente sobre estos aspectos y dice que la mayoría ambiciona tener libertad financiera y está cansada de tener batallas financieras inútiles.

Ejemplo 3
Texto: De acuerdo con esta medición, la proporción de pobres en la población mundial quienes viven con menos de un dólar por día descendió levemente entre 1987 y 1993, pues pasó del 30% al 29%.
Versión simplificada: Según esta medición, la proporción de personas pobres en la población mundial descendió un poco entre mil novecientos ochenta y siete y mil novecientos noventa y tres. Es decir, el porcentaje de personas que vivían con menos de un dólar por día pasó del treinta al veintinueve por ciento.

Ejemplo 4
Texto: - Rentabilidad
INTERÉS DE 2 PESOS SOBRE UNA INVERSIÓN DE 100 PESOS = RENTABILIDAD DE 2 % ((2 ÷ 100) × 100 = 2%) POR CADA 100 PESOS SE GANAN 2 PESOS
Endeudamiento
DEUDA DE 30 PESOS POR SOBRE EL CAPITAL DE 20 PESOS = ENDEUDAMIENTO DE 1,5 VECES EL CAPITAL (30 ÷ 20 = 1,5) POR CADA PESO DE CAPITAL EXISTE 1,5 PESOS DE DEUDA
Liquidez
80 PESOS DE DINERO DISPONIBLE POR SOBRE DEUDAS DE 40 PESOS = LIQUIDEZ DE DOS VECES EL VALOR DE LA DEUDA (80 ÷ 40 = 2) POR CADA PESO DE DEUDA SE DISPONE DE 2 PESOS PARA PAGO
Versión simplificada: EL INTERÉS DE DOS PESOS SOBRE UNA INVERSIÓN DE CIEN PESOS DA UNA RENTABILIDAD DE DOS POR CIENTO. ES DECIR, POR CADA CIEN PESOS GANAMOS DOS PESOS. LA DEUDA DE TREINTA PESOS SOBRE EL CAPITAL DE VEINTE PESOS RESULTA EN UNA DEUDA DE UNO PUNTO CINCO VECES EL CAPITAL. ES DECIR, POR CADA PESO DE CAPITAL HAY UNO PUNTO CINCO PESOS DE DEUDA. EN OCHENTA PESOS DE DINERO DISPONIBLE SOBRE DEUDAS DE CUARENTA PESOS DA UNA LIQUIDEZ DEL DOBLE DE LA DEUDA. POR CADA PESO ADEUDADO HAY DOS PESOS PARA PAGAR.

Texto: En la segunda etapa de programación, se definen los objetivos y se fijan las metas o resultados esperados, que deben ser lo más específicos y precisos posibles, para tener claridad en lo que se trata de alcanzar con las inversiones por realizar; por ejemplo, los tipos de inversión y los montos que se pretenden lograr en un tiempo definido y otros que pueden describirse en términos de logro o resultados que se desean alcanzar.
Versión simplificada:",22.1311,success,,{},2449,few-shot,nancy,llama3_cfg_2,0.7,0.9,1.1,512,,,74,30,16,1,2,1,42.28294476832662,11.720029138027298,80.04,90.32648648648652,-10.28648648648651,0.40540540540540543,1,0.4819672131147541,0,0.3,0.7162162162162162,67.23500000000001,13.286351351351371,53.94864864864864,0.5306122448979592,0.1702127659574468,0.40816326530612246,0.8089182376861572,
exp_prompting_sample36_top4_20260505_022729,a002607a-1fec-4bb1-9548-0a7a5f5b3766,2026-05-05T02:43:16.791662,feina_repr30_test_sample36,,sample36,llama3,meta-llama/Meta-Llama-3-8B-Instruct,ollama,few-shot,R2,"[78, 1805, 3635, 5262]","{'temperature': 0.7, 'top_p': 0.9, 'repetition_penalty': 1.1, 'max_new_tokens': 512}",2550,Estas tarjetas acarrean pocos riesgos y te ayudan a crear buenos antecedentes crediticios al mostrar tu capacidad para usar una tarjeta con responsabilidad.,Estas tarjetas traen pocos riesgos y ayudan a crear buen historial crediticio.,Estas tarjetas no suponen un gran riesgo y te permiten construir un buen historial crediticio demostrando que puedes usarla de manera responsable.,"Reescribe en español cada texto con lenguaje más claro y sencillo.
Conserva el significado original y no inventes información.
Guía interna de simplificación: usa palabras comunes; evita tecnicismos innecesarios; reemplaza palabras difíciles por palabras simples; usa oraciones cortas; expresa una idea por oración; prefiere voz activa; divide oraciones largas.

Devuelve solo la versión final simplificada.

Ejemplo 1
Texto: A continuación una tabla donde se demuestra como crecen los ahorros al pasar los años: Edad Inversión Intereses Saldo Inversión Intereses Saldo Laura Ganados Alberto Ganados 22 $800 $80 $880 23 $800 $168 $1.232 Valor al Jubilarse $311.092 Valor al Jubilarse $263.232 Menos las contribuciones iniciales $6.400 Menos las contribuciones iniciales $28.800 Ganancia Neta $304.692 Ganancia Neta $234.
Versión simplificada: A continuación, presentamos una tabla donde se demuestra como crecen los ahorros al pasar los años. Las categorías en que se divide la tabla son edad, inversión, intereses ganados y saldo. La tabla contrasta las ganancias en intereses por año de Laura y Alberto con una proyección de edad de jubilación de sesenta y cinco años y según la cantidad de años que mantuvieron el ahorro.

Ejemplo 2
Texto: El varias veces mencionado Yager, nos dice acertadamente sobre estos aspectos lo siguiente: La mayoría de ustedes están hambrientos de tener libertad financiera, están hastiados de tener batallas financieras porque son como un carrusel.
Versión simplificada: Yager habla acertadamente sobre estos aspectos y dice que la mayoría ambiciona tener libertad financiera y está cansada de tener batallas financieras inútiles.

Ejemplo 3
Texto: De acuerdo con esta medición, la proporción de pobres en la población mundial quienes viven con menos de un dólar por día descendió levemente entre 1987 y 1993, pues pasó del 30% al 29%.
Versión simplificada: Según esta medición, la proporción de personas pobres en la población mundial descendió un poco entre mil novecientos ochenta y siete y mil novecientos noventa y tres. Es decir, el porcentaje de personas que vivían con menos de un dólar por día pasó del treinta al veintinueve por ciento.

Ejemplo 4
Texto: - Rentabilidad
INTERÉS DE 2 PESOS SOBRE UNA INVERSIÓN DE 100 PESOS = RENTABILIDAD DE 2 % ((2 ÷ 100) × 100 = 2%) POR CADA 100 PESOS SE GANAN 2 PESOS
Endeudamiento
DEUDA DE 30 PESOS POR SOBRE EL CAPITAL DE 20 PESOS = ENDEUDAMIENTO DE 1,5 VECES EL CAPITAL (30 ÷ 20 = 1,5) POR CADA PESO DE CAPITAL EXISTE 1,5 PESOS DE DEUDA
Liquidez
80 PESOS DE DINERO DISPONIBLE POR SOBRE DEUDAS DE 40 PESOS = LIQUIDEZ DE DOS VECES EL VALOR DE LA DEUDA (80 ÷ 40 = 2) POR CADA PESO DE DEUDA SE DISPONE DE 2 PESOS PARA PAGO
Versión simplificada: EL INTERÉS DE DOS PESOS SOBRE UNA INVERSIÓN DE CIEN PESOS DA UNA RENTABILIDAD DE DOS POR CIENTO. ES DECIR, POR CADA CIEN PESOS GANAMOS DOS PESOS. LA DEUDA DE TREINTA PESOS SOBRE EL CAPITAL DE VEINTE PESOS RESULTA EN UNA DEUDA DE UNO PUNTO CINCO VECES EL CAPITAL. ES DECIR, POR CADA PESO DE CAPITAL HAY UNO PUNTO CINCO PESOS DE DEUDA. EN OCHENTA PESOS DE DINERO DISPONIBLE SOBRE DEUDAS DE CUARENTA PESOS DA UNA LIQUIDEZ DEL DOBLE DE LA DEUDA. POR CADA PESO ADEUDADO HAY DOS PESOS PARA PAGAR.

Texto: Estas tarjetas acarrean pocos riesgos y te ayudan a crear buenos antecedentes crediticios al mostrar tu capacidad para usar una tarjeta con responsabilidad.
Versión simplificada:",19.3287,success,,{},2550,few-shot,nancy,llama3_cfg_2,0.7,0.9,1.1,512,,,23,22,12,1,1,1,41.71147661343739,8.383924775392588,74.0218181818182,61.535652173913036,12.486166007905169,0.9565217391304348,0,0.5629139072847682,0,0.8181818181818182,0.8260869565217391,51.739545454545464,37.56543478260869,14.174110671936774,0.3529411764705882,0.18749999999999997,0.3529411764705882,0.8425769209861755,
exp_prompting_sample36_top4_20260505_022729,69b13bc8-48d9-4012-bc9f-14482844ddf2,2026-05-05T02:43:36.342621,feina_repr30_test_sample36,,sample36,llama3,meta-llama/Meta-Llama-3-8B-Instruct,ollama,few-shot,R2,"[78, 1805, 3635, 5262]","{'temperature': 0.7, 'top_p': 0.9, 'repetition_penalty': 1.1, 'max_new_tokens': 512}",2657,"Adicionalmente, el canal móvil (celulares) es de alto potencial para utilizar pagos a través de mensajería de texto SMS permitiendo, desde cualquier lugar donde se tenga acceso al servicio inalámbrico, realizar pagos electrónicos.","Además, los celulares permiten realizar pagos electrónicos desde cualquier lugar con acceso al servicio inalámbrico.",El pago electrónico se puede hacer desde cualquier lugar con conexión inalámbrica a través del canal móvil (celulares) y mensajería de texto SMS.,"Reescribe en español cada texto con lenguaje más claro y sencillo.
Conserva el significado original y no inventes información.
Guía interna de simplificación: usa palabras comunes; evita tecnicismos innecesarios; reemplaza palabras difíciles por palabras simples; usa oraciones cortas; expresa una idea por oración; prefiere voz activa; divide oraciones largas.

Devuelve solo la versión final simplificada.

Ejemplo 1
Texto: A continuación una tabla donde se demuestra como crecen los ahorros al pasar los años: Edad Inversión Intereses Saldo Inversión Intereses Saldo Laura Ganados Alberto Ganados 22 $800 $80 $880 23 $800 $168 $1.232 Valor al Jubilarse $311.092 Valor al Jubilarse $263.232 Menos las contribuciones iniciales $6.400 Menos las contribuciones iniciales $28.800 Ganancia Neta $304.692 Ganancia Neta $234.
Versión simplificada: A continuación, presentamos una tabla donde se demuestra como crecen los ahorros al pasar los años. Las categorías en que se divide la tabla son edad, inversión, intereses ganados y saldo. La tabla contrasta las ganancias en intereses por año de Laura y Alberto con una proyección de edad de jubilación de sesenta y cinco años y según la cantidad de años que mantuvieron el ahorro.

Ejemplo 2
Texto: El varias veces mencionado Yager, nos dice acertadamente sobre estos aspectos lo siguiente: La mayoría de ustedes están hambrientos de tener libertad financiera, están hastiados de tener batallas financieras porque son como un carrusel.
Versión simplificada: Yager habla acertadamente sobre estos aspectos y dice que la mayoría ambiciona tener libertad financiera y está cansada de tener batallas financieras inútiles.

Ejemplo 3
Texto: De acuerdo con esta medición, la proporción de pobres en la población mundial quienes viven con menos de un dólar por día descendió levemente entre 1987 y 1993, pues pasó del 30% al 29%.
Versión simplificada: Según esta medición, la proporción de personas pobres en la población mundial descendió un poco entre mil novecientos ochenta y siete y mil novecientos noventa y tres. Es decir, el porcentaje de personas que vivían con menos de un dólar por día pasó del treinta al veintinueve por ciento.

Ejemplo 4
Texto: - Rentabilidad
INTERÉS DE 2 PESOS SOBRE UNA INVERSIÓN DE 100 PESOS = RENTABILIDAD DE 2 % ((2 ÷ 100) × 100 = 2%) POR CADA 100 PESOS SE GANAN 2 PESOS
Endeudamiento
DEUDA DE 30 PESOS POR SOBRE EL CAPITAL DE 20 PESOS = ENDEUDAMIENTO DE 1,5 VECES EL CAPITAL (30 ÷ 20 = 1,5) POR CADA PESO DE CAPITAL EXISTE 1,5 PESOS DE DEUDA
Liquidez
80 PESOS DE DINERO DISPONIBLE POR SOBRE DEUDAS DE 40 PESOS = LIQUIDEZ DE DOS VECES EL VALOR DE LA DEUDA (80 ÷ 40 = 2) POR CADA PESO DE DEUDA SE DISPONE DE 2 PESOS PARA PAGO
Versión simplificada: EL INTERÉS DE DOS PESOS SOBRE UNA INVERSIÓN DE CIEN PESOS DA UNA RENTABILIDAD DE DOS POR CIENTO. ES DECIR, POR CADA CIEN PESOS GANAMOS DOS PESOS. LA DEUDA DE TREINTA PESOS SOBRE EL CAPITAL DE VEINTE PESOS RESULTA EN UNA DEUDA DE UNO PUNTO CINCO VECES EL CAPITAL. ES DECIR, POR CADA PESO DE CAPITAL HAY UNO PUNTO CINCO PESOS DE DEUDA. EN OCHENTA PESOS DE DINERO DISPONIBLE SOBRE DEUDAS DE CUARENTA PESOS DA UNA LIQUIDEZ DEL DOBLE DE LA DEUDA. POR CADA PESO ADEUDADO HAY DOS PESOS PARA PAGAR.

Texto: Adicionalmente, el canal móvil (celulares) es de alto potencial para utilizar pagos a través de mensajería de texto SMS permitiendo, desde cualquier lugar donde se tenga acceso al servicio inalámbrico, realizar pagos electrónicos.
Versión simplificada:",19.2581,success,,{},2657,few-shot,nancy,llama3_cfg_2,0.7,0.9,1.1,512,,,33,23,15,1,1,1,35.95457780731701,10.008350737965104,74.5791304347826,60.112727272727284,14.466403162055315,0.696969696969697,0,0.33066666666666666,0,0.391304347826087,0.5757575757575758,51.10891304347825,24.692575757575753,26.4163372859025,0.3404255319148936,0.13333333333333333,0.2553191489361702,0.813422679901123,
exp_prompting_sample36_top4_20260505_022729,5159cfa9-b566-44ec-8f73-230d14107c20,2026-05-05T02:43:55.822983,feina_repr30_test_sample36,,sample36,llama3,meta-llama/Meta-Llama-3-8B-Instruct,ollama,few-shot,R2,"[78, 1805, 3635, 5262]","{'temperature': 0.7, 'top_p': 0.9, 'repetition_penalty': 1.1, 'max_new_tokens': 512}",2703,"Existen varias modalidades de cheques, como lo mencionan los mismos Alonso, Brailovsky y Ortiz (1999).","Según Alonso, Brailovsky y Ortiz (mil novecientos noventa y nueve) hay varias modalidades de cheques.","Existen varios tipos de cheques, según mencionan Alonso, Brailovsky y Ortiz.","Reescribe en español cada texto con lenguaje más claro y sencillo.
Conserva el significado original y no inventes información.
Guía interna de simplificación: usa palabras comunes; evita tecnicismos innecesarios; reemplaza palabras difíciles por palabras simples; usa oraciones cortas; expresa una idea por oración; prefiere voz activa; divide oraciones largas.

Devuelve solo la versión final simplificada.

Ejemplo 1
Texto: A continuación una tabla donde se demuestra como crecen los ahorros al pasar los años: Edad Inversión Intereses Saldo Inversión Intereses Saldo Laura Ganados Alberto Ganados 22 $800 $80 $880 23 $800 $168 $1.232 Valor al Jubilarse $311.092 Valor al Jubilarse $263.232 Menos las contribuciones iniciales $6.400 Menos las contribuciones iniciales $28.800 Ganancia Neta $304.692 Ganancia Neta $234.
Versión simplificada: A continuación, presentamos una tabla donde se demuestra como crecen los ahorros al pasar los años. Las categorías en que se divide la tabla son edad, inversión, intereses ganados y saldo. La tabla contrasta las ganancias en intereses por año de Laura y Alberto con una proyección de edad de jubilación de sesenta y cinco años y según la cantidad de años que mantuvieron el ahorro.

Ejemplo 2
Texto: El varias veces mencionado Yager, nos dice acertadamente sobre estos aspectos lo siguiente: La mayoría de ustedes están hambrientos de tener libertad financiera, están hastiados de tener batallas financieras porque son como un carrusel.
Versión simplificada: Yager habla acertadamente sobre estos aspectos y dice que la mayoría ambiciona tener libertad financiera y está cansada de tener batallas financieras inútiles.

Ejemplo 3
Texto: De acuerdo con esta medición, la proporción de pobres en la población mundial quienes viven con menos de un dólar por día descendió levemente entre 1987 y 1993, pues pasó del 30% al 29%.
Versión simplificada: Según esta medición, la proporción de personas pobres en la población mundial descendió un poco entre mil novecientos ochenta y siete y mil novecientos noventa y tres. Es decir, el porcentaje de personas que vivían con menos de un dólar por día pasó del treinta al veintinueve por ciento.

Ejemplo 4
Texto: - Rentabilidad
INTERÉS DE 2 PESOS SOBRE UNA INVERSIÓN DE 100 PESOS = RENTABILIDAD DE 2 % ((2 ÷ 100) × 100 = 2%) POR CADA 100 PESOS SE GANAN 2 PESOS
Endeudamiento
DEUDA DE 30 PESOS POR SOBRE EL CAPITAL DE 20 PESOS = ENDEUDAMIENTO DE 1,5 VECES EL CAPITAL (30 ÷ 20 = 1,5) POR CADA PESO DE CAPITAL EXISTE 1,5 PESOS DE DEUDA
Liquidez
80 PESOS DE DINERO DISPONIBLE POR SOBRE DEUDAS DE 40 PESOS = LIQUIDEZ DE DOS VECES EL VALOR DE LA DEUDA (80 ÷ 40 = 2) POR CADA PESO DE DEUDA SE DISPONE DE 2 PESOS PARA PAGO
Versión simplificada: EL INTERÉS DE DOS PESOS SOBRE UNA INVERSIÓN DE CIEN PESOS DA UNA RENTABILIDAD DE DOS POR CIENTO. ES DECIR, POR CADA CIEN PESOS GANAMOS DOS PESOS. LA DEUDA DE TREINTA PESOS SOBRE EL CAPITAL DE VEINTE PESOS RESULTA EN UNA DEUDA DE UNO PUNTO CINCO VECES EL CAPITAL. ES DECIR, POR CADA PESO DE CAPITAL HAY UNO PUNTO CINCO PESOS DE DEUDA. EN OCHENTA PESOS DE DINERO DISPONIBLE SOBRE DEUDAS DE CUARENTA PESOS DA UNA LIQUIDEZ DEL DOBLE DE LA DEUDA. POR CADA PESO ADEUDADO HAY DOS PESOS PARA PAGAR.

Texto: Existen varias modalidades de cheques, como lo mencionan los mismos Alonso, Brailovsky y Ortiz (1999).
Versión simplificada:",16.0294,success,,{},2703,few-shot,nancy,llama3_cfg_2,0.7,0.9,1.1,512,,,15,11,15,1,1,1,50.79267232719919,22.12006040119351,72.11272727272728,80.04,-7.927272727272722,0.7333333333333333,0,0.7528089887640449,0,0.2727272727272727,0.4666666666666667,65.57136363636366,67.23500000000001,-1.663636363636357,0.5714285714285715,0.3846153846153846,0.42857142857142855,0.8122602701187134,
exp_prompting_sample36_top4_20260505_022729,464093d2-92ed-477b-a3ca-d29af613c893,2026-05-05T02:44:12.070318,feina_repr30_test_sample36,,sample36,llama3,meta-llama/Meta-Llama-3-8B-Instruct,ollama,few-shot,R2,"[78, 1805, 3635, 5262]","{'temperature': 0.7, 'top_p': 0.9, 'repetition_penalty': 1.1, 'max_new_tokens': 512}",2732,"La mayor ventaja es la flexibilidad que le da al usuario, quien puede pagar sus saldos por completo cada mes o puede pagar en parte.",La mayor ventaja es la flexibilidad para el usuario. Quien puede pagar sus saldos completos o en parte mensualmente.,La mayor ventaja es que el usuario puede elegir cómo paga sus deudas: puede pagar todo cada mes o solo una parte.,"Reescribe en español cada texto con lenguaje más claro y sencillo.
Conserva el significado original y no inventes información.
Guía interna de simplificación: usa palabras comunes; evita tecnicismos innecesarios; reemplaza palabras difíciles por palabras simples; usa oraciones cortas; expresa una idea por oración; prefiere voz activa; divide oraciones largas.

Devuelve solo la versión final simplificada.

Ejemplo 1
Texto: A continuación una tabla donde se demuestra como crecen los ahorros al pasar los años: Edad Inversión Intereses Saldo Inversión Intereses Saldo Laura Ganados Alberto Ganados 22 $800 $80 $880 23 $800 $168 $1.232 Valor al Jubilarse $311.092 Valor al Jubilarse $263.232 Menos las contribuciones iniciales $6.400 Menos las contribuciones iniciales $28.800 Ganancia Neta $304.692 Ganancia Neta $234.
Versión simplificada: A continuación, presentamos una tabla donde se demuestra como crecen los ahorros al pasar los años. Las categorías en que se divide la tabla son edad, inversión, intereses ganados y saldo. La tabla contrasta las ganancias en intereses por año de Laura y Alberto con una proyección de edad de jubilación de sesenta y cinco años y según la cantidad de años que mantuvieron el ahorro.

Ejemplo 2
Texto: El varias veces mencionado Yager, nos dice acertadamente sobre estos aspectos lo siguiente: La mayoría de ustedes están hambrientos de tener libertad financiera, están hastiados de tener batallas financieras porque son como un carrusel.
Versión simplificada: Yager habla acertadamente sobre estos aspectos y dice que la mayoría ambiciona tener libertad financiera y está cansada de tener batallas financieras inútiles.

Ejemplo 3
Texto: De acuerdo con esta medición, la proporción de pobres en la población mundial quienes viven con menos de un dólar por día descendió levemente entre 1987 y 1993, pues pasó del 30% al 29%.
Versión simplificada: Según esta medición, la proporción de personas pobres en la población mundial descendió un poco entre mil novecientos ochenta y siete y mil novecientos noventa y tres. Es decir, el porcentaje de personas que vivían con menos de un dólar por día pasó del treinta al veintinueve por ciento.

Ejemplo 4
Texto: - Rentabilidad
INTERÉS DE 2 PESOS SOBRE UNA INVERSIÓN DE 100 PESOS = RENTABILIDAD DE 2 % ((2 ÷ 100) × 100 = 2%) POR CADA 100 PESOS SE GANAN 2 PESOS
Endeudamiento
DEUDA DE 30 PESOS POR SOBRE EL CAPITAL DE 20 PESOS = ENDEUDAMIENTO DE 1,5 VECES EL CAPITAL (30 ÷ 20 = 1,5) POR CADA PESO DE CAPITAL EXISTE 1,5 PESOS DE DEUDA
Liquidez
80 PESOS DE DINERO DISPONIBLE POR SOBRE DEUDAS DE 40 PESOS = LIQUIDEZ DE DOS VECES EL VALOR DE LA DEUDA (80 ÷ 40 = 2) POR CADA PESO DE DEUDA SE DISPONE DE 2 PESOS PARA PAGO
Versión simplificada: EL INTERÉS DE DOS PESOS SOBRE UNA INVERSIÓN DE CIEN PESOS DA UNA RENTABILIDAD DE DOS POR CIENTO. ES DECIR, POR CADA CIEN PESOS GANAMOS DOS PESOS. LA DEUDA DE TREINTA PESOS SOBRE EL CAPITAL DE VEINTE PESOS RESULTA EN UNA DEUDA DE UNO PUNTO CINCO VECES EL CAPITAL. ES DECIR, POR CADA PESO DE CAPITAL HAY UNO PUNTO CINCO PESOS DE DEUDA. EN OCHENTA PESOS DE DINERO DISPONIBLE SOBRE DEUDAS DE CUARENTA PESOS DA UNA LIQUIDEZ DEL DOBLE DE LA DEUDA. POR CADA PESO ADEUDADO HAY DOS PESOS PARA PAGAR.

Texto: La mayor ventaja es la flexibilidad que le da al usuario, quien puede pagar sus saldos por completo cada mes o puede pagar en parte.
Versión simplificada:",17.9071,success,,{},2732,few-shot,nancy,llama3_cfg_2,0.7,0.9,1.1,512,,,25,22,19,1,1,2,43.75569098787067,14.728212724124628,93.11272727272728,99.56,-6.447272727272718,0.88,0,0.6040816326530613,0,0.36363636363636365,0.44,71.56227272727274,74.67900000000002,-3.1167272727272746,0.5238095238095238,0.25,0.47619047619047616,0.8172060251235962,
exp_prompting_sample36_top4_20260505_022729,9042768c-749f-4071-a365-374fb63498f7,2026-05-05T02:44:30.207616,feina_repr30_test_sample36,,sample36,llama3,meta-llama/Meta-Llama-3-8B-Instruct,ollama,few-shot,R2,"[78, 1805, 3635, 5262]","{'temperature': 0.7, 'top_p': 0.9, 'repetition_penalty': 1.1, 'max_new_tokens': 512}",2947,"El dinero que inviertes inicialmente se denomina ""capital"".",El capital es el dinero invertido inicialmente.,El capital es el dinero que inviertes al principio.,"Reescribe en español cada texto con lenguaje más claro y sencillo.
Conserva el significado original y no inventes información.
Guía interna de simplificación: usa palabras comunes; evita tecnicismos innecesarios; reemplaza palabras difíciles por palabras simples; usa oraciones cortas; expresa una idea por oración; prefiere voz activa; divide oraciones largas.

Devuelve solo la versión final simplificada.

Ejemplo 1
Texto: A continuación una tabla donde se demuestra como crecen los ahorros al pasar los años: Edad Inversión Intereses Saldo Inversión Intereses Saldo Laura Ganados Alberto Ganados 22 $800 $80 $880 23 $800 $168 $1.232 Valor al Jubilarse $311.092 Valor al Jubilarse $263.232 Menos las contribuciones iniciales $6.400 Menos las contribuciones iniciales $28.800 Ganancia Neta $304.692 Ganancia Neta $234.
Versión simplificada: A continuación, presentamos una tabla donde se demuestra como crecen los ahorros al pasar los años. Las categorías en que se divide la tabla son edad, inversión, intereses ganados y saldo. La tabla contrasta las ganancias en intereses por año de Laura y Alberto con una proyección de edad de jubilación de sesenta y cinco años y según la cantidad de años que mantuvieron el ahorro.

Ejemplo 2
Texto: El varias veces mencionado Yager, nos dice acertadamente sobre estos aspectos lo siguiente: La mayoría de ustedes están hambrientos de tener libertad financiera, están hastiados de tener batallas financieras porque son como un carrusel.
Versión simplificada: Yager habla acertadamente sobre estos aspectos y dice que la mayoría ambiciona tener libertad financiera y está cansada de tener batallas financieras inútiles.

Ejemplo 3
Texto: De acuerdo con esta medición, la proporción de pobres en la población mundial quienes viven con menos de un dólar por día descendió levemente entre 1987 y 1993, pues pasó del 30% al 29%.
Versión simplificada: Según esta medición, la proporción de personas pobres en la población mundial descendió un poco entre mil novecientos ochenta y siete y mil novecientos noventa y tres. Es decir, el porcentaje de personas que vivían con menos de un dólar por día pasó del treinta al veintinueve por ciento.

Ejemplo 4
Texto: - Rentabilidad
INTERÉS DE 2 PESOS SOBRE UNA INVERSIÓN DE 100 PESOS = RENTABILIDAD DE 2 % ((2 ÷ 100) × 100 = 2%) POR CADA 100 PESOS SE GANAN 2 PESOS
Endeudamiento
DEUDA DE 30 PESOS POR SOBRE EL CAPITAL DE 20 PESOS = ENDEUDAMIENTO DE 1,5 VECES EL CAPITAL (30 ÷ 20 = 1,5) POR CADA PESO DE CAPITAL EXISTE 1,5 PESOS DE DEUDA
Liquidez
80 PESOS DE DINERO DISPONIBLE POR SOBRE DEUDAS DE 40 PESOS = LIQUIDEZ DE DOS VECES EL VALOR DE LA DEUDA (80 ÷ 40 = 2) POR CADA PESO DE DEUDA SE DISPONE DE 2 PESOS PARA PAGO
Versión simplificada: EL INTERÉS DE DOS PESOS SOBRE UNA INVERSIÓN DE CIEN PESOS DA UNA RENTABILIDAD DE DOS POR CIENTO. ES DECIR, POR CADA CIEN PESOS GANAMOS DOS PESOS. LA DEUDA DE TREINTA PESOS SOBRE EL CAPITAL DE VEINTE PESOS RESULTA EN UNA DEUDA DE UNO PUNTO CINCO VECES EL CAPITAL. ES DECIR, POR CADA PESO DE CAPITAL HAY UNO PUNTO CINCO PESOS DE DEUDA. EN OCHENTA PESOS DE DINERO DISPONIBLE SOBRE DEUDAS DE CUARENTA PESOS DA UNA LIQUIDEZ DEL DOBLE DE LA DEUDA. POR CADA PESO ADEUDADO HAY DOS PESOS PARA PAGAR.

Texto: El dinero que inviertes inicialmente se denomina ""capital"".
Versión simplificada:",14.6835,success,,{},2947,few-shot,nancy,llama3_cfg_2,0.7,0.9,1.1,512,,,8,9,7,1,1,1,53.345959595959606,41.11336169005198,82.17333333333335,36.59,45.58333333333334,1.125,0,0.5636363636363636,0,0.4444444444444444,0.375,80.15722222222225,35.297500000000014,44.85972222222223,0.6250000000000001,0.5714285714285715,0.6250000000000001,0.8973148465156555,
exp_prompting_sample36_top4_20260505_022729,9af0f861-23c7-4b83-b283-1498e5753f94,2026-05-05T02:44:45.121973,feina_repr30_test_sample36,,sample36,llama3,meta-llama/Meta-Llama-3-8B-Instruct,ollama,few-shot,R2,"[78, 1805, 3635, 5262]","{'temperature': 0.7, 'top_p': 0.9, 'repetition_penalty': 1.1, 'max_new_tokens': 512}",3320,"Existen modelos cuantitativos que permiten determinar de manera técnica el valor de la tasa de descuento como el CAPM1 y el WACC2 (Bell, 2016), los cuales no se incluyen en el presente documento; no obstante, la determinación subjetiva de la tasa de descuento exigida por el accionista puede utilizarse ante la falta de información de los mencionados modelos.","Hay modelos cuantitativos para determinar técnicamente el valor de la tasa de descuento, pero no se incluyen en este documento. Sin embargo, la determinación subjetiva de la tasa de descuento exigida por el accionista se puede utilizar ante la falta de información de esos modelos.","Hay modelos matemáticos que permiten calcular el valor de la tasa de descuento, como CAPM y WACC. Sin embargo, si no hay información sobre estos modelos, se puede utilizar una estimación subjetiva para determinar la tasa de descuento que los accionistas esperan.","Reescribe en español cada texto con lenguaje más claro y sencillo.
Conserva el significado original y no inventes información.
Guía interna de simplificación: usa palabras comunes; evita tecnicismos innecesarios; reemplaza palabras difíciles por palabras simples; usa oraciones cortas; expresa una idea por oración; prefiere voz activa; divide oraciones largas.

Devuelve solo la versión final simplificada.

Ejemplo 1
Texto: A continuación una tabla donde se demuestra como crecen los ahorros al pasar los años: Edad Inversión Intereses Saldo Inversión Intereses Saldo Laura Ganados Alberto Ganados 22 $800 $80 $880 23 $800 $168 $1.232 Valor al Jubilarse $311.092 Valor al Jubilarse $263.232 Menos las contribuciones iniciales $6.400 Menos las contribuciones iniciales $28.800 Ganancia Neta $304.692 Ganancia Neta $234.
Versión simplificada: A continuación, presentamos una tabla donde se demuestra como crecen los ahorros al pasar los años. Las categorías en que se divide la tabla son edad, inversión, intereses ganados y saldo. La tabla contrasta las ganancias en intereses por año de Laura y Alberto con una proyección de edad de jubilación de sesenta y cinco años y según la cantidad de años que mantuvieron el ahorro.

Ejemplo 2
Texto: El varias veces mencionado Yager, nos dice acertadamente sobre estos aspectos lo siguiente: La mayoría de ustedes están hambrientos de tener libertad financiera, están hastiados de tener batallas financieras porque son como un carrusel.
Versión simplificada: Yager habla acertadamente sobre estos aspectos y dice que la mayoría ambiciona tener libertad financiera y está cansada de tener batallas financieras inútiles.

Ejemplo 3
Texto: De acuerdo con esta medición, la proporción de pobres en la población mundial quienes viven con menos de un dólar por día descendió levemente entre 1987 y 1993, pues pasó del 30% al 29%.
Versión simplificada: Según esta medición, la proporción de personas pobres en la población mundial descendió un poco entre mil novecientos ochenta y siete y mil novecientos noventa y tres. Es decir, el porcentaje de personas que vivían con menos de un dólar por día pasó del treinta al veintinueve por ciento.

Ejemplo 4
Texto: - Rentabilidad
INTERÉS DE 2 PESOS SOBRE UNA INVERSIÓN DE 100 PESOS = RENTABILIDAD DE 2 % ((2 ÷ 100) × 100 = 2%) POR CADA 100 PESOS SE GANAN 2 PESOS
Endeudamiento
DEUDA DE 30 PESOS POR SOBRE EL CAPITAL DE 20 PESOS = ENDEUDAMIENTO DE 1,5 VECES EL CAPITAL (30 ÷ 20 = 1,5) POR CADA PESO DE CAPITAL EXISTE 1,5 PESOS DE DEUDA
Liquidez
80 PESOS DE DINERO DISPONIBLE POR SOBRE DEUDAS DE 40 PESOS = LIQUIDEZ DE DOS VECES EL VALOR DE LA DEUDA (80 ÷ 40 = 2) POR CADA PESO DE DEUDA SE DISPONE DE 2 PESOS PARA PAGO
Versión simplificada: EL INTERÉS DE DOS PESOS SOBRE UNA INVERSIÓN DE CIEN PESOS DA UNA RENTABILIDAD DE DOS POR CIENTO. ES DECIR, POR CADA CIEN PESOS GANAMOS DOS PESOS. LA DEUDA DE TREINTA PESOS SOBRE EL CAPITAL DE VEINTE PESOS RESULTA EN UNA DEUDA DE UNO PUNTO CINCO VECES EL CAPITAL. ES DECIR, POR CADA PESO DE CAPITAL HAY UNO PUNTO CINCO PESOS DE DEUDA. EN OCHENTA PESOS DE DINERO DISPONIBLE SOBRE DEUDAS DE CUARENTA PESOS DA UNA LIQUIDEZ DEL DOBLE DE LA DEUDA. POR CADA PESO ADEUDADO HAY DOS PESOS PARA PAGAR.

Texto: Existen modelos cuantitativos que permiten determinar de manera técnica el valor de la tasa de descuento como el CAPM1 y el WACC2 (Bell, 2016), los cuales no se incluyen en el presente documento; no obstante, la determinación subjetiva de la tasa de descuento exigida por el accionista puede utilizarse ante la falta de información de los mencionados modelos.
Versión simplificada:",25.5325,success,,{},3320,few-shot,nancy,llama3_cfg_2,0.7,0.9,1.1,512,,,58,42,45,1,2,2,50.67473119205778,29.151679678724562,74.84,80.94344827586207,-6.103448275862064,0.7241379310344828,1,0.10950080515297907,0,0.42857142857142855,0.5862068965517241,53.81833333333336,19.938448275862072,33.879885057471284,0.5591397849462364,0.3516483516483517,0.3655913978494624,0.850313663482666,
exp_prompting_sample36_top4_20260505_022729,f555b139-79fa-43fb-ae3e-2e155e269526,2026-05-05T02:45:10.873443,feina_repr30_test_sample36,,sample36,llama3,meta-llama/Meta-Llama-3-8B-Instruct,ollama,few-shot,R2,"[78, 1805, 3635, 5262]","{'temperature': 0.7, 'top_p': 0.9, 'repetition_penalty': 1.1, 'max_new_tokens': 512}",3396,"Particularmente, se observa que el escenario 3 es el único que presenta una situación que no sea rentable.",El escenario tres es el único que presenta una situación no rentable.,La situación número tres no es rentable.,"Reescribe en español cada texto con lenguaje más claro y sencillo.
Conserva el significado original y no inventes información.
Guía interna de simplificación: usa palabras comunes; evita tecnicismos innecesarios; reemplaza palabras difíciles por palabras simples; usa oraciones cortas; expresa una idea por oración; prefiere voz activa; divide oraciones largas.

Devuelve solo la versión final simplificada.

Ejemplo 1
Texto: A continuación una tabla donde se demuestra como crecen los ahorros al pasar los años: Edad Inversión Intereses Saldo Inversión Intereses Saldo Laura Ganados Alberto Ganados 22 $800 $80 $880 23 $800 $168 $1.232 Valor al Jubilarse $311.092 Valor al Jubilarse $263.232 Menos las contribuciones iniciales $6.400 Menos las contribuciones iniciales $28.800 Ganancia Neta $304.692 Ganancia Neta $234.
Versión simplificada: A continuación, presentamos una tabla donde se demuestra como crecen los ahorros al pasar los años. Las categorías en que se divide la tabla son edad, inversión, intereses ganados y saldo. La tabla contrasta las ganancias en intereses por año de Laura y Alberto con una proyección de edad de jubilación de sesenta y cinco años y según la cantidad de años que mantuvieron el ahorro.

Ejemplo 2
Texto: El varias veces mencionado Yager, nos dice acertadamente sobre estos aspectos lo siguiente: La mayoría de ustedes están hambrientos de tener libertad financiera, están hastiados de tener batallas financieras porque son como un carrusel.
Versión simplificada: Yager habla acertadamente sobre estos aspectos y dice que la mayoría ambiciona tener libertad financiera y está cansada de tener batallas financieras inútiles.

Ejemplo 3
Texto: De acuerdo con esta medición, la proporción de pobres en la población mundial quienes viven con menos de un dólar por día descendió levemente entre 1987 y 1993, pues pasó del 30% al 29%.
Versión simplificada: Según esta medición, la proporción de personas pobres en la población mundial descendió un poco entre mil novecientos ochenta y siete y mil novecientos noventa y tres. Es decir, el porcentaje de personas que vivían con menos de un dólar por día pasó del treinta al veintinueve por ciento.

Ejemplo 4
Texto: - Rentabilidad
INTERÉS DE 2 PESOS SOBRE UNA INVERSIÓN DE 100 PESOS = RENTABILIDAD DE 2 % ((2 ÷ 100) × 100 = 2%) POR CADA 100 PESOS SE GANAN 2 PESOS
Endeudamiento
DEUDA DE 30 PESOS POR SOBRE EL CAPITAL DE 20 PESOS = ENDEUDAMIENTO DE 1,5 VECES EL CAPITAL (30 ÷ 20 = 1,5) POR CADA PESO DE CAPITAL EXISTE 1,5 PESOS DE DEUDA
Liquidez
80 PESOS DE DINERO DISPONIBLE POR SOBRE DEUDAS DE 40 PESOS = LIQUIDEZ DE DOS VECES EL VALOR DE LA DEUDA (80 ÷ 40 = 2) POR CADA PESO DE DEUDA SE DISPONE DE 2 PESOS PARA PAGO
Versión simplificada: EL INTERÉS DE DOS PESOS SOBRE UNA INVERSIÓN DE CIEN PESOS DA UNA RENTABILIDAD DE DOS POR CIENTO. ES DECIR, POR CADA CIEN PESOS GANAMOS DOS PESOS. LA DEUDA DE TREINTA PESOS SOBRE EL CAPITAL DE VEINTE PESOS RESULTA EN UNA DEUDA DE UNO PUNTO CINCO VECES EL CAPITAL. ES DECIR, POR CADA PESO DE CAPITAL HAY UNO PUNTO CINCO PESOS DE DEUDA. EN OCHENTA PESOS DE DINERO DISPONIBLE SOBRE DEUDAS DE CUARENTA PESOS DA UNA LIQUIDEZ DEL DOBLE DE LA DEUDA. POR CADA PESO ADEUDADO HAY DOS PESOS PARA PAGAR.

Texto: Particularmente, se observa que el escenario 3 es el único que presenta una situación que no sea rentable.
Versión simplificada:",14.2738,success,,{},3396,few-shot,nancy,llama3_cfg_2,0.7,0.9,1.1,512,,,18,7,12,1,1,1,37.25088936661756,7.780436171361459,80.84,81.17333333333333,-0.3333333333333286,0.3888888888888889,0,0.3835616438356164,0,0.42857142857142855,0.7777777777777778,84.135,64.23500000000001,19.89999999999999,0.5454545454545455,0.1,0.3636363636363637,0.8372184038162231,
exp_prompting_sample36_top4_20260505_022729,b85322a8-488e-4cde-9698-f90e36a76337,2026-05-05T02:45:25.375704,feina_repr30_test_sample36,,sample36,llama3,meta-llama/Meta-Llama-3-8B-Instruct,ollama,few-shot,R2,"[78, 1805, 3635, 5262]","{'temperature': 0.7, 'top_p': 0.9, 'repetition_penalty': 1.1, 'max_new_tokens': 512}",3404,"Obtenga el rendimiento de un bono de $10,000 que paga el 6.",Saque el rendimiento de un bono de diez mil dólares que paga el seis.,"El rendimiento anual de un bono de $10,000 que paga el 6% es de $600.","Reescribe en español cada texto con lenguaje más claro y sencillo.
Conserva el significado original y no inventes información.
Guía interna de simplificación: usa palabras comunes; evita tecnicismos innecesarios; reemplaza palabras difíciles por palabras simples; usa oraciones cortas; expresa una idea por oración; prefiere voz activa; divide oraciones largas.

Devuelve solo la versión final simplificada.

Ejemplo 1
Texto: A continuación una tabla donde se demuestra como crecen los ahorros al pasar los años: Edad Inversión Intereses Saldo Inversión Intereses Saldo Laura Ganados Alberto Ganados 22 $800 $80 $880 23 $800 $168 $1.232 Valor al Jubilarse $311.092 Valor al Jubilarse $263.232 Menos las contribuciones iniciales $6.400 Menos las contribuciones iniciales $28.800 Ganancia Neta $304.692 Ganancia Neta $234.
Versión simplificada: A continuación, presentamos una tabla donde se demuestra como crecen los ahorros al pasar los años. Las categorías en que se divide la tabla son edad, inversión, intereses ganados y saldo. La tabla contrasta las ganancias en intereses por año de Laura y Alberto con una proyección de edad de jubilación de sesenta y cinco años y según la cantidad de años que mantuvieron el ahorro.

Ejemplo 2
Texto: El varias veces mencionado Yager, nos dice acertadamente sobre estos aspectos lo siguiente: La mayoría de ustedes están hambrientos de tener libertad financiera, están hastiados de tener batallas financieras porque son como un carrusel.
Versión simplificada: Yager habla acertadamente sobre estos aspectos y dice que la mayoría ambiciona tener libertad financiera y está cansada de tener batallas financieras inútiles.

Ejemplo 3
Texto: De acuerdo con esta medición, la proporción de pobres en la población mundial quienes viven con menos de un dólar por día descendió levemente entre 1987 y 1993, pues pasó del 30% al 29%.
Versión simplificada: Según esta medición, la proporción de personas pobres en la población mundial descendió un poco entre mil novecientos ochenta y siete y mil novecientos noventa y tres. Es decir, el porcentaje de personas que vivían con menos de un dólar por día pasó del treinta al veintinueve por ciento.

Ejemplo 4
Texto: - Rentabilidad
INTERÉS DE 2 PESOS SOBRE UNA INVERSIÓN DE 100 PESOS = RENTABILIDAD DE 2 % ((2 ÷ 100) × 100 = 2%) POR CADA 100 PESOS SE GANAN 2 PESOS
Endeudamiento
DEUDA DE 30 PESOS POR SOBRE EL CAPITAL DE 20 PESOS = ENDEUDAMIENTO DE 1,5 VECES EL CAPITAL (30 ÷ 20 = 1,5) POR CADA PESO DE CAPITAL EXISTE 1,5 PESOS DE DEUDA
Liquidez
80 PESOS DE DINERO DISPONIBLE POR SOBRE DEUDAS DE 40 PESOS = LIQUIDEZ DE DOS VECES EL VALOR DE LA DEUDA (80 ÷ 40 = 2) POR CADA PESO DE DEUDA SE DISPONE DE 2 PESOS PARA PAGO
Versión simplificada: EL INTERÉS DE DOS PESOS SOBRE UNA INVERSIÓN DE CIEN PESOS DA UNA RENTABILIDAD DE DOS POR CIENTO. ES DECIR, POR CADA CIEN PESOS GANAMOS DOS PESOS. LA DEUDA DE TREINTA PESOS SOBRE EL CAPITAL DE VEINTE PESOS RESULTA EN UNA DEUDA DE UNO PUNTO CINCO VECES EL CAPITAL. ES DECIR, POR CADA PESO DE CAPITAL HAY UNO PUNTO CINCO PESOS DE DEUDA. EN OCHENTA PESOS DE DINERO DISPONIBLE SOBRE DEUDAS DE CUARENTA PESOS DA UNA LIQUIDEZ DEL DOBLE DE LA DEUDA. POR CADA PESO ADEUDADO HAY DOS PESOS PARA PAGAR.

Texto: Obtenga el rendimiento de un bono de $10,000 que paga el 6.
Versión simplificada:",17.5568,success,,{},3404,few-shot,nancy,llama3_cfg_2,0.7,0.9,1.1,512,,,13,16,14,1,1,1,31.486668110709036,19.51797195341104,132.965,120.53230769230768,12.43269230769232,1.2307692307692308,0,0.78125,0,0.25,0.07692307692307693,120.7475,112.36576923076925,8.381730769230757,0.5806451612903225,0.4137931034482759,0.5806451612903225,0.8093894720077515,
exp_prompting_sample36_top4_20260505_022729,8908246b-3dc2-4404-83d2-7772886baec8,2026-05-05T02:45:43.170127,feina_repr30_test_sample36,,sample36,llama3,meta-llama/Meta-Llama-3-8B-Instruct,ollama,few-shot,R2,"[78, 1805, 3635, 5262]","{'temperature': 0.7, 'top_p': 0.9, 'repetition_penalty': 1.1, 'max_new_tokens': 512}",3570,"De partida, el tema concierne a todos los individuos y durante toda la vida, pues las finanzas explican la procedencia y uso de los ingresos y recursos que se disponen para satisfacer las necesidades particulares de todas y todos.",El tema interesa a todas las personas. Porque las finanzas explican el origen y uso de los ingresos disponibles para satisfacer las necesidades de todos.,Las finanzas son importantes para todos en diferentes etapas de la vida. Se refiere a cómo se gasta el dinero y se obtienen los recursos para cubrir nuestras necesidades personales.,"Reescribe en español cada texto con lenguaje más claro y sencillo.
Conserva el significado original y no inventes información.
Guía interna de simplificación: usa palabras comunes; evita tecnicismos innecesarios; reemplaza palabras difíciles por palabras simples; usa oraciones cortas; expresa una idea por oración; prefiere voz activa; divide oraciones largas.

Devuelve solo la versión final simplificada.

Ejemplo 1
Texto: A continuación una tabla donde se demuestra como crecen los ahorros al pasar los años: Edad Inversión Intereses Saldo Inversión Intereses Saldo Laura Ganados Alberto Ganados 22 $800 $80 $880 23 $800 $168 $1.232 Valor al Jubilarse $311.092 Valor al Jubilarse $263.232 Menos las contribuciones iniciales $6.400 Menos las contribuciones iniciales $28.800 Ganancia Neta $304.692 Ganancia Neta $234.
Versión simplificada: A continuación, presentamos una tabla donde se demuestra como crecen los ahorros al pasar los años. Las categorías en que se divide la tabla son edad, inversión, intereses ganados y saldo. La tabla contrasta las ganancias en intereses por año de Laura y Alberto con una proyección de edad de jubilación de sesenta y cinco años y según la cantidad de años que mantuvieron el ahorro.

Ejemplo 2
Texto: El varias veces mencionado Yager, nos dice acertadamente sobre estos aspectos lo siguiente: La mayoría de ustedes están hambrientos de tener libertad financiera, están hastiados de tener batallas financieras porque son como un carrusel.
Versión simplificada: Yager habla acertadamente sobre estos aspectos y dice que la mayoría ambiciona tener libertad financiera y está cansada de tener batallas financieras inútiles.

Ejemplo 3
Texto: De acuerdo con esta medición, la proporción de pobres en la población mundial quienes viven con menos de un dólar por día descendió levemente entre 1987 y 1993, pues pasó del 30% al 29%.
Versión simplificada: Según esta medición, la proporción de personas pobres en la población mundial descendió un poco entre mil novecientos ochenta y siete y mil novecientos noventa y tres. Es decir, el porcentaje de personas que vivían con menos de un dólar por día pasó del treinta al veintinueve por ciento.

Ejemplo 4
Texto: - Rentabilidad
INTERÉS DE 2 PESOS SOBRE UNA INVERSIÓN DE 100 PESOS = RENTABILIDAD DE 2 % ((2 ÷ 100) × 100 = 2%) POR CADA 100 PESOS SE GANAN 2 PESOS
Endeudamiento
DEUDA DE 30 PESOS POR SOBRE EL CAPITAL DE 20 PESOS = ENDEUDAMIENTO DE 1,5 VECES EL CAPITAL (30 ÷ 20 = 1,5) POR CADA PESO DE CAPITAL EXISTE 1,5 PESOS DE DEUDA
Liquidez
80 PESOS DE DINERO DISPONIBLE POR SOBRE DEUDAS DE 40 PESOS = LIQUIDEZ DE DOS VECES EL VALOR DE LA DEUDA (80 ÷ 40 = 2) POR CADA PESO DE DEUDA SE DISPONE DE 2 PESOS PARA PAGO
Versión simplificada: EL INTERÉS DE DOS PESOS SOBRE UNA INVERSIÓN DE CIEN PESOS DA UNA RENTABILIDAD DE DOS POR CIENTO. ES DECIR, POR CADA CIEN PESOS GANAMOS DOS PESOS. LA DEUDA DE TREINTA PESOS SOBRE EL CAPITAL DE VEINTE PESOS RESULTA EN UNA DEUDA DE UNO PUNTO CINCO VECES EL CAPITAL. ES DECIR, POR CADA PESO DE CAPITAL HAY UNO PUNTO CINCO PESOS DE DEUDA. EN OCHENTA PESOS DE DINERO DISPONIBLE SOBRE DEUDAS DE CUARENTA PESOS DA UNA LIQUIDEZ DEL DOBLE DE LA DEUDA. POR CADA PESO ADEUDADO HAY DOS PESOS PARA PAGAR.

Texto: De partida, el tema concierne a todos los individuos y durante toda la vida, pues las finanzas explican la procedencia y uso de los ingresos y recursos que se disponen para satisfacer las necesidades particulares de todas y todos.
Versión simplificada:",21.0458,success,,{},3570,few-shot,nancy,llama3_cfg_2,0.7,0.9,1.1,512,,,39,30,25,1,2,2,35.67003005366177,2.1124938174930294,74.04,81.14769230769232,-7.107692307692318,0.7692307692307693,1,0.34549878345498786,0,0.5333333333333333,0.6410256410256411,61.004999999999995,40.04012820512823,20.96487179487177,0.3571428571428571,0.037037037037037035,0.25,0.7897558808326721,
exp_prompting_sample36_top4_20260505_022729,d9bb9476-7e85-4d8d-9618-b6192926722e,2026-05-05T02:46:04.440877,feina_repr30_test_sample36,,sample36,llama3,meta-llama/Meta-Llama-3-8B-Instruct,ollama,few-shot,R2,"[78, 1805, 3635, 5262]","{'temperature': 0.7, 'top_p': 0.9, 'repetition_penalty': 1.1, 'max_new_tokens': 512}",3653,¿Qué función cumplen las empresas en la sociedad?,¿Qué función tienen las empresas en la sociedad?,"Las empresas tienen una función importante en la sociedad. Ellas crean empleos, producen bienes y servicios que mejoran la calidad de vida de las personas, y contribuyen al desarrollo económico y social del país.","Reescribe en español cada texto con lenguaje más claro y sencillo.
Conserva el significado original y no inventes información.
Guía interna de simplificación: usa palabras comunes; evita tecnicismos innecesarios; reemplaza palabras difíciles por palabras simples; usa oraciones cortas; expresa una idea por oración; prefiere voz activa; divide oraciones largas.

Devuelve solo la versión final simplificada.

Ejemplo 1
Texto: A continuación una tabla donde se demuestra como crecen los ahorros al pasar los años: Edad Inversión Intereses Saldo Inversión Intereses Saldo Laura Ganados Alberto Ganados 22 $800 $80 $880 23 $800 $168 $1.232 Valor al Jubilarse $311.092 Valor al Jubilarse $263.232 Menos las contribuciones iniciales $6.400 Menos las contribuciones iniciales $28.800 Ganancia Neta $304.692 Ganancia Neta $234.
Versión simplificada: A continuación, presentamos una tabla donde se demuestra como crecen los ahorros al pasar los años. Las categorías en que se divide la tabla son edad, inversión, intereses ganados y saldo. La tabla contrasta las ganancias en intereses por año de Laura y Alberto con una proyección de edad de jubilación de sesenta y cinco años y según la cantidad de años que mantuvieron el ahorro.

Ejemplo 2
Texto: El varias veces mencionado Yager, nos dice acertadamente sobre estos aspectos lo siguiente: La mayoría de ustedes están hambrientos de tener libertad financiera, están hastiados de tener batallas financieras porque son como un carrusel.
Versión simplificada: Yager habla acertadamente sobre estos aspectos y dice que la mayoría ambiciona tener libertad financiera y está cansada de tener batallas financieras inútiles.

Ejemplo 3
Texto: De acuerdo con esta medición, la proporción de pobres en la población mundial quienes viven con menos de un dólar por día descendió levemente entre 1987 y 1993, pues pasó del 30% al 29%.
Versión simplificada: Según esta medición, la proporción de personas pobres en la población mundial descendió un poco entre mil novecientos ochenta y siete y mil novecientos noventa y tres. Es decir, el porcentaje de personas que vivían con menos de un dólar por día pasó del treinta al veintinueve por ciento.

Ejemplo 4
Texto: - Rentabilidad
INTERÉS DE 2 PESOS SOBRE UNA INVERSIÓN DE 100 PESOS = RENTABILIDAD DE 2 % ((2 ÷ 100) × 100 = 2%) POR CADA 100 PESOS SE GANAN 2 PESOS
Endeudamiento
DEUDA DE 30 PESOS POR SOBRE EL CAPITAL DE 20 PESOS = ENDEUDAMIENTO DE 1,5 VECES EL CAPITAL (30 ÷ 20 = 1,5) POR CADA PESO DE CAPITAL EXISTE 1,5 PESOS DE DEUDA
Liquidez
80 PESOS DE DINERO DISPONIBLE POR SOBRE DEUDAS DE 40 PESOS = LIQUIDEZ DE DOS VECES EL VALOR DE LA DEUDA (80 ÷ 40 = 2) POR CADA PESO DE DEUDA SE DISPONE DE 2 PESOS PARA PAGO
Versión simplificada: EL INTERÉS DE DOS PESOS SOBRE UNA INVERSIÓN DE CIEN PESOS DA UNA RENTABILIDAD DE DOS POR CIENTO. ES DECIR, POR CADA CIEN PESOS GANAMOS DOS PESOS. LA DEUDA DE TREINTA PESOS SOBRE EL CAPITAL DE VEINTE PESOS RESULTA EN UNA DEUDA DE UNO PUNTO CINCO VECES EL CAPITAL. ES DECIR, POR CADA PESO DE CAPITAL HAY UNO PUNTO CINCO PESOS DE DEUDA. EN OCHENTA PESOS DE DINERO DISPONIBLE SOBRE DEUDAS DE CUARENTA PESOS DA UNA LIQUIDEZ DEL DOBLE DE LA DEUDA. POR CADA PESO ADEUDADO HAY DOS PESOS PARA PAGAR.

Texto: ¿Qué función cumplen las empresas en la sociedad?
Versión simplificada:",21.4069,success,,{},3653,few-shot,nancy,llama3_cfg_2,0.7,0.9,1.1,512,,,8,34,8,1,2,1,36.71245421245421,4.45846686713744,79.07529411764708,89.09,-10.014705882352928,4.25,1,0.06896551724137931,0,0.8235294117647058,0.25,63.40264705882355,89.81000000000002,-26.40735294117647,0.34782608695652173,0.1818181818181818,0.2173913043478261,0.7122074365615845,
exp_prompting_sample36_top4_20260505_022729,3c16e673-b3f4-4747-99e2-853e37e26088,2026-05-05T02:46:26.075058,feina_repr30_test_sample36,,sample36,llama3,meta-llama/Meta-Llama-3-8B-Instruct,ollama,few-shot,R2,"[78, 1805, 3635, 5262]","{'temperature': 0.7, 'top_p': 0.9, 'repetition_penalty': 1.1, 'max_new_tokens': 512}",3712,Estos principios están diseñados para promover que las firmas de servicios financieros y las organizaciones de consumidores hagan más para educar a los ciudadanos en esta área.,Estos principios están diseñados para promover que las empresas de servicios financieros y las organizaciones de consumidores hagan más para educar a los ciudadanos en esta área.,Estos principios buscan impulsar la educación financiera entre los ciudadanos.,"Reescribe en español cada texto con lenguaje más claro y sencillo.
Conserva el significado original y no inventes información.
Guía interna de simplificación: usa palabras comunes; evita tecnicismos innecesarios; reemplaza palabras difíciles por palabras simples; usa oraciones cortas; expresa una idea por oración; prefiere voz activa; divide oraciones largas.

Devuelve solo la versión final simplificada.

Ejemplo 1
Texto: A continuación una tabla donde se demuestra como crecen los ahorros al pasar los años: Edad Inversión Intereses Saldo Inversión Intereses Saldo Laura Ganados Alberto Ganados 22 $800 $80 $880 23 $800 $168 $1.232 Valor al Jubilarse $311.092 Valor al Jubilarse $263.232 Menos las contribuciones iniciales $6.400 Menos las contribuciones iniciales $28.800 Ganancia Neta $304.692 Ganancia Neta $234.
Versión simplificada: A continuación, presentamos una tabla donde se demuestra como crecen los ahorros al pasar los años. Las categorías en que se divide la tabla son edad, inversión, intereses ganados y saldo. La tabla contrasta las ganancias en intereses por año de Laura y Alberto con una proyección de edad de jubilación de sesenta y cinco años y según la cantidad de años que mantuvieron el ahorro.

Ejemplo 2
Texto: El varias veces mencionado Yager, nos dice acertadamente sobre estos aspectos lo siguiente: La mayoría de ustedes están hambrientos de tener libertad financiera, están hastiados de tener batallas financieras porque son como un carrusel.
Versión simplificada: Yager habla acertadamente sobre estos aspectos y dice que la mayoría ambiciona tener libertad financiera y está cansada de tener batallas financieras inútiles.

Ejemplo 3
Texto: De acuerdo con esta medición, la proporción de pobres en la población mundial quienes viven con menos de un dólar por día descendió levemente entre 1987 y 1993, pues pasó del 30% al 29%.
Versión simplificada: Según esta medición, la proporción de personas pobres en la población mundial descendió un poco entre mil novecientos ochenta y siete y mil novecientos noventa y tres. Es decir, el porcentaje de personas que vivían con menos de un dólar por día pasó del treinta al veintinueve por ciento.

Ejemplo 4
Texto: - Rentabilidad
INTERÉS DE 2 PESOS SOBRE UNA INVERSIÓN DE 100 PESOS = RENTABILIDAD DE 2 % ((2 ÷ 100) × 100 = 2%) POR CADA 100 PESOS SE GANAN 2 PESOS
Endeudamiento
DEUDA DE 30 PESOS POR SOBRE EL CAPITAL DE 20 PESOS = ENDEUDAMIENTO DE 1,5 VECES EL CAPITAL (30 ÷ 20 = 1,5) POR CADA PESO DE CAPITAL EXISTE 1,5 PESOS DE DEUDA
Liquidez
80 PESOS DE DINERO DISPONIBLE POR SOBRE DEUDAS DE 40 PESOS = LIQUIDEZ DE DOS VECES EL VALOR DE LA DEUDA (80 ÷ 40 = 2) POR CADA PESO DE DEUDA SE DISPONE DE 2 PESOS PARA PAGO
Versión simplificada: EL INTERÉS DE DOS PESOS SOBRE UNA INVERSIÓN DE CIEN PESOS DA UNA RENTABILIDAD DE DOS POR CIENTO. ES DECIR, POR CADA CIEN PESOS GANAMOS DOS PESOS. LA DEUDA DE TREINTA PESOS SOBRE EL CAPITAL DE VEINTE PESOS RESULTA EN UNA DEUDA DE UNO PUNTO CINCO VECES EL CAPITAL. ES DECIR, POR CADA PESO DE CAPITAL HAY UNO PUNTO CINCO PESOS DE DEUDA. EN OCHENTA PESOS DE DINERO DISPONIBLE SOBRE DEUDAS DE CUARENTA PESOS DA UNA LIQUIDEZ DEL DOBLE DE LA DEUDA. POR CADA PESO ADEUDADO HAY DOS PESOS PARA PAGAR.

Texto: Estos principios están diseñados para promover que las firmas de servicios financieros y las organizaciones de consumidores hagan más para educar a los ciudadanos en esta área.
Versión simplificada:",15.9148,success,,{},3712,few-shot,nancy,llama3_cfg_2,0.7,0.9,1.1,512,,,27,10,27,1,1,1,9.790735419327374,2.389812490863547,40.64,67.50666666666669,-26.86666666666669,0.37037037037037035,0,0.48031496062992124,0,0.6,0.8518518518518519,34.85500000000002,39.08314814814818,-4.228148148148165,0.2439024390243902,0.10256410256410257,0.2439024390243902,0.8215357065200806,
exp_prompting_sample36_top4_20260505_022729,42d2fca8-84f8-430d-b326-7dfd3a43b012,2026-05-05T02:46:42.222852,feina_repr30_test_sample36,,sample36,llama3,meta-llama/Meta-Llama-3-8B-Instruct,ollama,few-shot,R2,"[78, 1805, 3635, 5262]","{'temperature': 0.7, 'top_p': 0.9, 'repetition_penalty': 1.1, 'max_new_tokens': 512}",3776,"Hable con ellos, déles la cara, y hágales saber que está haciendo todo lo que puede para pagarles.","Hable con ellos, enfréntelos y comuníqueles que está haciendo lo posible para pagarles.","Hable con ellos, déles la cara y explíqueles que está haciendo todo lo posible por pagarte.","Reescribe en español cada texto con lenguaje más claro y sencillo.
Conserva el significado original y no inventes información.
Guía interna de simplificación: usa palabras comunes; evita tecnicismos innecesarios; reemplaza palabras difíciles por palabras simples; usa oraciones cortas; expresa una idea por oración; prefiere voz activa; divide oraciones largas.

Devuelve solo la versión final simplificada.

Ejemplo 1
Texto: A continuación una tabla donde se demuestra como crecen los ahorros al pasar los años: Edad Inversión Intereses Saldo Inversión Intereses Saldo Laura Ganados Alberto Ganados 22 $800 $80 $880 23 $800 $168 $1.232 Valor al Jubilarse $311.092 Valor al Jubilarse $263.232 Menos las contribuciones iniciales $6.400 Menos las contribuciones iniciales $28.800 Ganancia Neta $304.692 Ganancia Neta $234.
Versión simplificada: A continuación, presentamos una tabla donde se demuestra como crecen los ahorros al pasar los años. Las categorías en que se divide la tabla son edad, inversión, intereses ganados y saldo. La tabla contrasta las ganancias en intereses por año de Laura y Alberto con una proyección de edad de jubilación de sesenta y cinco años y según la cantidad de años que mantuvieron el ahorro.

Ejemplo 2
Texto: El varias veces mencionado Yager, nos dice acertadamente sobre estos aspectos lo siguiente: La mayoría de ustedes están hambrientos de tener libertad financiera, están hastiados de tener batallas financieras porque son como un carrusel.
Versión simplificada: Yager habla acertadamente sobre estos aspectos y dice que la mayoría ambiciona tener libertad financiera y está cansada de tener batallas financieras inútiles.

Ejemplo 3
Texto: De acuerdo con esta medición, la proporción de pobres en la población mundial quienes viven con menos de un dólar por día descendió levemente entre 1987 y 1993, pues pasó del 30% al 29%.
Versión simplificada: Según esta medición, la proporción de personas pobres en la población mundial descendió un poco entre mil novecientos ochenta y siete y mil novecientos noventa y tres. Es decir, el porcentaje de personas que vivían con menos de un dólar por día pasó del treinta al veintinueve por ciento.

Ejemplo 4
Texto: - Rentabilidad
INTERÉS DE 2 PESOS SOBRE UNA INVERSIÓN DE 100 PESOS = RENTABILIDAD DE 2 % ((2 ÷ 100) × 100 = 2%) POR CADA 100 PESOS SE GANAN 2 PESOS
Endeudamiento
DEUDA DE 30 PESOS POR SOBRE EL CAPITAL DE 20 PESOS = ENDEUDAMIENTO DE 1,5 VECES EL CAPITAL (30 ÷ 20 = 1,5) POR CADA PESO DE CAPITAL EXISTE 1,5 PESOS DE DEUDA
Liquidez
80 PESOS DE DINERO DISPONIBLE POR SOBRE DEUDAS DE 40 PESOS = LIQUIDEZ DE DOS VECES EL VALOR DE LA DEUDA (80 ÷ 40 = 2) POR CADA PESO DE DEUDA SE DISPONE DE 2 PESOS PARA PAGO
Versión simplificada: EL INTERÉS DE DOS PESOS SOBRE UNA INVERSIÓN DE CIEN PESOS DA UNA RENTABILIDAD DE DOS POR CIENTO. ES DECIR, POR CADA CIEN PESOS GANAMOS DOS PESOS. LA DEUDA DE TREINTA PESOS SOBRE EL CAPITAL DE VEINTE PESOS RESULTA EN UNA DEUDA DE UNO PUNTO CINCO VECES EL CAPITAL. ES DECIR, POR CADA PESO DE CAPITAL HAY UNO PUNTO CINCO PESOS DE DEUDA. EN OCHENTA PESOS DE DINERO DISPONIBLE SOBRE DEUDAS DE CUARENTA PESOS DA UNA LIQUIDEZ DEL DOBLE DE LA DEUDA. POR CADA PESO ADEUDADO HAY DOS PESOS PARA PAGAR.

Texto: Hable con ellos, déles la cara, y hágales saber que está haciendo todo lo que puede para pagarles.
Versión simplificada:",17.5913,success,,{},3776,few-shot,nancy,llama3_cfg_2,0.7,0.9,1.1,512,,,18,16,13,1,1,1,45.743507730620784,22.786788980326644,84.215,91.17333333333335,-6.958333333333343,0.8888888888888888,0,0.7936507936507936,0,0.25,0.3333333333333333,70.12875000000001,74.61833333333335,-4.489583333333343,0.606060606060606,0.3870967741935484,0.606060606060606,0.858924150466919,
exp_prompting_sample36_top4_20260505_022729,575828f2-f55d-43b5-a24c-c81db461bd97,2026-05-05T02:47:00.024249,feina_repr30_test_sample36,,sample36,llama3,meta-llama/Meta-Llama-3-8B-Instruct,ollama,few-shot,R2,"[78, 1805, 3635, 5262]","{'temperature': 0.7, 'top_p': 0.9, 'repetition_penalty': 1.1, 'max_new_tokens': 512}",3819,Pero ¿en qué se compite?,Pero ¿en qué se compite?,"En realidad no hay dinero que perder, sino ganar.","Reescribe en español cada texto con lenguaje más claro y sencillo.
Conserva el significado original y no inventes información.
Guía interna de simplificación: usa palabras comunes; evita tecnicismos innecesarios; reemplaza palabras difíciles por palabras simples; usa oraciones cortas; expresa una idea por oración; prefiere voz activa; divide oraciones largas.

Devuelve solo la versión final simplificada.

Ejemplo 1
Texto: A continuación una tabla donde se demuestra como crecen los ahorros al pasar los años: Edad Inversión Intereses Saldo Inversión Intereses Saldo Laura Ganados Alberto Ganados 22 $800 $80 $880 23 $800 $168 $1.232 Valor al Jubilarse $311.092 Valor al Jubilarse $263.232 Menos las contribuciones iniciales $6.400 Menos las contribuciones iniciales $28.800 Ganancia Neta $304.692 Ganancia Neta $234.
Versión simplificada: A continuación, presentamos una tabla donde se demuestra como crecen los ahorros al pasar los años. Las categorías en que se divide la tabla son edad, inversión, intereses ganados y saldo. La tabla contrasta las ganancias en intereses por año de Laura y Alberto con una proyección de edad de jubilación de sesenta y cinco años y según la cantidad de años que mantuvieron el ahorro.

Ejemplo 2
Texto: El varias veces mencionado Yager, nos dice acertadamente sobre estos aspectos lo siguiente: La mayoría de ustedes están hambrientos de tener libertad financiera, están hastiados de tener batallas financieras porque son como un carrusel.
Versión simplificada: Yager habla acertadamente sobre estos aspectos y dice que la mayoría ambiciona tener libertad financiera y está cansada de tener batallas financieras inútiles.

Ejemplo 3
Texto: De acuerdo con esta medición, la proporción de pobres en la población mundial quienes viven con menos de un dólar por día descendió levemente entre 1987 y 1993, pues pasó del 30% al 29%.
Versión simplificada: Según esta medición, la proporción de personas pobres en la población mundial descendió un poco entre mil novecientos ochenta y siete y mil novecientos noventa y tres. Es decir, el porcentaje de personas que vivían con menos de un dólar por día pasó del treinta al veintinueve por ciento.

Ejemplo 4
Texto: - Rentabilidad
INTERÉS DE 2 PESOS SOBRE UNA INVERSIÓN DE 100 PESOS = RENTABILIDAD DE 2 % ((2 ÷ 100) × 100 = 2%) POR CADA 100 PESOS SE GANAN 2 PESOS
Endeudamiento
DEUDA DE 30 PESOS POR SOBRE EL CAPITAL DE 20 PESOS = ENDEUDAMIENTO DE 1,5 VECES EL CAPITAL (30 ÷ 20 = 1,5) POR CADA PESO DE CAPITAL EXISTE 1,5 PESOS DE DEUDA
Liquidez
80 PESOS DE DINERO DISPONIBLE POR SOBRE DEUDAS DE 40 PESOS = LIQUIDEZ DE DOS VECES EL VALOR DE LA DEUDA (80 ÷ 40 = 2) POR CADA PESO DE DEUDA SE DISPONE DE 2 PESOS PARA PAGO
Versión simplificada: EL INTERÉS DE DOS PESOS SOBRE UNA INVERSIÓN DE CIEN PESOS DA UNA RENTABILIDAD DE DOS POR CIENTO. ES DECIR, POR CADA CIEN PESOS GANAMOS DOS PESOS. LA DEUDA DE TREINTA PESOS SOBRE EL CAPITAL DE VEINTE PESOS RESULTA EN UNA DEUDA DE UNO PUNTO CINCO VECES EL CAPITAL. ES DECIR, POR CADA PESO DE CAPITAL HAY UNO PUNTO CINCO PESOS DE DEUDA. EN OCHENTA PESOS DE DINERO DISPONIBLE SOBRE DEUDAS DE CUARENTA PESOS DA UNA LIQUIDEZ DEL DOBLE DE LA DEUDA. POR CADA PESO ADEUDADO HAY DOS PESOS PARA PAGAR.

Texto: Pero ¿en qué se compite?
Versión simplificada:",13.5896,success,,{},3819,few-shot,nancy,llama3_cfg_2,0.7,0.9,1.1,512,,,5,9,5,1,1,1,0.0,0.0,88.84000000000002,90.44,-1.59999999999998,1.8,0,0.2465753424657534,0,0.8888888888888888,0.8,87.07944444444446,102.155,-15.075555555555539,0.14285714285714285,0.0,0.14285714285714285,0.6814318299293518,
exp_prompting_sample36_top4_20260505_022729,87927810-f13b-4b62-b0da-d150ab804ce6,2026-05-05T02:47:13.848145,feina_repr30_test_sample36,,sample36,llama3,meta-llama/Meta-Llama-3-8B-Instruct,ollama,few-shot,R2,"[78, 1805, 3635, 5262]","{'temperature': 0.7, 'top_p': 0.9, 'repetition_penalty': 1.1, 'max_new_tokens': 512}",4006,"Por otra parte, algunas personas sostienen que un impuesto de 10 por ciento impondría el mismo sacrificio a ambas familias.","Por otra parte, algunas personas sostienen que un impuesto de diez por ciento impondría el mismo sacrificio a ambas familias.",Algunas personas creen que un impuesto del 10% causaría el mismo esfuerzo para ambas familias.,"Reescribe en español cada texto con lenguaje más claro y sencillo.
Conserva el significado original y no inventes información.
Guía interna de simplificación: usa palabras comunes; evita tecnicismos innecesarios; reemplaza palabras difíciles por palabras simples; usa oraciones cortas; expresa una idea por oración; prefiere voz activa; divide oraciones largas.

Devuelve solo la versión final simplificada.

Ejemplo 1
Texto: A continuación una tabla donde se demuestra como crecen los ahorros al pasar los años: Edad Inversión Intereses Saldo Inversión Intereses Saldo Laura Ganados Alberto Ganados 22 $800 $80 $880 23 $800 $168 $1.232 Valor al Jubilarse $311.092 Valor al Jubilarse $263.232 Menos las contribuciones iniciales $6.400 Menos las contribuciones iniciales $28.800 Ganancia Neta $304.692 Ganancia Neta $234.
Versión simplificada: A continuación, presentamos una tabla donde se demuestra como crecen los ahorros al pasar los años. Las categorías en que se divide la tabla son edad, inversión, intereses ganados y saldo. La tabla contrasta las ganancias en intereses por año de Laura y Alberto con una proyección de edad de jubilación de sesenta y cinco años y según la cantidad de años que mantuvieron el ahorro.

Ejemplo 2
Texto: El varias veces mencionado Yager, nos dice acertadamente sobre estos aspectos lo siguiente: La mayoría de ustedes están hambrientos de tener libertad financiera, están hastiados de tener batallas financieras porque son como un carrusel.
Versión simplificada: Yager habla acertadamente sobre estos aspectos y dice que la mayoría ambiciona tener libertad financiera y está cansada de tener batallas financieras inútiles.

Ejemplo 3
Texto: De acuerdo con esta medición, la proporción de pobres en la población mundial quienes viven con menos de un dólar por día descendió levemente entre 1987 y 1993, pues pasó del 30% al 29%.
Versión simplificada: Según esta medición, la proporción de personas pobres en la población mundial descendió un poco entre mil novecientos ochenta y siete y mil novecientos noventa y tres. Es decir, el porcentaje de personas que vivían con menos de un dólar por día pasó del treinta al veintinueve por ciento.

Ejemplo 4
Texto: - Rentabilidad
INTERÉS DE 2 PESOS SOBRE UNA INVERSIÓN DE 100 PESOS = RENTABILIDAD DE 2 % ((2 ÷ 100) × 100 = 2%) POR CADA 100 PESOS SE GANAN 2 PESOS
Endeudamiento
DEUDA DE 30 PESOS POR SOBRE EL CAPITAL DE 20 PESOS = ENDEUDAMIENTO DE 1,5 VECES EL CAPITAL (30 ÷ 20 = 1,5) POR CADA PESO DE CAPITAL EXISTE 1,5 PESOS DE DEUDA
Liquidez
80 PESOS DE DINERO DISPONIBLE POR SOBRE DEUDAS DE 40 PESOS = LIQUIDEZ DE DOS VECES EL VALOR DE LA DEUDA (80 ÷ 40 = 2) POR CADA PESO DE DEUDA SE DISPONE DE 2 PESOS PARA PAGO
Versión simplificada: EL INTERÉS DE DOS PESOS SOBRE UNA INVERSIÓN DE CIEN PESOS DA UNA RENTABILIDAD DE DOS POR CIENTO. ES DECIR, POR CADA CIEN PESOS GANAMOS DOS PESOS. LA DEUDA DE TREINTA PESOS SOBRE EL CAPITAL DE VEINTE PESOS RESULTA EN UNA DEUDA DE UNO PUNTO CINCO VECES EL CAPITAL. ES DECIR, POR CADA PESO DE CAPITAL HAY UNO PUNTO CINCO PESOS DE DEUDA. EN OCHENTA PESOS DE DINERO DISPONIBLE SOBRE DEUDAS DE CUARENTA PESOS DA UNA LIQUIDEZ DEL DOBLE DE LA DEUDA. POR CADA PESO ADEUDADO HAY DOS PESOS PARA PAGAR.

Texto: Por otra parte, algunas personas sostienen que un impuesto de 10 por ciento impondría el mismo sacrificio a ambas familias.
Versión simplificada:",17.8159,success,,{},4006,few-shot,nancy,llama3_cfg_2,0.7,0.9,1.1,512,,,20,15,20,1,1,1,18.203006717561163,12.484536045879203,84.04,84.74000000000001,-0.7000000000000028,0.75,0,0.7096774193548387,0,0.3333333333333333,0.5,71.38833333333335,65.35000000000002,6.038333333333327,0.5405405405405405,0.34285714285714286,0.5405405405405405,0.8716453313827515,
exp_prompting_sample36_top4_20260505_022729,38500cf5-f39b-48f8-acd8-0dd4b9719f02,2026-05-05T02:47:31.892025,feina_repr30_test_sample36,,sample36,llama3,meta-llama/Meta-Llama-3-8B-Instruct,ollama,few-shot,R2,"[78, 1805, 3635, 5262]","{'temperature': 0.7, 'top_p': 0.9, 'repetition_penalty': 1.1, 'max_new_tokens': 512}",4276,"Al principio, como ya vimos en el trueque, adoptó la forma de mercancía, pero con el tiempo se transformó en dinero-papel, cuentas corrientes y otras formas.","Al principio, tuvo la forma de mercancía, pero luego se transformó en dinero-papel, cuentas corrientes y otras formas.","La moneda evolucionó desde ser una mercancía hasta convertirse en billetes, cheques y otros medios de pago.","Reescribe en español cada texto con lenguaje más claro y sencillo.
Conserva el significado original y no inventes información.
Guía interna de simplificación: usa palabras comunes; evita tecnicismos innecesarios; reemplaza palabras difíciles por palabras simples; usa oraciones cortas; expresa una idea por oración; prefiere voz activa; divide oraciones largas.

Devuelve solo la versión final simplificada.

Ejemplo 1
Texto: A continuación una tabla donde se demuestra como crecen los ahorros al pasar los años: Edad Inversión Intereses Saldo Inversión Intereses Saldo Laura Ganados Alberto Ganados 22 $800 $80 $880 23 $800 $168 $1.232 Valor al Jubilarse $311.092 Valor al Jubilarse $263.232 Menos las contribuciones iniciales $6.400 Menos las contribuciones iniciales $28.800 Ganancia Neta $304.692 Ganancia Neta $234.
Versión simplificada: A continuación, presentamos una tabla donde se demuestra como crecen los ahorros al pasar los años. Las categorías en que se divide la tabla son edad, inversión, intereses ganados y saldo. La tabla contrasta las ganancias en intereses por año de Laura y Alberto con una proyección de edad de jubilación de sesenta y cinco años y según la cantidad de años que mantuvieron el ahorro.

Ejemplo 2
Texto: El varias veces mencionado Yager, nos dice acertadamente sobre estos aspectos lo siguiente: La mayoría de ustedes están hambrientos de tener libertad financiera, están hastiados de tener batallas financieras porque son como un carrusel.
Versión simplificada: Yager habla acertadamente sobre estos aspectos y dice que la mayoría ambiciona tener libertad financiera y está cansada de tener batallas financieras inútiles.

Ejemplo 3
Texto: De acuerdo con esta medición, la proporción de pobres en la población mundial quienes viven con menos de un dólar por día descendió levemente entre 1987 y 1993, pues pasó del 30% al 29%.
Versión simplificada: Según esta medición, la proporción de personas pobres en la población mundial descendió un poco entre mil novecientos ochenta y siete y mil novecientos noventa y tres. Es decir, el porcentaje de personas que vivían con menos de un dólar por día pasó del treinta al veintinueve por ciento.

Ejemplo 4
Texto: - Rentabilidad
INTERÉS DE 2 PESOS SOBRE UNA INVERSIÓN DE 100 PESOS = RENTABILIDAD DE 2 % ((2 ÷ 100) × 100 = 2%) POR CADA 100 PESOS SE GANAN 2 PESOS
Endeudamiento
DEUDA DE 30 PESOS POR SOBRE EL CAPITAL DE 20 PESOS = ENDEUDAMIENTO DE 1,5 VECES EL CAPITAL (30 ÷ 20 = 1,5) POR CADA PESO DE CAPITAL EXISTE 1,5 PESOS DE DEUDA
Liquidez
80 PESOS DE DINERO DISPONIBLE POR SOBRE DEUDAS DE 40 PESOS = LIQUIDEZ DE DOS VECES EL VALOR DE LA DEUDA (80 ÷ 40 = 2) POR CADA PESO DE DEUDA SE DISPONE DE 2 PESOS PARA PAGO
Versión simplificada: EL INTERÉS DE DOS PESOS SOBRE UNA INVERSIÓN DE CIEN PESOS DA UNA RENTABILIDAD DE DOS POR CIENTO. ES DECIR, POR CADA CIEN PESOS GANAMOS DOS PESOS. LA DEUDA DE TREINTA PESOS SOBRE EL CAPITAL DE VEINTE PESOS RESULTA EN UNA DEUDA DE UNO PUNTO CINCO VECES EL CAPITAL. ES DECIR, POR CADA PESO DE CAPITAL HAY UNO PUNTO CINCO PESOS DE DEUDA. EN OCHENTA PESOS DE DINERO DISPONIBLE SOBRE DEUDAS DE CUARENTA PESOS DA UNA LIQUIDEZ DEL DOBLE DE LA DEUDA. POR CADA PESO ADEUDADO HAY DOS PESOS PARA PAGAR.

Texto: Al principio, como ya vimos en el trueque, adoptó la forma de mercancía, pero con el tiempo se transformó en dinero-papel, cuentas corrientes y otras formas.
Versión simplificada:",17.823,success,,{},4276,few-shot,nancy,llama3_cfg_2,0.7,0.9,1.1,512,,,27,17,19,1,1,1,26.57595706045318,2.7056477423870247,70.25176470588238,94.17333333333333,-23.921568627450952,0.6296296296296297,0,0.4015151515151515,0,0.7058823529411765,0.8148148148148148,54.24088235294121,66.77203703703705,-12.531154684095839,0.3157894736842105,0.05555555555555555,0.2631578947368421,0.777442216873169,
exp_prompting_sample36_top4_20260505_022729,785eeecf-4dde-435d-84ee-157edfd7626d,2026-05-05T02:47:49.934807,feina_repr30_test_sample36,,sample36,llama3,meta-llama/Meta-Llama-3-8B-Instruct,ollama,few-shot,R2,"[78, 1805, 3635, 5262]","{'temperature': 0.7, 'top_p': 0.9, 'repetition_penalty': 1.1, 'max_new_tokens': 512}",4284,"¿Son estos sólo sueños, o son metas reales?",¿Estos son sólo sueños o son metas reales?,¿Son solo fantasías o objetivos reales?,"Reescribe en español cada texto con lenguaje más claro y sencillo.
Conserva el significado original y no inventes información.
Guía interna de simplificación: usa palabras comunes; evita tecnicismos innecesarios; reemplaza palabras difíciles por palabras simples; usa oraciones cortas; expresa una idea por oración; prefiere voz activa; divide oraciones largas.

Devuelve solo la versión final simplificada.

Ejemplo 1
Texto: A continuación una tabla donde se demuestra como crecen los ahorros al pasar los años: Edad Inversión Intereses Saldo Inversión Intereses Saldo Laura Ganados Alberto Ganados 22 $800 $80 $880 23 $800 $168 $1.232 Valor al Jubilarse $311.092 Valor al Jubilarse $263.232 Menos las contribuciones iniciales $6.400 Menos las contribuciones iniciales $28.800 Ganancia Neta $304.692 Ganancia Neta $234.
Versión simplificada: A continuación, presentamos una tabla donde se demuestra como crecen los ahorros al pasar los años. Las categorías en que se divide la tabla son edad, inversión, intereses ganados y saldo. La tabla contrasta las ganancias en intereses por año de Laura y Alberto con una proyección de edad de jubilación de sesenta y cinco años y según la cantidad de años que mantuvieron el ahorro.

Ejemplo 2
Texto: El varias veces mencionado Yager, nos dice acertadamente sobre estos aspectos lo siguiente: La mayoría de ustedes están hambrientos de tener libertad financiera, están hastiados de tener batallas financieras porque son como un carrusel.
Versión simplificada: Yager habla acertadamente sobre estos aspectos y dice que la mayoría ambiciona tener libertad financiera y está cansada de tener batallas financieras inútiles.

Ejemplo 3
Texto: De acuerdo con esta medición, la proporción de pobres en la población mundial quienes viven con menos de un dólar por día descendió levemente entre 1987 y 1993, pues pasó del 30% al 29%.
Versión simplificada: Según esta medición, la proporción de personas pobres en la población mundial descendió un poco entre mil novecientos ochenta y siete y mil novecientos noventa y tres. Es decir, el porcentaje de personas que vivían con menos de un dólar por día pasó del treinta al veintinueve por ciento.

Ejemplo 4
Texto: - Rentabilidad
INTERÉS DE 2 PESOS SOBRE UNA INVERSIÓN DE 100 PESOS = RENTABILIDAD DE 2 % ((2 ÷ 100) × 100 = 2%) POR CADA 100 PESOS SE GANAN 2 PESOS
Endeudamiento
DEUDA DE 30 PESOS POR SOBRE EL CAPITAL DE 20 PESOS = ENDEUDAMIENTO DE 1,5 VECES EL CAPITAL (30 ÷ 20 = 1,5) POR CADA PESO DE CAPITAL EXISTE 1,5 PESOS DE DEUDA
Liquidez
80 PESOS DE DINERO DISPONIBLE POR SOBRE DEUDAS DE 40 PESOS = LIQUIDEZ DE DOS VECES EL VALOR DE LA DEUDA (80 ÷ 40 = 2) POR CADA PESO DE DEUDA SE DISPONE DE 2 PESOS PARA PAGO
Versión simplificada: EL INTERÉS DE DOS PESOS SOBRE UNA INVERSIÓN DE CIEN PESOS DA UNA RENTABILIDAD DE DOS POR CIENTO. ES DECIR, POR CADA CIEN PESOS GANAMOS DOS PESOS. LA DEUDA DE TREINTA PESOS SOBRE EL CAPITAL DE VEINTE PESOS RESULTA EN UNA DEUDA DE UNO PUNTO CINCO VECES EL CAPITAL. ES DECIR, POR CADA PESO DE CAPITAL HAY UNO PUNTO CINCO PESOS DE DEUDA. EN OCHENTA PESOS DE DINERO DISPONIBLE SOBRE DEUDAS DE CUARENTA PESOS DA UNA LIQUIDEZ DEL DOBLE DE LA DEUDA. POR CADA PESO ADEUDADO HAY DOS PESOS PARA PAGAR.

Texto: ¿Son estos sólo sueños, o son metas reales?
Versión simplificada:",14.1398,success,,{},4284,few-shot,nancy,llama3_cfg_2,0.7,0.9,1.1,512,,,8,6,8,1,1,1,29.937192437192437,10.923299908191149,59.84,96.59,-36.75,0.75,0,0.6585365853658537,0,0.5,0.625,65.85166666666669,97.59750000000001,-31.745833333333323,0.3529411764705882,0.0,0.3529411764705882,0.8633314967155457,
exp_prompting_sample36_top4_20260505_022729,387fb50f-26b2-4051-a71d-2a767f1fb281,2026-05-05T02:48:04.299780,feina_repr30_test_sample36,,sample36,llama3,meta-llama/Meta-Llama-3-8B-Instruct,ollama,few-shot,R2,"[78, 1805, 3635, 5262]","{'temperature': 0.7, 'top_p': 0.9, 'repetition_penalty': 1.1, 'max_new_tokens': 512}",4638,"En los pueblos donde el principio de la elección se extiende a todo, no hay propiamente hablando carrera pública.",En los pueblos donde el principio de la elección se extiende a todo no existe la carrera pública.,"Cuando todos tienen derecho a elegir, en realidad no hay una ""carrera pública"" real.","Reescribe en español cada texto con lenguaje más claro y sencillo.
Conserva el significado original y no inventes información.
Guía interna de simplificación: usa palabras comunes; evita tecnicismos innecesarios; reemplaza palabras difíciles por palabras simples; usa oraciones cortas; expresa una idea por oración; prefiere voz activa; divide oraciones largas.

Devuelve solo la versión final simplificada.

Ejemplo 1
Texto: A continuación una tabla donde se demuestra como crecen los ahorros al pasar los años: Edad Inversión Intereses Saldo Inversión Intereses Saldo Laura Ganados Alberto Ganados 22 $800 $80 $880 23 $800 $168 $1.232 Valor al Jubilarse $311.092 Valor al Jubilarse $263.232 Menos las contribuciones iniciales $6.400 Menos las contribuciones iniciales $28.800 Ganancia Neta $304.692 Ganancia Neta $234.
Versión simplificada: A continuación, presentamos una tabla donde se demuestra como crecen los ahorros al pasar los años. Las categorías en que se divide la tabla son edad, inversión, intereses ganados y saldo. La tabla contrasta las ganancias en intereses por año de Laura y Alberto con una proyección de edad de jubilación de sesenta y cinco años y según la cantidad de años que mantuvieron el ahorro.

Ejemplo 2
Texto: El varias veces mencionado Yager, nos dice acertadamente sobre estos aspectos lo siguiente: La mayoría de ustedes están hambrientos de tener libertad financiera, están hastiados de tener batallas financieras porque son como un carrusel.
Versión simplificada: Yager habla acertadamente sobre estos aspectos y dice que la mayoría ambiciona tener libertad financiera y está cansada de tener batallas financieras inútiles.

Ejemplo 3
Texto: De acuerdo con esta medición, la proporción de pobres en la población mundial quienes viven con menos de un dólar por día descendió levemente entre 1987 y 1993, pues pasó del 30% al 29%.
Versión simplificada: Según esta medición, la proporción de personas pobres en la población mundial descendió un poco entre mil novecientos ochenta y siete y mil novecientos noventa y tres. Es decir, el porcentaje de personas que vivían con menos de un dólar por día pasó del treinta al veintinueve por ciento.

Ejemplo 4
Texto: - Rentabilidad
INTERÉS DE 2 PESOS SOBRE UNA INVERSIÓN DE 100 PESOS = RENTABILIDAD DE 2 % ((2 ÷ 100) × 100 = 2%) POR CADA 100 PESOS SE GANAN 2 PESOS
Endeudamiento
DEUDA DE 30 PESOS POR SOBRE EL CAPITAL DE 20 PESOS = ENDEUDAMIENTO DE 1,5 VECES EL CAPITAL (30 ÷ 20 = 1,5) POR CADA PESO DE CAPITAL EXISTE 1,5 PESOS DE DEUDA
Liquidez
80 PESOS DE DINERO DISPONIBLE POR SOBRE DEUDAS DE 40 PESOS = LIQUIDEZ DE DOS VECES EL VALOR DE LA DEUDA (80 ÷ 40 = 2) POR CADA PESO DE DEUDA SE DISPONE DE 2 PESOS PARA PAGO
Versión simplificada: EL INTERÉS DE DOS PESOS SOBRE UNA INVERSIÓN DE CIEN PESOS DA UNA RENTABILIDAD DE DOS POR CIENTO. ES DECIR, POR CADA CIEN PESOS GANAMOS DOS PESOS. LA DEUDA DE TREINTA PESOS SOBRE EL CAPITAL DE VEINTE PESOS RESULTA EN UNA DEUDA DE UNO PUNTO CINCO VECES EL CAPITAL. ES DECIR, POR CADA PESO DE CAPITAL HAY UNO PUNTO CINCO PESOS DE DEUDA. EN OCHENTA PESOS DE DINERO DISPONIBLE SOBRE DEUDAS DE CUARENTA PESOS DA UNA LIQUIDEZ DEL DOBLE DE LA DEUDA. POR CADA PESO ADEUDADO HAY DOS PESOS PARA PAGAR.

Texto: En los pueblos donde el principio de la elección se extiende a todo, no hay propiamente hablando carrera pública.
Versión simplificada:",16.4205,success,,{},4638,few-shot,nancy,llama3_cfg_2,0.7,0.9,1.1,512,,,19,14,18,1,1,1,20.090057817998993,5.109276028583519,79.55428571428571,84.62947368421054,-5.075187969924826,0.7368421052631579,0,0.5279187817258884,0,0.5714285714285714,0.6842105263157895,68.23500000000001,66.51394736842106,1.7210526315789565,0.34285714285714286,0.12121212121212122,0.28571428571428575,0.7825301885604858,
exp_prompting_sample36_top4_20260505_022729,d7303b51-7c4c-4da2-b796-feb39d2d9824,2026-05-05T02:48:20.946401,feina_repr30_test_sample36,,sample36,llama3,meta-llama/Meta-Llama-3-8B-Instruct,ollama,few-shot,R2,"[78, 1805, 3635, 5262]","{'temperature': 0.7, 'top_p': 0.9, 'repetition_penalty': 1.1, 'max_new_tokens': 512}",4751,"Sin entusiasmo, dijo alguien famoso, nunca se ha podido realizar nada grande.",Sin entusiasmo no se logró nada grande.,Nunca se logra hacer algo grande sin entusiasmo.,"Reescribe en español cada texto con lenguaje más claro y sencillo.
Conserva el significado original y no inventes información.
Guía interna de simplificación: usa palabras comunes; evita tecnicismos innecesarios; reemplaza palabras difíciles por palabras simples; usa oraciones cortas; expresa una idea por oración; prefiere voz activa; divide oraciones largas.

Devuelve solo la versión final simplificada.

Ejemplo 1
Texto: A continuación una tabla donde se demuestra como crecen los ahorros al pasar los años: Edad Inversión Intereses Saldo Inversión Intereses Saldo Laura Ganados Alberto Ganados 22 $800 $80 $880 23 $800 $168 $1.232 Valor al Jubilarse $311.092 Valor al Jubilarse $263.232 Menos las contribuciones iniciales $6.400 Menos las contribuciones iniciales $28.800 Ganancia Neta $304.692 Ganancia Neta $234.
Versión simplificada: A continuación, presentamos una tabla donde se demuestra como crecen los ahorros al pasar los años. Las categorías en que se divide la tabla son edad, inversión, intereses ganados y saldo. La tabla contrasta las ganancias en intereses por año de Laura y Alberto con una proyección de edad de jubilación de sesenta y cinco años y según la cantidad de años que mantuvieron el ahorro.

Ejemplo 2
Texto: El varias veces mencionado Yager, nos dice acertadamente sobre estos aspectos lo siguiente: La mayoría de ustedes están hambrientos de tener libertad financiera, están hastiados de tener batallas financieras porque son como un carrusel.
Versión simplificada: Yager habla acertadamente sobre estos aspectos y dice que la mayoría ambiciona tener libertad financiera y está cansada de tener batallas financieras inútiles.

Ejemplo 3
Texto: De acuerdo con esta medición, la proporción de pobres en la población mundial quienes viven con menos de un dólar por día descendió levemente entre 1987 y 1993, pues pasó del 30% al 29%.
Versión simplificada: Según esta medición, la proporción de personas pobres en la población mundial descendió un poco entre mil novecientos ochenta y siete y mil novecientos noventa y tres. Es decir, el porcentaje de personas que vivían con menos de un dólar por día pasó del treinta al veintinueve por ciento.

Ejemplo 4
Texto: - Rentabilidad
INTERÉS DE 2 PESOS SOBRE UNA INVERSIÓN DE 100 PESOS = RENTABILIDAD DE 2 % ((2 ÷ 100) × 100 = 2%) POR CADA 100 PESOS SE GANAN 2 PESOS
Endeudamiento
DEUDA DE 30 PESOS POR SOBRE EL CAPITAL DE 20 PESOS = ENDEUDAMIENTO DE 1,5 VECES EL CAPITAL (30 ÷ 20 = 1,5) POR CADA PESO DE CAPITAL EXISTE 1,5 PESOS DE DEUDA
Liquidez
80 PESOS DE DINERO DISPONIBLE POR SOBRE DEUDAS DE 40 PESOS = LIQUIDEZ DE DOS VECES EL VALOR DE LA DEUDA (80 ÷ 40 = 2) POR CADA PESO DE DEUDA SE DISPONE DE 2 PESOS PARA PAGO
Versión simplificada: EL INTERÉS DE DOS PESOS SOBRE UNA INVERSIÓN DE CIEN PESOS DA UNA RENTABILIDAD DE DOS POR CIENTO. ES DECIR, POR CADA CIEN PESOS GANAMOS DOS PESOS. LA DEUDA DE TREINTA PESOS SOBRE EL CAPITAL DE VEINTE PESOS RESULTA EN UNA DEUDA DE UNO PUNTO CINCO VECES EL CAPITAL. ES DECIR, POR CADA PESO DE CAPITAL HAY UNO PUNTO CINCO PESOS DE DEUDA. EN OCHENTA PESOS DE DINERO DISPONIBLE SOBRE DEUDAS DE CUARENTA PESOS DA UNA LIQUIDEZ DEL DOBLE DE LA DEUDA. POR CADA PESO ADEUDADO HAY DOS PESOS PARA PAGAR.

Texto: Sin entusiasmo, dijo alguien famoso, nunca se ha podido realizar nada grande.
Versión simplificada:",14.8697,success,,{},4751,few-shot,nancy,llama3_cfg_2,0.7,0.9,1.1,512,,,12,8,7,1,1,1,41.26489533011272,6.742555929751843,74.09,68.34,5.75,0.6666666666666666,0,0.224,0,0.375,0.5833333333333334,74.23500000000001,59.85166666666669,14.383333333333326,0.5333333333333333,0.15384615384615383,0.26666666666666666,0.8666584491729736,
exp_prompting_sample36_top4_20260505_022729,0654919a-563f-4322-82d6-df90cd049eec,2026-05-05T02:48:36.043589,feina_repr30_test_sample36,,sample36,llama3,meta-llama/Meta-Llama-3-8B-Instruct,ollama,few-shot,R2,"[78, 1805, 3635, 5262]","{'temperature': 0.7, 'top_p': 0.9, 'repetition_penalty': 1.1, 'max_new_tokens': 512}",5037,"Por tanto, este método calcula interés sobre interés.","Por eso, este método calcula interés sobre interés.",Este método también incluye el cálculo del interés sobre el interés.,"Reescribe en español cada texto con lenguaje más claro y sencillo.
Conserva el significado original y no inventes información.
Guía interna de simplificación: usa palabras comunes; evita tecnicismos innecesarios; reemplaza palabras difíciles por palabras simples; usa oraciones cortas; expresa una idea por oración; prefiere voz activa; divide oraciones largas.

Devuelve solo la versión final simplificada.

Ejemplo 1
Texto: A continuación una tabla donde se demuestra como crecen los ahorros al pasar los años: Edad Inversión Intereses Saldo Inversión Intereses Saldo Laura Ganados Alberto Ganados 22 $800 $80 $880 23 $800 $168 $1.232 Valor al Jubilarse $311.092 Valor al Jubilarse $263.232 Menos las contribuciones iniciales $6.400 Menos las contribuciones iniciales $28.800 Ganancia Neta $304.692 Ganancia Neta $234.
Versión simplificada: A continuación, presentamos una tabla donde se demuestra como crecen los ahorros al pasar los años. Las categorías en que se divide la tabla son edad, inversión, intereses ganados y saldo. La tabla contrasta las ganancias en intereses por año de Laura y Alberto con una proyección de edad de jubilación de sesenta y cinco años y según la cantidad de años que mantuvieron el ahorro.

Ejemplo 2
Texto: El varias veces mencionado Yager, nos dice acertadamente sobre estos aspectos lo siguiente: La mayoría de ustedes están hambrientos de tener libertad financiera, están hastiados de tener batallas financieras porque son como un carrusel.
Versión simplificada: Yager habla acertadamente sobre estos aspectos y dice que la mayoría ambiciona tener libertad financiera y está cansada de tener batallas financieras inútiles.

Ejemplo 3
Texto: De acuerdo con esta medición, la proporción de pobres en la población mundial quienes viven con menos de un dólar por día descendió levemente entre 1987 y 1993, pues pasó del 30% al 29%.
Versión simplificada: Según esta medición, la proporción de personas pobres en la población mundial descendió un poco entre mil novecientos ochenta y siete y mil novecientos noventa y tres. Es decir, el porcentaje de personas que vivían con menos de un dólar por día pasó del treinta al veintinueve por ciento.

Ejemplo 4
Texto: - Rentabilidad
INTERÉS DE 2 PESOS SOBRE UNA INVERSIÓN DE 100 PESOS = RENTABILIDAD DE 2 % ((2 ÷ 100) × 100 = 2%) POR CADA 100 PESOS SE GANAN 2 PESOS
Endeudamiento
DEUDA DE 30 PESOS POR SOBRE EL CAPITAL DE 20 PESOS = ENDEUDAMIENTO DE 1,5 VECES EL CAPITAL (30 ÷ 20 = 1,5) POR CADA PESO DE CAPITAL EXISTE 1,5 PESOS DE DEUDA
Liquidez
80 PESOS DE DINERO DISPONIBLE POR SOBRE DEUDAS DE 40 PESOS = LIQUIDEZ DE DOS VECES EL VALOR DE LA DEUDA (80 ÷ 40 = 2) POR CADA PESO DE DEUDA SE DISPONE DE 2 PESOS PARA PAGO
Versión simplificada: EL INTERÉS DE DOS PESOS SOBRE UNA INVERSIÓN DE CIEN PESOS DA UNA RENTABILIDAD DE DOS POR CIENTO. ES DECIR, POR CADA CIEN PESOS GANAMOS DOS PESOS. LA DEUDA DE TREINTA PESOS SOBRE EL CAPITAL DE VEINTE PESOS RESULTA EN UNA DEUDA DE UNO PUNTO CINCO VECES EL CAPITAL. ES DECIR, POR CADA PESO DE CAPITAL HAY UNO PUNTO CINCO PESOS DE DEUDA. EN OCHENTA PESOS DE DINERO DISPONIBLE SOBRE DEUDAS DE CUARENTA PESOS DA UNA LIQUIDEZ DEL DOBLE DE LA DEUDA. POR CADA PESO ADEUDADO HAY DOS PESOS PARA PAGAR.

Texto: Por tanto, este método calcula interés sobre interés.
Versión simplificada:",15.4464,success,,{},5037,few-shot,nancy,llama3_cfg_2,0.7,0.9,1.1,512,,,8,11,8,1,1,1,26.203703703703706,10.127993013562818,66.65818181818184,51.59,15.068181818181841,1.375,0,0.6446280991735537,0,0.5454545454545454,0.375,59.9077272727273,50.8725,9.035227272727298,0.5925925925925926,0.4,0.5925925925925926,0.8354153037071228,
exp_prompting_sample36_top4_20260505_022729,6b6afe55-dc41-498b-8720-ce0d2ccd9010,2026-05-05T02:48:51.724006,feina_repr30_test_sample36,,sample36,llama3,meta-llama/Meta-Llama-3-8B-Instruct,ollama,few-shot,R2,"[78, 1805, 3635, 5262]","{'temperature': 0.7, 'top_p': 0.9, 'repetition_penalty': 1.1, 'max_new_tokens': 512}",5112,"El resultado es aproximado a $300,000 en seis años.",El resultado es aproximadamente trescientos mil dólares en seis años.,"El resultado sería de alrededor de 300,000 dólares después de seis años.","Reescribe en español cada texto con lenguaje más claro y sencillo.
Conserva el significado original y no inventes información.
Guía interna de simplificación: usa palabras comunes; evita tecnicismos innecesarios; reemplaza palabras difíciles por palabras simples; usa oraciones cortas; expresa una idea por oración; prefiere voz activa; divide oraciones largas.

Devuelve solo la versión final simplificada.

Ejemplo 1
Texto: A continuación una tabla donde se demuestra como crecen los ahorros al pasar los años: Edad Inversión Intereses Saldo Inversión Intereses Saldo Laura Ganados Alberto Ganados 22 $800 $80 $880 23 $800 $168 $1.232 Valor al Jubilarse $311.092 Valor al Jubilarse $263.232 Menos las contribuciones iniciales $6.400 Menos las contribuciones iniciales $28.800 Ganancia Neta $304.692 Ganancia Neta $234.
Versión simplificada: A continuación, presentamos una tabla donde se demuestra como crecen los ahorros al pasar los años. Las categorías en que se divide la tabla son edad, inversión, intereses ganados y saldo. La tabla contrasta las ganancias en intereses por año de Laura y Alberto con una proyección de edad de jubilación de sesenta y cinco años y según la cantidad de años que mantuvieron el ahorro.

Ejemplo 2
Texto: El varias veces mencionado Yager, nos dice acertadamente sobre estos aspectos lo siguiente: La mayoría de ustedes están hambrientos de tener libertad financiera, están hastiados de tener batallas financieras porque son como un carrusel.
Versión simplificada: Yager habla acertadamente sobre estos aspectos y dice que la mayoría ambiciona tener libertad financiera y está cansada de tener batallas financieras inútiles.

Ejemplo 3
Texto: De acuerdo con esta medición, la proporción de pobres en la población mundial quienes viven con menos de un dólar por día descendió levemente entre 1987 y 1993, pues pasó del 30% al 29%.
Versión simplificada: Según esta medición, la proporción de personas pobres en la población mundial descendió un poco entre mil novecientos ochenta y siete y mil novecientos noventa y tres. Es decir, el porcentaje de personas que vivían con menos de un dólar por día pasó del treinta al veintinueve por ciento.

Ejemplo 4
Texto: - Rentabilidad
INTERÉS DE 2 PESOS SOBRE UNA INVERSIÓN DE 100 PESOS = RENTABILIDAD DE 2 % ((2 ÷ 100) × 100 = 2%) POR CADA 100 PESOS SE GANAN 2 PESOS
Endeudamiento
DEUDA DE 30 PESOS POR SOBRE EL CAPITAL DE 20 PESOS = ENDEUDAMIENTO DE 1,5 VECES EL CAPITAL (30 ÷ 20 = 1,5) POR CADA PESO DE CAPITAL EXISTE 1,5 PESOS DE DEUDA
Liquidez
80 PESOS DE DINERO DISPONIBLE POR SOBRE DEUDAS DE 40 PESOS = LIQUIDEZ DE DOS VECES EL VALOR DE LA DEUDA (80 ÷ 40 = 2) POR CADA PESO DE DEUDA SE DISPONE DE 2 PESOS PARA PAGO
Versión simplificada: EL INTERÉS DE DOS PESOS SOBRE UNA INVERSIÓN DE CIEN PESOS DA UNA RENTABILIDAD DE DOS POR CIENTO. ES DECIR, POR CADA CIEN PESOS GANAMOS DOS PESOS. LA DEUDA DE TREINTA PESOS SOBRE EL CAPITAL DE VEINTE PESOS RESULTA EN UNA DEUDA DE UNO PUNTO CINCO VECES EL CAPITAL. ES DECIR, POR CADA PESO DE CAPITAL HAY UNO PUNTO CINCO PESOS DE DEUDA. EN OCHENTA PESOS DE DINERO DISPONIBLE SOBRE DEUDAS DE CUARENTA PESOS DA UNA LIQUIDEZ DEL DOBLE DE LA DEUDA. POR CADA PESO ADEUDADO HAY DOS PESOS PARA PAGAR.

Texto: El resultado es aproximado a $300,000 en seis años.
Versión simplificada:",16.4873,success,,{},5112,few-shot,nancy,llama3_cfg_2,0.7,0.9,1.1,512,,,10,13,10,1,1,1,46.099409849409845,15.133218633429316,97.45538461538462,100.64,-3.184615384615384,1.3,0,0.6666666666666666,0,0.5384615384615384,0.4,88.40423076923078,97.155,-8.750769230769222,0.4827586206896552,0.2962962962962963,0.4827586206896552,0.8832859396934509,
exp_prompting_sample36_top4_20260505_022729,ad52232a-faf6-4bd1-bdf6-dc6b454d60f5,2026-05-05T02:49:08.444426,feina_repr30_test_sample36,,sample36,llama3,meta-llama/Meta-Llama-3-8B-Instruct,ollama,few-shot,R2,"[78, 1805, 3635, 5262]","{'temperature': 0.7, 'top_p': 0.9, 'repetition_penalty': 1.1, 'max_new_tokens': 512}",5187,Documente todos sus gastos e ingresos o compárelos con lo que usted planificó que iba a gastar en el mes.,Documente todos sus gastos e ingresos y compárelos con lo que usted planificó que iba a gastar en el mes.,Anota todo tus gastos y ingresos para compararlos con tu plan de gasto del mes.,"Reescribe en español cada texto con lenguaje más claro y sencillo.
Conserva el significado original y no inventes información.
Guía interna de simplificación: usa palabras comunes; evita tecnicismos innecesarios; reemplaza palabras difíciles por palabras simples; usa oraciones cortas; expresa una idea por oración; prefiere voz activa; divide oraciones largas.

Devuelve solo la versión final simplificada.

Ejemplo 1
Texto: A continuación una tabla donde se demuestra como crecen los ahorros al pasar los años: Edad Inversión Intereses Saldo Inversión Intereses Saldo Laura Ganados Alberto Ganados 22 $800 $80 $880 23 $800 $168 $1.232 Valor al Jubilarse $311.092 Valor al Jubilarse $263.232 Menos las contribuciones iniciales $6.400 Menos las contribuciones iniciales $28.800 Ganancia Neta $304.692 Ganancia Neta $234.
Versión simplificada: A continuación, presentamos una tabla donde se demuestra como crecen los ahorros al pasar los años. Las categorías en que se divide la tabla son edad, inversión, intereses ganados y saldo. La tabla contrasta las ganancias en intereses por año de Laura y Alberto con una proyección de edad de jubilación de sesenta y cinco años y según la cantidad de años que mantuvieron el ahorro.

Ejemplo 2
Texto: El varias veces mencionado Yager, nos dice acertadamente sobre estos aspectos lo siguiente: La mayoría de ustedes están hambrientos de tener libertad financiera, están hastiados de tener batallas financieras porque son como un carrusel.
Versión simplificada: Yager habla acertadamente sobre estos aspectos y dice que la mayoría ambiciona tener libertad financiera y está cansada de tener batallas financieras inútiles.

Ejemplo 3
Texto: De acuerdo con esta medición, la proporción de pobres en la población mundial quienes viven con menos de un dólar por día descendió levemente entre 1987 y 1993, pues pasó del 30% al 29%.
Versión simplificada: Según esta medición, la proporción de personas pobres en la población mundial descendió un poco entre mil novecientos ochenta y siete y mil novecientos noventa y tres. Es decir, el porcentaje de personas que vivían con menos de un dólar por día pasó del treinta al veintinueve por ciento.

Ejemplo 4
Texto: - Rentabilidad
INTERÉS DE 2 PESOS SOBRE UNA INVERSIÓN DE 100 PESOS = RENTABILIDAD DE 2 % ((2 ÷ 100) × 100 = 2%) POR CADA 100 PESOS SE GANAN 2 PESOS
Endeudamiento
DEUDA DE 30 PESOS POR SOBRE EL CAPITAL DE 20 PESOS = ENDEUDAMIENTO DE 1,5 VECES EL CAPITAL (30 ÷ 20 = 1,5) POR CADA PESO DE CAPITAL EXISTE 1,5 PESOS DE DEUDA
Liquidez
80 PESOS DE DINERO DISPONIBLE POR SOBRE DEUDAS DE 40 PESOS = LIQUIDEZ DE DOS VECES EL VALOR DE LA DEUDA (80 ÷ 40 = 2) POR CADA PESO DE DEUDA SE DISPONE DE 2 PESOS PARA PAGO
Versión simplificada: EL INTERÉS DE DOS PESOS SOBRE UNA INVERSIÓN DE CIEN PESOS DA UNA RENTABILIDAD DE DOS POR CIENTO. ES DECIR, POR CADA CIEN PESOS GANAMOS DOS PESOS. LA DEUDA DE TREINTA PESOS SOBRE EL CAPITAL DE VEINTE PESOS RESULTA EN UNA DEUDA DE UNO PUNTO CINCO VECES EL CAPITAL. ES DECIR, POR CADA PESO DE CAPITAL HAY UNO PUNTO CINCO PESOS DE DEUDA. EN OCHENTA PESOS DE DINERO DISPONIBLE SOBRE DEUDAS DE CUARENTA PESOS DA UNA LIQUIDEZ DEL DOBLE DE LA DEUDA. POR CADA PESO ADEUDADO HAY DOS PESOS PARA PAGAR.

Texto: Documente todos sus gastos e ingresos o compárelos con lo que usted planificó que iba a gastar en el mes.
Versión simplificada:",16.507,success,,{},5187,few-shot,nancy,llama3_cfg_2,0.7,0.9,1.1,512,,,20,15,20,1,1,1,13.470139251872999,4.7095307059916625,96.04,93.74000000000001,2.299999999999997,0.75,0,0.6847826086956522,0,0.7333333333333333,0.8,83.84833333333334,74.69500000000001,9.153333333333336,0.2777777777777778,0.0,0.2222222222222222,0.7821940779685974,
exp_prompting_sample36_top4_20260505_022729,2e5c31d4-0a85-4aee-8dfa-a50921dd10e8,2026-05-05T02:49:25.175042,feina_repr30_test_sample36,,sample36,llama3,meta-llama/Meta-Llama-3-8B-Instruct,ollama,zero-shot,R0,[],"{'temperature': 0.2, 'top_p': 0.85, 'repetition_penalty': 1.05, 'max_new_tokens': 256}",550,"No tiene incentivos ni motivación, dos elementos esenciales en ambientes de competencia.",No tiene sentido ni motivación. Estos elementos son esenciales para la competencia.,"No tiene motivos ni ganas, dos cosas importantes en un lugar competitivo.","Reescribe en español el siguiente texto con lenguaje más claro y sencillo.
Conserva el significado original y no inventes información.

Devuelve solo la versión final simplificada.

Texto:
No tiene incentivos ni motivación, dos elementos esenciales en ambientes de competencia.

Versión simplificada:",8.9054,success,,{},550,zero-shot,hariel,hariel_llama3_cfg_1,0.2,0.85,1.05,256,,,12,12,12,1,1,2,35.43345543345543,6.754312828675707,73.34,48.34,25.0,1.0,0,0.5590062111801242,0,0.5833333333333334,0.5833333333333334,65.04333333333335,39.08500000000001,25.958333333333343,0.24000000000000002,0.08695652173913043,0.24000000000000002,0.7703109383583069,
exp_prompting_sample36_top4_20260505_022729,f76959dd-4d0c-4f69-9102-0f9d8ec8a6bd,2026-05-05T02:49:34.313486,feina_repr30_test_sample36,,sample36,llama3,meta-llama/Meta-Llama-3-8B-Instruct,ollama,zero-shot,R0,[],"{'temperature': 0.2, 'top_p': 0.85, 'repetition_penalty': 1.05, 'max_new_tokens': 256}",571,"En los procesos de importaciones y exportaciones intervienen, además de clientes y proveedores, instituciones del Estado y los bancos, tal como se indica en el siguiente recuadro:",Clientes y proveedores intervienen en las importancias y exportaciones. También lo hacen las instituciones estatales y los banco como se indica a continuación:,"Involucran instituciones del Estado y bancos, además de clientes y proveedores, en las operaciones de importación y exportación.","Reescribe en español el siguiente texto con lenguaje más claro y sencillo.
Conserva el significado original y no inventes información.

Devuelve solo la versión final simplificada.

Texto:
En los procesos de importaciones y exportaciones intervienen, además de clientes y proveedores, instituciones del Estado y los bancos, tal como se indica en el siguiente recuadro:

Versión simplificada:",11.7374,success,,{},571,zero-shot,hariel,hariel_llama3_cfg_1,0.2,0.85,1.05,256,,,27,18,23,1,1,2,35.90200273770254,5.049122311941813,54.50666666666668,69.72888888888889,-15.222222222222207,0.6666666666666666,0,0.48859934853420195,0,0.2777777777777778,0.5185185185185185,36.54611111111112,41.39055555555555,-4.844444444444434,0.43478260869565216,0.13636363636363635,0.34782608695652173,0.7503994107246399,
exp_prompting_sample36_top4_20260505_022729,a2f683da-253b-4373-98b8-3c962a3c10b5,2026-05-05T02:49:46.283237,feina_repr30_test_sample36,,sample36,llama3,meta-llama/Meta-Llama-3-8B-Instruct,ollama,zero-shot,R0,[],"{'temperature': 0.2, 'top_p': 0.85, 'repetition_penalty': 1.05, 'max_new_tokens': 256}",885,"El robo de identidad ocurre cuando su información personal, tal como su nombre, número de cuenta, o número de cédula de identidad se usan sin su conocimiento para cometer un fraude o robo.","El robo de identidad ocurre cuando su información personal como su nombre, número de cuenta, o número de cédula de identidad se usan sin su conocimiento para cometer un fraude o robo.","El robo de identidad es cuando alguien usa su información personal, como su nombre y número de identificación, sin su permiso para hacer trucos malos.","Reescribe en español el siguiente texto con lenguaje más claro y sencillo.
Conserva el significado original y no inventes información.

Devuelve solo la versión final simplificada.

Texto:
El robo de identidad ocurre cuando su información personal, tal como su nombre, número de cuenta, o número de cédula de identidad se usan sin su conocimiento para cometer un fraude o robo.

Versión simplificada:",12.4156,success,,{},885,zero-shot,hariel,hariel_llama3_cfg_1,0.2,0.85,1.05,256,,,33,25,32,1,1,1,17.83053787546036,15.04290167793056,77.96000000000001,81.9309090909091,-3.970909090909089,0.7575757575757576,0,0.6745562130177515,0,0.36,0.5151515151515151,52.251000000000005,47.34712121212122,4.9038787878787815,0.5937499999999999,0.3870967741935484,0.5937499999999999,0.8358150124549866,
exp_prompting_sample36_top4_20260505_022729,61e509ba-3850-4c25-9772-f20c2746082b,2026-05-05T02:49:58.919829,feina_repr30_test_sample36,,sample36,llama3,meta-llama/Meta-Llama-3-8B-Instruct,ollama,zero-shot,R0,[],"{'temperature': 0.2, 'top_p': 0.85, 'repetition_penalty': 1.05, 'max_new_tokens': 256}",1193,"Los sueños de los niños tienen una gran variedad que va desde Tarzán hasta el Agente 007, pasando por Superman.",Los sueños de los niños son variados y van desde Tarzán hasta el Agente 007 y Superman.,"Los niños soñan con muchas cosas, como ser Tarzán, un agente secreto o Superman.","Reescribe en español el siguiente texto con lenguaje más claro y sencillo.
Conserva el significado original y no inventes información.

Devuelve solo la versión final simplificada.

Texto:
Los sueños de los niños tienen una gran variedad que va desde Tarzán hasta el Agente 007, pasando por Superman.

Versión simplificada:",9.7197,success,,{},1193,zero-shot,hariel,hariel_llama3_cfg_1,0.2,0.85,1.05,256,,,20,14,17,1,1,1,33.080808080808076,5.422832877388758,88.12571428571428,99.74000000000001,-11.614285714285728,0.7,0,0.4607329842931937,0,0.6428571428571429,0.75,77.135,80.92500000000001,-3.7900000000000063,0.37837837837837834,0.17142857142857143,0.37837837837837834,0.8057385683059692,
exp_prompting_sample36_top4_20260505_022729,c28743a1-ed5c-4aae-8e0d-956dece53849,2026-05-05T02:50:08.867859,feina_repr30_test_sample36,,sample36,llama3,meta-llama/Meta-Llama-3-8B-Instruct,ollama,zero-shot,R0,[],"{'temperature': 0.2, 'top_p': 0.85, 'repetition_penalty': 1.05, 'max_new_tokens': 256}",1391,Expresiones como soborno y cohecho se refieren a ilícitos vinculados a la compra de la voluntad de un individuo para provecho personal.,Expresiones como soborno y cohecho se refieren a delitos vinculados a comprar la voluntad de alguien para provecho personal.,Corrupción y soborno son tipos de delitos que involucran comprar la lealtad de alguien para beneficio propio.,"Reescribe en español el siguiente texto con lenguaje más claro y sencillo.
Conserva el significado original y no inventes información.

Devuelve solo la versión final simplificada.

Texto:
Expresiones como soborno y cohecho se refieren a ilícitos vinculados a la compra de la voluntad de un individuo para provecho personal.

Versión simplificada:",10.8901,success,,{},1391,zero-shot,hariel,hariel_llama3_cfg_1,0.2,0.85,1.05,256,,,22,17,19,1,1,1,32.12861457218359,10.419462900243012,77.31058823529413,68.56727272727274,8.743315508021396,0.7727272727272727,0,0.5,0,0.6470588235294118,0.7272727272727273,61.57029411764708,46.07590909090911,15.494385026737973,0.43243243243243246,0.17142857142857143,0.37837837837837834,0.844789445400238,
exp_prompting_sample36_top4_20260505_022729,a2d10a3d-5612-4487-bb7f-0a8533b7a34c,2026-05-05T02:50:19.990915,feina_repr30_test_sample36,,sample36,llama3,meta-llama/Meta-Llama-3-8B-Instruct,ollama,zero-shot,R0,[],"{'temperature': 0.2, 'top_p': 0.85, 'repetition_penalty': 1.05, 'max_new_tokens': 256}",1399,"DIRECCIÓN DE PRESUPUESTO (DIPRES): ""formula y lleva el control presupuestario de la nación.""",DIRECCIÓN DE PRESUPUESTO: formula y lleva el control presupuestario de la nación.,La Dirección de Presupuesto (DIPRES) es responsable de crear y controlar el presupuesto nacional.,"Reescribe en español el siguiente texto con lenguaje más claro y sencillo.
Conserva el significado original y no inventes información.

Devuelve solo la versión final simplificada.

Texto:
DIRECCIÓN DE PRESUPUESTO (DIPRES): ""formula y lleva el control presupuestario de la nación.""

Versión simplificada:",10.0817,success,,{},1399,zero-shot,hariel,hariel_llama3_cfg_1,0.2,0.85,1.05,256,,,13,14,12,1,1,1,23.109862359862362,3.2342452920962157,70.98285714285716,69.76307692307694,1.219780219780219,1.0769230769230769,0,0.48677248677248675,0,0.42857142857142855,0.38461538461538464,59.33500000000001,59.65038461538464,-0.31538461538463025,0.5517241379310344,0.22222222222222224,0.4137931034482759,0.7211141586303711,
exp_prompting_sample36_top4_20260505_022729,d68065f3-d2b2-4890-acb0-951404c86764,2026-05-05T02:50:30.292347,feina_repr30_test_sample36,,sample36,llama3,meta-llama/Meta-Llama-3-8B-Instruct,ollama,zero-shot,R0,[],"{'temperature': 0.2, 'top_p': 0.85, 'repetition_penalty': 1.05, 'max_new_tokens': 256}",1636,"Interés compuesto: Es la suma del capital y el interés acumulado, que se va multiplicando según los plazos convenidos. La tasa de interés es el porcentaje que se aplica a un préstamo o inversión realizada.",El interés compuesto es la suma del capital y el interés acumulado. La tasa de interés es el porcentaje aplicado a un préstamo o inversión realizada.,Interés compuesto: Es el capital inicial más el interés que se acumula y crece según el plazo de pago. La tasa de interés es el porcentaje que se aplica a un préstamo o inversión.,"Reescribe en español el siguiente texto con lenguaje más claro y sencillo.
Conserva el significado original y no inventes información.

Devuelve solo la versión final simplificada.

Texto:
Interés compuesto: Es la suma del capital y el interés acumulado, que se va multiplicando según los plazos convenidos. La tasa de interés es el porcentaje que se aplica a un préstamo o inversión realizada.

Versión simplificada:",15.4988,success,,{},1636,zero-shot,hariel,hariel_llama3_cfg_1,0.2,0.85,1.05,256,,,35,34,26,2,2,2,39.079752813537425,30.85361475730496,89.6635294117647,77.58285714285716,12.080672268907534,0.9714285714285714,0,0.7760416666666666,0,0.2647058823529412,0.2857142857142857,74.39676470588236,61.17500000000004,13.221764705882322,0.6944444444444445,0.5142857142857143,0.638888888888889,0.8718686699867249,
exp_prompting_sample36_top4_20260505_022729,ff082dd8-4173-4c46-a110-843dfdc185fe,2026-05-05T02:50:46.022860,feina_repr30_test_sample36,,sample36,llama3,meta-llama/Meta-Llama-3-8B-Instruct,ollama,zero-shot,R0,[],"{'temperature': 0.2, 'top_p': 0.85, 'repetition_penalty': 1.05, 'max_new_tokens': 256}",1740,La producción en un país se realiza mediante lo que se conoce como factores de producción y de los cuales nos ocuparemos en detalle más adelante.,A través de los factores de producción se realiza la producción en un país. Más adelante nos ocuparemos en detalle de estos factores.,La producción en un país se hace con ayuda de ciertas cosas llamadas factores de producción.,"Reescribe en español el siguiente texto con lenguaje más claro y sencillo.
Conserva el significado original y no inventes información.

Devuelve solo la versión final simplificada.

Texto:
La producción en un país se realiza mediante lo que se conoce como factores de producción y de los cuales nos ocuparemos en detalle más adelante.

Versión simplificada:",9.3047,success,,{},1740,zero-shot,hariel,hariel_llama3_cfg_1,0.2,0.85,1.05,256,,,26,16,23,1,1,2,50.740458372037324,14.140080803207768,91.715,89.84000000000002,1.8749999999999858,0.6153846153846154,0,0.5316455696202531,0,0.375,0.6153846153846154,77.91625000000002,63.42346153846155,14.492788461538467,0.5531914893617021,0.4,0.3829787234042553,0.7991281151771545,
exp_prompting_sample36_top4_20260505_022729,c1cc4249-54d9-4649-8edb-615ac1bb47bb,2026-05-05T02:50:55.547845,feina_repr30_test_sample36,,sample36,llama3,meta-llama/Meta-Llama-3-8B-Instruct,ollama,zero-shot,R0,[],"{'temperature': 0.2, 'top_p': 0.85, 'repetition_penalty': 1.05, 'max_new_tokens': 256}",1742,"A pesar de que algunos critican al intermediario, se necesita a este individuo en la economía.","Aunque algunas personas critican al intermediario, este individuo es necesario en la economía.","Aunque algunos critican al intermediario, es importante en la economía.","Reescribe en español el siguiente texto con lenguaje más claro y sencillo.
Conserva el significado original y no inventes información.

Devuelve solo la versión final simplificada.

Texto:
A pesar de que algunos critican al intermediario, se necesita a este individuo en la economía.

Versión simplificada:",8.6231,success,,{},1742,zero-shot,hariel,hariel_llama3_cfg_1,0.2,0.85,1.05,256,,,16,10,13,1,1,1,62.73490133403984,34.91665073071338,46.64,69.215,-22.575000000000003,0.625,0,0.7636363636363637,0,0.3,0.5625,41.08500000000001,54.55375000000001,-13.46875,0.7200000000000001,0.4347826086956522,0.7200000000000001,0.9135756492614746,
exp_prompting_sample36_top4_20260505_022729,d9d2e6d6-ba08-48f4-a036-ae862bcccbe3,2026-05-05T02:51:04.387436,feina_repr30_test_sample36,,sample36,llama3,meta-llama/Meta-Llama-3-8B-Instruct,ollama,zero-shot,R0,[],"{'temperature': 0.2, 'top_p': 0.85, 'repetition_penalty': 1.05, 'max_new_tokens': 256}",1790,El impuesto a los réditos es también un buen instrumento para conocer el monto de las rentas y de la riqueza nacional.,El impuesto a las utilidades también es un buen método para conocer el monto de las rentas y de la riqueza nacional.,El impuesto a los réditos ayuda a saber cuánto se gana y cuánta riqueza hay en un país.,"Reescribe en español el siguiente texto con lenguaje más claro y sencillo.
Conserva el significado original y no inventes información.

Devuelve solo la versión final simplificada.

Texto:
El impuesto a los réditos es también un buen instrumento para conocer el monto de las rentas y de la riqueza nacional.

Versión simplificada:",11.1345,success,,{},1790,zero-shot,hariel,hariel_llama3_cfg_1,0.2,0.85,1.05,256,,,22,18,22,1,1,1,20.285103488192345,7.545627124231675,101.17333333333332,95.84,5.333333333333314,0.8181818181818182,0,0.526829268292683,0,0.5555555555555556,0.6363636363636364,85.00166666666668,74.39409090909092,10.60757575757576,0.2608695652173913,0.0909090909090909,0.21739130434782608,0.773234486579895,
exp_prompting_sample36_top4_20260505_022729,777b4546-7189-4915-b36a-be008f442b48,2026-05-05T02:51:15.733606,feina_repr30_test_sample36,,sample36,llama3,meta-llama/Meta-Llama-3-8B-Instruct,ollama,zero-shot,R0,[],"{'temperature': 0.2, 'top_p': 0.85, 'repetition_penalty': 1.05, 'max_new_tokens': 256}",1920,"También es de mucha ayuda separar las metas en tres períodos de tiempo para los propósitos de planeamiento, y aun cuando esto ya se trató en el capítulo anterior, se reitera tan importante aspecto, centrados en el tema del presente y con la intención de reforzar el manejo del mismo:","También ayuda separar las metas en tres períodos de tiempo para cumplir con los propósitos planteados. Aunque este aspecto ya se trató en el capítulo anterior, reiteramos su importancia:",Divide tus metas en tres periodos de tiempo para planificar mejor.,"Reescribe en español el siguiente texto con lenguaje más claro y sencillo.
Conserva el significado original y no inventes información.

Devuelve solo la versión final simplificada.

Texto:
También es de mucha ayuda separar las metas en tres períodos de tiempo para los propósitos de planeamiento, y aun cuando esto ya se trató en el capítulo anterior, se reitera tan importante aspecto, centrados en el tema del presente y con la intención de reforzar el manejo del mismo:

Versión simplificada:",8.9225,success,,{},1920,zero-shot,hariel,hariel_llama3_cfg_1,0.2,0.85,1.05,256,,,50,11,29,1,1,2,37.670017890606125,4.161608876385221,77.56727272727272,92.0,-14.432727272727277,0.22,0,0.32664756446991405,0,0.45454545454545453,0.88,71.23500000000001,39.71100000000003,31.523999999999987,0.2727272727272727,0.19047619047619047,0.2727272727272727,0.7276546359062195,
exp_prompting_sample36_top4_20260505_022729,784268e1-59b7-42de-9c6c-886951f67d67,2026-05-05T02:51:24.877014,feina_repr30_test_sample36,,sample36,llama3,meta-llama/Meta-Llama-3-8B-Instruct,ollama,zero-shot,R0,[],"{'temperature': 0.2, 'top_p': 0.85, 'repetition_penalty': 1.05, 'max_new_tokens': 256}",2027,Seguridad financiera: Consiste en cumplir con las necesidades que se presentan en el futuro de las personas y al mismo tiempo cumplir con las obligaciones diarias.,"Seguridad financiera, consiste en cumplir con las necesidades económicas que se presentan en el futuro de las personas y también cumplir con las obligaciones financieras diarias.",Seguridad financiera: Es tener suficiente dinero para cubrir tus necesidades actuales y futuras.,"Reescribe en español el siguiente texto con lenguaje más claro y sencillo.
Conserva el significado original y no inventes información.

Devuelve solo la versión final simplificada.

Texto:
Seguridad financiera: Consiste en cumplir con las necesidades que se presentan en el futuro de las personas y al mismo tiempo cumplir con las obligaciones diarias.

Versión simplificada:",10.2243,success,,{},2027,zero-shot,hariel,hariel_llama3_cfg_1,0.2,0.85,1.05,256,,,26,13,26,1,1,1,19.96771996771997,2.7780846835816564,37.45538461538464,80.60923076923079,-43.15384615384615,0.5,0,0.47876447876447875,0,0.6923076923076923,0.8461538461538461,26.10423076923078,53.83884615384618,-27.734615384615395,0.1951219512195122,0.05128205128205128,0.1951219512195122,0.7698983550071716,
exp_prompting_sample36_top4_20260505_022729,76106fd9-c1e3-4381-bd10-ee1c1657f32f,2026-05-05T02:51:35.326971,feina_repr30_test_sample36,,sample36,llama3,meta-llama/Meta-Llama-3-8B-Instruct,ollama,zero-shot,R0,[],"{'temperature': 0.2, 'top_p': 0.85, 'repetition_penalty': 1.05, 'max_new_tokens': 256}",2065,"La última, pero no menos importante razón, puede ser encontrar un fascinante campo de acción intelectual para comprender el mundo real.",La última es encontrar un campo de acción intelectual para comprender el mundo real.,Encontrar un tema interesante que te ayude a entender el mundo.,"Reescribe en español el siguiente texto con lenguaje más claro y sencillo.
Conserva el significado original y no inventes información.

Devuelve solo la versión final simplificada.

Texto:
La última, pero no menos importante razón, puede ser encontrar un fascinante campo de acción intelectual para comprender el mundo real.

Versión simplificada:",8.8728,success,,{},2065,zero-shot,hariel,hariel_llama3_cfg_1,0.2,0.85,1.05,256,,,21,11,14,1,1,1,31.905948121919085,6.272848091762075,72.11272727272728,76.26857142857142,-4.155844155844136,0.5238095238095238,0,0.43434343434343436,0,0.6363636363636364,0.8095238095238095,65.57136363636366,55.30166666666668,10.26969696969698,0.30769230769230765,0.16666666666666666,0.30769230769230765,0.7819425463676453,
exp_prompting_sample36_top4_20260505_022729,c00a6e67-6909-42ba-869d-384918ce0067,2026-05-05T02:51:44.416792,feina_repr30_test_sample36,,sample36,llama3,meta-llama/Meta-Llama-3-8B-Instruct,ollama,zero-shot,R0,[],"{'temperature': 0.2, 'top_p': 0.85, 'repetition_penalty': 1.05, 'max_new_tokens': 256}",2365,"Si el entusiasmo, y esto no es idealismo ramplón, se orienta hacia la salud, la belleza, el éxito, la felicidad, lo más probable es que se obtenga la salud, la belleza, el éxito y la felicidad.","Si el entusiasmo se dirige hacia la salud, la belleza, el éxito, la felicidad es probable que los consigamos.","Si se enfoca el entusiasmo en la salud, la belleza, el éxito y la felicidad, es probable que se alcance esos objetivos.","Reescribe en español el siguiente texto con lenguaje más claro y sencillo.
Conserva el significado original y no inventes información.

Devuelve solo la versión final simplificada.

Texto:
Si el entusiasmo, y esto no es idealismo ramplón, se orienta hacia la salud, la belleza, el éxito, la felicidad, lo más probable es que se obtenga la salud, la belleza, el éxito y la felicidad.

Versión simplificada:",12.4614,success,,{},2365,zero-shot,hariel,hariel_llama3_cfg_1,0.2,0.85,1.05,256,,,36,22,19,1,1,1,55.16178709744872,37.78683124101887,84.93090909090908,92.34,-7.409090909090921,0.6111111111111112,0,0.4230769230769231,0,0.22727272727272727,0.5277777777777778,63.06681818181819,54.887777777777785,8.179040404040407,0.7317073170731707,0.5128205128205129,0.6829268292682926,0.8782752156257629,
exp_prompting_sample36_top4_20260505_022729,872f6334-27e8-4360-8450-55fd0b96dd2a,2026-05-05T02:51:57.118930,feina_repr30_test_sample36,,sample36,llama3,meta-llama/Meta-Llama-3-8B-Instruct,ollama,zero-shot,R0,[],"{'temperature': 0.2, 'top_p': 0.85, 'repetition_penalty': 1.05, 'max_new_tokens': 256}",2449,"En la segunda etapa de programación, se definen los objetivos y se fijan las metas o resultados esperados, que deben ser lo más específicos y precisos posibles, para tener claridad en lo que se trata de alcanzar con las inversiones por realizar; por ejemplo, los tipos de inversión y los montos que se pretenden lograr en un tiempo definido y otros que pueden describirse en términos de logro o resultados que se desean alcanzar.","En la segunda etapa de programación, se definen los objetivos y se fijan las metas específicas.","En la segunda etapa, se establecen objetivos claros y específicos para saber qué se quiere lograr con las inversiones. Por ejemplo, se define qué tipo de inversión se va a hacer y cuánto se pretende lograr en un tiempo determinado.","Reescribe en español el siguiente texto con lenguaje más claro y sencillo.
Conserva el significado original y no inventes información.

Devuelve solo la versión final simplificada.

Texto:
En la segunda etapa de programación, se definen los objetivos y se fijan las metas o resultados esperados, que deben ser lo más específicos y precisos posibles, para tener claridad en lo que se trata de alcanzar con las inversiones por realizar; por ejemplo, los tipos de inversión y los montos que se pretenden lograr en un tiempo definido y otros que pueden describirse en términos de logro o resultados que se desean alcanzar.

Versión simplificada:",17.0487,success,,{},2449,zero-shot,hariel,hariel_llama3_cfg_1,0.2,0.85,1.05,256,,,74,40,16,1,2,1,38.534532172435114,7.3676542739374336,83.24000000000001,90.32648648648652,-7.086486486486507,0.5405405405405406,1,0.1696969696969697,0,0.375,0.6621621621621622,63.792500000000004,13.286351351351371,50.50614864864863,0.3934426229508197,0.13559322033898302,0.29508196721311475,0.7701020836830139,
exp_prompting_sample36_top4_20260505_022729,b9a1c19c-dbc8-410d-9982-e2d10e3bb440,2026-05-05T02:52:14.386698,feina_repr30_test_sample36,,sample36,llama3,meta-llama/Meta-Llama-3-8B-Instruct,ollama,zero-shot,R0,[],"{'temperature': 0.2, 'top_p': 0.85, 'repetition_penalty': 1.05, 'max_new_tokens': 256}",2550,Estas tarjetas acarrean pocos riesgos y te ayudan a crear buenos antecedentes crediticios al mostrar tu capacidad para usar una tarjeta con responsabilidad.,Estas tarjetas traen pocos riesgos y ayudan a crear buen historial crediticio.,Estas tarjetas tienen poco peligro y te ayudan a construir un buen historial crediticio demostrando que puedes usar una tarjeta de manera responsable.,"Reescribe en español el siguiente texto con lenguaje más claro y sencillo.
Conserva el significado original y no inventes información.

Devuelve solo la versión final simplificada.

Texto:
Estas tarjetas acarrean pocos riesgos y te ayudan a crear buenos antecedentes crediticios al mostrar tu capacidad para usar una tarjeta con responsabilidad.

Versión simplificada:",12.6932,success,,{},2550,zero-shot,hariel,hariel_llama3_cfg_1,0.2,0.85,1.05,256,,,23,23,12,1,1,1,41.43890999984134,9.165852474742529,69.36173913043478,61.535652173913036,7.826086956521749,1.0,0,0.673202614379085,0,0.6086956521739131,0.6086956521739131,45.69152173913045,37.56543478260869,8.12608695652176,0.4571428571428571,0.24242424242424246,0.4571428571428571,0.8629228472709656,
exp_prompting_sample36_top4_20260505_022729,9253a1ef-309e-4982-8a67-74076275e3e6,2026-05-05T02:52:27.310171,feina_repr30_test_sample36,,sample36,llama3,meta-llama/Meta-Llama-3-8B-Instruct,ollama,zero-shot,R0,[],"{'temperature': 0.2, 'top_p': 0.85, 'repetition_penalty': 1.05, 'max_new_tokens': 256}",2657,"Adicionalmente, el canal móvil (celulares) es de alto potencial para utilizar pagos a través de mensajería de texto SMS permitiendo, desde cualquier lugar donde se tenga acceso al servicio inalámbrico, realizar pagos electrónicos.","Además, los celulares permiten realizar pagos electrónicos desde cualquier lugar con acceso al servicio inalámbrico.",Puedes pagar con tu móvil desde cualquier lugar con conexión a internet.,"Reescribe en español el siguiente texto con lenguaje más claro y sencillo.
Conserva el significado original y no inventes información.

Devuelve solo la versión final simplificada.

Texto:
Adicionalmente, el canal móvil (celulares) es de alto potencial para utilizar pagos a través de mensajería de texto SMS permitiendo, desde cualquier lugar donde se tenga acceso al servicio inalámbrico, realizar pagos electrónicos.

Versión simplificada:",8.8768,success,,{},2657,zero-shot,hariel,hariel_llama3_cfg_1,0.2,0.85,1.05,256,,,33,12,15,1,1,1,45.28603782788161,15.032178405940607,88.34000000000002,60.112727272727284,28.227272727272734,0.36363636363636365,0,0.31125827814569534,0,0.5833333333333334,0.8484848484848485,80.61833333333335,24.692575757575753,55.9257575757576,0.25,0.20000000000000004,0.25,0.7834451198577881,
exp_prompting_sample36_top4_20260505_022729,4b581171-1976-4f33-8c75-211a82b2bd4f,2026-05-05T02:52:36.428124,feina_repr30_test_sample36,,sample36,llama3,meta-llama/Meta-Llama-3-8B-Instruct,ollama,zero-shot,R0,[],"{'temperature': 0.2, 'top_p': 0.85, 'repetition_penalty': 1.05, 'max_new_tokens': 256}",2703,"Existen varias modalidades de cheques, como lo mencionan los mismos Alonso, Brailovsky y Ortiz (1999).","Según Alonso, Brailovsky y Ortiz (mil novecientos noventa y nueve) hay varias modalidades de cheques.",Existen diferentes tipos de cheques.,"Reescribe en español el siguiente texto con lenguaje más claro y sencillo.
Conserva el significado original y no inventes información.

Devuelve solo la versión final simplificada.

Texto:
Existen varias modalidades de cheques, como lo mencionan los mismos Alonso, Brailovsky y Ortiz (1999).

Versión simplificada:",6.9251,success,,{},2703,zero-shot,hariel,hariel_llama3_cfg_1,0.2,0.85,1.05,256,,,15,5,15,1,1,1,32.350278233898926,3.4612527278913885,42.440000000000005,80.04,-37.6,0.3333333333333333,0,0.36231884057971014,0,0.4,0.8,52.315000000000026,67.23500000000001,-14.919999999999987,0.19047619047619047,0.10526315789473685,0.19047619047619047,0.7003790140151978,
exp_prompting_sample36_top4_20260505_022729,12318a95-d3fa-47ea-ac5c-753946a87bfe,2026-05-05T02:52:43.573041,feina_repr30_test_sample36,,sample36,llama3,meta-llama/Meta-Llama-3-8B-Instruct,ollama,zero-shot,R0,[],"{'temperature': 0.2, 'top_p': 0.85, 'repetition_penalty': 1.05, 'max_new_tokens': 256}",2732,"La mayor ventaja es la flexibilidad que le da al usuario, quien puede pagar sus saldos por completo cada mes o puede pagar en parte.",La mayor ventaja es la flexibilidad para el usuario. Quien puede pagar sus saldos completos o en parte mensualmente.,Puedes pagar tus saldos completamente cada mes o pagarlos parcialmente.,"Reescribe en español el siguiente texto con lenguaje más claro y sencillo.
Conserva el significado original y no inventes información.

Devuelve solo la versión final simplificada.

Texto:
La mayor ventaja es la flexibilidad que le da al usuario, quien puede pagar sus saldos por completo cada mes o puede pagar en parte.

Versión simplificada:",8.5893,success,,{},2732,zero-shot,hariel,hariel_llama3_cfg_1,0.2,0.85,1.05,256,,,25,10,19,1,1,2,27.66150919493943,2.135381832890699,58.64000000000003,99.56,-40.91999999999997,0.4,0,0.5123152709359606,0,0.5,0.8,53.545000000000016,74.67900000000002,-21.134,0.20689655172413793,0.0,0.20689655172413793,0.7452418804168701,
exp_prompting_sample36_top4_20260505_022729,dc53822e-8afa-41b4-a7f1-ff5e4c0012bd,2026-05-05T02:52:52.378096,feina_repr30_test_sample36,,sample36,llama3,meta-llama/Meta-Llama-3-8B-Instruct,ollama,zero-shot,R0,[],"{'temperature': 0.2, 'top_p': 0.85, 'repetition_penalty': 1.05, 'max_new_tokens': 256}",2947,"El dinero que inviertes inicialmente se denomina ""capital"".",El capital es el dinero invertido inicialmente.,"El dinero que pones al principio se llama ""capital"".","Reescribe en español el siguiente texto con lenguaje más claro y sencillo.
Conserva el significado original y no inventes información.

Devuelve solo la versión final simplificada.

Texto:
El dinero que inviertes inicialmente se denomina ""capital"".

Versión simplificada:",7.6435,success,,{},2947,zero-shot,hariel,hariel_llama3_cfg_1,0.2,0.85,1.05,256,,,8,9,7,1,1,1,32.006512006512004,4.789232204309912,82.17333333333335,36.59,45.58333333333334,1.125,0,0.7027027027027027,0,0.4444444444444444,0.375,80.15722222222225,35.297500000000014,44.85972222222223,0.375,0.14285714285714288,0.25,0.7941129803657532,
exp_prompting_sample36_top4_20260505_022729,36eefc07-6963-4c74-ab51-f7f1c2629a8c,2026-05-05T02:53:00.239226,feina_repr30_test_sample36,,sample36,llama3,meta-llama/Meta-Llama-3-8B-Instruct,ollama,zero-shot,R0,[],"{'temperature': 0.2, 'top_p': 0.85, 'repetition_penalty': 1.05, 'max_new_tokens': 256}",3320,"Existen modelos cuantitativos que permiten determinar de manera técnica el valor de la tasa de descuento como el CAPM1 y el WACC2 (Bell, 2016), los cuales no se incluyen en el presente documento; no obstante, la determinación subjetiva de la tasa de descuento exigida por el accionista puede utilizarse ante la falta de información de los mencionados modelos.","Hay modelos cuantitativos para determinar técnicamente el valor de la tasa de descuento, pero no se incluyen en este documento. Sin embargo, la determinación subjetiva de la tasa de descuento exigida por el accionista se puede utilizar ante la falta de información de esos modelos.","Existen métodos que permiten calcular el valor de la tasa de descuento, como CAPM y WACC. Sin embargo, si no se tienen esos datos, se puede utilizar una estimación subjetiva de la tasa de descuento que los accionistas requieren.","Reescribe en español el siguiente texto con lenguaje más claro y sencillo.
Conserva el significado original y no inventes información.

Devuelve solo la versión final simplificada.

Texto:
Existen modelos cuantitativos que permiten determinar de manera técnica el valor de la tasa de descuento como el CAPM1 y el WACC2 (Bell, 2016), los cuales no se incluyen en el presente documento; no obstante, la determinación subjetiva de la tasa de descuento exigida por el accionista puede utilizarse ante la falta de información de los mencionados modelos.

Versión simplificada:",17.1932,success,,{},3320,zero-shot,hariel,hariel_llama3_cfg_1,0.2,0.85,1.05,256,,,58,39,45,1,2,2,52.15205502194143,31.82433800388689,84.68615384615387,80.94344827586207,3.742705570291804,0.6724137931034483,1,0.23509369676320271,0,0.4358974358974359,0.6206896551724138,65.92987179487181,19.938448275862072,45.99142351900974,0.49438202247191015,0.36781609195402304,0.35955056179775274,0.8445338010787964,
exp_prompting_sample36_top4_20260505_022729,5b383cc5-6257-45ef-b98b-702a477ab4c8,2026-05-05T02:53:17.652192,feina_repr30_test_sample36,,sample36,llama3,meta-llama/Meta-Llama-3-8B-Instruct,ollama,zero-shot,R0,[],"{'temperature': 0.2, 'top_p': 0.85, 'repetition_penalty': 1.05, 'max_new_tokens': 256}",3396,"Particularmente, se observa que el escenario 3 es el único que presenta una situación que no sea rentable.",El escenario tres es el único que presenta una situación no rentable.,El escenario 3 es el único que no es rentable.,"Reescribe en español el siguiente texto con lenguaje más claro y sencillo.
Conserva el significado original y no inventes información.

Devuelve solo la versión final simplificada.

Texto:
Particularmente, se observa que el escenario 3 es el único que presenta una situación que no sea rentable.

Versión simplificada:",8.2325,success,,{},3396,zero-shot,hariel,hariel_llama3_cfg_1,0.2,0.85,1.05,256,,,18,10,12,1,1,1,42.80578218078218,27.22179122549562,100.64,81.17333333333333,19.46666666666667,0.5555555555555556,0,0.5789473684210527,0,0.1,0.5,97.155,64.23500000000001,32.91999999999999,0.6956521739130435,0.380952380952381,0.6956521739130435,0.9213137626647949,
exp_prompting_sample36_top4_20260505_022729,1cec5652-1e23-45f0-93b2-3c9c7d103403,2026-05-05T02:53:26.132752,feina_repr30_test_sample36,,sample36,llama3,meta-llama/Meta-Llama-3-8B-Instruct,ollama,zero-shot,R0,[],"{'temperature': 0.2, 'top_p': 0.85, 'repetition_penalty': 1.05, 'max_new_tokens': 256}",3404,"Obtenga el rendimiento de un bono de $10,000 que paga el 6.",Saque el rendimiento de un bono de diez mil dólares que paga el seis.,"Recibe $600 al año por un inversion de $10,000.","Reescribe en español el siguiente texto con lenguaje más claro y sencillo.
Conserva el significado original y no inventes información.

Devuelve solo la versión final simplificada.

Texto:
Obtenga el rendimiento de un bono de $10,000 que paga el 6.

Versión simplificada:",8.5943,success,,{},3404,zero-shot,hariel,hariel_llama3_cfg_1,0.2,0.85,1.05,256,,,13,10,14,1,1,1,22.392103940091555,3.471023784089875,124.64,120.53230769230768,4.107692307692318,0.7692307692307693,0,0.4716981132075472,0,0.6,0.6923076923076923,122.07500000000002,112.36576923076925,9.709230769230771,0.15384615384615383,0.0,0.15384615384615383,0.7464262843132019,
exp_prompting_sample36_top4_20260505_022729,6e9bff94-97e8-44af-a224-3f4bab02b153,2026-05-05T02:53:34.954531,feina_repr30_test_sample36,,sample36,llama3,meta-llama/Meta-Llama-3-8B-Instruct,ollama,zero-shot,R0,[],"{'temperature': 0.2, 'top_p': 0.85, 'repetition_penalty': 1.05, 'max_new_tokens': 256}",3570,"De partida, el tema concierne a todos los individuos y durante toda la vida, pues las finanzas explican la procedencia y uso de los ingresos y recursos que se disponen para satisfacer las necesidades particulares de todas y todos.",El tema interesa a todas las personas. Porque las finanzas explican el origen y uso de los ingresos disponibles para satisfacer las necesidades de todos.,"Las finanzas son importantes para todos desde el principio de la vida, porque nos ayudan a entender cómo ganamos y gastamos dinero para satisfacer nuestras necesidades personales.","Reescribe en español el siguiente texto con lenguaje más claro y sencillo.
Conserva el significado original y no inventes información.

Devuelve solo la versión final simplificada.

Texto:
De partida, el tema concierne a todos los individuos y durante toda la vida, pues las finanzas explican la procedencia y uso de los ingresos y recursos que se disponen para satisfacer las necesidades particulares de todas y todos.

Versión simplificada:",12.9427,success,,{},3570,zero-shot,hariel,hariel_llama3_cfg_1,0.2,0.85,1.05,256,,,39,27,25,1,1,2,37.690339177347916,3.848169719653079,65.28444444444446,81.14769230769232,-15.863247863247864,0.6923076923076923,0,0.4156479217603912,0,0.5555555555555556,0.6923076923076923,36.77574074074076,40.04012820512823,-3.264387464387468,0.4150943396226415,0.07843137254901962,0.2641509433962264,0.7961642742156982,
exp_prompting_sample36_top4_20260505_022729,f7d15a75-be8f-489b-bb46-61ad65eab185,2026-05-05T02:53:48.158082,feina_repr30_test_sample36,,sample36,llama3,meta-llama/Meta-Llama-3-8B-Instruct,ollama,zero-shot,R0,[],"{'temperature': 0.2, 'top_p': 0.85, 'repetition_penalty': 1.05, 'max_new_tokens': 256}",3653,¿Qué función cumplen las empresas en la sociedad?,¿Qué función tienen las empresas en la sociedad?,"Las empresas son fundamentales para la sociedad porque crean empleos, producen bienes y servicios que mejoran nuestras vidas, y contribuyen al crecimiento económico.","Reescribe en español el siguiente texto con lenguaje más claro y sencillo.
Conserva el significado original y no inventes información.

Devuelve solo la versión final simplificada.

Texto:
¿Qué función cumplen las empresas en la sociedad?

Versión simplificada:",12.4889,success,,{},3653,zero-shot,hariel,hariel_llama3_cfg_1,0.2,0.85,1.05,256,,,8,23,8,1,1,1,27.222222222222218,3.197383344450448,64.14434782608697,89.09,-24.945652173913032,2.875,0,0.24299065420560748,0,0.8260869565217391,0.5,40.27413043478262,89.81000000000002,-49.535869565217396,0.24242424242424243,0.12903225806451613,0.24242424242424243,0.7081155776977539,
exp_prompting_sample36_top4_20260505_022729,14b344ef-a42c-449b-a81f-27c91de1f64b,2026-05-05T02:54:00.876280,feina_repr30_test_sample36,,sample36,llama3,meta-llama/Meta-Llama-3-8B-Instruct,ollama,zero-shot,R0,[],"{'temperature': 0.2, 'top_p': 0.85, 'repetition_penalty': 1.05, 'max_new_tokens': 256}",3712,Estos principios están diseñados para promover que las firmas de servicios financieros y las organizaciones de consumidores hagan más para educar a los ciudadanos en esta área.,Estos principios están diseñados para promover que las empresas de servicios financieros y las organizaciones de consumidores hagan más para educar a los ciudadanos en esta área.,Estos principios buscan que las empresas financieras y los grupos de consumidores trabajen juntos para enseñar a las personas sobre temas financieros.,"Reescribe en español el siguiente texto con lenguaje más claro y sencillo.
Conserva el significado original y no inventes información.

Devuelve solo la versión final simplificada.

Texto:
Estos principios están diseñados para promover que las firmas de servicios financieros y las organizaciones de consumidores hagan más para educar a los ciudadanos en esta área.

Versión simplificada:",11.9929,success,,{},3712,zero-shot,hariel,hariel_llama3_cfg_1,0.2,0.85,1.05,256,,,27,22,27,1,1,1,16.55233416009278,8.620405833698774,68.56727272727274,67.50666666666669,1.0606060606060481,0.8148148148148148,0,0.5398773006134969,0,0.45454545454545453,0.5555555555555556,46.07590909090911,39.08314814814818,6.992760942760924,0.49056603773584906,0.1568627450980392,0.3773584905660377,0.8741267919540405,
exp_prompting_sample36_top4_20260505_022729,d2f036cd-49ca-4edd-abff-8f9c82de2381,2026-05-05T02:54:13.143620,feina_repr30_test_sample36,,sample36,llama3,meta-llama/Meta-Llama-3-8B-Instruct,ollama,zero-shot,R0,[],"{'temperature': 0.2, 'top_p': 0.85, 'repetition_penalty': 1.05, 'max_new_tokens': 256}",3776,"Hable con ellos, déles la cara, y hágales saber que está haciendo todo lo que puede para pagarles.","Hable con ellos, enfréntelos y comuníqueles que está haciendo lo posible para pagarles.",Hable con ellos y explíqueles que está haciendo todo lo posible para pagarles.,"Reescribe en español el siguiente texto con lenguaje más claro y sencillo.
Conserva el significado original y no inventes información.

Devuelve solo la versión final simplificada.

Texto:
Hable con ellos, déles la cara, y hágales saber que está haciendo todo lo que puede para pagarles.

Versión simplificada:",8.9989,success,,{},3776,zero-shot,hariel,hariel_llama3_cfg_1,0.2,0.85,1.05,256,,,18,13,13,1,1,1,59.50998490653662,41.62799023755188,74.37846153846155,91.17333333333335,-16.794871794871796,0.7222222222222222,0,0.7159090909090909,0,0.15384615384615385,0.3888888888888889,64.44269230769231,74.61833333333335,-10.175641025641042,0.8275862068965518,0.5925925925925927,0.8275862068965518,0.9060102701187134,
exp_prompting_sample36_top4_20260505_022729,41624811-a15c-4308-8cb1-13afe0d3dd21,2026-05-05T02:54:22.383214,feina_repr30_test_sample36,,sample36,llama3,meta-llama/Meta-Llama-3-8B-Instruct,ollama,zero-shot,R0,[],"{'temperature': 0.2, 'top_p': 0.85, 'repetition_penalty': 1.05, 'max_new_tokens': 256}",3819,Pero ¿en qué se compite?,Pero ¿en qué se compite?,¿Qué es lo que se compite?,"Reescribe en español el siguiente texto con lenguaje más claro y sencillo.
Conserva el significado original y no inventes información.

Devuelve solo la versión final simplificada.

Texto:
Pero ¿en qué se compite?

Versión simplificada:",7.1902,success,,{},3819,zero-shot,hariel,hariel_llama3_cfg_1,0.2,0.85,1.05,256,,,5,6,5,1,1,1,13.65079365079365,24.446151121745054,109.84000000000002,90.44,19.40000000000002,1.2,0,0.68,0,0.5,0.4,117.76833333333335,102.155,15.613333333333344,0.5454545454545454,0.22222222222222224,0.5454545454545454,0.8572651147842407,
exp_prompting_sample36_top4_20260505_022729,9718012b-efad-49f6-9981-6f8565f5c0c0,2026-05-05T02:54:29.800959,feina_repr30_test_sample36,,sample36,llama3,meta-llama/Meta-Llama-3-8B-Instruct,ollama,zero-shot,R0,[],"{'temperature': 0.2, 'top_p': 0.85, 'repetition_penalty': 1.05, 'max_new_tokens': 256}",4006,"Por otra parte, algunas personas sostienen que un impuesto de 10 por ciento impondría el mismo sacrificio a ambas familias.","Por otra parte, algunas personas sostienen que un impuesto de diez por ciento impondría el mismo sacrificio a ambas familias.",Un impuesto del 10% sería igualmente duro para todas las familias.,"Reescribe en español el siguiente texto con lenguaje más claro y sencillo.
Conserva el significado original y no inventes información.

Devuelve solo la versión final simplificada.

Texto:
Por otra parte, algunas personas sostienen que un impuesto de 10 por ciento impondría el mismo sacrificio a ambas familias.

Versión simplificada:",8.9374,success,,{},4006,zero-shot,hariel,hariel_llama3_cfg_1,0.2,0.85,1.05,256,,,20,11,20,1,1,1,10.81116950682168,3.421472750449594,83.02181818181819,84.74000000000001,-1.7181818181818187,0.55,0,0.455026455026455,0,0.6363636363636364,0.8,76.89863636363637,65.35000000000002,11.548636363636348,0.24242424242424246,0.06451612903225806,0.24242424242424246,0.7662326693534851,
exp_prompting_sample36_top4_20260505_022729,097eb32e-3b34-4e85-a4a7-a0e0546fa824,2026-05-05T02:54:38.960212,feina_repr30_test_sample36,,sample36,llama3,meta-llama/Meta-Llama-3-8B-Instruct,ollama,zero-shot,R0,[],"{'temperature': 0.2, 'top_p': 0.85, 'repetition_penalty': 1.05, 'max_new_tokens': 256}",4276,"Al principio, como ya vimos en el trueque, adoptó la forma de mercancía, pero con el tiempo se transformó en dinero-papel, cuentas corrientes y otras formas.","Al principio, tuvo la forma de mercancía, pero luego se transformó en dinero-papel, cuentas corrientes y otras formas.","Comenzó como un objeto valioso, pero luego se convirtió en papel moneda, cheques y otros medios de pago.","Reescribe en español el siguiente texto con lenguaje más claro y sencillo.
Conserva el significado original y no inventes información.

Devuelve solo la versión final simplificada.

Texto:
Al principio, como ya vimos en el trueque, adoptó la forma de mercancía, pero con el tiempo se transformó en dinero-papel, cuentas corrientes y otras formas.

Versión simplificada:",10.7859,success,,{},4276,zero-shot,hariel,hariel_llama3_cfg_1,0.2,0.85,1.05,256,,,27,18,19,1,1,1,32.325087289854906,13.2769677769107,81.17333333333333,94.17333333333333,-13.0,0.6666666666666666,0,0.41379310344827586,0,0.6111111111111112,0.7407407407407407,64.23500000000001,66.77203703703705,-2.537037037037038,0.36842105263157887,0.1111111111111111,0.3157894736842105,0.809467077255249,
exp_prompting_sample36_top4_20260505_022729,ec039dfc-a0a8-4116-a9ac-c39c76a09aa4,2026-05-05T02:54:49.973055,feina_repr30_test_sample36,,sample36,llama3,meta-llama/Meta-Llama-3-8B-Instruct,ollama,zero-shot,R0,[],"{'temperature': 0.2, 'top_p': 0.85, 'repetition_penalty': 1.05, 'max_new_tokens': 256}",4284,"¿Son estos sólo sueños, o son metas reales?",¿Estos son sólo sueños o son metas reales?,¿Son solo fantasías o objetivos verdaderos?,"Reescribe en español el siguiente texto con lenguaje más claro y sencillo.
Conserva el significado original y no inventes información.

Devuelve solo la versión final simplificada.

Texto:
¿Son estos sólo sueños, o son metas reales?

Versión simplificada:",7.7752,success,,{},4284,zero-shot,hariel,hariel_llama3_cfg_1,0.2,0.85,1.05,256,,,8,6,8,1,1,1,25.149572649572647,5.868924818816531,39.84,96.59,-56.75,0.75,0,0.32558139534883723,0,0.6666666666666666,0.75,45.08500000000001,97.59750000000001,-52.5125,0.23529411764705882,0.0,0.23529411764705882,0.8607913255691528,
exp_prompting_sample36_top4_20260505_022729,7bcdcf34-c299-41a7-a77a-5de9961953e0,2026-05-05T02:54:57.979389,feina_repr30_test_sample36,,sample36,llama3,meta-llama/Meta-Llama-3-8B-Instruct,ollama,zero-shot,R0,[],"{'temperature': 0.2, 'top_p': 0.85, 'repetition_penalty': 1.05, 'max_new_tokens': 256}",4638,"En los pueblos donde el principio de la elección se extiende a todo, no hay propiamente hablando carrera pública.",En los pueblos donde el principio de la elección se extiende a todo no existe la carrera pública.,No hay carrera pública en los pueblos donde cualquier persona puede elegir.,"Reescribe en español el siguiente texto con lenguaje más claro y sencillo.
Conserva el significado original y no inventes información.

Devuelve solo la versión final simplificada.

Texto:
En los pueblos donde el principio de la elección se extiende a todo, no hay propiamente hablando carrera pública.

Versión simplificada:",8.7635,success,,{},4638,zero-shot,hariel,hariel_llama3_cfg_1,0.2,0.85,1.05,256,,,19,12,18,1,1,1,29.820779366832,9.53866726030169,78.34,84.62947368421054,-6.2894736842105345,0.631578947368421,0,0.3723404255319149,0,0.3333333333333333,0.5789473684210527,70.23500000000001,66.51394736842106,3.7210526315789565,0.4848484848484849,0.3225806451612903,0.24242424242424246,0.8368555307388306,
exp_prompting_sample36_top4_20260505_022729,9e620656-dc06-420f-9be3-c863b3b643d1,2026-05-05T02:55:06.962265,feina_repr30_test_sample36,,sample36,llama3,meta-llama/Meta-Llama-3-8B-Instruct,ollama,zero-shot,R0,[],"{'temperature': 0.2, 'top_p': 0.85, 'repetition_penalty': 1.05, 'max_new_tokens': 256}",4751,"Sin entusiasmo, dijo alguien famoso, nunca se ha podido realizar nada grande.",Sin entusiasmo no se logró nada grande.,Nada grande se ha logrado sin entusiasmo.,"Reescribe en español el siguiente texto con lenguaje más claro y sencillo.
Conserva el significado original y no inventes información.

Devuelve solo la versión final simplificada.

Texto:
Sin entusiasmo, dijo alguien famoso, nunca se ha podido realizar nada grande.

Versión simplificada:",8.0776,success,,{},4751,zero-shot,hariel,hariel_llama3_cfg_1,0.2,0.85,1.05,256,,,12,7,7,1,1,1,45.00009141185612,7.809849842300637,72.26857142857143,68.34,3.9285714285714306,0.5833333333333334,0,0.23728813559322035,0,0.14285714285714285,0.5,75.23500000000001,59.85166666666669,15.383333333333326,0.7142857142857143,0.3333333333333333,0.2857142857142857,0.8622247576713562,
exp_prompting_sample36_top4_20260505_022729,025089a6-e115-4c7f-bb8c-f2a95ae0ec48,2026-05-05T02:55:15.259920,feina_repr30_test_sample36,,sample36,llama3,meta-llama/Meta-Llama-3-8B-Instruct,ollama,zero-shot,R0,[],"{'temperature': 0.2, 'top_p': 0.85, 'repetition_penalty': 1.05, 'max_new_tokens': 256}",5037,"Por tanto, este método calcula interés sobre interés.","Por eso, este método calcula interés sobre interés.",Este método calcula intereses acumulados.,"Reescribe en español el siguiente texto con lenguaje más claro y sencillo.
Conserva el significado original y no inventes información.

Devuelve solo la versión final simplificada.

Texto:
Por tanto, este método calcula interés sobre interés.

Versión simplificada:",7.3564,success,,{},5037,zero-shot,hariel,hariel_llama3_cfg_1,0.2,0.85,1.05,256,,,8,5,8,1,1,1,24.704924704924707,9.22364410103253,-17.559999999999995,51.59,-69.15,0.625,0,0.6170212765957447,0,0.4,0.625,-9.984999999999985,50.8725,-60.85749999999999,0.4705882352941177,0.4,0.4705882352941177,0.857607901096344,
exp_prompting_sample36_top4_20260505_022729,c6e8b376-229b-4efb-a18a-e15e6ec0468b,2026-05-05T02:55:22.837309,feina_repr30_test_sample36,,sample36,llama3,meta-llama/Meta-Llama-3-8B-Instruct,ollama,zero-shot,R0,[],"{'temperature': 0.2, 'top_p': 0.85, 'repetition_penalty': 1.05, 'max_new_tokens': 256}",5112,"El resultado es aproximado a $300,000 en seis años.",El resultado es aproximadamente trescientos mil dólares en seis años.,"El resultado es de aproximadamente 300,000 dólares en seis años.","Reescribe en español el siguiente texto con lenguaje más claro y sencillo.
Conserva el significado original y no inventes información.

Devuelve solo la versión final simplificada.

Texto:
El resultado es aproximado a $300,000 en seis años.

Versión simplificada:",8.59,success,,{},5112,zero-shot,hariel,hariel_llama3_cfg_1,0.2,0.85,1.05,256,,,10,11,10,1,1,1,73.92857142857143,48.326978309062206,83.02181818181819,100.64,-17.61818181818181,1.1,0,0.8173913043478261,0,0.2727272727272727,0.2,76.89863636363637,97.155,-20.25636363636363,0.8,0.6086956521739131,0.8,0.9361516237258911,
exp_prompting_sample36_top4_20260505_022729,1cb0bc1b-ce83-4e5b-b40f-105092b02372,2026-05-05T02:55:31.676702,feina_repr30_test_sample36,,sample36,llama3,meta-llama/Meta-Llama-3-8B-Instruct,ollama,zero-shot,R0,[],"{'temperature': 0.2, 'top_p': 0.85, 'repetition_penalty': 1.05, 'max_new_tokens': 256}",5187,Documente todos sus gastos e ingresos o compárelos con lo que usted planificó que iba a gastar en el mes.,Documente todos sus gastos e ingresos y compárelos con lo que usted planificó que iba a gastar en el mes.,Cuenta todos tus gastos y comparalos con lo que planeaste gastar este mes.,"Reescribe en español el siguiente texto con lenguaje más claro y sencillo.
Conserva el significado original y no inventes información.

Devuelve solo la versión final simplificada.

Texto:
Documente todos sus gastos e ingresos o compárelos con lo que usted planificó que iba a gastar en el mes.

Versión simplificada:",9.2855,success,,{},5187,zero-shot,hariel,hariel_llama3_cfg_1,0.2,0.85,1.05,256,,,20,13,20,1,1,1,18.860319247316152,9.33845158151465,92.84,93.74000000000001,-0.9000000000000057,0.65,0,0.7039106145251397,0,0.46153846153846156,0.65,83.61192307692309,74.69500000000001,8.916923076923084,0.47058823529411764,0.125,0.47058823529411764,0.7934213876724243,
exp_prompting_sample36_top4_20260505_022729,fdb3ee47-d00e-4761-a6ee-b7bb0d7ef1a5,2026-05-05T02:55:41.198873,feina_repr30_test_sample36,,sample36,mistral,mistralai/Mistral-7B-Instruct-v0.2,ollama,zero-shot,R4,[],"{'temperature': 0.3, 'top_p': 0.9, 'repetition_penalty': 1.15, 'max_new_tokens': 400, 'do_sample': True, 'no_repeat_ngram_size': 4}",550,"No tiene incentivos ni motivación, dos elementos esenciales en ambientes de competencia.",No tiene sentido ni motivación. Estos elementos son esenciales para la competencia.,"No tiene incentivos ni motivation, que son necesarios en entornos competitivos.

Simplified version: He doesn't have incentives or motivation, which are essential in competitive environments.","Reescribe en español el siguiente texto con lenguaje más claro y sencillo.
Conserva el significado original y no inventes información.
Guía interna de simplificación: usa palabras comunes; evita tecnicismos innecesarios; reemplaza palabras difíciles por palabras simples; usa oraciones cortas; expresa una idea por oración; prefiere voz activa; divide oraciones largas; mantén la idea principal; elimina detalles secundarios si estorban; evita ambigüedades; explica conceptos abstractos de forma simple; mantén coherencia temporal; aclara números si aparecen; ordena de lo más importante a lo menos importante; usa tono directo y claro.

Devuelve solo la versión final simplificada.

Texto:
No tiene incentivos ni motivación, dos elementos esenciales en ambientes de competencia.

Versión simplificada:",17.9758,success,,{},550,zero-shot,nancy,nancy_mistral_cfg_2,0.3,0.9,1.15,400,True,4.0,12,26,12,1,2,2,33.91397491397492,3.2677968802443296,55.91692307692309,48.34,7.576923076923087,2.1666666666666665,1,0.43884892086330934,0,0.8076923076923077,0.5833333333333334,45.27346153846156,39.08500000000001,6.188461538461553,0.20512820512820515,0.05405405405405406,0.20512820512820515,0.7160065770149231,
exp_prompting_sample36_top4_20260505_022729,d65a7831-5604-496c-82f8-16fceae9de74,2026-05-05T02:55:59.508713,feina_repr30_test_sample36,,sample36,mistral,mistralai/Mistral-7B-Instruct-v0.2,ollama,zero-shot,R4,[],"{'temperature': 0.3, 'top_p': 0.9, 'repetition_penalty': 1.15, 'max_new_tokens': 400, 'do_sample': True, 'no_repeat_ngram_size': 4}",571,"En los procesos de importaciones y exportaciones intervienen, además de clientes y proveedores, instituciones del Estado y los bancos, tal como se indica en el siguiente recuadro:",Clientes y proveedores intervienen en las importancias y exportaciones. También lo hacen las instituciones estatales y los banco como se indica a continuación:,"En importaciones y exportaciones intervenen además de clientes y proveedores, instituciones gubernamentales y bancos (detallado a continuación):

(Diagrama o lista aquí)

Simplified version: In imports and exports, besides clients and suppliers, there are also government institutions and banks involved as shown below:

(Include diagram or list here)","Reescribe en español el siguiente texto con lenguaje más claro y sencillo.
Conserva el significado original y no inventes información.
Guía interna de simplificación: usa palabras comunes; evita tecnicismos innecesarios; reemplaza palabras difíciles por palabras simples; usa oraciones cortas; expresa una idea por oración; prefiere voz activa; divide oraciones largas; mantén la idea principal; elimina detalles secundarios si estorban; evita ambigüedades; explica conceptos abstractos de forma simple; mantén coherencia temporal; aclara números si aparecen; ordena de lo más importante a lo menos importante; usa tono directo y claro.

Devuelve solo la versión final simplificada.

Texto:
En los procesos de importaciones y exportaciones intervienen, además de clientes y proveedores, instituciones del Estado y los bancos, tal como se indica en el siguiente recuadro:

Versión simplificada:",21.9908,success,,{},571,zero-shot,nancy,nancy_mistral_cfg_2,0.3,0.9,1.15,400,True,4.0,27,47,23,1,1,2,38.76229119439697,2.3576683982037454,68.0740425531915,69.72888888888889,-1.6548463356973855,1.7407407407407407,0,0.20872865275142316,0,0.7446808510638298,0.5555555555555556,18.003085106382997,41.39055555555555,-23.387470449172554,0.2972972972972973,0.1388888888888889,0.21621621621621617,0.7214029431343079,
exp_prompting_sample36_top4_20260505_022729,7f88a153-0ac1-4808-8a4d-b104886c33d4,2026-05-05T02:56:21.723369,feina_repr30_test_sample36,,sample36,mistral,mistralai/Mistral-7B-Instruct-v0.2,ollama,zero-shot,R4,[],"{'temperature': 0.3, 'top_p': 0.9, 'repetition_penalty': 1.15, 'max_new_tokens': 400, 'do_sample': True, 'no_repeat_ngram_size': 4}",885,"El robo de identidad ocurre cuando su información personal, tal como su nombre, número de cuenta, o número de cédula de identidad se usan sin su conocimiento para cometer un fraude o robo.","El robo de identidad ocurre cuando su información personal como su nombre, número de cuenta, o número de cédula de identidad se usan sin su conocimiento para cometer un fraude o robo.","Robo de identidad: se utiliza tu información personal (nombre, números de cuenta o de la cédula) sin tu consentimiento, para cometer fraudes o hurtos.","Reescribe en español el siguiente texto con lenguaje más claro y sencillo.
Conserva el significado original y no inventes información.
Guía interna de simplificación: usa palabras comunes; evita tecnicismos innecesarios; reemplaza palabras difíciles por palabras simples; usa oraciones cortas; expresa una idea por oración; prefiere voz activa; divide oraciones largas; mantén la idea principal; elimina detalles secundarios si estorban; evita ambigüedades; explica conceptos abstractos de forma simple; mantén coherencia temporal; aclara números si aparecen; ordena de lo más importante a lo menos importante; usa tono directo y claro.

Devuelve solo la versión final simplificada.

Texto:
El robo de identidad ocurre cuando su información personal, tal como su nombre, número de cuenta, o número de cédula de identidad se usan sin su conocimiento para cometer un fraude o robo.

Versión simplificada:",13.5766,success,,{},885,zero-shot,nancy,nancy_mistral_cfg_2,0.3,0.9,1.15,400,True,4.0,33,24,32,1,1,1,16.022089711782694,5.443715938063707,75.09,81.9309090909091,-6.8409090909090935,0.7272727272727273,0,0.7337278106508875,0,0.3333333333333333,0.5151515151515151,50.44750000000002,47.34712121212122,3.100378787878796,0.6031746031746033,0.32786885245901637,0.5714285714285715,0.8245556354522705,
exp_prompting_sample36_top4_20260505_022729,52b58abd-0b37-4680-a579-c3b47f8ac813,2026-05-05T02:56:35.514680,feina_repr30_test_sample36,,sample36,mistral,mistralai/Mistral-7B-Instruct-v0.2,ollama,zero-shot,R4,[],"{'temperature': 0.3, 'top_p': 0.9, 'repetition_penalty': 1.15, 'max_new_tokens': 400, 'do_sample': True, 'no_repeat_ngram_size': 4}",1193,"Los sueños de los niños tienen una gran variedad que va desde Tarzán hasta el Agente 007, pasando por Superman.",Los sueños de los niños son variados y van desde Tarzán hasta el Agente 007 y Superman.,"Los sueños de niños abarcan muchas cosas, desde Tarzan hasta Agent 007, y hasta Superman.","Reescribe en español el siguiente texto con lenguaje más claro y sencillo.
Conserva el significado original y no inventes información.
Guía interna de simplificación: usa palabras comunes; evita tecnicismos innecesarios; reemplaza palabras difíciles por palabras simples; usa oraciones cortas; expresa una idea por oración; prefiere voz activa; divide oraciones largas; mantén la idea principal; elimina detalles secundarios si estorban; evita ambigüedades; explica conceptos abstractos de forma simple; mantén coherencia temporal; aclara números si aparecen; ordena de lo más importante a lo menos importante; usa tono directo y claro.

Devuelve solo la versión final simplificada.

Texto:
Los sueños de los niños tienen una gran variedad que va desde Tarzán hasta el Agente 007, pasando por Superman.

Versión simplificada:",10.9284,success,,{},1193,zero-shot,nancy,nancy_mistral_cfg_2,0.3,0.9,1.15,400,True,4.0,20,15,17,1,1,1,39.986295407491056,11.954726580677509,92.04,99.74000000000001,-7.700000000000003,0.75,0,0.7,0,0.4666666666666667,0.6,79.69500000000001,80.92500000000001,-1.230000000000004,0.5945945945945946,0.2857142857142857,0.5945945945945946,0.8475984334945679,
exp_prompting_sample36_top4_20260505_022729,5840aa26-43a0-4bfa-9feb-d6ab9f80215a,2026-05-05T02:56:46.733526,feina_repr30_test_sample36,,sample36,mistral,mistralai/Mistral-7B-Instruct-v0.2,ollama,zero-shot,R4,[],"{'temperature': 0.3, 'top_p': 0.9, 'repetition_penalty': 1.15, 'max_new_tokens': 400, 'do_sample': True, 'no_repeat_ngram_size': 4}",1391,Expresiones como soborno y cohecho se refieren a ilícitos vinculados a la compra de la voluntad de un individuo para provecho personal.,Expresiones como soborno y cohecho se refieren a delitos vinculados a comprar la voluntad de alguien para provecho personal.,"Expresiones ""soborno"" y ""cohecho"" se referen a actos ilegales relacionados con la compra de alguien para obtener beneficio personal.","Reescribe en español el siguiente texto con lenguaje más claro y sencillo.
Conserva el significado original y no inventes información.
Guía interna de simplificación: usa palabras comunes; evita tecnicismos innecesarios; reemplaza palabras difíciles por palabras simples; usa oraciones cortas; expresa una idea por oración; prefiere voz activa; divide oraciones largas; mantén la idea principal; elimina detalles secundarios si estorban; evita ambigüedades; explica conceptos abstractos de forma simple; mantén coherencia temporal; aclara números si aparecen; ordena de lo más importante a lo menos importante; usa tono directo y claro.

Devuelve solo la versión final simplificada.

Texto:
Expresiones como soborno y cohecho se refieren a ilícitos vinculados a la compra de la voluntad de un individuo para provecho personal.

Versión simplificada:",13.4901,success,,{},1391,zero-shot,nancy,nancy_mistral_cfg_2,0.3,0.9,1.15,400,True,4.0,22,19,19,1,1,1,32.25054068930844,9.165852474742529,56.20842105263158,68.56727272727274,-12.358851674641159,0.8636363636363636,0,0.6891385767790262,0,0.42105263157894735,0.5,37.00342105263161,46.07590909090911,-9.072488038277498,0.5789473684210527,0.2777777777777778,0.5789473684210527,0.8971664309501648,
exp_prompting_sample36_top4_20260505_022729,4b08cd64-f905-438d-bbd4-bafb791a944e,2026-05-05T02:57:00.444391,feina_repr30_test_sample36,,sample36,mistral,mistralai/Mistral-7B-Instruct-v0.2,ollama,zero-shot,R4,[],"{'temperature': 0.3, 'top_p': 0.9, 'repetition_penalty': 1.15, 'max_new_tokens': 400, 'do_sample': True, 'no_repeat_ngram_size': 4}",1399,"DIRECCIÓN DE PRESUPUESTO (DIPRES): ""formula y lleva el control presupuestario de la nación.""",DIRECCIÓN DE PRESUPUESTO: formula y lleva el control presupuestario de la nación.,DIPRES es quien diseña y administra el presupuesto nacional.,"Reescribe en español el siguiente texto con lenguaje más claro y sencillo.
Conserva el significado original y no inventes información.
Guía interna de simplificación: usa palabras comunes; evita tecnicismos innecesarios; reemplaza palabras difíciles por palabras simples; usa oraciones cortas; expresa una idea por oración; prefiere voz activa; divide oraciones largas; mantén la idea principal; elimina detalles secundarios si estorban; evita ambigüedades; explica conceptos abstractos de forma simple; mantén coherencia temporal; aclara números si aparecen; ordena de lo más importante a lo menos importante; usa tono directo y claro.

Devuelve solo la versión final simplificada.

Texto:
DIRECCIÓN DE PRESUPUESTO (DIPRES): ""formula y lleva el control presupuestario de la nación.""

Versión simplificada:",9.0189,success,,{},1399,zero-shot,nancy,nancy_mistral_cfg_2,0.3,0.9,1.15,400,True,4.0,13,9,12,1,1,1,23.017543859649123,3.701773936489291,62.173333333333325,69.76307692307694,-7.5897435897436125,0.6923076923076923,0,0.4605263157894737,0,0.5555555555555556,0.6923076923076923,59.39055555555555,59.65038461538464,-0.2598290598290873,0.25,0.0,0.16666666666666666,0.7663828730583191,
exp_prompting_sample36_top4_20260505_022729,03ca2169-5d7d-46d6-9bca-2c7f62bf70e7,2026-05-05T02:57:09.684749,feina_repr30_test_sample36,,sample36,mistral,mistralai/Mistral-7B-Instruct-v0.2,ollama,zero-shot,R4,[],"{'temperature': 0.3, 'top_p': 0.9, 'repetition_penalty': 1.15, 'max_new_tokens': 400, 'do_sample': True, 'no_repeat_ngram_size': 4}",1636,"Interés compuesto: Es la suma del capital y el interés acumulado, que se va multiplicando según los plazos convenidos. La tasa de interés es el porcentaje que se aplica a un préstamo o inversión realizada.",El interés compuesto es la suma del capital y el interés acumulado. La tasa de interés es el porcentaje aplicado a un préstamo o inversión realizada.,"Interés compuesto: Es la suma de capital y intereses acumulados, que aumentan según los plazos acordados. La tasa de interés es el porcentaje aplicado a un préstamo o inversión.

[Translation: Compound interest: It's the sum of capital and accumulated interest that grows according to agreed-upon terms. The rate of interest is the percentage applied to a loan or investment.]

Simplified version: [Compound interest is the total of your initial investment plus the added interest, which increases based on prearranged periods. The rate of interest is the percentage used for loans or investments.]","Reescribe en español el siguiente texto con lenguaje más claro y sencillo.
Conserva el significado original y no inventes información.
Guía interna de simplificación: usa palabras comunes; evita tecnicismos innecesarios; reemplaza palabras difíciles por palabras simples; usa oraciones cortas; expresa una idea por oración; prefiere voz activa; divide oraciones largas; mantén la idea principal; elimina detalles secundarios si estorban; evita ambigüedades; explica conceptos abstractos de forma simple; mantén coherencia temporal; aclara números si aparecen; ordena de lo más importante a lo menos importante; usa tono directo y claro.

Devuelve solo la versión final simplificada.

Texto:
Interés compuesto: Es la suma del capital y el interés acumulado, que se va multiplicando según los plazos convenidos. La tasa de interés es el porcentaje que se aplica a un préstamo o inversión realizada.

Versión simplificada:",29.0068,success,,{},1636,zero-shot,nancy,nancy_mistral_cfg_2,0.3,0.9,1.15,400,True,4.0,35,94,26,2,5,2,46.80091541349708,13.24640783435247,84.60595744680852,77.58285714285716,7.023100303951352,2.6857142857142855,3,0.14232209737827714,0,0.7553191489361702,0.34285714285714286,66.74882978723406,61.17500000000004,5.573829787234018,0.38461538461538464,0.328125,0.36923076923076925,0.7553671598434448,
exp_prompting_sample36_top4_20260505_022729,0eeda346-d1f4-404a-8d17-c8e831978d1a,2026-05-05T02:57:38.807532,feina_repr30_test_sample36,,sample36,mistral,mistralai/Mistral-7B-Instruct-v0.2,ollama,zero-shot,R4,[],"{'temperature': 0.3, 'top_p': 0.9, 'repetition_penalty': 1.15, 'max_new_tokens': 400, 'do_sample': True, 'no_repeat_ngram_size': 4}",1740,La producción en un país se realiza mediante lo que se conoce como factores de producción y de los cuales nos ocuparemos en detalle más adelante.,A través de los factores de producción se realiza la producción en un país. Más adelante nos ocuparemos en detalle de estos factores.,"Producción en un país se hace usando factores, que más tarde detallaremos.","Reescribe en español el siguiente texto con lenguaje más claro y sencillo.
Conserva el significado original y no inventes información.
Guía interna de simplificación: usa palabras comunes; evita tecnicismos innecesarios; reemplaza palabras difíciles por palabras simples; usa oraciones cortas; expresa una idea por oración; prefiere voz activa; divide oraciones largas; mantén la idea principal; elimina detalles secundarios si estorban; evita ambigüedades; explica conceptos abstractos de forma simple; mantén coherencia temporal; aclara números si aparecen; ordena de lo más importante a lo menos importante; usa tono directo y claro.

Devuelve solo la versión final simplificada.

Texto:
La producción en un país se realiza mediante lo que se conoce como factores de producción y de los cuales nos ocuparemos en detalle más adelante.

Versión simplificada:",6.6608,success,,{},1740,zero-shot,nancy,nancy_mistral_cfg_2,0.3,0.9,1.15,400,True,4.0,26,12,23,1,1,2,40.49865095986764,5.7298744252079405,78.34,89.84000000000002,-11.500000000000014,0.46153846153846156,0,0.4748858447488584,0,0.3333333333333333,0.6923076923076923,70.23500000000001,63.42346153846155,6.811538461538461,0.46511627906976744,0.29268292682926833,0.37209302325581395,0.79495769739151,
exp_prompting_sample36_top4_20260505_022729,3e38b217-c3e6-4e54-80e9-ff4ee4fed28e,2026-05-05T02:57:45.591764,feina_repr30_test_sample36,,sample36,mistral,mistralai/Mistral-7B-Instruct-v0.2,ollama,zero-shot,R4,[],"{'temperature': 0.3, 'top_p': 0.9, 'repetition_penalty': 1.15, 'max_new_tokens': 400, 'do_sample': True, 'no_repeat_ngram_size': 4}",1742,"A pesar de que algunos critican al intermediario, se necesita a este individuo en la economía.","Aunque algunas personas critican al intermediario, este individuo es necesario en la economía.","Algunas personas criticaban al intermediario, pero era necesario para la economía.

Simplified version: Some people criticized the intermediary, but he was necessary for the economy.","Reescribe en español el siguiente texto con lenguaje más claro y sencillo.
Conserva el significado original y no inventes información.
Guía interna de simplificación: usa palabras comunes; evita tecnicismos innecesarios; reemplaza palabras difíciles por palabras simples; usa oraciones cortas; expresa una idea por oración; prefiere voz activa; divide oraciones largas; mantén la idea principal; elimina detalles secundarios si estorban; evita ambigüedades; explica conceptos abstractos de forma simple; mantén coherencia temporal; aclara números si aparecen; ordena de lo más importante a lo menos importante; usa tono directo y claro.

Devuelve solo la versión final simplificada.

Texto:
A pesar de que algunos critican al intermediario, se necesita a este individuo en la economía.

Versión simplificada:",10.0471,success,,{},1742,zero-shot,nancy,nancy_mistral_cfg_2,0.3,0.9,1.15,400,True,4.0,16,25,13,1,2,1,49.65351828123567,8.35174513083839,54.68000000000001,69.215,-14.534999999999997,1.5625,1,0.4218181818181818,0,0.84,0.75,44.815000000000026,54.55375000000001,-9.738749999999982,0.4,0.2105263157894737,0.4,0.7607536911964417,
exp_prompting_sample36_top4_20260505_022729,0fdc386c-3a7d-4ffb-b8f1-b49867c2e0c1,2026-05-05T02:57:55.752172,feina_repr30_test_sample36,,sample36,mistral,mistralai/Mistral-7B-Instruct-v0.2,ollama,zero-shot,R4,[],"{'temperature': 0.3, 'top_p': 0.9, 'repetition_penalty': 1.15, 'max_new_tokens': 400, 'do_sample': True, 'no_repeat_ngram_size': 4}",1790,El impuesto a los réditos es también un buen instrumento para conocer el monto de las rentas y de la riqueza nacional.,El impuesto a las utilidades también es un buen método para conocer el monto de las rentas y de la riqueza nacional.,"El impuesto sobre rendimientos es útil para saber cuánto gana la nación.

(","Reescribe en español el siguiente texto con lenguaje más claro y sencillo.
Conserva el significado original y no inventes información.
Guía interna de simplificación: usa palabras comunes; evita tecnicismos innecesarios; reemplaza palabras difíciles por palabras simples; usa oraciones cortas; expresa una idea por oración; prefiere voz activa; divide oraciones largas; mantén la idea principal; elimina detalles secundarios si estorban; evita ambigüedades; explica conceptos abstractos de forma simple; mantén coherencia temporal; aclara números si aparecen; ordena de lo más importante a lo menos importante; usa tono directo y claro.

Devuelve solo la versión final simplificada.

Texto:
El impuesto a los réditos es también un buen instrumento para conocer el monto de las rentas y de la riqueza nacional.

Versión simplificada:",9.9552,success,,{},1790,zero-shot,nancy,nancy_mistral_cfg_2,0.3,0.9,1.15,400,True,4.0,22,12,22,1,2,1,22.11004273504273,3.9302002257140725,69.84,95.84,-26.0,0.5454545454545454,1,0.5104166666666666,0,0.5833333333333334,0.7727272727272727,76.23500000000001,74.39409090909092,1.8409090909090935,0.3157894736842105,0.05555555555555555,0.2631578947368421,0.7881061434745789,
exp_prompting_sample36_top4_20260505_022729,e0b71672-033e-4084-a732-54fc13d34e3b,2026-05-05T02:58:05.820079,feina_repr30_test_sample36,,sample36,mistral,mistralai/Mistral-7B-Instruct-v0.2,ollama,zero-shot,R4,[],"{'temperature': 0.3, 'top_p': 0.9, 'repetition_penalty': 1.15, 'max_new_tokens': 400, 'do_sample': True, 'no_repeat_ngram_size': 4}",1920,"También es de mucha ayuda separar las metas en tres períodos de tiempo para los propósitos de planeamiento, y aun cuando esto ya se trató en el capítulo anterior, se reitera tan importante aspecto, centrados en el tema del presente y con la intención de reforzar el manejo del mismo:","También ayuda separar las metas en tres períodos de tiempo para cumplir con los propósitos planteados. Aunque este aspecto ya se trató en el capítulo anterior, reiteramos su importancia:","It's helpful to divide goals into three time periods for planning purposes. Although this was discussed earlier, it's worth repeating: focus on the present and manage it effectively.

[Translation: Es útil dividir los objetivos en tres períodos de tiempo para las intenciones de planeamiento. Aunque esto se trató anteriormente, vale la pena repetirlo: centrarse en el presente y gestionarlo eficazmente.]","Reescribe en español el siguiente texto con lenguaje más claro y sencillo.
Conserva el significado original y no inventes información.
Guía interna de simplificación: usa palabras comunes; evita tecnicismos innecesarios; reemplaza palabras difíciles por palabras simples; usa oraciones cortas; expresa una idea por oración; prefiere voz activa; divide oraciones largas; mantén la idea principal; elimina detalles secundarios si estorban; evita ambigüedades; explica conceptos abstractos de forma simple; mantén coherencia temporal; aclara números si aparecen; ordena de lo más importante a lo menos importante; usa tono directo y claro.

Devuelve solo la versión final simplificada.

Texto:
También es de mucha ayuda separar las metas en tres períodos de tiempo para los propósitos de planeamiento, y aun cuando esto ya se trató en el capítulo anterior, se reitera tan importante aspecto, centrados en el tema del presente y con la intención de reforzar el manejo del mismo:

Versión simplificada:",18.6123,success,,{},1920,zero-shot,nancy,nancy_mistral_cfg_2,0.3,0.9,1.15,400,True,4.0,50,62,29,1,4,2,45.305414566840916,9.008846889109009,79.29161290322581,92.0,-12.708387096774189,1.24,3,0.011644832605531296,0,0.6935483870967742,0.62,65.7301612903226,39.71100000000003,26.01916129032257,0.2916666666666667,0.1702127659574468,0.25,0.6422539353370667,
exp_prompting_sample36_top4_20260505_022729,d0b73b58-cf83-4885-81d8-e4bf118bd493,2026-05-05T02:58:24.551227,feina_repr30_test_sample36,,sample36,mistral,mistralai/Mistral-7B-Instruct-v0.2,ollama,zero-shot,R4,[],"{'temperature': 0.3, 'top_p': 0.9, 'repetition_penalty': 1.15, 'max_new_tokens': 400, 'do_sample': True, 'no_repeat_ngram_size': 4}",2027,Seguridad financiera: Consiste en cumplir con las necesidades que se presentan en el futuro de las personas y al mismo tiempo cumplir con las obligaciones diarias.,"Seguridad financiera, consiste en cumplir con las necesidades económicas que se presentan en el futuro de las personas y también cumplir con las obligaciones financieras diarias.","Seguridad financeira: Consiste en satisfacer las necesidades futuras personas, al mismo tiempo que cumplir con nuestros deberes diarios.

Translation: Financial security consists in meeting future needs while fulfilling our daily obligations.","Reescribe en español el siguiente texto con lenguaje más claro y sencillo.
Conserva el significado original y no inventes información.
Guía interna de simplificación: usa palabras comunes; evita tecnicismos innecesarios; reemplaza palabras difíciles por palabras simples; usa oraciones cortas; expresa una idea por oración; prefiere voz activa; divide oraciones largas; mantén la idea principal; elimina detalles secundarios si estorban; evita ambigüedades; explica conceptos abstractos de forma simple; mantén coherencia temporal; aclara números si aparecen; ordena de lo más importante a lo menos importante; usa tono directo y claro.

Devuelve solo la versión final simplificada.

Texto:
Seguridad financiera: Consiste en cumplir con las necesidades que se presentan en el futuro de las personas y al mismo tiempo cumplir con las obligaciones diarias.

Versión simplificada:",11.8465,success,,{},2027,zero-shot,nancy,nancy_mistral_cfg_2,0.3,0.9,1.15,400,True,4.0,26,31,26,1,2,1,20.566508187651564,3.646650581707163,58.96903225806453,80.60923076923079,-21.64019851116626,1.1923076923076923,1,0.24752475247524752,0,0.6129032258064516,0.5384615384615384,44.62854838709677,53.83884615384618,-9.210297766749406,0.3050847457627119,0.10526315789473685,0.2711864406779661,0.7420088052749634,
exp_prompting_sample36_top4_20260505_022729,397957aa-829d-41ba-a82f-f6e436d9ce6d,2026-05-05T02:58:36.524050,feina_repr30_test_sample36,,sample36,mistral,mistralai/Mistral-7B-Instruct-v0.2,ollama,zero-shot,R4,[],"{'temperature': 0.3, 'top_p': 0.9, 'repetition_penalty': 1.15, 'max_new_tokens': 400, 'do_sample': True, 'no_repeat_ngram_size': 4}",2065,"La última, pero no menos importante razón, puede ser encontrar un fascinante campo de acción intelectual para comprender el mundo real.",La última es encontrar un campo de acción intelectual para comprender el mundo real.,"Última razón importantes: encontrar interesante campo mental para entender el mundo real.

[Translation: Last but not least reason: find an interesting intellectual field to understand the real world.]","Reescribe en español el siguiente texto con lenguaje más claro y sencillo.
Conserva el significado original y no inventes información.
Guía interna de simplificación: usa palabras comunes; evita tecnicismos innecesarios; reemplaza palabras difíciles por palabras simples; usa oraciones cortas; expresa una idea por oración; prefiere voz activa; divide oraciones largas; mantén la idea principal; elimina detalles secundarios si estorban; evita ambigüedades; explica conceptos abstractos de forma simple; mantén coherencia temporal; aclara números si aparecen; ordena de lo más importante a lo menos importante; usa tono directo y claro.

Devuelve solo la versión final simplificada.

Texto:
La última, pero no menos importante razón, puede ser encontrar un fascinante campo de acción intelectual para comprender el mundo real.

Versión simplificada:",9.9773,success,,{},2065,zero-shot,nancy,nancy_mistral_cfg_2,0.3,0.9,1.15,400,True,4.0,21,28,14,1,2,1,40.76068688344903,7.603430887294236,77.41142857142859,76.26857142857142,1.1428571428571672,1.3333333333333333,1,0.13134328358208955,0,0.7142857142857143,0.6190476190476191,66.01000000000002,55.30166666666668,10.708333333333343,0.36363636363636365,0.09523809523809523,0.3181818181818182,0.6448171734809875,
exp_prompting_sample36_top4_20260505_022729,a0256a8b-99de-414c-8f9d-f68efc6f6e37,2026-05-05T02:58:46.614854,feina_repr30_test_sample36,,sample36,mistral,mistralai/Mistral-7B-Instruct-v0.2,ollama,zero-shot,R4,[],"{'temperature': 0.3, 'top_p': 0.9, 'repetition_penalty': 1.15, 'max_new_tokens': 400, 'do_sample': True, 'no_repeat_ngram_size': 4}",2365,"Si el entusiasmo, y esto no es idealismo ramplón, se orienta hacia la salud, la belleza, el éxito, la felicidad, lo más probable es que se obtenga la salud, la belleza, el éxito y la felicidad.","Si el entusiasmo se dirige hacia la salud, la belleza, el éxito, la felicidad es probable que los consigamos.","Si el entusiasmo apunta hacia la salud, la belleza, el éxito y la felicidad, es probable que se obtengan estos beneficios.","Reescribe en español el siguiente texto con lenguaje más claro y sencillo.
Conserva el significado original y no inventes información.
Guía interna de simplificación: usa palabras comunes; evita tecnicismos innecesarios; reemplaza palabras difíciles por palabras simples; usa oraciones cortas; expresa una idea por oración; prefiere voz activa; divide oraciones largas; mantén la idea principal; elimina detalles secundarios si estorban; evita ambigüedades; explica conceptos abstractos de forma simple; mantén coherencia temporal; aclara números si aparecen; ordena de lo más importante a lo menos importante; usa tono directo y claro.

Devuelve solo la versión final simplificada.

Texto:
Si el entusiasmo, y esto no es idealismo ramplón, se orienta hacia la salud, la belleza, el éxito, la felicidad, lo más probable es que se obtenga la salud, la belleza, el éxito y la felicidad.

Versión simplificada:",9.5287,success,,{},2365,zero-shot,nancy,nancy_mistral_cfg_2,0.3,0.9,1.15,400,True,4.0,36,21,19,1,1,1,59.32229028805305,46.37312200493392,79.1257142857143,92.34,-13.214285714285708,0.5833333333333334,0,0.47619047619047616,0,0.19047619047619047,0.5277777777777778,58.26833333333336,54.887777777777785,3.380555555555574,0.8,0.631578947368421,0.7500000000000001,0.8983355164527893,
exp_prompting_sample36_top4_20260505_022729,0f2ca2cd-2115-44ad-98a5-1905324fd68d,2026-05-05T02:58:56.258799,feina_repr30_test_sample36,,sample36,mistral,mistralai/Mistral-7B-Instruct-v0.2,ollama,zero-shot,R4,[],"{'temperature': 0.3, 'top_p': 0.9, 'repetition_penalty': 1.15, 'max_new_tokens': 400, 'do_sample': True, 'no_repeat_ngram_size': 4}",2449,"En la segunda etapa de programación, se definen los objetivos y se fijan las metas o resultados esperados, que deben ser lo más específicos y precisos posibles, para tener claridad en lo que se trata de alcanzar con las inversiones por realizar; por ejemplo, los tipos de inversión y los montos que se pretenden lograr en un tiempo definido y otros que pueden describirse en términos de logro o resultados que se desean alcanzar.","En la segunda etapa de programación, se definen los objetivos y se fijan las metas específicas.","En la segunda fase de programación, se determina lo que se quiere lograr y se establecen los objetivos claros y concretos. Por ejemplo, tipos de inversiones y cantidades deseadas en un plazo específico.

(","Reescribe en español el siguiente texto con lenguaje más claro y sencillo.
Conserva el significado original y no inventes información.
Guía interna de simplificación: usa palabras comunes; evita tecnicismos innecesarios; reemplaza palabras difíciles por palabras simples; usa oraciones cortas; expresa una idea por oración; prefiere voz activa; divide oraciones largas; mantén la idea principal; elimina detalles secundarios si estorban; evita ambigüedades; explica conceptos abstractos de forma simple; mantén coherencia temporal; aclara números si aparecen; ordena de lo más importante a lo menos importante; usa tono directo y claro.

Devuelve solo la versión final simplificada.

Texto:
En la segunda etapa de programación, se definen los objetivos y se fijan las metas o resultados esperados, que deben ser lo más específicos y precisos posibles, para tener claridad en lo que se trata de alcanzar con las inversiones por realizar; por ejemplo, los tipos de inversión y los montos que se pretenden lograr en un tiempo definido y otros que pueden describirse en términos de logro o resultados que se desean alcanzar.

Versión simplificada:",15.5282,success,,{},2449,zero-shot,nancy,nancy_mistral_cfg_2,0.3,0.9,1.15,400,True,4.0,74,33,16,1,3,1,42.21746570563678,10.920968859591808,72.11272727272728,90.32648648648652,-18.213759213759232,0.44594594594594594,2,0.22748815165876776,0,0.30303030303030304,0.6891891891891891,65.57136363636366,13.286351351351371,52.285012285012286,0.4528301886792453,0.2745098039215686,0.41509433962264153,0.8217247724533081,
exp_prompting_sample36_top4_20260505_022729,f1d6cfda-1d6f-43d6-aa26-5a2e10992c1b,2026-05-05T02:59:11.907633,feina_repr30_test_sample36,,sample36,mistral,mistralai/Mistral-7B-Instruct-v0.2,ollama,zero-shot,R4,[],"{'temperature': 0.3, 'top_p': 0.9, 'repetition_penalty': 1.15, 'max_new_tokens': 400, 'do_sample': True, 'no_repeat_ngram_size': 4}",2550,Estas tarjetas acarrean pocos riesgos y te ayudan a crear buenos antecedentes crediticios al mostrar tu capacidad para usar una tarjeta con responsabilidad.,Estas tarjetas traen pocos riesgos y ayudan a crear buen historial crediticio.,"Estas tarjetas tienen poca risks y te ayudan a crear buenas referencias crédito mostrando que puedes usar una tarjeta con responsabilidad.

(Translation: These cards have little risk and help you create good credit references by showing that you can use a card responsibly.)","Reescribe en español el siguiente texto con lenguaje más claro y sencillo.
Conserva el significado original y no inventes información.
Guía interna de simplificación: usa palabras comunes; evita tecnicismos innecesarios; reemplaza palabras difíciles por palabras simples; usa oraciones cortas; expresa una idea por oración; prefiere voz activa; divide oraciones largas; mantén la idea principal; elimina detalles secundarios si estorban; evita ambigüedades; explica conceptos abstractos de forma simple; mantén coherencia temporal; aclara números si aparecen; ordena de lo más importante a lo menos importante; usa tono directo y claro.

Devuelve solo la versión final simplificada.

Texto:
Estas tarjetas acarrean pocos riesgos y te ayudan a crear buenos antecedentes crediticios al mostrar tu capacidad para usar una tarjeta con responsabilidad.

Versión simplificada:",14.5922,success,,{},2550,zero-shot,nancy,nancy_mistral_cfg_2,0.3,0.9,1.15,400,True,4.0,23,43,12,1,2,1,36.04529862594379,3.8723086344944297,87.67720930232558,61.535652173913036,26.141557128412543,1.8695652173913044,1,0.08391608391608392,0,0.7209302325581395,0.4782608695652174,66.53034883720932,37.56543478260869,28.964914054600627,0.21428571428571427,0.11111111111111109,0.21428571428571427,0.6860885620117188,
exp_prompting_sample36_top4_20260505_022729,b6d20826-ee17-4303-b188-eb7668d02dcf,2026-05-05T02:59:26.615082,feina_repr30_test_sample36,,sample36,mistral,mistralai/Mistral-7B-Instruct-v0.2,ollama,zero-shot,R4,[],"{'temperature': 0.3, 'top_p': 0.9, 'repetition_penalty': 1.15, 'max_new_tokens': 400, 'do_sample': True, 'no_repeat_ngram_size': 4}",2657,"Adicionalmente, el canal móvil (celulares) es de alto potencial para utilizar pagos a través de mensajería de texto SMS permitiendo, desde cualquier lugar donde se tenga acceso al servicio inalámbrico, realizar pagos electrónicos.","Además, los celulares permiten realizar pagos electrónicos desde cualquier lugar con acceso al servicio inalámbrico.","Además, los móviles celulares pueden usar pagos a través de SMS text messages, permitiendo realizar transacciones electrónicas desde cualquier lugar con acceso al servicio inalámbrico.

(Additionally, mobile phones can use payments through SMS text messages, allowing electronic transactions from any location with wireless service access.)","Reescribe en español el siguiente texto con lenguaje más claro y sencillo.
Conserva el significado original y no inventes información.
Guía interna de simplificación: usa palabras comunes; evita tecnicismos innecesarios; reemplaza palabras difíciles por palabras simples; usa oraciones cortas; expresa una idea por oración; prefiere voz activa; divide oraciones largas; mantén la idea principal; elimina detalles secundarios si estorban; evita ambigüedades; explica conceptos abstractos de forma simple; mantén coherencia temporal; aclara números si aparecen; ordena de lo más importante a lo menos importante; usa tono directo y claro.

Devuelve solo la versión final simplificada.

Texto:
Adicionalmente, el canal móvil (celulares) es de alto potencial para utilizar pagos a través de mensajería de texto SMS permitiendo, desde cualquier lugar donde se tenga acceso al servicio inalámbrico, realizar pagos electrónicos.

Versión simplificada:",15.5503,success,,{},2657,zero-shot,nancy,nancy_mistral_cfg_2,0.3,0.9,1.15,400,True,4.0,33,45,15,1,2,1,58.983575402985686,17.89073882121524,62.30666666666667,60.112727272727284,2.193939393939388,1.3636363636363635,1,0.3304042179261863,0,0.6666666666666666,0.5454545454545454,38.968333333333334,24.692575757575753,14.27575757575758,0.47058823529411764,0.30303030303030304,0.4411764705882353,0.8011544942855835,
exp_prompting_sample36_top4_20260505_022729,3e24a7dc-e7e5-47e9-9bc6-66fb840ff805,2026-05-05T02:59:42.297157,feina_repr30_test_sample36,,sample36,mistral,mistralai/Mistral-7B-Instruct-v0.2,ollama,zero-shot,R4,[],"{'temperature': 0.3, 'top_p': 0.9, 'repetition_penalty': 1.15, 'max_new_tokens': 400, 'do_sample': True, 'no_repeat_ngram_size': 4}",2703,"Existen varias modalidades de cheques, como lo mencionan los mismos Alonso, Brailovsky y Ortiz (1999).","Según Alonso, Brailovsky y Ortiz (mil novecientos noventa y nueve) hay varias modalidades de cheques.","Hay diferentes tipos de cheques según lo indicado por Alonso, Brailovsky y Ortiz en 1999.","Reescribe en español el siguiente texto con lenguaje más claro y sencillo.
Conserva el significado original y no inventes información.
Guía interna de simplificación: usa palabras comunes; evita tecnicismos innecesarios; reemplaza palabras difíciles por palabras simples; usa oraciones cortas; expresa una idea por oración; prefiere voz activa; divide oraciones largas; mantén la idea principal; elimina detalles secundarios si estorban; evita ambigüedades; explica conceptos abstractos de forma simple; mantén coherencia temporal; aclara números si aparecen; ordena de lo más importante a lo menos importante; usa tono directo y claro.

Devuelve solo la versión final simplificada.

Texto:
Existen varias modalidades de cheques, como lo mencionan los mismos Alonso, Brailovsky y Ortiz (1999).

Versión simplificada:",8.7231,success,,{},2703,zero-shot,nancy,nancy_mistral_cfg_2,0.3,0.9,1.15,400,True,4.0,15,15,15,1,1,1,54.18046768046768,22.634051112223137,92.04,80.04,12.0,1.0,0,0.6387434554973822,0,0.4666666666666667,0.4666666666666667,79.69500000000001,67.23500000000001,12.459999999999994,0.5625,0.3333333333333333,0.375,0.7922900915145874,
exp_prompting_sample36_top4_20260505_022729,051ba8fc-a107-4672-85d6-84fc79592d71,2026-05-05T02:59:51.134124,feina_repr30_test_sample36,,sample36,mistral,mistralai/Mistral-7B-Instruct-v0.2,ollama,zero-shot,R4,[],"{'temperature': 0.3, 'top_p': 0.9, 'repetition_penalty': 1.15, 'max_new_tokens': 400, 'do_sample': True, 'no_repeat_ngram_size': 4}",2732,"La mayor ventaja es la flexibilidad que le da al usuario, quien puede pagar sus saldos por completo cada mes o puede pagar en parte.",La mayor ventaja es la flexibilidad para el usuario. Quien puede pagar sus saldos completos o en parte mensualmente.,El usuario puede pagar todo en un solo pago cada mes o hacer parciales. (The user can pay in full every month or make partial payments.),"Reescribe en español el siguiente texto con lenguaje más claro y sencillo.
Conserva el significado original y no inventes información.
Guía interna de simplificación: usa palabras comunes; evita tecnicismos innecesarios; reemplaza palabras difíciles por palabras simples; usa oraciones cortas; expresa una idea por oración; prefiere voz activa; divide oraciones largas; mantén la idea principal; elimina detalles secundarios si estorban; evita ambigüedades; explica conceptos abstractos de forma simple; mantén coherencia temporal; aclara números si aparecen; ordena de lo más importante a lo menos importante; usa tono directo y claro.

Devuelve solo la versión final simplificada.

Texto:
La mayor ventaja es la flexibilidad que le da al usuario, quien puede pagar sus saldos por completo cada mes o puede pagar en parte.

Versión simplificada:",9.4422,success,,{},2732,zero-shot,nancy,nancy_mistral_cfg_2,0.3,0.9,1.15,400,True,4.0,25,26,19,1,2,2,31.67162639255663,3.3961882197738325,102.07076923076923,99.56,2.5107692307692275,1.04,1,0.23134328358208955,0,0.7307692307692307,0.72,93.19653846153847,74.67900000000002,18.51753846153845,0.26666666666666666,0.09302325581395349,0.2222222222222222,0.6674665808677673,
exp_prompting_sample36_top4_20260505_022729,7a2b2726-a52f-4cab-9534-dcc756963132,2026-05-05T03:00:00.690140,feina_repr30_test_sample36,,sample36,mistral,mistralai/Mistral-7B-Instruct-v0.2,ollama,zero-shot,R4,[],"{'temperature': 0.3, 'top_p': 0.9, 'repetition_penalty': 1.15, 'max_new_tokens': 400, 'do_sample': True, 'no_repeat_ngram_size': 4}",2947,"El dinero que inviertes inicialmente se denomina ""capital"".",El capital es el dinero invertido inicialmente.,"El dinero que inicialmente inviertes se llama ""capital"". (La parte de tu dinero inicial que inviertes se llamará ""capital"").","Reescribe en español el siguiente texto con lenguaje más claro y sencillo.
Conserva el significado original y no inventes información.
Guía interna de simplificación: usa palabras comunes; evita tecnicismos innecesarios; reemplaza palabras difíciles por palabras simples; usa oraciones cortas; expresa una idea por oración; prefiere voz activa; divide oraciones largas; mantén la idea principal; elimina detalles secundarios si estorban; evita ambigüedades; explica conceptos abstractos de forma simple; mantén coherencia temporal; aclara números si aparecen; ordena de lo más importante a lo menos importante; usa tono directo y claro.

Devuelve solo la versión final simplificada.

Texto:
El dinero que inviertes inicialmente se denomina ""capital"".

Versión simplificada:",9.5694,success,,{},2947,zero-shot,nancy,nancy_mistral_cfg_2,0.3,0.9,1.15,400,True,4.0,8,19,7,1,2,1,29.890109890109887,2.0752738657056446,66.62947368421055,36.59,30.03947368421055,2.375,1,0.46994535519125685,0,0.631578947368421,0.125,62.89815789473684,35.297500000000014,27.600657894736827,0.3076923076923077,0.08333333333333333,0.23076923076923078,0.7565109133720398,
exp_prompting_sample36_top4_20260505_022729,d0a9a319-113e-47e7-b2c9-dd6056a0d4f3,2026-05-05T03:00:10.374025,feina_repr30_test_sample36,,sample36,mistral,mistralai/Mistral-7B-Instruct-v0.2,ollama,zero-shot,R4,[],"{'temperature': 0.3, 'top_p': 0.9, 'repetition_penalty': 1.15, 'max_new_tokens': 400, 'do_sample': True, 'no_repeat_ngram_size': 4}",3320,"Existen modelos cuantitativos que permiten determinar de manera técnica el valor de la tasa de descuento como el CAPM1 y el WACC2 (Bell, 2016), los cuales no se incluyen en el presente documento; no obstante, la determinación subjetiva de la tasa de descuento exigida por el accionista puede utilizarse ante la falta de información de los mencionados modelos.","Hay modelos cuantitativos para determinar técnicamente el valor de la tasa de descuento, pero no se incluyen en este documento. Sin embargo, la determinación subjetiva de la tasa de descuento exigida por el accionista se puede utilizar ante la falta de información de esos modelos.","Hay modelos que calculan la tasa de descuento técnicamente, como CAPM y WACC (Bell, 2016), pero no están aquí en este documento. Sin embargo, se puede determinar subjectivamente la tasa de descuento deseada por el accionista cuando no hay información de esos modelos.

Simplified version:
Some models, like CAPM and WACC (Bell, 2016), can technically determine the discount rate. However, an investor's subjective determination of the required discount rate can be used when there is no information from those models.","Reescribe en español el siguiente texto con lenguaje más claro y sencillo.
Conserva el significado original y no inventes información.
Guía interna de simplificación: usa palabras comunes; evita tecnicismos innecesarios; reemplaza palabras difíciles por palabras simples; usa oraciones cortas; expresa una idea por oración; prefiere voz activa; divide oraciones largas; mantén la idea principal; elimina detalles secundarios si estorban; evita ambigüedades; explica conceptos abstractos de forma simple; mantén coherencia temporal; aclara números si aparecen; ordena de lo más importante a lo menos importante; usa tono directo y claro.

Devuelve solo la versión final simplificada.

Texto:
Existen modelos cuantitativos que permiten determinar de manera técnica el valor de la tasa de descuento como el CAPM1 y el WACC2 (Bell, 2016), los cuales no se incluyen en el presente documento; no obstante, la determinación subjetiva de la tasa de descuento exigida por el accionista puede utilizarse ante la falta de información de los mencionados modelos.

Versión simplificada:",25.7269,success,,{},3320,zero-shot,nancy,nancy_mistral_cfg_2,0.3,0.9,1.15,400,True,4.0,58,81,45,1,4,2,44.73860039746501,17.54785608219426,84.0251851851852,80.94344827586207,3.0817369093231264,1.396551724137931,3,0.18285714285714286,0,0.6666666666666666,0.5344827586206896,64.29240740740742,19.938448275862072,44.35395913154535,0.46969696969696967,0.30769230769230765,0.3787878787878788,0.7686328291893005,
exp_prompting_sample36_top4_20260505_022729,feb8711a-3f7d-45ac-9d88-b6a9476ad7fd,2026-05-05T03:00:36.216793,feina_repr30_test_sample36,,sample36,mistral,mistralai/Mistral-7B-Instruct-v0.2,ollama,zero-shot,R4,[],"{'temperature': 0.3, 'top_p': 0.9, 'repetition_penalty': 1.15, 'max_new_tokens': 400, 'do_sample': True, 'no_repeat_ngram_size': 4}",3396,"Particularmente, se observa que el escenario 3 es el único que presenta una situación que no sea rentable.",El escenario tres es el único que presenta una situación no rentable.,Solo el escenario tres no es rentable.,"Reescribe en español el siguiente texto con lenguaje más claro y sencillo.
Conserva el significado original y no inventes información.
Guía interna de simplificación: usa palabras comunes; evita tecnicismos innecesarios; reemplaza palabras difíciles por palabras simples; usa oraciones cortas; expresa una idea por oración; prefiere voz activa; divide oraciones largas; mantén la idea principal; elimina detalles secundarios si estorban; evita ambigüedades; explica conceptos abstractos de forma simple; mantén coherencia temporal; aclara números si aparecen; ordena de lo más importante a lo menos importante; usa tono directo y claro.

Devuelve solo la versión final simplificada.

Texto:
Particularmente, se observa que el escenario 3 es el único que presenta una situación que no sea rentable.

Versión simplificada:",5.2184,success,,{},3396,zero-shot,nancy,nancy_mistral_cfg_2,0.3,0.9,1.15,400,True,4.0,18,7,12,1,1,1,44.50487982746048,9.616081612105386,80.84,81.17333333333333,-0.3333333333333286,0.3888888888888889,0,0.4722222222222222,0,0.2857142857142857,0.7222222222222222,84.135,64.23500000000001,19.89999999999999,0.6,0.2222222222222222,0.5,0.8603964447975159,
exp_prompting_sample36_top4_20260505_022729,607ca44e-19d8-43dc-a2de-a396f133eab5,2026-05-05T03:00:41.558629,feina_repr30_test_sample36,,sample36,mistral,mistralai/Mistral-7B-Instruct-v0.2,ollama,zero-shot,R4,[],"{'temperature': 0.3, 'top_p': 0.9, 'repetition_penalty': 1.15, 'max_new_tokens': 400, 'do_sample': True, 'no_repeat_ngram_size': 4}",3404,"Obtenga el rendimiento de un bono de $10,000 que paga el 6.",Saque el rendimiento de un bono de diez mil dólares que paga el seis.,"Gana el rendimiento de un bonos por diez mil dólares que pagan el 6%.

(","Reescribe en español el siguiente texto con lenguaje más claro y sencillo.
Conserva el significado original y no inventes información.
Guía interna de simplificación: usa palabras comunes; evita tecnicismos innecesarios; reemplaza palabras difíciles por palabras simples; usa oraciones cortas; expresa una idea por oración; prefiere voz activa; divide oraciones largas; mantén la idea principal; elimina detalles secundarios si estorban; evita ambigüedades; explica conceptos abstractos de forma simple; mantén coherencia temporal; aclara números si aparecen; ordena de lo más importante a lo menos importante; usa tono directo y claro.

Devuelve solo la versión final simplificada.

Texto:
Obtenga el rendimiento de un bono de $10,000 que paga el 6.

Versión simplificada:",19.8196,success,,{},3404,zero-shot,nancy,nancy_mistral_cfg_2,0.3,0.9,1.15,400,True,4.0,13,14,14,1,2,1,53.32910038018397,30.277029197532105,102.26857142857143,120.53230769230768,-18.26373626373625,1.0769230769230769,1,0.7230769230769231,0,0.5,0.46153846153846156,106.38500000000002,112.36576923076925,-5.980769230769226,0.6666666666666666,0.5,0.6666666666666666,0.873056173324585,
exp_prompting_sample36_top4_20260505_022729,3c9313c7-cc5f-46f6-9b05-ca9394fa4318,2026-05-05T03:01:01.497716,feina_repr30_test_sample36,,sample36,mistral,mistralai/Mistral-7B-Instruct-v0.2,ollama,zero-shot,R4,[],"{'temperature': 0.3, 'top_p': 0.9, 'repetition_penalty': 1.15, 'max_new_tokens': 400, 'do_sample': True, 'no_repeat_ngram_size': 4}",3570,"De partida, el tema concierne a todos los individuos y durante toda la vida, pues las finanzas explican la procedencia y uso de los ingresos y recursos que se disponen para satisfacer las necesidades particulares de todas y todos.",El tema interesa a todas las personas. Porque las finanzas explican el origen y uso de los ingresos disponibles para satisfacer las necesidades de todos.,"El tema de las financias afecta a todos por toda la vida, ya que explica donde vienen y cómo se usan los ingresos y recursos para cumplir con nuestras necesidades personales.","Reescribe en español el siguiente texto con lenguaje más claro y sencillo.
Conserva el significado original y no inventes información.
Guía interna de simplificación: usa palabras comunes; evita tecnicismos innecesarios; reemplaza palabras difíciles por palabras simples; usa oraciones cortas; expresa una idea por oración; prefiere voz activa; divide oraciones largas; mantén la idea principal; elimina detalles secundarios si estorban; evita ambigüedades; explica conceptos abstractos de forma simple; mantén coherencia temporal; aclara números si aparecen; ordena de lo más importante a lo menos importante; usa tono directo y claro.

Devuelve solo la versión final simplificada.

Texto:
De partida, el tema concierne a todos los individuos y durante toda la vida, pues las finanzas explican la procedencia y uso de los ingresos y recursos que se disponen para satisfacer las necesidades particulares de todas y todos.

Versión simplificada:",11.9157,success,,{},3570,zero-shot,nancy,nancy_mistral_cfg_2,0.3,0.9,1.15,400,True,4.0,39,31,25,1,1,2,33.69276721836203,4.180647946097228,89.35612903225805,81.14769230769232,8.208436724565729,0.7948717948717948,0,0.5445544554455446,0,0.41935483870967744,0.5384615384615384,57.26403225806452,40.04012820512823,17.22390405293629,0.3859649122807018,0.07272727272727274,0.2807017543859649,0.8163580298423767,
exp_prompting_sample36_top4_20260505_022729,e24952cd-20ee-4b26-90ca-827f2838d71f,2026-05-05T03:01:13.569876,feina_repr30_test_sample36,,sample36,mistral,mistralai/Mistral-7B-Instruct-v0.2,ollama,zero-shot,R4,[],"{'temperature': 0.3, 'top_p': 0.9, 'repetition_penalty': 1.15, 'max_new_tokens': 400, 'do_sample': True, 'no_repeat_ngram_size': 4}",3653,¿Qué función cumplen las empresas en la sociedad?,¿Qué función tienen las empresas en la sociedad?,"¿Qué rol desempeñan las empresas en la sociedad?

Respuesta simplificada: Empresas hacen negocios y crean empleo.","Reescribe en español el siguiente texto con lenguaje más claro y sencillo.
Conserva el significado original y no inventes información.
Guía interna de simplificación: usa palabras comunes; evita tecnicismos innecesarios; reemplaza palabras difíciles por palabras simples; usa oraciones cortas; expresa una idea por oración; prefiere voz activa; divide oraciones largas; mantén la idea principal; elimina detalles secundarios si estorban; evita ambigüedades; explica conceptos abstractos de forma simple; mantén coherencia temporal; aclara números si aparecen; ordena de lo más importante a lo menos importante; usa tono directo y claro.

Devuelve solo la versión final simplificada.

Texto:
¿Qué función cumplen las empresas en la sociedad?

Versión simplificada:",10.5553,success,,{},3653,zero-shot,nancy,nancy_mistral_cfg_2,0.3,0.9,1.15,400,True,4.0,8,16,8,1,2,1,60.909090909090914,25.921705371356865,62.84,89.09,-26.25,2.0,1,0.484472049689441,0,0.625,0.25,62.55375000000001,89.81000000000002,-27.25625000000001,0.46153846153846156,0.3333333333333333,0.46153846153846156,0.8303463459014893,
exp_prompting_sample36_top4_20260505_022729,58049da2-1fed-45d5-a924-105a446f9ee5,2026-05-05T03:01:24.264053,feina_repr30_test_sample36,,sample36,mistral,mistralai/Mistral-7B-Instruct-v0.2,ollama,zero-shot,R4,[],"{'temperature': 0.3, 'top_p': 0.9, 'repetition_penalty': 1.15, 'max_new_tokens': 400, 'do_sample': True, 'no_repeat_ngram_size': 4}",3712,Estos principios están diseñados para promover que las firmas de servicios financieros y las organizaciones de consumidores hagan más para educar a los ciudadanos en esta área.,Estos principios están diseñados para promover que las empresas de servicios financieros y las organizaciones de consumidores hagan más para educar a los ciudadanos en esta área.,"Estos principios fomentan que empresas financieras y organizzaciones de consumidores enseñen más a la gente sobre este tema.

(","Reescribe en español el siguiente texto con lenguaje más claro y sencillo.
Conserva el significado original y no inventes información.
Guía interna de simplificación: usa palabras comunes; evita tecnicismos innecesarios; reemplaza palabras difíciles por palabras simples; usa oraciones cortas; expresa una idea por oración; prefiere voz activa; divide oraciones largas; mantén la idea principal; elimina detalles secundarios si estorban; evita ambigüedades; explica conceptos abstractos de forma simple; mantén coherencia temporal; aclara números si aparecen; ordena de lo más importante a lo menos importante; usa tono directo y claro.

Devuelve solo la versión final simplificada.

Texto:
Estos principios están diseñados para promover que las firmas de servicios financieros y las organizaciones de consumidores hagan más para educar a los ciudadanos en esta área.

Versión simplificada:",14.0969,success,,{},3712,zero-shot,nancy,nancy_mistral_cfg_2,0.3,0.9,1.15,400,True,4.0,27,18,27,1,2,1,12.881013197105153,4.564476270437731,52.17333333333335,67.50666666666669,-15.333333333333336,0.6666666666666666,1,0.609271523178808,0,0.5555555555555556,0.7037037037037037,49.00722222222225,39.08314814814818,9.92407407407407,0.43999999999999995,0.125,0.4,0.835034191608429,
exp_prompting_sample36_top4_20260505_022729,5d2b2367-659b-4aad-8414-59a2ecf6586d,2026-05-05T03:01:38.475220,feina_repr30_test_sample36,,sample36,mistral,mistralai/Mistral-7B-Instruct-v0.2,ollama,zero-shot,R4,[],"{'temperature': 0.3, 'top_p': 0.9, 'repetition_penalty': 1.15, 'max_new_tokens': 400, 'do_sample': True, 'no_repeat_ngram_size': 4}",3776,"Hable con ellos, déles la cara, y hágales saber que está haciendo todo lo que puede para pagarles.","Hable con ellos, enfréntelos y comuníqueles que está haciendo lo posible para pagarles.",Habla con ellos y déjales saber que trabajas duro por pagarlos.,"Reescribe en español el siguiente texto con lenguaje más claro y sencillo.
Conserva el significado original y no inventes información.
Guía interna de simplificación: usa palabras comunes; evita tecnicismos innecesarios; reemplaza palabras difíciles por palabras simples; usa oraciones cortas; expresa una idea por oración; prefiere voz activa; divide oraciones largas; mantén la idea principal; elimina detalles secundarios si estorban; evita ambigüedades; explica conceptos abstractos de forma simple; mantén coherencia temporal; aclara números si aparecen; ordena de lo más importante a lo menos importante; usa tono directo y claro.

Devuelve solo la versión final simplificada.

Texto:
Hable con ellos, déles la cara, y hágales saber que está haciendo todo lo que puede para pagarles.

Versión simplificada:",6.6255,success,,{},3776,zero-shot,nancy,nancy_mistral_cfg_2,0.3,0.9,1.15,400,True,4.0,18,11,13,1,1,1,33.93682921197153,6.632729312157198,83.02181818181819,91.17333333333335,-8.151515151515156,0.6111111111111112,0,0.5962732919254659,0,0.5454545454545454,0.7222222222222222,76.89863636363637,74.61833333333335,2.280303030303017,0.2962962962962963,0.08,0.2962962962962963,0.7844122052192688,
exp_prompting_sample36_top4_20260505_022729,e598d2ce-e073-473c-a956-3c4b3c4b74ed,2026-05-05T03:01:45.232074,feina_repr30_test_sample36,,sample36,mistral,mistralai/Mistral-7B-Instruct-v0.2,ollama,zero-shot,R4,[],"{'temperature': 0.3, 'top_p': 0.9, 'repetition_penalty': 1.15, 'max_new_tokens': 400, 'do_sample': True, 'no_repeat_ngram_size': 4}",3819,Pero ¿en qué se compite?,Pero ¿en qué se compite?,"¿En qué se competirá? (What will the competition be about?)

(","Reescribe en español el siguiente texto con lenguaje más claro y sencillo.
Conserva el significado original y no inventes información.
Guía interna de simplificación: usa palabras comunes; evita tecnicismos innecesarios; reemplaza palabras difíciles por palabras simples; usa oraciones cortas; expresa una idea por oración; prefiere voz activa; divide oraciones largas; mantén la idea principal; elimina detalles secundarios si estorban; evita ambigüedades; explica conceptos abstractos de forma simple; mantén coherencia temporal; aclara números si aparecen; ordena de lo más importante a lo menos importante; usa tono directo y claro.

Devuelve solo la versión final simplificada.

Texto:
Pero ¿en qué se compite?

Versión simplificada:",17.4473,success,,{},3819,zero-shot,nancy,nancy_mistral_cfg_2,0.3,0.9,1.15,400,True,4.0,5,10,5,1,2,1,14.761904761904761,5.816635421147513,84.44,90.44,-6.0,2.0,1,0.4235294117647059,0,0.7,0.4,95.92500000000001,102.155,-6.22999999999999,0.4,0.30769230769230765,0.4,0.6600078344345093,
exp_prompting_sample36_top4_20260505_022729,353be4c9-43d0-4e18-9802-5981f2ea3dfd,2026-05-05T03:02:02.792884,feina_repr30_test_sample36,,sample36,mistral,mistralai/Mistral-7B-Instruct-v0.2,ollama,zero-shot,R4,[],"{'temperature': 0.3, 'top_p': 0.9, 'repetition_penalty': 1.15, 'max_new_tokens': 400, 'do_sample': True, 'no_repeat_ngram_size': 4}",4006,"Por otra parte, algunas personas sostienen que un impuesto de 10 por ciento impondría el mismo sacrificio a ambas familias.","Por otra parte, algunas personas sostienen que un impuesto de diez por ciento impondría el mismo sacrificio a ambas familias.","Algunas personas creen que una imposta del 10% significa el mismo esfuerzo para ambas familias.

(","Reescribe en español el siguiente texto con lenguaje más claro y sencillo.
Conserva el significado original y no inventes información.
Guía interna de simplificación: usa palabras comunes; evita tecnicismos innecesarios; reemplaza palabras difíciles por palabras simples; usa oraciones cortas; expresa una idea por oración; prefiere voz activa; divide oraciones largas; mantén la idea principal; elimina detalles secundarios si estorban; evita ambigüedades; explica conceptos abstractos de forma simple; mantén coherencia temporal; aclara números si aparecen; ordena de lo más importante a lo menos importante; usa tono directo y claro.

Devuelve solo la versión final simplificada.

Texto:
Por otra parte, algunas personas sostienen que un impuesto de 10 por ciento impondría el mismo sacrificio a ambas familias.

Versión simplificada:",12.115,success,,{},4006,zero-shot,nancy,nancy_mistral_cfg_2,0.3,0.9,1.15,400,True,4.0,20,15,20,1,2,1,15.194585057285286,8.75597016023791,69.24000000000001,84.74000000000001,-15.5,0.75,1,0.5818181818181818,0,0.4666666666666667,0.6,70.58166666666668,65.35000000000002,5.231666666666655,0.3888888888888889,0.1764705882352941,0.3888888888888889,0.8107613325119019,
exp_prompting_sample36_top4_20260505_022729,78bf4f0c-5c94-4efd-a9b0-a061787ccdb8,2026-05-05T03:02:15.022026,feina_repr30_test_sample36,,sample36,mistral,mistralai/Mistral-7B-Instruct-v0.2,ollama,zero-shot,R4,[],"{'temperature': 0.3, 'top_p': 0.9, 'repetition_penalty': 1.15, 'max_new_tokens': 400, 'do_sample': True, 'no_repeat_ngram_size': 4}",4276,"Al principio, como ya vimos en el trueque, adoptó la forma de mercancía, pero con el tiempo se transformó en dinero-papel, cuentas corrientes y otras formas.","Al principio, tuvo la forma de mercancía, pero luego se transformó en dinero-papel, cuentas corrientes y otras formas.","Al principio, en el trueque, tomó la forma de bienes de intercambio, pero después se convirtió en papel moneda, cuentas bancarias y otras formas.

[Translation: Initially, in bartering, it took the shape of trade goods, but later transformed into paper money, checking accounts and other forms.]","Reescribe en español el siguiente texto con lenguaje más claro y sencillo.
Conserva el significado original y no inventes información.
Guía interna de simplificación: usa palabras comunes; evita tecnicismos innecesarios; reemplaza palabras difíciles por palabras simples; usa oraciones cortas; expresa una idea por oración; prefiere voz activa; divide oraciones largas; mantén la idea principal; elimina detalles secundarios si estorban; evita ambigüedades; explica conceptos abstractos de forma simple; mantén coherencia temporal; aclara números si aparecen; ordena de lo más importante a lo menos importante; usa tono directo y claro.

Devuelve solo la versión final simplificada.

Texto:
Al principio, como ya vimos en el trueque, adoptó la forma de mercancía, pero con el tiempo se transformó en dinero-papel, cuentas corrientes y otras formas.

Versión simplificada:",16.645,success,,{},4276,zero-shot,nancy,nancy_mistral_cfg_2,0.3,0.9,1.15,400,True,4.0,27,46,19,1,2,1,39.03714423776835,8.52157555385807,92.84,94.17333333333333,-1.3333333333333286,1.7037037037037037,1,0.08425720620842572,0,0.6521739130434783,0.4074074074074074,70.06978260869568,66.77203703703705,3.2977455716586235,0.3880597014925373,0.15384615384615385,0.3880597014925373,0.7946354746818542,
exp_prompting_sample36_top4_20260505_022729,f6baa46c-8be8-4890-bda4-f02d0f1fc2a0,2026-05-05T03:02:31.795831,feina_repr30_test_sample36,,sample36,mistral,mistralai/Mistral-7B-Instruct-v0.2,ollama,zero-shot,R4,[],"{'temperature': 0.3, 'top_p': 0.9, 'repetition_penalty': 1.15, 'max_new_tokens': 400, 'do_sample': True, 'no_repeat_ngram_size': 4}",4284,"¿Son estos sólo sueños, o son metas reales?",¿Estos son sólo sueños o son metas reales?,"Son estos sueños o objetivos reales?

(Son dreams or real goals?)

[End of text.]","Reescribe en español el siguiente texto con lenguaje más claro y sencillo.
Conserva el significado original y no inventes información.
Guía interna de simplificación: usa palabras comunes; evita tecnicismos innecesarios; reemplaza palabras difíciles por palabras simples; usa oraciones cortas; expresa una idea por oración; prefiere voz activa; divide oraciones largas; mantén la idea principal; elimina detalles secundarios si estorban; evita ambigüedades; explica conceptos abstractos de forma simple; mantén coherencia temporal; aclara números si aparecen; ordena de lo más importante a lo menos importante; usa tono directo y claro.

Devuelve solo la versión final simplificada.

Texto:
¿Son estos sólo sueños, o son metas reales?

Versión simplificada:",7.8119,success,,{},4284,zero-shot,nancy,nancy_mistral_cfg_2,0.3,0.9,1.15,400,True,4.0,8,14,8,1,2,1,33.61777111777111,5.136663909505954,106.55428571428573,96.59,9.964285714285722,1.75,1,0.5081967213114754,0,0.5714285714285714,0.25,110.83500000000001,97.59750000000001,13.237499999999997,0.56,0.17391304347826086,0.4,0.6987866163253784,
exp_prompting_sample36_top4_20260505_022729,81854259-1cc3-4142-a99d-551e551000c4,2026-05-05T03:02:39.740147,feina_repr30_test_sample36,,sample36,mistral,mistralai/Mistral-7B-Instruct-v0.2,ollama,zero-shot,R4,[],"{'temperature': 0.3, 'top_p': 0.9, 'repetition_penalty': 1.15, 'max_new_tokens': 400, 'do_sample': True, 'no_repeat_ngram_size': 4}",4638,"En los pueblos donde el principio de la elección se extiende a todo, no hay propiamente hablando carrera pública.",En los pueblos donde el principio de la elección se extiende a todo no existe la carrera pública.,"En poblados donde todos pueden votar, no hay verdadera carrera política.","Reescribe en español el siguiente texto con lenguaje más claro y sencillo.
Conserva el significado original y no inventes información.
Guía interna de simplificación: usa palabras comunes; evita tecnicismos innecesarios; reemplaza palabras difíciles por palabras simples; usa oraciones cortas; expresa una idea por oración; prefiere voz activa; divide oraciones largas; mantén la idea principal; elimina detalles secundarios si estorban; evita ambigüedades; explica conceptos abstractos de forma simple; mantén coherencia temporal; aclara números si aparecen; ordena de lo más importante a lo menos importante; usa tono directo y claro.

Devuelve solo la versión final simplificada.

Texto:
En los pueblos donde el principio de la elección se extiende a todo, no hay propiamente hablando carrera pública.

Versión simplificada:",6.5238,success,,{},4638,zero-shot,nancy,nancy_mistral_cfg_2,0.3,0.9,1.15,400,True,4.0,19,11,18,1,1,1,17.230056980056982,2.9115521924905376,61.203636363636356,84.62947368421054,-23.425837320574182,0.5789473684210527,0,0.5081081081081081,0,0.5454545454545454,0.7368421052631579,54.244090909090914,66.51394736842106,-12.269856459330143,0.25,0.0,0.25,0.816755473613739,
exp_prompting_sample36_top4_20260505_022729,555b224a-908d-4509-8640-7f430c39e957,2026-05-05T03:02:46.407860,feina_repr30_test_sample36,,sample36,mistral,mistralai/Mistral-7B-Instruct-v0.2,ollama,zero-shot,R4,[],"{'temperature': 0.3, 'top_p': 0.9, 'repetition_penalty': 1.15, 'max_new_tokens': 400, 'do_sample': True, 'no_repeat_ngram_size': 4}",4751,"Sin entusiasmo, dijo alguien famoso, nunca se ha podido realizar nada grande.",Sin entusiasmo no se logró nada grande.,Famosa persona dijo sin animación: nunca se ha logrado grandes cosas.,"Reescribe en español el siguiente texto con lenguaje más claro y sencillo.
Conserva el significado original y no inventes información.
Guía interna de simplificación: usa palabras comunes; evita tecnicismos innecesarios; reemplaza palabras difíciles por palabras simples; usa oraciones cortas; expresa una idea por oración; prefiere voz activa; divide oraciones largas; mantén la idea principal; elimina detalles secundarios si estorban; evita ambigüedades; explica conceptos abstractos de forma simple; mantén coherencia temporal; aclara números si aparecen; ordena de lo más importante a lo menos importante; usa tono directo y claro.

Devuelve solo la versión final simplificada.

Texto:
Sin entusiasmo, dijo alguien famoso, nunca se ha podido realizar nada grande.

Versión simplificada:",7.0835,success,,{},4751,zero-shot,nancy,nancy_mistral_cfg_2,0.3,0.9,1.15,400,True,4.0,12,11,7,1,1,1,32.216183574879224,3.673526562988939,66.65818181818184,68.34,-1.6818181818181586,0.9166666666666666,0,0.5205479452054794,0,0.5454545454545454,0.5833333333333334,59.9077272727273,59.85166666666669,0.05606060606061192,0.2105263157894737,0.0,0.2105263157894737,0.7089458107948303,
exp_prompting_sample36_top4_20260505_022729,b2955f5d-4416-4ee8-ba4f-37e6b9550718,2026-05-05T03:02:53.620786,feina_repr30_test_sample36,,sample36,mistral,mistralai/Mistral-7B-Instruct-v0.2,ollama,zero-shot,R4,[],"{'temperature': 0.3, 'top_p': 0.9, 'repetition_penalty': 1.15, 'max_new_tokens': 400, 'do_sample': True, 'no_repeat_ngram_size': 4}",5037,"Por tanto, este método calcula interés sobre interés.","Por eso, este método calcula interés sobre interés.","Este método calcula el interés sobre el interés que ya se ha acumulado.

(Translation: This method calculates interest on the interest that has already been accumulated.)","Reescribe en español el siguiente texto con lenguaje más claro y sencillo.
Conserva el significado original y no inventes información.
Guía interna de simplificación: usa palabras comunes; evita tecnicismos innecesarios; reemplaza palabras difíciles por palabras simples; usa oraciones cortas; expresa una idea por oración; prefiere voz activa; divide oraciones largas; mantén la idea principal; elimina detalles secundarios si estorban; evita ambigüedades; explica conceptos abstractos de forma simple; mantén coherencia temporal; aclara números si aparecen; ordena de lo más importante a lo menos importante; usa tono directo y claro.

Devuelve solo la versión final simplificada.

Texto:
Por tanto, este método calcula interés sobre interés.

Versión simplificada:",9.952,success,,{},5037,zero-shot,nancy,nancy_mistral_cfg_2,0.3,0.9,1.15,400,True,4.0,8,26,8,1,2,1,30.413359788359788,3.7541625264671095,72.07076923076923,51.59,20.480769230769226,3.25,1,0.36936936936936937,0,0.7692307692307693,0.25,62.04653846153846,50.8725,11.174038461538458,0.45000000000000007,0.3157894736842105,0.45000000000000007,0.7093874216079712,
exp_prompting_sample36_top4_20260505_022729,f32ebed2-1835-4869-afab-afdea38b96a1,2026-05-05T03:03:03.690058,feina_repr30_test_sample36,,sample36,mistral,mistralai/Mistral-7B-Instruct-v0.2,ollama,zero-shot,R4,[],"{'temperature': 0.3, 'top_p': 0.9, 'repetition_penalty': 1.15, 'max_new_tokens': 400, 'do_sample': True, 'no_repeat_ngram_size': 4}",5112,"El resultado es aproximado a $300,000 en seis años.",El resultado es aproximadamente trescientos mil dólares en seis años.,Se obtiene un resultado aproximado de trescientos mil dólares en seis años.,"Reescribe en español el siguiente texto con lenguaje más claro y sencillo.
Conserva el significado original y no inventes información.
Guía interna de simplificación: usa palabras comunes; evita tecnicismos innecesarios; reemplaza palabras difíciles por palabras simples; usa oraciones cortas; expresa una idea por oración; prefiere voz activa; divide oraciones largas; mantén la idea principal; elimina detalles secundarios si estorban; evita ambigüedades; explica conceptos abstractos de forma simple; mantén coherencia temporal; aclara números si aparecen; ordena de lo más importante a lo menos importante; usa tono directo y claro.

Devuelve solo la versión final simplificada.

Texto:
El resultado es aproximado a $300,000 en seis años.

Versión simplificada:",7.0885,success,,{},5112,zero-shot,nancy,nancy_mistral_cfg_2,0.3,0.9,1.15,400,True,4.0,10,12,10,1,1,1,70.76111388611388,48.63383168079942,68.34,100.64,-32.3,1.2,0,0.5873015873015873,0,0.5833333333333334,0.5,59.85166666666669,97.155,-37.30333333333331,0.6923076923076924,0.5833333333333334,0.6923076923076924,0.8991436958312988,
exp_prompting_sample36_top4_20260505_022729,3e5d8bf1-80a0-49ab-9a76-2d4f1262203e,2026-05-05T03:03:10.903246,feina_repr30_test_sample36,,sample36,mistral,mistralai/Mistral-7B-Instruct-v0.2,ollama,zero-shot,R4,[],"{'temperature': 0.3, 'top_p': 0.9, 'repetition_penalty': 1.15, 'max_new_tokens': 400, 'do_sample': True, 'no_repeat_ngram_size': 4}",5187,Documente todos sus gastos e ingresos o compárelos con lo que usted planificó que iba a gastar en el mes.,Documente todos sus gastos e ingresos y compárelos con lo que usted planificó que iba a gastar en el mes.,"Registra todos tus gastos y ingresos, o comparálos con lo que planeabas gastar en un mes.

(Record all your expenses and income, or compare them with what you planned to spend in a month.)","Reescribe en español el siguiente texto con lenguaje más claro y sencillo.
Conserva el significado original y no inventes información.
Guía interna de simplificación: usa palabras comunes; evita tecnicismos innecesarios; reemplaza palabras difíciles por palabras simples; usa oraciones cortas; expresa una idea por oración; prefiere voz activa; divide oraciones largas; mantén la idea principal; elimina detalles secundarios si estorban; evita ambigüedades; explica conceptos abstractos de forma simple; mantén coherencia temporal; aclara números si aparecen; ordena de lo más importante a lo menos importante; usa tono directo y claro.

Devuelve solo la versión final simplificada.

Texto:
Documente todos sus gastos e ingresos o compárelos con lo que usted planificó que iba a gastar en el mes.

Versión simplificada:",12.3759,success,,{},5187,zero-shot,nancy,nancy_mistral_cfg_2,0.3,0.9,1.15,400,True,4.0,20,34,20,1,2,1,17.620253067556988,5.75142327589056,105.54588235294119,93.74000000000001,11.805882352941182,1.7,1,0.5068493150684932,0,0.6764705882352942,0.45,90.8879411764706,74.69500000000001,16.192941176470597,0.39285714285714285,0.11111111111111112,0.3214285714285714,0.669486939907074,
