ruleset_name,sari,bleu,fernandez_huerta_pred,fernandez_huerta_src,fernandez_huerta_delta,compression_ratio_eval,sentence_splits,levenshtein_similarity,exact_copy,additions_proportion,deletions_proportion,rouge1_f,rouge2_f,rougeL_f,inflesz_pred,inflesz_src,inflesz_delta,bertscore_f1
R0,34.76669789456917,13.063289541495843,70.98612304662565,74.52489383187648,-3.5387707852508345,0.8796373554937307,0.4666666666666667,0.43342683983567887,0.0,0.4831089219261358,0.5816487516181675,0.4322970517649445,0.23408733420217231,0.38853028901413045,57.548434966187216,45.36153990179299,12.186895064394236,0.7929207434256872
R2,34.30334957001224,12.204442756511781,72.53822613261563,74.52489383187648,-1.986667699260857,0.8875187003589989,0.5833333333333334,0.4438798117102695,0.0,0.5080478927264821,0.6010036629360049,0.4185196472210614,0.21407527809372198,0.3724345157554473,60.303954959872414,45.36153990179299,14.942415058079433,0.7880712350209554
