model_key,config_label,ruleset,gen_temperature,gen_top_p,gen_repetition_penalty,gen_max_new_tokens,sari,bleu,fernandez_huerta_pred,fernandez_huerta_src,fernandez_huerta_delta,compression_ratio_eval,sentence_splits,levenshtein_similarity,exact_copy,additions_proportion,deletions_proportion,rouge1_f,rouge2_f,rougeL_f,inflesz_pred,inflesz_src,inflesz_delta,bertscore_f1
llama3,llama3_cfg_2,R0,0.2,0.9,1.1,256.0,35.77916903312645,18.012481506664983,68.85404839736108,77.22262728501042,-8.368578887649317,0.81999197537635,0.15,0.42949614814007353,0.0,0.40972718310464196,0.5538690602544991,0.5166924750102726,0.2978484006015907,0.44853804455667684,48.81961803836549,43.09092226549869,5.728695772866803,0.8249500632286072
llama3,llama3_cfg_3,R1,0.3,0.9,1.15,256.0,33.96515103166267,13.70740493780788,70.0940298973969,77.22262728501042,-7.128597387613522,0.8053578651200478,0.2,0.43616707638817764,0.0,0.4645129067226315,0.606232778863689,0.4619504006973525,0.23529134367815113,0.4059985349260242,51.07009903056022,43.09092226549869,7.979176765061533,0.8111089944839478
mistral,mistral_cfg_2,R4,0.3,0.9,1.1,256.0,33.54371693932419,12.901315180601557,69.89006032622702,77.22262728501042,-7.3325669587833975,1.7857955800366856,1.2,0.24400611447495835,0.0,0.5122661327610876,0.4210143554560914,0.44221197400823087,0.2175840006081617,0.3417591155285611,47.78107163423014,43.09092226549869,4.690149368731445,0.7805584490299224
mistral,mistral_cfg_3,R0,0.2,0.85,1.1,256.0,33.74799949369962,14.172460237094455,75.62682088185328,77.22262728501042,-1.595806403157131,1.5985839776188369,1.15,0.2829677817263335,0.0,0.5663105469545064,0.37272296304251507,0.4431823834580973,0.23767029437123624,0.35942919262677364,49.95490599767547,43.09092226549869,6.863983732176777,0.7853872984647751
