model_key,config_label,ruleset,gen_temperature,gen_top_p,gen_repetition_penalty,gen_max_new_tokens,sari,bleu,fernandez_huerta_pred,fernandez_huerta_src,fernandez_huerta_delta,compression_ratio_eval,sentence_splits,levenshtein_similarity,exact_copy,additions_proportion,deletions_proportion,rouge1_f,rouge2_f,rougeL_f,inflesz_pred,inflesz_src,inflesz_delta,bertscore_f1
llama3,llama3_cfg_2,R0,0.2,0.9,1.1,256.0,30.38729972784991,9.90634304968047,66.372012987013,74.24335377307527,-7.871340786062279,0.6099428689016836,0.2,0.40324545561870784,0.0,0.42534632034632036,0.6866269698526511,0.38871086812609507,0.18183897290197068,0.34753529016331025,64.87159090909093,42.79219873758903,22.079392171501887,0.7842353224754334
llama3,llama3_cfg_3,R1,0.3,0.9,1.15,256.0,32.28375629345399,12.893155505212462,63.745555437015966,74.24335377307527,-10.4977983360593,0.687622635757921,0.3,0.46918672829236935,0.0,0.5314037919498447,0.6732467482411921,0.4144341736694678,0.1896764650095843,0.3634033613445378,50.01083811047891,42.79219873758903,7.218639372889877,0.7985451877117157
mistral,mistral_cfg_2,R4,0.3,0.9,1.1,256.0,33.76635630872671,12.70054925355893,74.20409815973952,74.24335377307527,-0.03925561333574947,1.565817958264735,0.9,0.23132055193000492,0.0,0.5829722648790824,0.4303792323344312,0.42921827921827915,0.19593386729743828,0.3513495013495013,47.992245209082945,42.79219873758903,5.200046471493914,0.773688691854477
mistral,mistral_cfg_3,R0,0.2,0.85,1.1,256.0,33.992979328757215,11.288514286686091,75.03869644249993,74.24335377307527,0.795342669424653,1.5596136770762399,1.1,0.2831266011244686,0.0,0.5893449899256271,0.4044056935117875,0.42678358723413784,0.19556626707227162,0.3523903418467393,52.54887498777413,42.79219873758903,9.756676250185098,0.7770053505897522
