model_key,config_label,ruleset,gen_temperature,gen_top_p,gen_repetition_penalty,gen_max_new_tokens,sari,bleu,fernandez_huerta_pred,fernandez_huerta_src,fernandez_huerta_delta,compression_ratio_eval,sentence_splits,levenshtein_similarity,exact_copy,additions_proportion,deletions_proportion,rouge1_f,rouge2_f,rougeL_f,inflesz_pred,inflesz_src,inflesz_delta,bertscore_f1
llama3,llama3_cfg_2,R0,0.2,0.9,1.1,256.0,39.59635845405457,20.941717374471715,78.0211191749427,80.63176753631652,-2.6106483613737987,0.7887372318270759,0.2,0.6012729300932604,0.0,0.3987973219590867,0.5434740939926155,0.48184767117138455,0.3280245397304221,0.4369435462672596,66.75674338978017,57.2694591128956,9.487284276884568,0.8252276718616486
llama3,llama3_cfg_3,R1,0.3,0.9,1.15,256.0,33.56575603207979,14.515360317771117,80.58381729855142,80.63176753631652,-0.04795023776508245,0.9728233692105486,0.2,0.5144266399709606,0.0,0.5568137714272016,0.6142293634491474,0.37871486770402385,0.2207235522636625,0.35997395049139724,65.14297115987463,57.2694591128956,7.8735120469790205,0.8063078999519349
mistral,mistral_cfg_2,R4,0.3,0.9,1.1,256.0,38.15654632103052,18.857998887550348,76.14563172905285,80.63176753631652,-4.486135807263653,1.4257439676317656,0.9,0.49829216399825677,0.0,0.45059448695846427,0.32793981659025795,0.5015915746068453,0.2813759331532884,0.4546413338363798,60.841253937811054,57.2694591128956,3.571794824915453,0.8243353724479675
mistral,mistral_cfg_3,R0,0.2,0.85,1.1,256.0,40.86388117001571,18.63032986653391,82.86662234154059,80.63176753631652,2.2348548052240758,2.2155293807721,1.2,0.351149225169213,0.0,0.5401017041627512,0.31981205902483023,0.449518661840931,0.2826147142617731,0.39699011421324004,65.20899031974534,57.2694591128956,7.939531206849734,0.8046864807605744
