model_key,config_label,ruleset,gen_temperature,gen_top_p,gen_repetition_penalty,gen_max_new_tokens,sari,bleu,fernandez_huerta_pred,fernandez_huerta_src,fernandez_huerta_delta,compression_ratio_eval,sentence_splits,levenshtein_similarity,exact_copy,additions_proportion,deletions_proportion,rouge1_f,rouge2_f,rougeL_f,inflesz_pred,inflesz_src,inflesz_delta,bertscore_f1
llama3,llama3_cfg_2,R0,0.2,0.9,1.1,256.0,41.29057721537988,17.854244381600793,68.99249000999001,70.96286287242171,-1.9703728624316887,1.1095664629488158,0.1,0.5288375755406374,0.0,0.3797567016317016,0.4790648077412783,0.49950116083791185,0.33362544990131193,0.456995984854475,55.863953962703974,50.38515708556152,5.478796877142467,0.8374241769313813
llama3,llama3_cfg_3,R1,0.3,0.9,1.15,256.0,36.765742192180326,11.494411350975103,76.12805636047523,70.96286287242171,5.165193488053526,1.1842287369493252,0.3,0.4252299446413276,0.0,0.6396375026772328,0.6213047491723962,0.3548629934040052,0.18451254476318416,0.3033002667028396,63.630766105917644,50.38515708556152,13.245609020356131,0.7979647755622864
mistral,mistral_cfg_2,R4,0.3,0.9,1.1,256.0,32.89269773149904,8.057355813565355,78.4548031520979,70.96286287242171,7.491940279676195,1.71677457346575,0.4,0.38843947986300986,0.0,0.6092943966483764,0.43929112554112554,0.3499059407131636,0.1755758394975943,0.3106217887489435,55.4297518071284,50.38515708556152,5.044594721566893,0.7923291862010956
mistral,mistral_cfg_3,R0,0.2,0.85,1.1,256.0,36.24976748286517,11.739022239496569,72.50673382173383,70.96286287242171,1.5438709493121259,1.7226508785332313,0.5,0.436570105712906,0.0,0.5181450956450957,0.4035169977081742,0.41597837343553945,0.2396935439243208,0.3959957430602364,53.18672649572651,50.38515708556152,2.801569410164997,0.7898893415927887
