model_key,config_label,ruleset,gen_temperature,gen_top_p,gen_repetition_penalty,gen_max_new_tokens,sari,bleu,fernandez_huerta_pred,fernandez_huerta_src,fernandez_huerta_delta,compression_ratio_eval,sentence_splits,levenshtein_similarity,exact_copy,additions_proportion,deletions_proportion,rouge1_f,rouge2_f,rougeL_f,inflesz_pred,inflesz_src,inflesz_delta,bertscore_f1
llama3,llama3_cfg_2,R0,0.2,0.9,1.1,256.0,37.63323360844665,16.383422923902213,63.62098651748617,73.77407684962097,-10.153090332134795,0.8820113171142584,0.15,0.5255664028579883,0.0,0.4225591531216599,0.5914280964133906,0.42848683285351574,0.23266037502509923,0.3840952242184562,53.32746012085018,51.275138428973,2.0523216918771894,0.819674625992775
llama3,llama3_cfg_3,R1,0.3,0.9,1.15,256.0,36.22953223003044,12.369866858707962,70.46820082595153,73.77407684962097,-3.3058760236694527,1.1347654918610801,0.4,0.44352126174184825,0.0,0.5689486410771356,0.6260529935750524,0.3878850212434397,0.19599430469691118,0.3410084752989061,58.673035799960005,51.275138428973,7.397897370987012,0.8072846442461014
mistral,mistral_cfg_2,R4,0.3,0.9,1.1,256.0,36.16358513411559,11.128324161032227,74.30867128326172,73.77407684962097,0.5345944336407509,1.820870776282541,0.75,0.37844691715314355,0.0,0.5745269404275197,0.3874323470647,0.40990911474888103,0.21664958910412074,0.3692213337696967,52.164528778470526,51.275138428973,0.8893903494975313,0.7884559273719788
mistral,mistral_cfg_3,R0,0.2,0.85,1.1,256.0,37.027204309791856,11.411027813701578,77.22131379725829,73.77407684962097,3.447236947637316,1.7970953115511938,0.9,0.522616812862364,0.0,0.5490738151854583,0.3575372642063819,0.43725506236166084,0.23977461349626852,0.39692939163068003,58.22521794686499,51.275138428973,6.950079517891984,0.7902758330106735
