model_key,config_label,ruleset,gen_temperature,gen_top_p,gen_repetition_penalty,gen_max_new_tokens,sari,bleu,fernandez_huerta_pred,fernandez_huerta_src,fernandez_huerta_delta,compression_ratio_eval,sentence_splits,levenshtein_similarity,exact_copy,additions_proportion,deletions_proportion,rouge1_f,rouge2_f,rougeL_f,inflesz_pred,inflesz_src,inflesz_delta,bertscore_f1
llama3,llama3_cfg_1,R4,0.3,0.9,1.15,256.0,42.0082176234225,13.87519698053932,85.33595559295009,88.31434213016652,-2.9783865372164238,0.7961064111677782,0.55,0.4558095551874972,0.0,0.4254722235986333,0.5507575157597245,0.42615825771655985,0.2505376988409521,0.36387729847767747,69.67743727202533,51.98361474783032,17.693822524194996,0.7934622526168823
llama3,llama3_cfg_2,R2,0.7,0.9,1.1,512.0,42.969879131289666,15.394757222529723,84.19294375013531,88.31434213016652,-4.121398380031192,0.7817100428746103,0.3,0.49071786778347803,0.0,0.3526258462040196,0.502510741125859,0.47984994043325635,0.2833028670052916,0.39878188156493416,66.2266516855715,51.98361474783032,14.243036937741167,0.8053229928016663
mistral,mistral_cfg_1,R2,0.7,0.9,1.1,512.0,39.75438615696171,12.575512303724189,83.29479169822318,88.31434213016652,-5.019550431943336,1.4617311585553838,0.55,0.41032219399193154,0.0,0.4485265719144523,0.3322390281182239,0.4372250588459721,0.23958037317560038,0.38684376247177943,51.979022892972225,51.98361474783032,-0.004591854858100675,0.7856744766235352
mistral,mistral_cfg_2,R3,0.3,0.9,1.15,400.0,39.59990768564338,10.037955977438475,80.7207539884994,88.31434213016652,-7.593588141667122,1.5171754639329786,0.85,0.37646052279464964,0.0,0.5200151244865288,0.35973980621414936,0.42069709752525136,0.22283322497437918,0.3518277019360661,53.8874712985053,51.98361474783032,1.9038565506749692,0.7800176501274109
