model_key,config_label,ruleset,gen_temperature,gen_top_p,gen_repetition_penalty,gen_max_new_tokens,sari,bleu,fernandez_huerta_pred,fernandez_huerta_src,fernandez_huerta_delta,compression_ratio_eval,sentence_splits,levenshtein_similarity,exact_copy,additions_proportion,deletions_proportion,rouge1_f,rouge2_f,rougeL_f,inflesz_pred,inflesz_src,inflesz_delta,bertscore_f1
llama3,llama3_cfg_1,R2,0.2,0.85,1.05,256.0,42.21884190532101,17.534298908494026,86.00071226383713,88.31434213016652,-2.3136298663293844,0.7612649065859755,0.65,0.5437165249293112,0.0,0.26453364842346627,0.4434086059520571,0.49798404107873234,0.318418106154654,0.44355794694640266,71.51963942834352,51.98361474783032,19.5360246805132,0.807976508140564
llama3,llama3_cfg_2,R0,0.2,0.9,1.1,256.0,43.08027946604526,15.378169002151598,81.42422618286687,88.31434213016652,-6.890115947299631,0.8077180211135069,0.7,0.5235368259370501,0.0,0.32519312388421173,0.46997802495771557,0.4899883371195869,0.2999048431343014,0.4116650635964948,66.51750535034076,51.98361474783032,14.53389060251043,0.8030352979898453
llama3,llama3_cfg_3,R1,0.3,0.9,1.15,256.0,42.88005203397951,14.297969262780137,82.16516069618946,88.31434213016652,-6.149181433977059,0.8616919719454137,0.7,0.46554842141215697,0.0,0.39192545767442927,0.48146674661370953,0.4772117601436907,0.2841981347718528,0.4172461243965146,64.3554830922927,51.98361474783032,12.371868344462367,0.8071358233690262
mistral,mistral_cfg_1,R4,0.3,0.9,1.1,256.0,40.401948453576125,13.345581871532394,82.63374116734614,88.31434213016652,-5.680600962820366,1.4098162426116536,0.6,0.4660875488790032,0.0,0.4775688802695748,0.33133148818009206,0.45618944299008124,0.2624161203690293,0.40549216405049887,49.87604262069421,51.98361474783032,-2.1075721271361245,0.7948023200035095
mistral,mistral_cfg_2,R3,0.1,0.85,1.1,256.0,40.43446422090676,12.624830185713275,82.89577243302979,88.31434213016652,-5.4185696971367205,1.559628621039383,0.8,0.380055687277568,0.0,0.4949522245131215,0.3546825974354698,0.43454177781568565,0.2408328090226218,0.3753569837715756,55.99994397301016,51.98361474783032,4.016329225179829,0.7913865834474564
mistral,mistral_cfg_3,R1,0.2,0.85,1.1,256.0,40.270142523832504,12.054414840609406,82.19619400332793,88.31434213016652,-6.118148126838579,1.4440179155049053,0.85,0.43036605261067457,0.0,0.4839381949459186,0.3442801616520081,0.4596353049566645,0.27358131839890676,0.40242117441747516,56.1258544589701,51.98361474783032,4.14223971113978,0.792453619837761
