model_key,config_label,ruleset,gen_temperature,gen_top_p,gen_repetition_penalty,gen_max_new_tokens,sari,fernandez_huerta_pred,fernandez_huerta_src,fernandez_huerta_delta,compression_ratio_eval,sentence_splits,levenshtein_similarity,exact_copy,additions_proportion,deletions_proportion,inflesz_pred,inflesz_src,inflesz_delta
llama3,llama3_cfg_1,R1,0.3,0.9,1.15,512.0,44.10991423928332,83.01350748146704,88.31434213016652,-5.300834648699466,0.8685190897113362,0.5,0.48443930955364606,0.0,0.3750502984363032,0.46613799026228897,64.38726873403428,51.98361474783032,12.403653986203942
llama3,llama3_cfg_2,R3,0.7,0.9,1.1,512.0,43.138310501915626,83.05115085202723,88.31434213016652,-5.263191278139287,0.7972227643864016,0.55,0.49111956181802396,0.0,0.36949160254259134,0.50182429148093,65.71012042702533,51.98361474783032,13.72650567919501
mistral,mistral_cfg_1,R1,0.7,0.9,1.1,512.0,41.88567987791666,79.87352587057104,88.31434213016652,-8.440816259595474,1.8364864633704454,1.5,0.41159313012736476,0.0,0.5080836228229962,0.3119027689059864,52.92456697446111,51.98361474783032,0.9409522266307817
mistral,mistral_cfg_2,R0,0.3,0.9,1.15,400.0,40.35895429026972,82.49294456113174,88.31434213016652,-5.821397569034781,1.3930121879355257,0.8,0.4438147334140248,0.0,0.49923437118680314,0.37174110513010983,53.91950843977337,51.98361474783032,1.9358936919430385
