model_key,sari,bleu,fernandez_huerta_pred,fernandez_huerta_src,fernandez_huerta_delta,compression_ratio_eval,sentence_splits,levenshtein_similarity,exact_copy,additions_proportion,deletions_proportion,rouge1_f,rouge2_f,rougeL_f,inflesz_pred,inflesz_src,inflesz_delta,bertscore_f1
llama3,40.14811875444552,12.229411006551873,83.96012743707405,88.31434213016652,-4.354214693092465,0.7878095652417464,0.7125,0.46231353572497486,0.0,0.4249310912663417,0.552694976181059,0.42683455242877527,0.23996398507492006,0.36284923522920154,70.221504734556,51.98361474783032,18.23788998672568,0.7922894332557917
mistral,40.006165901753604,11.989589484794596,82.54727200260047,88.31434213016652,-5.767070127566041,1.2723072450698019,0.86875,0.4362408130398238,0.0,0.45410082382326555,0.4027055781079839,0.44230883453022907,0.25041346853855767,0.37673844845448146,60.07120265032446,51.98361474783032,8.087587902494134,0.7882267508655787
