row_id,system_name,system_family,source_text,reference_text,generated_text,criterio_fidelidad,peso_fidelidad,score_fidelidad,weighted_fidelidad,criterio_comprension,peso_comprension,score_comprension,weighted_comprension,criterio_fluidez,peso_fluidez,score_fluidez,weighted_fluidez,criterio_tono,peso_tono,score_tono,weighted_tono,criterio_lexico,peso_lexico,score_lexico,weighted_lexico,criterio_estructura,peso_estructura,score_estructura,weighted_estructura,criterio_numeros,peso_numeros,score_numeros,weighted_numeros,score_total_100,escala_recordatorio,comentarios_evaluador,evaluador,fecha_evaluacion
550,few-shot_hariel_llama3_llama3_cfg_3_R1,prompting,"No tiene incentivos ni motivación, dos elementos esenciales en ambientes de competencia.",No tiene sentido ni motivación. Estos elementos son esenciales para la competencia.,Sin motivación y sin incentivos no se puede trabajar bien en un ambiente competitivo.,"Conserva ideas centrales, datos clave y relaciones del original.",30,,,"Se entiende al primer vistazo, sin ambigüedades importantes.",25,,,"Suena natural, con buena gramática y cohesión.",15,,,"Tono cercano, educativo, neutral y apropiado para el público.",10,,,"Palabras comunes, oraciones cortas, sin tecnicismos innecesarios.",10,,,"Orden lógico, párrafos manejables, presentación clara.",5,,,Cifras con contexto y simplificadas correctamente.,5,,,,"1, 2, 3, 4 o 5",,,
550,few-shot_nancy_llama3_llama3_cfg_2_R2,prompting,"No tiene incentivos ni motivación, dos elementos esenciales en ambientes de competencia.",No tiene sentido ni motivación. Estos elementos son esenciales para la competencia.,"No tiene motivación para trabajar bien y ganar, lo que es importante en un ambiente competitivo.","Conserva ideas centrales, datos clave y relaciones del original.",30,,,"Se entiende al primer vistazo, sin ambigüedades importantes.",25,,,"Suena natural, con buena gramática y cohesión.",15,,,"Tono cercano, educativo, neutral y apropiado para el público.",10,,,"Palabras comunes, oraciones cortas, sin tecnicismos innecesarios.",10,,,"Orden lógico, párrafos manejables, presentación clara.",5,,,Cifras con contexto y simplificadas correctamente.,5,,,,"1, 2, 3, 4 o 5",,,
550,lora_llama3,lora,"No tiene incentivos ni motivación, dos elementos esenciales en ambientes de competencia.",No tiene sentido ni motivación. Estos elementos son esenciales para la competencia.,"No tiene incentivos ni motivación, dos elementos esenciales en ambientes de competencia.","Conserva ideas centrales, datos clave y relaciones del original.",30,,,"Se entiende al primer vistazo, sin ambigüedades importantes.",25,,,"Suena natural, con buena gramática y cohesión.",15,,,"Tono cercano, educativo, neutral y apropiado para el público.",10,,,"Palabras comunes, oraciones cortas, sin tecnicismos innecesarios.",10,,,"Orden lógico, párrafos manejables, presentación clara.",5,,,Cifras con contexto y simplificadas correctamente.,5,,,,"1, 2, 3, 4 o 5",,,
550,lora_mistral,lora,"No tiene incentivos ni motivación, dos elementos esenciales en ambientes de competencia.",No tiene sentido ni motivación. Estos elementos son esenciales para la competencia.,"No tiene incentivos ni motivación, dos elementos esenciales en ambientes de competencia.","Conserva ideas centrales, datos clave y relaciones del original.",30,,,"Se entiende al primer vistazo, sin ambigüedades importantes.",25,,,"Suena natural, con buena gramática y cohesión.",15,,,"Tono cercano, educativo, neutral y apropiado para el público.",10,,,"Palabras comunes, oraciones cortas, sin tecnicismos innecesarios.",10,,,"Orden lógico, párrafos manejables, presentación clara.",5,,,Cifras con contexto y simplificadas correctamente.,5,,,,"1, 2, 3, 4 o 5",,,
550,zero-shot_hariel_llama3_hariel_llama3_cfg_1_R0,prompting,"No tiene incentivos ni motivación, dos elementos esenciales en ambientes de competencia.",No tiene sentido ni motivación. Estos elementos son esenciales para la competencia.,"No tiene motivos ni ganas, dos cosas importantes en un lugar competitivo.","Conserva ideas centrales, datos clave y relaciones del original.",30,,,"Se entiende al primer vistazo, sin ambigüedades importantes.",25,,,"Suena natural, con buena gramática y cohesión.",15,,,"Tono cercano, educativo, neutral y apropiado para el público.",10,,,"Palabras comunes, oraciones cortas, sin tecnicismos innecesarios.",10,,,"Orden lógico, párrafos manejables, presentación clara.",5,,,Cifras con contexto y simplificadas correctamente.,5,,,,"1, 2, 3, 4 o 5",,,
550,zero-shot_nancy_mistral_nancy_mistral_cfg_2_R4,prompting,"No tiene incentivos ni motivación, dos elementos esenciales en ambientes de competencia.",No tiene sentido ni motivación. Estos elementos son esenciales para la competencia.,"No tiene incentivos ni motivation, que son necesarios en entornos competitivos.

Simplified version: He doesn't have incentives or motivation, which are essential in competitive environments.","Conserva ideas centrales, datos clave y relaciones del original.",30,,,"Se entiende al primer vistazo, sin ambigüedades importantes.",25,,,"Suena natural, con buena gramática y cohesión.",15,,,"Tono cercano, educativo, neutral y apropiado para el público.",10,,,"Palabras comunes, oraciones cortas, sin tecnicismos innecesarios.",10,,,"Orden lógico, párrafos manejables, presentación clara.",5,,,Cifras con contexto y simplificadas correctamente.,5,,,,"1, 2, 3, 4 o 5",,,
571,few-shot_hariel_llama3_llama3_cfg_3_R1,prompting,"En los procesos de importaciones y exportaciones intervienen, además de clientes y proveedores, instituciones del Estado y los bancos, tal como se indica en el siguiente recuadro:",Clientes y proveedores intervienen en las importancias y exportaciones. También lo hacen las instituciones estatales y los banco como se indica a continuación:,"En la importación y exportación, también participan organismos estatales y bancos, aparte de clientes y proveedores.","Conserva ideas centrales, datos clave y relaciones del original.",30,,,"Se entiende al primer vistazo, sin ambigüedades importantes.",25,,,"Suena natural, con buena gramática y cohesión.",15,,,"Tono cercano, educativo, neutral y apropiado para el público.",10,,,"Palabras comunes, oraciones cortas, sin tecnicismos innecesarios.",10,,,"Orden lógico, párrafos manejables, presentación clara.",5,,,Cifras con contexto y simplificadas correctamente.,5,,,,"1, 2, 3, 4 o 5",,,
571,few-shot_nancy_llama3_llama3_cfg_2_R2,prompting,"En los procesos de importaciones y exportaciones intervienen, además de clientes y proveedores, instituciones del Estado y los bancos, tal como se indica en el siguiente recuadro:",Clientes y proveedores intervienen en las importancias y exportaciones. También lo hacen las instituciones estatales y los banco como se indica a continuación:,"En la importación y exportación, están involucrados no solo clientes y proveedores, sino también el Estado y los bancos.","Conserva ideas centrales, datos clave y relaciones del original.",30,,,"Se entiende al primer vistazo, sin ambigüedades importantes.",25,,,"Suena natural, con buena gramática y cohesión.",15,,,"Tono cercano, educativo, neutral y apropiado para el público.",10,,,"Palabras comunes, oraciones cortas, sin tecnicismos innecesarios.",10,,,"Orden lógico, párrafos manejables, presentación clara.",5,,,Cifras con contexto y simplificadas correctamente.,5,,,,"1, 2, 3, 4 o 5",,,
571,lora_llama3,lora,"En los procesos de importaciones y exportaciones intervienen, además de clientes y proveedores, instituciones del Estado y los bancos, tal como se indica en el siguiente recuadro:",Clientes y proveedores intervienen en las importancias y exportaciones. También lo hacen las instituciones estatales y los banco como se indica a continuación:,"En los procesos de importaciones y exportaciones intervienen, además de clientes y proveedores, instituciones del Estado y los bancos, como se indica en el siguiente recuadro:","Conserva ideas centrales, datos clave y relaciones del original.",30,,,"Se entiende al primer vistazo, sin ambigüedades importantes.",25,,,"Suena natural, con buena gramática y cohesión.",15,,,"Tono cercano, educativo, neutral y apropiado para el público.",10,,,"Palabras comunes, oraciones cortas, sin tecnicismos innecesarios.",10,,,"Orden lógico, párrafos manejables, presentación clara.",5,,,Cifras con contexto y simplificadas correctamente.,5,,,,"1, 2, 3, 4 o 5",,,
571,lora_mistral,lora,"En los procesos de importaciones y exportaciones intervienen, además de clientes y proveedores, instituciones del Estado y los bancos, tal como se indica en el siguiente recuadro:",Clientes y proveedores intervienen en las importancias y exportaciones. También lo hacen las instituciones estatales y los banco como se indica a continuación:,"En los procesos de importaciones y exportaciones intervienen clientes y proveedores, instituciones del Estado y los bancos.","Conserva ideas centrales, datos clave y relaciones del original.",30,,,"Se entiende al primer vistazo, sin ambigüedades importantes.",25,,,"Suena natural, con buena gramática y cohesión.",15,,,"Tono cercano, educativo, neutral y apropiado para el público.",10,,,"Palabras comunes, oraciones cortas, sin tecnicismos innecesarios.",10,,,"Orden lógico, párrafos manejables, presentación clara.",5,,,Cifras con contexto y simplificadas correctamente.,5,,,,"1, 2, 3, 4 o 5",,,
571,zero-shot_hariel_llama3_hariel_llama3_cfg_1_R0,prompting,"En los procesos de importaciones y exportaciones intervienen, además de clientes y proveedores, instituciones del Estado y los bancos, tal como se indica en el siguiente recuadro:",Clientes y proveedores intervienen en las importancias y exportaciones. También lo hacen las instituciones estatales y los banco como se indica a continuación:,"Involucran instituciones del Estado y bancos, además de clientes y proveedores, en las operaciones de importación y exportación.","Conserva ideas centrales, datos clave y relaciones del original.",30,,,"Se entiende al primer vistazo, sin ambigüedades importantes.",25,,,"Suena natural, con buena gramática y cohesión.",15,,,"Tono cercano, educativo, neutral y apropiado para el público.",10,,,"Palabras comunes, oraciones cortas, sin tecnicismos innecesarios.",10,,,"Orden lógico, párrafos manejables, presentación clara.",5,,,Cifras con contexto y simplificadas correctamente.,5,,,,"1, 2, 3, 4 o 5",,,
571,zero-shot_nancy_mistral_nancy_mistral_cfg_2_R4,prompting,"En los procesos de importaciones y exportaciones intervienen, además de clientes y proveedores, instituciones del Estado y los bancos, tal como se indica en el siguiente recuadro:",Clientes y proveedores intervienen en las importancias y exportaciones. También lo hacen las instituciones estatales y los banco como se indica a continuación:,"En importaciones y exportaciones intervenen además de clientes y proveedores, instituciones gubernamentales y bancos (detallado a continuación):

(Diagrama o lista aquí)

Simplified version: In imports and exports, besides clients and suppliers, there are also government institutions and banks involved as shown below:

(Include diagram or list here)","Conserva ideas centrales, datos clave y relaciones del original.",30,,,"Se entiende al primer vistazo, sin ambigüedades importantes.",25,,,"Suena natural, con buena gramática y cohesión.",15,,,"Tono cercano, educativo, neutral y apropiado para el público.",10,,,"Palabras comunes, oraciones cortas, sin tecnicismos innecesarios.",10,,,"Orden lógico, párrafos manejables, presentación clara.",5,,,Cifras con contexto y simplificadas correctamente.,5,,,,"1, 2, 3, 4 o 5",,,
885,few-shot_hariel_llama3_llama3_cfg_3_R1,prompting,"El robo de identidad ocurre cuando su información personal, tal como su nombre, número de cuenta, o número de cédula de identidad se usan sin su conocimiento para cometer un fraude o robo.","El robo de identidad ocurre cuando su información personal como su nombre, número de cuenta, o número de cédula de identidad se usan sin su conocimiento para cometer un fraude o robo.","El robo de identidad es cuando alguien utiliza su información personal, como el nombre y números de cuenta o de identificación, sin su permiso para hacer trucos o robos.","Conserva ideas centrales, datos clave y relaciones del original.",30,,,"Se entiende al primer vistazo, sin ambigüedades importantes.",25,,,"Suena natural, con buena gramática y cohesión.",15,,,"Tono cercano, educativo, neutral y apropiado para el público.",10,,,"Palabras comunes, oraciones cortas, sin tecnicismos innecesarios.",10,,,"Orden lógico, párrafos manejables, presentación clara.",5,,,Cifras con contexto y simplificadas correctamente.,5,,,,"1, 2, 3, 4 o 5",,,
885,few-shot_nancy_llama3_llama3_cfg_2_R2,prompting,"El robo de identidad ocurre cuando su información personal, tal como su nombre, número de cuenta, o número de cédula de identidad se usan sin su conocimiento para cometer un fraude o robo.","El robo de identidad ocurre cuando su información personal como su nombre, número de cuenta, o número de cédula de identidad se usan sin su conocimiento para cometer un fraude o robo.","El robo de identidad es cuando alguien utiliza sus datos personales, como nombre y números de cuenta, sin su permiso para hacer algo ilegal.","Conserva ideas centrales, datos clave y relaciones del original.",30,,,"Se entiende al primer vistazo, sin ambigüedades importantes.",25,,,"Suena natural, con buena gramática y cohesión.",15,,,"Tono cercano, educativo, neutral y apropiado para el público.",10,,,"Palabras comunes, oraciones cortas, sin tecnicismos innecesarios.",10,,,"Orden lógico, párrafos manejables, presentación clara.",5,,,Cifras con contexto y simplificadas correctamente.,5,,,,"1, 2, 3, 4 o 5",,,
885,lora_llama3,lora,"El robo de identidad ocurre cuando su información personal, tal como su nombre, número de cuenta, o número de cédula de identidad se usan sin su conocimiento para cometer un fraude o robo.","El robo de identidad ocurre cuando su información personal como su nombre, número de cuenta, o número de cédula de identidad se usan sin su conocimiento para cometer un fraude o robo.",El robo de identidad ocurre cuando su información personal se usa sin su conocimiento para cometer un fraude o robo.,"Conserva ideas centrales, datos clave y relaciones del original.",30,,,"Se entiende al primer vistazo, sin ambigüedades importantes.",25,,,"Suena natural, con buena gramática y cohesión.",15,,,"Tono cercano, educativo, neutral y apropiado para el público.",10,,,"Palabras comunes, oraciones cortas, sin tecnicismos innecesarios.",10,,,"Orden lógico, párrafos manejables, presentación clara.",5,,,Cifras con contexto y simplificadas correctamente.,5,,,,"1, 2, 3, 4 o 5",,,
885,lora_mistral,lora,"El robo de identidad ocurre cuando su información personal, tal como su nombre, número de cuenta, o número de cédula de identidad se usan sin su conocimiento para cometer un fraude o robo.","El robo de identidad ocurre cuando su información personal como su nombre, número de cuenta, o número de cédula de identidad se usan sin su conocimiento para cometer un fraude o robo.",El robo de identidad ocurre cuando su información personal se usa sin su conocimiento para cometer un fraude o robo.,"Conserva ideas centrales, datos clave y relaciones del original.",30,,,"Se entiende al primer vistazo, sin ambigüedades importantes.",25,,,"Suena natural, con buena gramática y cohesión.",15,,,"Tono cercano, educativo, neutral y apropiado para el público.",10,,,"Palabras comunes, oraciones cortas, sin tecnicismos innecesarios.",10,,,"Orden lógico, párrafos manejables, presentación clara.",5,,,Cifras con contexto y simplificadas correctamente.,5,,,,"1, 2, 3, 4 o 5",,,
885,zero-shot_hariel_llama3_hariel_llama3_cfg_1_R0,prompting,"El robo de identidad ocurre cuando su información personal, tal como su nombre, número de cuenta, o número de cédula de identidad se usan sin su conocimiento para cometer un fraude o robo.","El robo de identidad ocurre cuando su información personal como su nombre, número de cuenta, o número de cédula de identidad se usan sin su conocimiento para cometer un fraude o robo.","El robo de identidad es cuando alguien usa su información personal, como su nombre y número de identificación, sin su permiso para hacer trucos malos.","Conserva ideas centrales, datos clave y relaciones del original.",30,,,"Se entiende al primer vistazo, sin ambigüedades importantes.",25,,,"Suena natural, con buena gramática y cohesión.",15,,,"Tono cercano, educativo, neutral y apropiado para el público.",10,,,"Palabras comunes, oraciones cortas, sin tecnicismos innecesarios.",10,,,"Orden lógico, párrafos manejables, presentación clara.",5,,,Cifras con contexto y simplificadas correctamente.,5,,,,"1, 2, 3, 4 o 5",,,
885,zero-shot_nancy_mistral_nancy_mistral_cfg_2_R4,prompting,"El robo de identidad ocurre cuando su información personal, tal como su nombre, número de cuenta, o número de cédula de identidad se usan sin su conocimiento para cometer un fraude o robo.","El robo de identidad ocurre cuando su información personal como su nombre, número de cuenta, o número de cédula de identidad se usan sin su conocimiento para cometer un fraude o robo.","Robo de identidad: se utiliza tu información personal (nombre, números de cuenta o de la cédula) sin tu consentimiento, para cometer fraudes o hurtos.","Conserva ideas centrales, datos clave y relaciones del original.",30,,,"Se entiende al primer vistazo, sin ambigüedades importantes.",25,,,"Suena natural, con buena gramática y cohesión.",15,,,"Tono cercano, educativo, neutral y apropiado para el público.",10,,,"Palabras comunes, oraciones cortas, sin tecnicismos innecesarios.",10,,,"Orden lógico, párrafos manejables, presentación clara.",5,,,Cifras con contexto y simplificadas correctamente.,5,,,,"1, 2, 3, 4 o 5",,,
1193,few-shot_hariel_llama3_llama3_cfg_3_R1,prompting,"Los sueños de los niños tienen una gran variedad que va desde Tarzán hasta el Agente 007, pasando por Superman.",Los sueños de los niños son variados y van desde Tarzán hasta el Agente 007 y Superman.,"Los niños soñan con cosas muy diferentes, como ser Tarzán, el Agente 007 o Superman.","Conserva ideas centrales, datos clave y relaciones del original.",30,,,"Se entiende al primer vistazo, sin ambigüedades importantes.",25,,,"Suena natural, con buena gramática y cohesión.",15,,,"Tono cercano, educativo, neutral y apropiado para el público.",10,,,"Palabras comunes, oraciones cortas, sin tecnicismos innecesarios.",10,,,"Orden lógico, párrafos manejables, presentación clara.",5,,,Cifras con contexto y simplificadas correctamente.,5,,,,"1, 2, 3, 4 o 5",,,
1193,few-shot_nancy_llama3_llama3_cfg_2_R2,prompting,"Los sueños de los niños tienen una gran variedad que va desde Tarzán hasta el Agente 007, pasando por Superman.",Los sueños de los niños son variados y van desde Tarzán hasta el Agente 007 y Superman.,"Los niños soñan con cosas como ser Tarzán, el Agente 007 o Superman.","Conserva ideas centrales, datos clave y relaciones del original.",30,,,"Se entiende al primer vistazo, sin ambigüedades importantes.",25,,,"Suena natural, con buena gramática y cohesión.",15,,,"Tono cercano, educativo, neutral y apropiado para el público.",10,,,"Palabras comunes, oraciones cortas, sin tecnicismos innecesarios.",10,,,"Orden lógico, párrafos manejables, presentación clara.",5,,,Cifras con contexto y simplificadas correctamente.,5,,,,"1, 2, 3, 4 o 5",,,
1193,lora_llama3,lora,"Los sueños de los niños tienen una gran variedad que va desde Tarzán hasta el Agente 007, pasando por Superman.",Los sueños de los niños son variados y van desde Tarzán hasta el Agente 007 y Superman.,Los sueños de los niños tienen una gran variedad.,"Conserva ideas centrales, datos clave y relaciones del original.",30,,,"Se entiende al primer vistazo, sin ambigüedades importantes.",25,,,"Suena natural, con buena gramática y cohesión.",15,,,"Tono cercano, educativo, neutral y apropiado para el público.",10,,,"Palabras comunes, oraciones cortas, sin tecnicismos innecesarios.",10,,,"Orden lógico, párrafos manejables, presentación clara.",5,,,Cifras con contexto y simplificadas correctamente.,5,,,,"1, 2, 3, 4 o 5",,,
1193,lora_mistral,lora,"Los sueños de los niños tienen una gran variedad que va desde Tarzán hasta el Agente 007, pasando por Superman.",Los sueños de los niños son variados y van desde Tarzán hasta el Agente 007 y Superman.,"Los sueños de los niños tienen una gran variedad. Algunos son Tarzán, el Agente 007 o Superman.","Conserva ideas centrales, datos clave y relaciones del original.",30,,,"Se entiende al primer vistazo, sin ambigüedades importantes.",25,,,"Suena natural, con buena gramática y cohesión.",15,,,"Tono cercano, educativo, neutral y apropiado para el público.",10,,,"Palabras comunes, oraciones cortas, sin tecnicismos innecesarios.",10,,,"Orden lógico, párrafos manejables, presentación clara.",5,,,Cifras con contexto y simplificadas correctamente.,5,,,,"1, 2, 3, 4 o 5",,,
1193,zero-shot_hariel_llama3_hariel_llama3_cfg_1_R0,prompting,"Los sueños de los niños tienen una gran variedad que va desde Tarzán hasta el Agente 007, pasando por Superman.",Los sueños de los niños son variados y van desde Tarzán hasta el Agente 007 y Superman.,"Los niños soñan con muchas cosas, como ser Tarzán, un agente secreto o Superman.","Conserva ideas centrales, datos clave y relaciones del original.",30,,,"Se entiende al primer vistazo, sin ambigüedades importantes.",25,,,"Suena natural, con buena gramática y cohesión.",15,,,"Tono cercano, educativo, neutral y apropiado para el público.",10,,,"Palabras comunes, oraciones cortas, sin tecnicismos innecesarios.",10,,,"Orden lógico, párrafos manejables, presentación clara.",5,,,Cifras con contexto y simplificadas correctamente.,5,,,,"1, 2, 3, 4 o 5",,,
1193,zero-shot_nancy_mistral_nancy_mistral_cfg_2_R4,prompting,"Los sueños de los niños tienen una gran variedad que va desde Tarzán hasta el Agente 007, pasando por Superman.",Los sueños de los niños son variados y van desde Tarzán hasta el Agente 007 y Superman.,"Los sueños de niños abarcan muchas cosas, desde Tarzan hasta Agent 007, y hasta Superman.","Conserva ideas centrales, datos clave y relaciones del original.",30,,,"Se entiende al primer vistazo, sin ambigüedades importantes.",25,,,"Suena natural, con buena gramática y cohesión.",15,,,"Tono cercano, educativo, neutral y apropiado para el público.",10,,,"Palabras comunes, oraciones cortas, sin tecnicismos innecesarios.",10,,,"Orden lógico, párrafos manejables, presentación clara.",5,,,Cifras con contexto y simplificadas correctamente.,5,,,,"1, 2, 3, 4 o 5",,,
1391,few-shot_hariel_llama3_llama3_cfg_3_R1,prompting,Expresiones como soborno y cohecho se refieren a ilícitos vinculados a la compra de la voluntad de un individuo para provecho personal.,Expresiones como soborno y cohecho se refieren a delitos vinculados a comprar la voluntad de alguien para provecho personal.,"Expresiones como ""soborno"" y ""cohecho"" se refieren a actos ilegales que involucran comprar el apoyo o consentimiento de alguien para beneficio propio.","Conserva ideas centrales, datos clave y relaciones del original.",30,,,"Se entiende al primer vistazo, sin ambigüedades importantes.",25,,,"Suena natural, con buena gramática y cohesión.",15,,,"Tono cercano, educativo, neutral y apropiado para el público.",10,,,"Palabras comunes, oraciones cortas, sin tecnicismos innecesarios.",10,,,"Orden lógico, párrafos manejables, presentación clara.",5,,,Cifras con contexto y simplificadas correctamente.,5,,,,"1, 2, 3, 4 o 5",,,
1391,few-shot_nancy_llama3_llama3_cfg_2_R2,prompting,Expresiones como soborno y cohecho se refieren a ilícitos vinculados a la compra de la voluntad de un individuo para provecho personal.,Expresiones como soborno y cohecho se refieren a delitos vinculados a comprar la voluntad de alguien para provecho personal.,Esto es un delito en el que se paga o se ofrece dinero para influir en las decisiones de alguien y beneficiarse personalmente.,"Conserva ideas centrales, datos clave y relaciones del original.",30,,,"Se entiende al primer vistazo, sin ambigüedades importantes.",25,,,"Suena natural, con buena gramática y cohesión.",15,,,"Tono cercano, educativo, neutral y apropiado para el público.",10,,,"Palabras comunes, oraciones cortas, sin tecnicismos innecesarios.",10,,,"Orden lógico, párrafos manejables, presentación clara.",5,,,Cifras con contexto y simplificadas correctamente.,5,,,,"1, 2, 3, 4 o 5",,,
1391,lora_llama3,lora,Expresiones como soborno y cohecho se refieren a ilícitos vinculados a la compra de la voluntad de un individuo para provecho personal.,Expresiones como soborno y cohecho se refieren a delitos vinculados a comprar la voluntad de alguien para provecho personal.,Expresiones como soborno y cohecho se refieren a ilícitos vinculados a la compra de la voluntad de un individuo para provecho personal.,"Conserva ideas centrales, datos clave y relaciones del original.",30,,,"Se entiende al primer vistazo, sin ambigüedades importantes.",25,,,"Suena natural, con buena gramática y cohesión.",15,,,"Tono cercano, educativo, neutral y apropiado para el público.",10,,,"Palabras comunes, oraciones cortas, sin tecnicismos innecesarios.",10,,,"Orden lógico, párrafos manejables, presentación clara.",5,,,Cifras con contexto y simplificadas correctamente.,5,,,,"1, 2, 3, 4 o 5",,,
1391,lora_mistral,lora,Expresiones como soborno y cohecho se refieren a ilícitos vinculados a la compra de la voluntad de un individuo para provecho personal.,Expresiones como soborno y cohecho se refieren a delitos vinculados a comprar la voluntad de alguien para provecho personal.,Expresiones como soborno y cohecho son ilícitos vinculados a la compra de la voluntad de un individuo para provecho personal.,"Conserva ideas centrales, datos clave y relaciones del original.",30,,,"Se entiende al primer vistazo, sin ambigüedades importantes.",25,,,"Suena natural, con buena gramática y cohesión.",15,,,"Tono cercano, educativo, neutral y apropiado para el público.",10,,,"Palabras comunes, oraciones cortas, sin tecnicismos innecesarios.",10,,,"Orden lógico, párrafos manejables, presentación clara.",5,,,Cifras con contexto y simplificadas correctamente.,5,,,,"1, 2, 3, 4 o 5",,,
1391,zero-shot_hariel_llama3_hariel_llama3_cfg_1_R0,prompting,Expresiones como soborno y cohecho se refieren a ilícitos vinculados a la compra de la voluntad de un individuo para provecho personal.,Expresiones como soborno y cohecho se refieren a delitos vinculados a comprar la voluntad de alguien para provecho personal.,Corrupción y soborno son tipos de delitos que involucran comprar la lealtad de alguien para beneficio propio.,"Conserva ideas centrales, datos clave y relaciones del original.",30,,,"Se entiende al primer vistazo, sin ambigüedades importantes.",25,,,"Suena natural, con buena gramática y cohesión.",15,,,"Tono cercano, educativo, neutral y apropiado para el público.",10,,,"Palabras comunes, oraciones cortas, sin tecnicismos innecesarios.",10,,,"Orden lógico, párrafos manejables, presentación clara.",5,,,Cifras con contexto y simplificadas correctamente.,5,,,,"1, 2, 3, 4 o 5",,,
1391,zero-shot_nancy_mistral_nancy_mistral_cfg_2_R4,prompting,Expresiones como soborno y cohecho se refieren a ilícitos vinculados a la compra de la voluntad de un individuo para provecho personal.,Expresiones como soborno y cohecho se refieren a delitos vinculados a comprar la voluntad de alguien para provecho personal.,"Expresiones ""soborno"" y ""cohecho"" se referen a actos ilegales relacionados con la compra de alguien para obtener beneficio personal.","Conserva ideas centrales, datos clave y relaciones del original.",30,,,"Se entiende al primer vistazo, sin ambigüedades importantes.",25,,,"Suena natural, con buena gramática y cohesión.",15,,,"Tono cercano, educativo, neutral y apropiado para el público.",10,,,"Palabras comunes, oraciones cortas, sin tecnicismos innecesarios.",10,,,"Orden lógico, párrafos manejables, presentación clara.",5,,,Cifras con contexto y simplificadas correctamente.,5,,,,"1, 2, 3, 4 o 5",,,
1399,few-shot_hariel_llama3_llama3_cfg_3_R1,prompting,"DIRECCIÓN DE PRESUPUESTO (DIPRES): ""formula y lleva el control presupuestario de la nación.""",DIRECCIÓN DE PRESUPUESTO: formula y lleva el control presupuestario de la nación.,La Dirección de Presupuesto es responsable de gestionar y supervisar los presupuestos del país.,"Conserva ideas centrales, datos clave y relaciones del original.",30,,,"Se entiende al primer vistazo, sin ambigüedades importantes.",25,,,"Suena natural, con buena gramática y cohesión.",15,,,"Tono cercano, educativo, neutral y apropiado para el público.",10,,,"Palabras comunes, oraciones cortas, sin tecnicismos innecesarios.",10,,,"Orden lógico, párrafos manejables, presentación clara.",5,,,Cifras con contexto y simplificadas correctamente.,5,,,,"1, 2, 3, 4 o 5",,,
1399,few-shot_nancy_llama3_llama3_cfg_2_R2,prompting,"DIRECCIÓN DE PRESUPUESTO (DIPRES): ""formula y lleva el control presupuestario de la nación.""",DIRECCIÓN DE PRESUPUESTO: formula y lleva el control presupuestario de la nación.,El organismo DIRECCIÓN DE PRESUPUESTO (DIPRES) es responsable de gestionar y supervisar los presupuestos del país.,"Conserva ideas centrales, datos clave y relaciones del original.",30,,,"Se entiende al primer vistazo, sin ambigüedades importantes.",25,,,"Suena natural, con buena gramática y cohesión.",15,,,"Tono cercano, educativo, neutral y apropiado para el público.",10,,,"Palabras comunes, oraciones cortas, sin tecnicismos innecesarios.",10,,,"Orden lógico, párrafos manejables, presentación clara.",5,,,Cifras con contexto y simplificadas correctamente.,5,,,,"1, 2, 3, 4 o 5",,,
1399,lora_llama3,lora,"DIRECCIÓN DE PRESUPUESTO (DIPRES): ""formula y lleva el control presupuestario de la nación.""",DIRECCIÓN DE PRESUPUESTO: formula y lleva el control presupuestario de la nación.,La Dirección de Presupuesto formula y lleva el control presupuestario de la nación.,"Conserva ideas centrales, datos clave y relaciones del original.",30,,,"Se entiende al primer vistazo, sin ambigüedades importantes.",25,,,"Suena natural, con buena gramática y cohesión.",15,,,"Tono cercano, educativo, neutral y apropiado para el público.",10,,,"Palabras comunes, oraciones cortas, sin tecnicismos innecesarios.",10,,,"Orden lógico, párrafos manejables, presentación clara.",5,,,Cifras con contexto y simplificadas correctamente.,5,,,,"1, 2, 3, 4 o 5",,,
1399,lora_mistral,lora,"DIRECCIÓN DE PRESUPUESTO (DIPRES): ""formula y lleva el control presupuestario de la nación.""",DIRECCIÓN DE PRESUPUESTO: formula y lleva el control presupuestario de la nación.,La Dirección de Presupuesto formula y lleva el control presupuestario de la nación.,"Conserva ideas centrales, datos clave y relaciones del original.",30,,,"Se entiende al primer vistazo, sin ambigüedades importantes.",25,,,"Suena natural, con buena gramática y cohesión.",15,,,"Tono cercano, educativo, neutral y apropiado para el público.",10,,,"Palabras comunes, oraciones cortas, sin tecnicismos innecesarios.",10,,,"Orden lógico, párrafos manejables, presentación clara.",5,,,Cifras con contexto y simplificadas correctamente.,5,,,,"1, 2, 3, 4 o 5",,,
1399,zero-shot_hariel_llama3_hariel_llama3_cfg_1_R0,prompting,"DIRECCIÓN DE PRESUPUESTO (DIPRES): ""formula y lleva el control presupuestario de la nación.""",DIRECCIÓN DE PRESUPUESTO: formula y lleva el control presupuestario de la nación.,La Dirección de Presupuesto (DIPRES) es responsable de crear y controlar el presupuesto nacional.,"Conserva ideas centrales, datos clave y relaciones del original.",30,,,"Se entiende al primer vistazo, sin ambigüedades importantes.",25,,,"Suena natural, con buena gramática y cohesión.",15,,,"Tono cercano, educativo, neutral y apropiado para el público.",10,,,"Palabras comunes, oraciones cortas, sin tecnicismos innecesarios.",10,,,"Orden lógico, párrafos manejables, presentación clara.",5,,,Cifras con contexto y simplificadas correctamente.,5,,,,"1, 2, 3, 4 o 5",,,
1399,zero-shot_nancy_mistral_nancy_mistral_cfg_2_R4,prompting,"DIRECCIÓN DE PRESUPUESTO (DIPRES): ""formula y lleva el control presupuestario de la nación.""",DIRECCIÓN DE PRESUPUESTO: formula y lleva el control presupuestario de la nación.,DIPRES es quien diseña y administra el presupuesto nacional.,"Conserva ideas centrales, datos clave y relaciones del original.",30,,,"Se entiende al primer vistazo, sin ambigüedades importantes.",25,,,"Suena natural, con buena gramática y cohesión.",15,,,"Tono cercano, educativo, neutral y apropiado para el público.",10,,,"Palabras comunes, oraciones cortas, sin tecnicismos innecesarios.",10,,,"Orden lógico, párrafos manejables, presentación clara.",5,,,Cifras con contexto y simplificadas correctamente.,5,,,,"1, 2, 3, 4 o 5",,,
1636,few-shot_hariel_llama3_llama3_cfg_3_R1,prompting,"Interés compuesto: Es la suma del capital y el interés acumulado, que se va multiplicando según los plazos convenidos. La tasa de interés es el porcentaje que se aplica a un préstamo o inversión realizada.",El interés compuesto es la suma del capital y el interés acumulado. La tasa de interés es el porcentaje aplicado a un préstamo o inversión realizada.,"El interés compuesto es la suma del capital y el interés acumulado, que crece según el tiempo establecido. La tasa de interés es el porcentaje que se aplica a un préstamo o inversión.","Conserva ideas centrales, datos clave y relaciones del original.",30,,,"Se entiende al primer vistazo, sin ambigüedades importantes.",25,,,"Suena natural, con buena gramática y cohesión.",15,,,"Tono cercano, educativo, neutral y apropiado para el público.",10,,,"Palabras comunes, oraciones cortas, sin tecnicismos innecesarios.",10,,,"Orden lógico, párrafos manejables, presentación clara.",5,,,Cifras con contexto y simplificadas correctamente.,5,,,,"1, 2, 3, 4 o 5",,,
1636,few-shot_nancy_llama3_llama3_cfg_2_R2,prompting,"Interés compuesto: Es la suma del capital y el interés acumulado, que se va multiplicando según los plazos convenidos. La tasa de interés es el porcentaje que se aplica a un préstamo o inversión realizada.",El interés compuesto es la suma del capital y el interés acumulado. La tasa de interés es el porcentaje aplicado a un préstamo o inversión realizada.,"El interés compuesto es la suma del capital y el interés acumulado, que crece según el plazo convenido. La tasa de interés es el porcentaje que se aplica a un préstamo o inversión.","Conserva ideas centrales, datos clave y relaciones del original.",30,,,"Se entiende al primer vistazo, sin ambigüedades importantes.",25,,,"Suena natural, con buena gramática y cohesión.",15,,,"Tono cercano, educativo, neutral y apropiado para el público.",10,,,"Palabras comunes, oraciones cortas, sin tecnicismos innecesarios.",10,,,"Orden lógico, párrafos manejables, presentación clara.",5,,,Cifras con contexto y simplificadas correctamente.,5,,,,"1, 2, 3, 4 o 5",,,
1636,lora_llama3,lora,"Interés compuesto: Es la suma del capital y el interés acumulado, que se va multiplicando según los plazos convenidos. La tasa de interés es el porcentaje que se aplica a un préstamo o inversión realizada.",El interés compuesto es la suma del capital y el interés acumulado. La tasa de interés es el porcentaje aplicado a un préstamo o inversión realizada.,El interés compuesto es la suma del capital y el interés acumulado. La tasa de interés es el porcentaje que se aplica a un préstamo o inversión realizada.,"Conserva ideas centrales, datos clave y relaciones del original.",30,,,"Se entiende al primer vistazo, sin ambigüedades importantes.",25,,,"Suena natural, con buena gramática y cohesión.",15,,,"Tono cercano, educativo, neutral y apropiado para el público.",10,,,"Palabras comunes, oraciones cortas, sin tecnicismos innecesarios.",10,,,"Orden lógico, párrafos manejables, presentación clara.",5,,,Cifras con contexto y simplificadas correctamente.,5,,,,"1, 2, 3, 4 o 5",,,
1636,lora_mistral,lora,"Interés compuesto: Es la suma del capital y el interés acumulado, que se va multiplicando según los plazos convenidos. La tasa de interés es el porcentaje que se aplica a un préstamo o inversión realizada.",El interés compuesto es la suma del capital y el interés acumulado. La tasa de interés es el porcentaje aplicado a un préstamo o inversión realizada.,El interés compuesto es la suma del capital y el interés acumulado. Se multiplica según los plazos convenidos. La tasa de interés es el porcentaje que se aplica a un préstamo o inversión realizada.,"Conserva ideas centrales, datos clave y relaciones del original.",30,,,"Se entiende al primer vistazo, sin ambigüedades importantes.",25,,,"Suena natural, con buena gramática y cohesión.",15,,,"Tono cercano, educativo, neutral y apropiado para el público.",10,,,"Palabras comunes, oraciones cortas, sin tecnicismos innecesarios.",10,,,"Orden lógico, párrafos manejables, presentación clara.",5,,,Cifras con contexto y simplificadas correctamente.,5,,,,"1, 2, 3, 4 o 5",,,
1636,zero-shot_hariel_llama3_hariel_llama3_cfg_1_R0,prompting,"Interés compuesto: Es la suma del capital y el interés acumulado, que se va multiplicando según los plazos convenidos. La tasa de interés es el porcentaje que se aplica a un préstamo o inversión realizada.",El interés compuesto es la suma del capital y el interés acumulado. La tasa de interés es el porcentaje aplicado a un préstamo o inversión realizada.,Interés compuesto: Es el capital inicial más el interés que se acumula y crece según el plazo de pago. La tasa de interés es el porcentaje que se aplica a un préstamo o inversión.,"Conserva ideas centrales, datos clave y relaciones del original.",30,,,"Se entiende al primer vistazo, sin ambigüedades importantes.",25,,,"Suena natural, con buena gramática y cohesión.",15,,,"Tono cercano, educativo, neutral y apropiado para el público.",10,,,"Palabras comunes, oraciones cortas, sin tecnicismos innecesarios.",10,,,"Orden lógico, párrafos manejables, presentación clara.",5,,,Cifras con contexto y simplificadas correctamente.,5,,,,"1, 2, 3, 4 o 5",,,
1636,zero-shot_nancy_mistral_nancy_mistral_cfg_2_R4,prompting,"Interés compuesto: Es la suma del capital y el interés acumulado, que se va multiplicando según los plazos convenidos. La tasa de interés es el porcentaje que se aplica a un préstamo o inversión realizada.",El interés compuesto es la suma del capital y el interés acumulado. La tasa de interés es el porcentaje aplicado a un préstamo o inversión realizada.,"Interés compuesto: Es la suma de capital y intereses acumulados, que aumentan según los plazos acordados. La tasa de interés es el porcentaje aplicado a un préstamo o inversión.

[Translation: Compound interest: It's the sum of capital and accumulated interest that grows according to agreed-upon terms. The rate of interest is the percentage applied to a loan or investment.]

Simplified version: [Compound interest is the total of your initial investment plus the added interest, which increases based on prearranged periods. The rate of interest is the percentage used for loans or investments.]","Conserva ideas centrales, datos clave y relaciones del original.",30,,,"Se entiende al primer vistazo, sin ambigüedades importantes.",25,,,"Suena natural, con buena gramática y cohesión.",15,,,"Tono cercano, educativo, neutral y apropiado para el público.",10,,,"Palabras comunes, oraciones cortas, sin tecnicismos innecesarios.",10,,,"Orden lógico, párrafos manejables, presentación clara.",5,,,Cifras con contexto y simplificadas correctamente.,5,,,,"1, 2, 3, 4 o 5",,,
1740,few-shot_hariel_llama3_llama3_cfg_3_R1,prompting,La producción en un país se realiza mediante lo que se conoce como factores de producción y de los cuales nos ocuparemos en detalle más adelante.,A través de los factores de producción se realiza la producción en un país. Más adelante nos ocuparemos en detalle de estos factores.,"La producción en un país se hace utilizando recursos, sobre los que hablaremos después.","Conserva ideas centrales, datos clave y relaciones del original.",30,,,"Se entiende al primer vistazo, sin ambigüedades importantes.",25,,,"Suena natural, con buena gramática y cohesión.",15,,,"Tono cercano, educativo, neutral y apropiado para el público.",10,,,"Palabras comunes, oraciones cortas, sin tecnicismos innecesarios.",10,,,"Orden lógico, párrafos manejables, presentación clara.",5,,,Cifras con contexto y simplificadas correctamente.,5,,,,"1, 2, 3, 4 o 5",,,
1740,few-shot_nancy_llama3_llama3_cfg_2_R2,prompting,La producción en un país se realiza mediante lo que se conoce como factores de producción y de los cuales nos ocuparemos en detalle más adelante.,A través de los factores de producción se realiza la producción en un país. Más adelante nos ocuparemos en detalle de estos factores.,"La producción en un país se hace mediante factores, que estudiaremos después.","Conserva ideas centrales, datos clave y relaciones del original.",30,,,"Se entiende al primer vistazo, sin ambigüedades importantes.",25,,,"Suena natural, con buena gramática y cohesión.",15,,,"Tono cercano, educativo, neutral y apropiado para el público.",10,,,"Palabras comunes, oraciones cortas, sin tecnicismos innecesarios.",10,,,"Orden lógico, párrafos manejables, presentación clara.",5,,,Cifras con contexto y simplificadas correctamente.,5,,,,"1, 2, 3, 4 o 5",,,
1740,lora_llama3,lora,La producción en un país se realiza mediante lo que se conoce como factores de producción y de los cuales nos ocuparemos en detalle más adelante.,A través de los factores de producción se realiza la producción en un país. Más adelante nos ocuparemos en detalle de estos factores.,La producción en un país se realiza mediante los factores de producción. Estos se ocuparán en detalle más adelante.,"Conserva ideas centrales, datos clave y relaciones del original.",30,,,"Se entiende al primer vistazo, sin ambigüedades importantes.",25,,,"Suena natural, con buena gramática y cohesión.",15,,,"Tono cercano, educativo, neutral y apropiado para el público.",10,,,"Palabras comunes, oraciones cortas, sin tecnicismos innecesarios.",10,,,"Orden lógico, párrafos manejables, presentación clara.",5,,,Cifras con contexto y simplificadas correctamente.,5,,,,"1, 2, 3, 4 o 5",,,
1740,lora_mistral,lora,La producción en un país se realiza mediante lo que se conoce como factores de producción y de los cuales nos ocuparemos en detalle más adelante.,A través de los factores de producción se realiza la producción en un país. Más adelante nos ocuparemos en detalle de estos factores.,La producción en un país se realiza mediante los factores de producción.,"Conserva ideas centrales, datos clave y relaciones del original.",30,,,"Se entiende al primer vistazo, sin ambigüedades importantes.",25,,,"Suena natural, con buena gramática y cohesión.",15,,,"Tono cercano, educativo, neutral y apropiado para el público.",10,,,"Palabras comunes, oraciones cortas, sin tecnicismos innecesarios.",10,,,"Orden lógico, párrafos manejables, presentación clara.",5,,,Cifras con contexto y simplificadas correctamente.,5,,,,"1, 2, 3, 4 o 5",,,
1740,zero-shot_hariel_llama3_hariel_llama3_cfg_1_R0,prompting,La producción en un país se realiza mediante lo que se conoce como factores de producción y de los cuales nos ocuparemos en detalle más adelante.,A través de los factores de producción se realiza la producción en un país. Más adelante nos ocuparemos en detalle de estos factores.,La producción en un país se hace con ayuda de ciertas cosas llamadas factores de producción.,"Conserva ideas centrales, datos clave y relaciones del original.",30,,,"Se entiende al primer vistazo, sin ambigüedades importantes.",25,,,"Suena natural, con buena gramática y cohesión.",15,,,"Tono cercano, educativo, neutral y apropiado para el público.",10,,,"Palabras comunes, oraciones cortas, sin tecnicismos innecesarios.",10,,,"Orden lógico, párrafos manejables, presentación clara.",5,,,Cifras con contexto y simplificadas correctamente.,5,,,,"1, 2, 3, 4 o 5",,,
1740,zero-shot_nancy_mistral_nancy_mistral_cfg_2_R4,prompting,La producción en un país se realiza mediante lo que se conoce como factores de producción y de los cuales nos ocuparemos en detalle más adelante.,A través de los factores de producción se realiza la producción en un país. Más adelante nos ocuparemos en detalle de estos factores.,"Producción en un país se hace usando factores, que más tarde detallaremos.","Conserva ideas centrales, datos clave y relaciones del original.",30,,,"Se entiende al primer vistazo, sin ambigüedades importantes.",25,,,"Suena natural, con buena gramática y cohesión.",15,,,"Tono cercano, educativo, neutral y apropiado para el público.",10,,,"Palabras comunes, oraciones cortas, sin tecnicismos innecesarios.",10,,,"Orden lógico, párrafos manejables, presentación clara.",5,,,Cifras con contexto y simplificadas correctamente.,5,,,,"1, 2, 3, 4 o 5",,,
1742,few-shot_hariel_llama3_llama3_cfg_3_R1,prompting,"A pesar de que algunos critican al intermediario, se necesita a este individuo en la economía.","Aunque algunas personas critican al intermediario, este individuo es necesario en la economía.","Aunque algunos critican al intermediario financiero, es importante su papel en la economía.","Conserva ideas centrales, datos clave y relaciones del original.",30,,,"Se entiende al primer vistazo, sin ambigüedades importantes.",25,,,"Suena natural, con buena gramática y cohesión.",15,,,"Tono cercano, educativo, neutral y apropiado para el público.",10,,,"Palabras comunes, oraciones cortas, sin tecnicismos innecesarios.",10,,,"Orden lógico, párrafos manejables, presentación clara.",5,,,Cifras con contexto y simplificadas correctamente.,5,,,,"1, 2, 3, 4 o 5",,,
1742,few-shot_nancy_llama3_llama3_cfg_2_R2,prompting,"A pesar de que algunos critican al intermediario, se necesita a este individuo en la economía.","Aunque algunas personas critican al intermediario, este individuo es necesario en la economía.","Aunque algunos lo critican, el intermediario es necesario en la economía.","Conserva ideas centrales, datos clave y relaciones del original.",30,,,"Se entiende al primer vistazo, sin ambigüedades importantes.",25,,,"Suena natural, con buena gramática y cohesión.",15,,,"Tono cercano, educativo, neutral y apropiado para el público.",10,,,"Palabras comunes, oraciones cortas, sin tecnicismos innecesarios.",10,,,"Orden lógico, párrafos manejables, presentación clara.",5,,,Cifras con contexto y simplificadas correctamente.,5,,,,"1, 2, 3, 4 o 5",,,
1742,lora_llama3,lora,"A pesar de que algunos critican al intermediario, se necesita a este individuo en la economía.","Aunque algunas personas critican al intermediario, este individuo es necesario en la economía.","Algunos critican al intermediario, pero se necesita a este individuo en la economía.","Conserva ideas centrales, datos clave y relaciones del original.",30,,,"Se entiende al primer vistazo, sin ambigüedades importantes.",25,,,"Suena natural, con buena gramática y cohesión.",15,,,"Tono cercano, educativo, neutral y apropiado para el público.",10,,,"Palabras comunes, oraciones cortas, sin tecnicismos innecesarios.",10,,,"Orden lógico, párrafos manejables, presentación clara.",5,,,Cifras con contexto y simplificadas correctamente.,5,,,,"1, 2, 3, 4 o 5",,,
1742,lora_mistral,lora,"A pesar de que algunos critican al intermediario, se necesita a este individuo en la economía.","Aunque algunas personas critican al intermediario, este individuo es necesario en la economía.","A pesar de que algunos critican al intermediario, se necesita a este individuo en la economía.","Conserva ideas centrales, datos clave y relaciones del original.",30,,,"Se entiende al primer vistazo, sin ambigüedades importantes.",25,,,"Suena natural, con buena gramática y cohesión.",15,,,"Tono cercano, educativo, neutral y apropiado para el público.",10,,,"Palabras comunes, oraciones cortas, sin tecnicismos innecesarios.",10,,,"Orden lógico, párrafos manejables, presentación clara.",5,,,Cifras con contexto y simplificadas correctamente.,5,,,,"1, 2, 3, 4 o 5",,,
1742,zero-shot_hariel_llama3_hariel_llama3_cfg_1_R0,prompting,"A pesar de que algunos critican al intermediario, se necesita a este individuo en la economía.","Aunque algunas personas critican al intermediario, este individuo es necesario en la economía.","Aunque algunos critican al intermediario, es importante en la economía.","Conserva ideas centrales, datos clave y relaciones del original.",30,,,"Se entiende al primer vistazo, sin ambigüedades importantes.",25,,,"Suena natural, con buena gramática y cohesión.",15,,,"Tono cercano, educativo, neutral y apropiado para el público.",10,,,"Palabras comunes, oraciones cortas, sin tecnicismos innecesarios.",10,,,"Orden lógico, párrafos manejables, presentación clara.",5,,,Cifras con contexto y simplificadas correctamente.,5,,,,"1, 2, 3, 4 o 5",,,
1742,zero-shot_nancy_mistral_nancy_mistral_cfg_2_R4,prompting,"A pesar de que algunos critican al intermediario, se necesita a este individuo en la economía.","Aunque algunas personas critican al intermediario, este individuo es necesario en la economía.","Algunas personas criticaban al intermediario, pero era necesario para la economía.

Simplified version: Some people criticized the intermediary, but he was necessary for the economy.","Conserva ideas centrales, datos clave y relaciones del original.",30,,,"Se entiende al primer vistazo, sin ambigüedades importantes.",25,,,"Suena natural, con buena gramática y cohesión.",15,,,"Tono cercano, educativo, neutral y apropiado para el público.",10,,,"Palabras comunes, oraciones cortas, sin tecnicismos innecesarios.",10,,,"Orden lógico, párrafos manejables, presentación clara.",5,,,Cifras con contexto y simplificadas correctamente.,5,,,,"1, 2, 3, 4 o 5",,,
1790,few-shot_hariel_llama3_llama3_cfg_3_R1,prompting,El impuesto a los réditos es también un buen instrumento para conocer el monto de las rentas y de la riqueza nacional.,El impuesto a las utilidades también es un buen método para conocer el monto de las rentas y de la riqueza nacional.,El impuesto sobre los intereses es una forma efectiva de medir el monto de las rentas y la riqueza del país.,"Conserva ideas centrales, datos clave y relaciones del original.",30,,,"Se entiende al primer vistazo, sin ambigüedades importantes.",25,,,"Suena natural, con buena gramática y cohesión.",15,,,"Tono cercano, educativo, neutral y apropiado para el público.",10,,,"Palabras comunes, oraciones cortas, sin tecnicismos innecesarios.",10,,,"Orden lógico, párrafos manejables, presentación clara.",5,,,Cifras con contexto y simplificadas correctamente.,5,,,,"1, 2, 3, 4 o 5",,,
1790,few-shot_nancy_llama3_llama3_cfg_2_R2,prompting,El impuesto a los réditos es también un buen instrumento para conocer el monto de las rentas y de la riqueza nacional.,El impuesto a las utilidades también es un buen método para conocer el monto de las rentas y de la riqueza nacional.,El impuesto a los réditos ayuda a saber cuántas rentas y riqueza hay en un país.,"Conserva ideas centrales, datos clave y relaciones del original.",30,,,"Se entiende al primer vistazo, sin ambigüedades importantes.",25,,,"Suena natural, con buena gramática y cohesión.",15,,,"Tono cercano, educativo, neutral y apropiado para el público.",10,,,"Palabras comunes, oraciones cortas, sin tecnicismos innecesarios.",10,,,"Orden lógico, párrafos manejables, presentación clara.",5,,,Cifras con contexto y simplificadas correctamente.,5,,,,"1, 2, 3, 4 o 5",,,
1790,lora_llama3,lora,El impuesto a los réditos es también un buen instrumento para conocer el monto de las rentas y de la riqueza nacional.,El impuesto a las utilidades también es un buen método para conocer el monto de las rentas y de la riqueza nacional.,El impuesto a los réditos es un buen instrumento para conocer el monto de las rentas y de la riqueza nacional.,"Conserva ideas centrales, datos clave y relaciones del original.",30,,,"Se entiende al primer vistazo, sin ambigüedades importantes.",25,,,"Suena natural, con buena gramática y cohesión.",15,,,"Tono cercano, educativo, neutral y apropiado para el público.",10,,,"Palabras comunes, oraciones cortas, sin tecnicismos innecesarios.",10,,,"Orden lógico, párrafos manejables, presentación clara.",5,,,Cifras con contexto y simplificadas correctamente.,5,,,,"1, 2, 3, 4 o 5",,,
1790,lora_mistral,lora,El impuesto a los réditos es también un buen instrumento para conocer el monto de las rentas y de la riqueza nacional.,El impuesto a las utilidades también es un buen método para conocer el monto de las rentas y de la riqueza nacional.,El impuesto a los réditos es un buen instrumento para conocer el monto de las rentas y de la riqueza nacional.,"Conserva ideas centrales, datos clave y relaciones del original.",30,,,"Se entiende al primer vistazo, sin ambigüedades importantes.",25,,,"Suena natural, con buena gramática y cohesión.",15,,,"Tono cercano, educativo, neutral y apropiado para el público.",10,,,"Palabras comunes, oraciones cortas, sin tecnicismos innecesarios.",10,,,"Orden lógico, párrafos manejables, presentación clara.",5,,,Cifras con contexto y simplificadas correctamente.,5,,,,"1, 2, 3, 4 o 5",,,
1790,zero-shot_hariel_llama3_hariel_llama3_cfg_1_R0,prompting,El impuesto a los réditos es también un buen instrumento para conocer el monto de las rentas y de la riqueza nacional.,El impuesto a las utilidades también es un buen método para conocer el monto de las rentas y de la riqueza nacional.,El impuesto a los réditos ayuda a saber cuánto se gana y cuánta riqueza hay en un país.,"Conserva ideas centrales, datos clave y relaciones del original.",30,,,"Se entiende al primer vistazo, sin ambigüedades importantes.",25,,,"Suena natural, con buena gramática y cohesión.",15,,,"Tono cercano, educativo, neutral y apropiado para el público.",10,,,"Palabras comunes, oraciones cortas, sin tecnicismos innecesarios.",10,,,"Orden lógico, párrafos manejables, presentación clara.",5,,,Cifras con contexto y simplificadas correctamente.,5,,,,"1, 2, 3, 4 o 5",,,
1790,zero-shot_nancy_mistral_nancy_mistral_cfg_2_R4,prompting,El impuesto a los réditos es también un buen instrumento para conocer el monto de las rentas y de la riqueza nacional.,El impuesto a las utilidades también es un buen método para conocer el monto de las rentas y de la riqueza nacional.,"El impuesto sobre rendimientos es útil para saber cuánto gana la nación.

(","Conserva ideas centrales, datos clave y relaciones del original.",30,,,"Se entiende al primer vistazo, sin ambigüedades importantes.",25,,,"Suena natural, con buena gramática y cohesión.",15,,,"Tono cercano, educativo, neutral y apropiado para el público.",10,,,"Palabras comunes, oraciones cortas, sin tecnicismos innecesarios.",10,,,"Orden lógico, párrafos manejables, presentación clara.",5,,,Cifras con contexto y simplificadas correctamente.,5,,,,"1, 2, 3, 4 o 5",,,
1920,few-shot_hariel_llama3_llama3_cfg_3_R1,prompting,"También es de mucha ayuda separar las metas en tres períodos de tiempo para los propósitos de planeamiento, y aun cuando esto ya se trató en el capítulo anterior, se reitera tan importante aspecto, centrados en el tema del presente y con la intención de reforzar el manejo del mismo:","También ayuda separar las metas en tres períodos de tiempo para cumplir con los propósitos planteados. Aunque este aspecto ya se trató en el capítulo anterior, reiteramos su importancia:",Separar las metas en tres períodos de tiempo ayuda a planificar mejor.,"Conserva ideas centrales, datos clave y relaciones del original.",30,,,"Se entiende al primer vistazo, sin ambigüedades importantes.",25,,,"Suena natural, con buena gramática y cohesión.",15,,,"Tono cercano, educativo, neutral y apropiado para el público.",10,,,"Palabras comunes, oraciones cortas, sin tecnicismos innecesarios.",10,,,"Orden lógico, párrafos manejables, presentación clara.",5,,,Cifras con contexto y simplificadas correctamente.,5,,,,"1, 2, 3, 4 o 5",,,
1920,few-shot_nancy_llama3_llama3_cfg_2_R2,prompting,"También es de mucha ayuda separar las metas en tres períodos de tiempo para los propósitos de planeamiento, y aun cuando esto ya se trató en el capítulo anterior, se reitera tan importante aspecto, centrados en el tema del presente y con la intención de reforzar el manejo del mismo:","También ayuda separar las metas en tres períodos de tiempo para cumplir con los propósitos planteados. Aunque este aspecto ya se trató en el capítulo anterior, reiteramos su importancia:",Separa tus metas en tres períodos para planificar mejor. Esta estrategia es clave para alcanzar tus objetivos financieros.,"Conserva ideas centrales, datos clave y relaciones del original.",30,,,"Se entiende al primer vistazo, sin ambigüedades importantes.",25,,,"Suena natural, con buena gramática y cohesión.",15,,,"Tono cercano, educativo, neutral y apropiado para el público.",10,,,"Palabras comunes, oraciones cortas, sin tecnicismos innecesarios.",10,,,"Orden lógico, párrafos manejables, presentación clara.",5,,,Cifras con contexto y simplificadas correctamente.,5,,,,"1, 2, 3, 4 o 5",,,
1920,lora_llama3,lora,"También es de mucha ayuda separar las metas en tres períodos de tiempo para los propósitos de planeamiento, y aun cuando esto ya se trató en el capítulo anterior, se reitera tan importante aspecto, centrados en el tema del presente y con la intención de reforzar el manejo del mismo:","También ayuda separar las metas en tres períodos de tiempo para cumplir con los propósitos planteados. Aunque este aspecto ya se trató en el capítulo anterior, reiteramos su importancia:","Separe las metas en tres períodos de tiempo para el planeamiento. Aunque esto ya se trató en el capítulo anterior, se reitera tan importante aspecto centrados en el tema del presente y con la intención de reforzar el manejo del mismo:","Conserva ideas centrales, datos clave y relaciones del original.",30,,,"Se entiende al primer vistazo, sin ambigüedades importantes.",25,,,"Suena natural, con buena gramática y cohesión.",15,,,"Tono cercano, educativo, neutral y apropiado para el público.",10,,,"Palabras comunes, oraciones cortas, sin tecnicismos innecesarios.",10,,,"Orden lógico, párrafos manejables, presentación clara.",5,,,Cifras con contexto y simplificadas correctamente.,5,,,,"1, 2, 3, 4 o 5",,,
1920,lora_mistral,lora,"También es de mucha ayuda separar las metas en tres períodos de tiempo para los propósitos de planeamiento, y aun cuando esto ya se trató en el capítulo anterior, se reitera tan importante aspecto, centrados en el tema del presente y con la intención de reforzar el manejo del mismo:","También ayuda separar las metas en tres períodos de tiempo para cumplir con los propósitos planteados. Aunque este aspecto ya se trató en el capítulo anterior, reiteramos su importancia:","También es de mucha ayuda separar las metas en tres períodos de tiempo para los propósitos de planeamiento. Aunque ya se trató en el capítulo anterior, se reitera tan importante aspecto centrados en el tema del presente y con la intención de reforzar el manejo del mismo:","Conserva ideas centrales, datos clave y relaciones del original.",30,,,"Se entiende al primer vistazo, sin ambigüedades importantes.",25,,,"Suena natural, con buena gramática y cohesión.",15,,,"Tono cercano, educativo, neutral y apropiado para el público.",10,,,"Palabras comunes, oraciones cortas, sin tecnicismos innecesarios.",10,,,"Orden lógico, párrafos manejables, presentación clara.",5,,,Cifras con contexto y simplificadas correctamente.,5,,,,"1, 2, 3, 4 o 5",,,
1920,zero-shot_hariel_llama3_hariel_llama3_cfg_1_R0,prompting,"También es de mucha ayuda separar las metas en tres períodos de tiempo para los propósitos de planeamiento, y aun cuando esto ya se trató en el capítulo anterior, se reitera tan importante aspecto, centrados en el tema del presente y con la intención de reforzar el manejo del mismo:","También ayuda separar las metas en tres períodos de tiempo para cumplir con los propósitos planteados. Aunque este aspecto ya se trató en el capítulo anterior, reiteramos su importancia:",Divide tus metas en tres periodos de tiempo para planificar mejor.,"Conserva ideas centrales, datos clave y relaciones del original.",30,,,"Se entiende al primer vistazo, sin ambigüedades importantes.",25,,,"Suena natural, con buena gramática y cohesión.",15,,,"Tono cercano, educativo, neutral y apropiado para el público.",10,,,"Palabras comunes, oraciones cortas, sin tecnicismos innecesarios.",10,,,"Orden lógico, párrafos manejables, presentación clara.",5,,,Cifras con contexto y simplificadas correctamente.,5,,,,"1, 2, 3, 4 o 5",,,
1920,zero-shot_nancy_mistral_nancy_mistral_cfg_2_R4,prompting,"También es de mucha ayuda separar las metas en tres períodos de tiempo para los propósitos de planeamiento, y aun cuando esto ya se trató en el capítulo anterior, se reitera tan importante aspecto, centrados en el tema del presente y con la intención de reforzar el manejo del mismo:","También ayuda separar las metas en tres períodos de tiempo para cumplir con los propósitos planteados. Aunque este aspecto ya se trató en el capítulo anterior, reiteramos su importancia:","It's helpful to divide goals into three time periods for planning purposes. Although this was discussed earlier, it's worth repeating: focus on the present and manage it effectively.

[Translation: Es útil dividir los objetivos en tres períodos de tiempo para las intenciones de planeamiento. Aunque esto se trató anteriormente, vale la pena repetirlo: centrarse en el presente y gestionarlo eficazmente.]","Conserva ideas centrales, datos clave y relaciones del original.",30,,,"Se entiende al primer vistazo, sin ambigüedades importantes.",25,,,"Suena natural, con buena gramática y cohesión.",15,,,"Tono cercano, educativo, neutral y apropiado para el público.",10,,,"Palabras comunes, oraciones cortas, sin tecnicismos innecesarios.",10,,,"Orden lógico, párrafos manejables, presentación clara.",5,,,Cifras con contexto y simplificadas correctamente.,5,,,,"1, 2, 3, 4 o 5",,,
2027,few-shot_hariel_llama3_llama3_cfg_3_R1,prompting,Seguridad financiera: Consiste en cumplir con las necesidades que se presentan en el futuro de las personas y al mismo tiempo cumplir con las obligaciones diarias.,"Seguridad financiera, consiste en cumplir con las necesidades económicas que se presentan en el futuro de las personas y también cumplir con las obligaciones financieras diarias.","La seguridad financiera es importante porque te permite pagar tus necesidades actuales y futuras, así como también cumplir con tus compromisos.","Conserva ideas centrales, datos clave y relaciones del original.",30,,,"Se entiende al primer vistazo, sin ambigüedades importantes.",25,,,"Suena natural, con buena gramática y cohesión.",15,,,"Tono cercano, educativo, neutral y apropiado para el público.",10,,,"Palabras comunes, oraciones cortas, sin tecnicismos innecesarios.",10,,,"Orden lógico, párrafos manejables, presentación clara.",5,,,Cifras con contexto y simplificadas correctamente.,5,,,,"1, 2, 3, 4 o 5",,,
2027,few-shot_nancy_llama3_llama3_cfg_2_R2,prompting,Seguridad financiera: Consiste en cumplir con las necesidades que se presentan en el futuro de las personas y al mismo tiempo cumplir con las obligaciones diarias.,"Seguridad financiera, consiste en cumplir con las necesidades económicas que se presentan en el futuro de las personas y también cumplir con las obligaciones financieras diarias.",La seguridad financiera es importante porque nos ayuda a pagar nuestras necesidades futuras y también a cumplir con nuestras obligaciones diarias.,"Conserva ideas centrales, datos clave y relaciones del original.",30,,,"Se entiende al primer vistazo, sin ambigüedades importantes.",25,,,"Suena natural, con buena gramática y cohesión.",15,,,"Tono cercano, educativo, neutral y apropiado para el público.",10,,,"Palabras comunes, oraciones cortas, sin tecnicismos innecesarios.",10,,,"Orden lógico, párrafos manejables, presentación clara.",5,,,Cifras con contexto y simplificadas correctamente.,5,,,,"1, 2, 3, 4 o 5",,,
2027,lora_llama3,lora,Seguridad financiera: Consiste en cumplir con las necesidades que se presentan en el futuro de las personas y al mismo tiempo cumplir con las obligaciones diarias.,"Seguridad financiera, consiste en cumplir con las necesidades económicas que se presentan en el futuro de las personas y también cumplir con las obligaciones financieras diarias.",La seguridad financiera consiste en cumplir con las necesidades del futuro de las personas y con las obligaciones diarias.,"Conserva ideas centrales, datos clave y relaciones del original.",30,,,"Se entiende al primer vistazo, sin ambigüedades importantes.",25,,,"Suena natural, con buena gramática y cohesión.",15,,,"Tono cercano, educativo, neutral y apropiado para el público.",10,,,"Palabras comunes, oraciones cortas, sin tecnicismos innecesarios.",10,,,"Orden lógico, párrafos manejables, presentación clara.",5,,,Cifras con contexto y simplificadas correctamente.,5,,,,"1, 2, 3, 4 o 5",,,
2027,lora_mistral,lora,Seguridad financiera: Consiste en cumplir con las necesidades que se presentan en el futuro de las personas y al mismo tiempo cumplir con las obligaciones diarias.,"Seguridad financiera, consiste en cumplir con las necesidades económicas que se presentan en el futuro de las personas y también cumplir con las obligaciones financieras diarias.",La seguridad financiera consiste en cumplir con las necesidades que se presentan en el futuro de las personas y al mismo tiempo cumplir con las obligaciones diarias.,"Conserva ideas centrales, datos clave y relaciones del original.",30,,,"Se entiende al primer vistazo, sin ambigüedades importantes.",25,,,"Suena natural, con buena gramática y cohesión.",15,,,"Tono cercano, educativo, neutral y apropiado para el público.",10,,,"Palabras comunes, oraciones cortas, sin tecnicismos innecesarios.",10,,,"Orden lógico, párrafos manejables, presentación clara.",5,,,Cifras con contexto y simplificadas correctamente.,5,,,,"1, 2, 3, 4 o 5",,,
2027,zero-shot_hariel_llama3_hariel_llama3_cfg_1_R0,prompting,Seguridad financiera: Consiste en cumplir con las necesidades que se presentan en el futuro de las personas y al mismo tiempo cumplir con las obligaciones diarias.,"Seguridad financiera, consiste en cumplir con las necesidades económicas que se presentan en el futuro de las personas y también cumplir con las obligaciones financieras diarias.",Seguridad financiera: Es tener suficiente dinero para cubrir tus necesidades actuales y futuras.,"Conserva ideas centrales, datos clave y relaciones del original.",30,,,"Se entiende al primer vistazo, sin ambigüedades importantes.",25,,,"Suena natural, con buena gramática y cohesión.",15,,,"Tono cercano, educativo, neutral y apropiado para el público.",10,,,"Palabras comunes, oraciones cortas, sin tecnicismos innecesarios.",10,,,"Orden lógico, párrafos manejables, presentación clara.",5,,,Cifras con contexto y simplificadas correctamente.,5,,,,"1, 2, 3, 4 o 5",,,
2027,zero-shot_nancy_mistral_nancy_mistral_cfg_2_R4,prompting,Seguridad financiera: Consiste en cumplir con las necesidades que se presentan en el futuro de las personas y al mismo tiempo cumplir con las obligaciones diarias.,"Seguridad financiera, consiste en cumplir con las necesidades económicas que se presentan en el futuro de las personas y también cumplir con las obligaciones financieras diarias.","Seguridad financeira: Consiste en satisfacer las necesidades futuras personas, al mismo tiempo que cumplir con nuestros deberes diarios.

Translation: Financial security consists in meeting future needs while fulfilling our daily obligations.","Conserva ideas centrales, datos clave y relaciones del original.",30,,,"Se entiende al primer vistazo, sin ambigüedades importantes.",25,,,"Suena natural, con buena gramática y cohesión.",15,,,"Tono cercano, educativo, neutral y apropiado para el público.",10,,,"Palabras comunes, oraciones cortas, sin tecnicismos innecesarios.",10,,,"Orden lógico, párrafos manejables, presentación clara.",5,,,Cifras con contexto y simplificadas correctamente.,5,,,,"1, 2, 3, 4 o 5",,,
2065,few-shot_hariel_llama3_llama3_cfg_3_R1,prompting,"La última, pero no menos importante razón, puede ser encontrar un fascinante campo de acción intelectual para comprender el mundo real.",La última es encontrar un campo de acción intelectual para comprender el mundo real.,La razón final es encontrar un tema interesante que te ayude a entender mejor el mundo.,"Conserva ideas centrales, datos clave y relaciones del original.",30,,,"Se entiende al primer vistazo, sin ambigüedades importantes.",25,,,"Suena natural, con buena gramática y cohesión.",15,,,"Tono cercano, educativo, neutral y apropiado para el público.",10,,,"Palabras comunes, oraciones cortas, sin tecnicismos innecesarios.",10,,,"Orden lógico, párrafos manejables, presentación clara.",5,,,Cifras con contexto y simplificadas correctamente.,5,,,,"1, 2, 3, 4 o 5",,,
2065,few-shot_nancy_llama3_llama3_cfg_2_R2,prompting,"La última, pero no menos importante razón, puede ser encontrar un fascinante campo de acción intelectual para comprender el mundo real.",La última es encontrar un campo de acción intelectual para comprender el mundo real.,La razón última es encontrar un tema interesante y desafiador que te ayude a entender mejor el mundo.,"Conserva ideas centrales, datos clave y relaciones del original.",30,,,"Se entiende al primer vistazo, sin ambigüedades importantes.",25,,,"Suena natural, con buena gramática y cohesión.",15,,,"Tono cercano, educativo, neutral y apropiado para el público.",10,,,"Palabras comunes, oraciones cortas, sin tecnicismos innecesarios.",10,,,"Orden lógico, párrafos manejables, presentación clara.",5,,,Cifras con contexto y simplificadas correctamente.,5,,,,"1, 2, 3, 4 o 5",,,
2065,lora_llama3,lora,"La última, pero no menos importante razón, puede ser encontrar un fascinante campo de acción intelectual para comprender el mundo real.",La última es encontrar un campo de acción intelectual para comprender el mundo real.,La última razón puede ser encontrar un fascinante campo de acción intelectual para comprender el mundo real.,"Conserva ideas centrales, datos clave y relaciones del original.",30,,,"Se entiende al primer vistazo, sin ambigüedades importantes.",25,,,"Suena natural, con buena gramática y cohesión.",15,,,"Tono cercano, educativo, neutral y apropiado para el público.",10,,,"Palabras comunes, oraciones cortas, sin tecnicismos innecesarios.",10,,,"Orden lógico, párrafos manejables, presentación clara.",5,,,Cifras con contexto y simplificadas correctamente.,5,,,,"1, 2, 3, 4 o 5",,,
2065,lora_mistral,lora,"La última, pero no menos importante razón, puede ser encontrar un fascinante campo de acción intelectual para comprender el mundo real.",La última es encontrar un campo de acción intelectual para comprender el mundo real.,La última razón es encontrar un campo de acción intelectual para comprender el mundo real.,"Conserva ideas centrales, datos clave y relaciones del original.",30,,,"Se entiende al primer vistazo, sin ambigüedades importantes.",25,,,"Suena natural, con buena gramática y cohesión.",15,,,"Tono cercano, educativo, neutral y apropiado para el público.",10,,,"Palabras comunes, oraciones cortas, sin tecnicismos innecesarios.",10,,,"Orden lógico, párrafos manejables, presentación clara.",5,,,Cifras con contexto y simplificadas correctamente.,5,,,,"1, 2, 3, 4 o 5",,,
2065,zero-shot_hariel_llama3_hariel_llama3_cfg_1_R0,prompting,"La última, pero no menos importante razón, puede ser encontrar un fascinante campo de acción intelectual para comprender el mundo real.",La última es encontrar un campo de acción intelectual para comprender el mundo real.,Encontrar un tema interesante que te ayude a entender el mundo.,"Conserva ideas centrales, datos clave y relaciones del original.",30,,,"Se entiende al primer vistazo, sin ambigüedades importantes.",25,,,"Suena natural, con buena gramática y cohesión.",15,,,"Tono cercano, educativo, neutral y apropiado para el público.",10,,,"Palabras comunes, oraciones cortas, sin tecnicismos innecesarios.",10,,,"Orden lógico, párrafos manejables, presentación clara.",5,,,Cifras con contexto y simplificadas correctamente.,5,,,,"1, 2, 3, 4 o 5",,,
2065,zero-shot_nancy_mistral_nancy_mistral_cfg_2_R4,prompting,"La última, pero no menos importante razón, puede ser encontrar un fascinante campo de acción intelectual para comprender el mundo real.",La última es encontrar un campo de acción intelectual para comprender el mundo real.,"Última razón importantes: encontrar interesante campo mental para entender el mundo real.

[Translation: Last but not least reason: find an interesting intellectual field to understand the real world.]","Conserva ideas centrales, datos clave y relaciones del original.",30,,,"Se entiende al primer vistazo, sin ambigüedades importantes.",25,,,"Suena natural, con buena gramática y cohesión.",15,,,"Tono cercano, educativo, neutral y apropiado para el público.",10,,,"Palabras comunes, oraciones cortas, sin tecnicismos innecesarios.",10,,,"Orden lógico, párrafos manejables, presentación clara.",5,,,Cifras con contexto y simplificadas correctamente.,5,,,,"1, 2, 3, 4 o 5",,,
2365,few-shot_hariel_llama3_llama3_cfg_3_R1,prompting,"Si el entusiasmo, y esto no es idealismo ramplón, se orienta hacia la salud, la belleza, el éxito, la felicidad, lo más probable es que se obtenga la salud, la belleza, el éxito y la felicidad.","Si el entusiasmo se dirige hacia la salud, la belleza, el éxito, la felicidad es probable que los consigamos.","Si nos enfocamos en la salud, la belleza, el éxito y la felicidad con entusiasmo, podemos lograr estos objetivos.","Conserva ideas centrales, datos clave y relaciones del original.",30,,,"Se entiende al primer vistazo, sin ambigüedades importantes.",25,,,"Suena natural, con buena gramática y cohesión.",15,,,"Tono cercano, educativo, neutral y apropiado para el público.",10,,,"Palabras comunes, oraciones cortas, sin tecnicismos innecesarios.",10,,,"Orden lógico, párrafos manejables, presentación clara.",5,,,Cifras con contexto y simplificadas correctamente.,5,,,,"1, 2, 3, 4 o 5",,,
2365,few-shot_nancy_llama3_llama3_cfg_2_R2,prompting,"Si el entusiasmo, y esto no es idealismo ramplón, se orienta hacia la salud, la belleza, el éxito, la felicidad, lo más probable es que se obtenga la salud, la belleza, el éxito y la felicidad.","Si el entusiasmo se dirige hacia la salud, la belleza, el éxito, la felicidad es probable que los consigamos.","Si nos enfocamos en la salud, la belleza, el éxito y la felicidad con entusiasmo, podemos lograr estos objetivos.","Conserva ideas centrales, datos clave y relaciones del original.",30,,,"Se entiende al primer vistazo, sin ambigüedades importantes.",25,,,"Suena natural, con buena gramática y cohesión.",15,,,"Tono cercano, educativo, neutral y apropiado para el público.",10,,,"Palabras comunes, oraciones cortas, sin tecnicismos innecesarios.",10,,,"Orden lógico, párrafos manejables, presentación clara.",5,,,Cifras con contexto y simplificadas correctamente.,5,,,,"1, 2, 3, 4 o 5",,,
2365,lora_llama3,lora,"Si el entusiasmo, y esto no es idealismo ramplón, se orienta hacia la salud, la belleza, el éxito, la felicidad, lo más probable es que se obtenga la salud, la belleza, el éxito y la felicidad.","Si el entusiasmo se dirige hacia la salud, la belleza, el éxito, la felicidad es probable que los consigamos.","Si el entusiasmo se orienta hacia la salud, la belleza, el éxito y la felicidad, se obtendrá la salud, la belleza, el éxito y la felicidad.","Conserva ideas centrales, datos clave y relaciones del original.",30,,,"Se entiende al primer vistazo, sin ambigüedades importantes.",25,,,"Suena natural, con buena gramática y cohesión.",15,,,"Tono cercano, educativo, neutral y apropiado para el público.",10,,,"Palabras comunes, oraciones cortas, sin tecnicismos innecesarios.",10,,,"Orden lógico, párrafos manejables, presentación clara.",5,,,Cifras con contexto y simplificadas correctamente.,5,,,,"1, 2, 3, 4 o 5",,,
2365,lora_mistral,lora,"Si el entusiasmo, y esto no es idealismo ramplón, se orienta hacia la salud, la belleza, el éxito, la felicidad, lo más probable es que se obtenga la salud, la belleza, el éxito y la felicidad.","Si el entusiasmo se dirige hacia la salud, la belleza, el éxito, la felicidad es probable que los consigamos.","Si el entusiasmo se orienta hacia la salud, la belleza, el éxito y la felicidad, es probable que se obtenga estos resultados.","Conserva ideas centrales, datos clave y relaciones del original.",30,,,"Se entiende al primer vistazo, sin ambigüedades importantes.",25,,,"Suena natural, con buena gramática y cohesión.",15,,,"Tono cercano, educativo, neutral y apropiado para el público.",10,,,"Palabras comunes, oraciones cortas, sin tecnicismos innecesarios.",10,,,"Orden lógico, párrafos manejables, presentación clara.",5,,,Cifras con contexto y simplificadas correctamente.,5,,,,"1, 2, 3, 4 o 5",,,
2365,zero-shot_hariel_llama3_hariel_llama3_cfg_1_R0,prompting,"Si el entusiasmo, y esto no es idealismo ramplón, se orienta hacia la salud, la belleza, el éxito, la felicidad, lo más probable es que se obtenga la salud, la belleza, el éxito y la felicidad.","Si el entusiasmo se dirige hacia la salud, la belleza, el éxito, la felicidad es probable que los consigamos.","Si se enfoca el entusiasmo en la salud, la belleza, el éxito y la felicidad, es probable que se alcance esos objetivos.","Conserva ideas centrales, datos clave y relaciones del original.",30,,,"Se entiende al primer vistazo, sin ambigüedades importantes.",25,,,"Suena natural, con buena gramática y cohesión.",15,,,"Tono cercano, educativo, neutral y apropiado para el público.",10,,,"Palabras comunes, oraciones cortas, sin tecnicismos innecesarios.",10,,,"Orden lógico, párrafos manejables, presentación clara.",5,,,Cifras con contexto y simplificadas correctamente.,5,,,,"1, 2, 3, 4 o 5",,,
2365,zero-shot_nancy_mistral_nancy_mistral_cfg_2_R4,prompting,"Si el entusiasmo, y esto no es idealismo ramplón, se orienta hacia la salud, la belleza, el éxito, la felicidad, lo más probable es que se obtenga la salud, la belleza, el éxito y la felicidad.","Si el entusiasmo se dirige hacia la salud, la belleza, el éxito, la felicidad es probable que los consigamos.","Si el entusiasmo apunta hacia la salud, la belleza, el éxito y la felicidad, es probable que se obtengan estos beneficios.","Conserva ideas centrales, datos clave y relaciones del original.",30,,,"Se entiende al primer vistazo, sin ambigüedades importantes.",25,,,"Suena natural, con buena gramática y cohesión.",15,,,"Tono cercano, educativo, neutral y apropiado para el público.",10,,,"Palabras comunes, oraciones cortas, sin tecnicismos innecesarios.",10,,,"Orden lógico, párrafos manejables, presentación clara.",5,,,Cifras con contexto y simplificadas correctamente.,5,,,,"1, 2, 3, 4 o 5",,,
2449,few-shot_hariel_llama3_llama3_cfg_3_R1,prompting,"En la segunda etapa de programación, se definen los objetivos y se fijan las metas o resultados esperados, que deben ser lo más específicos y precisos posibles, para tener claridad en lo que se trata de alcanzar con las inversiones por realizar; por ejemplo, los tipos de inversión y los montos que se pretenden lograr en un tiempo definido y otros que pueden describirse en términos de logro o resultados que se desean alcanzar.","En la segunda etapa de programación, se definen los objetivos y se fijan las metas específicas.","En la segunda etapa de programación, se establecen objetivos claros y precisos para saber qué se quiere lograr con las inversiones. Por ejemplo, se pueden definir los tipos de inversión y el monto que se desea lograr en un plazo determinado o describirse resultados deseados.","Conserva ideas centrales, datos clave y relaciones del original.",30,,,"Se entiende al primer vistazo, sin ambigüedades importantes.",25,,,"Suena natural, con buena gramática y cohesión.",15,,,"Tono cercano, educativo, neutral y apropiado para el público.",10,,,"Palabras comunes, oraciones cortas, sin tecnicismos innecesarios.",10,,,"Orden lógico, párrafos manejables, presentación clara.",5,,,Cifras con contexto y simplificadas correctamente.,5,,,,"1, 2, 3, 4 o 5",,,
2449,few-shot_nancy_llama3_llama3_cfg_2_R2,prompting,"En la segunda etapa de programación, se definen los objetivos y se fijan las metas o resultados esperados, que deben ser lo más específicos y precisos posibles, para tener claridad en lo que se trata de alcanzar con las inversiones por realizar; por ejemplo, los tipos de inversión y los montos que se pretenden lograr en un tiempo definido y otros que pueden describirse en términos de logro o resultados que se desean alcanzar.","En la segunda etapa de programación, se definen los objetivos y se fijan las metas específicas.","En la segunda etapa, se definen objetivos claros y precisos para saber qué se busca lograr con las inversiones. Esto puede incluir los tipos de inversión, montos y plazos definidos.","Conserva ideas centrales, datos clave y relaciones del original.",30,,,"Se entiende al primer vistazo, sin ambigüedades importantes.",25,,,"Suena natural, con buena gramática y cohesión.",15,,,"Tono cercano, educativo, neutral y apropiado para el público.",10,,,"Palabras comunes, oraciones cortas, sin tecnicismos innecesarios.",10,,,"Orden lógico, párrafos manejables, presentación clara.",5,,,Cifras con contexto y simplificadas correctamente.,5,,,,"1, 2, 3, 4 o 5",,,
2449,lora_llama3,lora,"En la segunda etapa de programación, se definen los objetivos y se fijan las metas o resultados esperados, que deben ser lo más específicos y precisos posibles, para tener claridad en lo que se trata de alcanzar con las inversiones por realizar; por ejemplo, los tipos de inversión y los montos que se pretenden lograr en un tiempo definido y otros que pueden describirse en términos de logro o resultados que se desean alcanzar.","En la segunda etapa de programación, se definen los objetivos y se fijan las metas específicas.","En la segunda etapa de programación se definen los objetivos y se fijan las metas o resultados esperados. Estos deben ser lo más específicos y precisos posibles para tener claridad en lo que se trata de alcanzar con las inversiones por realizar. Por ejemplo, los tipos de inversión y los montos que se pretenden lograr en un tiempo definido. También los que pueden describirse en términos de logro o resultados que se desean alcanzar.","Conserva ideas centrales, datos clave y relaciones del original.",30,,,"Se entiende al primer vistazo, sin ambigüedades importantes.",25,,,"Suena natural, con buena gramática y cohesión.",15,,,"Tono cercano, educativo, neutral y apropiado para el público.",10,,,"Palabras comunes, oraciones cortas, sin tecnicismos innecesarios.",10,,,"Orden lógico, párrafos manejables, presentación clara.",5,,,Cifras con contexto y simplificadas correctamente.,5,,,,"1, 2, 3, 4 o 5",,,
2449,lora_mistral,lora,"En la segunda etapa de programación, se definen los objetivos y se fijan las metas o resultados esperados, que deben ser lo más específicos y precisos posibles, para tener claridad en lo que se trata de alcanzar con las inversiones por realizar; por ejemplo, los tipos de inversión y los montos que se pretenden lograr en un tiempo definido y otros que pueden describirse en términos de logro o resultados que se desean alcanzar.","En la segunda etapa de programación, se definen los objetivos y se fijan las metas específicas.","En la segunda etapa de programación se definen los objetivos y se fijan las metas o resultados esperados. Estos deben ser lo más específicos y precisos posibles para tener claridad en lo que se trata de alcanzar con las inversiones por realizar. Por ejemplo, los tipos de inversión y los montos que se pretenden lograr en un tiempo definido y otros que pueden describirse en términos de logro o resultados que se desean alcanzar.","Conserva ideas centrales, datos clave y relaciones del original.",30,,,"Se entiende al primer vistazo, sin ambigüedades importantes.",25,,,"Suena natural, con buena gramática y cohesión.",15,,,"Tono cercano, educativo, neutral y apropiado para el público.",10,,,"Palabras comunes, oraciones cortas, sin tecnicismos innecesarios.",10,,,"Orden lógico, párrafos manejables, presentación clara.",5,,,Cifras con contexto y simplificadas correctamente.,5,,,,"1, 2, 3, 4 o 5",,,
2449,zero-shot_hariel_llama3_hariel_llama3_cfg_1_R0,prompting,"En la segunda etapa de programación, se definen los objetivos y se fijan las metas o resultados esperados, que deben ser lo más específicos y precisos posibles, para tener claridad en lo que se trata de alcanzar con las inversiones por realizar; por ejemplo, los tipos de inversión y los montos que se pretenden lograr en un tiempo definido y otros que pueden describirse en términos de logro o resultados que se desean alcanzar.","En la segunda etapa de programación, se definen los objetivos y se fijan las metas específicas.","En la segunda etapa, se establecen objetivos claros y específicos para saber qué se quiere lograr con las inversiones. Por ejemplo, se define qué tipo de inversión se va a hacer y cuánto se pretende lograr en un tiempo determinado.","Conserva ideas centrales, datos clave y relaciones del original.",30,,,"Se entiende al primer vistazo, sin ambigüedades importantes.",25,,,"Suena natural, con buena gramática y cohesión.",15,,,"Tono cercano, educativo, neutral y apropiado para el público.",10,,,"Palabras comunes, oraciones cortas, sin tecnicismos innecesarios.",10,,,"Orden lógico, párrafos manejables, presentación clara.",5,,,Cifras con contexto y simplificadas correctamente.,5,,,,"1, 2, 3, 4 o 5",,,
2449,zero-shot_nancy_mistral_nancy_mistral_cfg_2_R4,prompting,"En la segunda etapa de programación, se definen los objetivos y se fijan las metas o resultados esperados, que deben ser lo más específicos y precisos posibles, para tener claridad en lo que se trata de alcanzar con las inversiones por realizar; por ejemplo, los tipos de inversión y los montos que se pretenden lograr en un tiempo definido y otros que pueden describirse en términos de logro o resultados que se desean alcanzar.","En la segunda etapa de programación, se definen los objetivos y se fijan las metas específicas.","En la segunda fase de programación, se determina lo que se quiere lograr y se establecen los objetivos claros y concretos. Por ejemplo, tipos de inversiones y cantidades deseadas en un plazo específico.

(","Conserva ideas centrales, datos clave y relaciones del original.",30,,,"Se entiende al primer vistazo, sin ambigüedades importantes.",25,,,"Suena natural, con buena gramática y cohesión.",15,,,"Tono cercano, educativo, neutral y apropiado para el público.",10,,,"Palabras comunes, oraciones cortas, sin tecnicismos innecesarios.",10,,,"Orden lógico, párrafos manejables, presentación clara.",5,,,Cifras con contexto y simplificadas correctamente.,5,,,,"1, 2, 3, 4 o 5",,,
2550,few-shot_hariel_llama3_llama3_cfg_3_R1,prompting,Estas tarjetas acarrean pocos riesgos y te ayudan a crear buenos antecedentes crediticios al mostrar tu capacidad para usar una tarjeta con responsabilidad.,Estas tarjetas traen pocos riesgos y ayudan a crear buen historial crediticio.,Estas tarjetas no son peligrosas y te permiten construir un buen historial crediticio demostrando que puedes utilizar la tarjeta de manera responsable.,"Conserva ideas centrales, datos clave y relaciones del original.",30,,,"Se entiende al primer vistazo, sin ambigüedades importantes.",25,,,"Suena natural, con buena gramática y cohesión.",15,,,"Tono cercano, educativo, neutral y apropiado para el público.",10,,,"Palabras comunes, oraciones cortas, sin tecnicismos innecesarios.",10,,,"Orden lógico, párrafos manejables, presentación clara.",5,,,Cifras con contexto y simplificadas correctamente.,5,,,,"1, 2, 3, 4 o 5",,,
2550,few-shot_nancy_llama3_llama3_cfg_2_R2,prompting,Estas tarjetas acarrean pocos riesgos y te ayudan a crear buenos antecedentes crediticios al mostrar tu capacidad para usar una tarjeta con responsabilidad.,Estas tarjetas traen pocos riesgos y ayudan a crear buen historial crediticio.,Estas tarjetas no suponen un gran riesgo y te permiten construir un buen historial crediticio demostrando que puedes usarla de manera responsable.,"Conserva ideas centrales, datos clave y relaciones del original.",30,,,"Se entiende al primer vistazo, sin ambigüedades importantes.",25,,,"Suena natural, con buena gramática y cohesión.",15,,,"Tono cercano, educativo, neutral y apropiado para el público.",10,,,"Palabras comunes, oraciones cortas, sin tecnicismos innecesarios.",10,,,"Orden lógico, párrafos manejables, presentación clara.",5,,,Cifras con contexto y simplificadas correctamente.,5,,,,"1, 2, 3, 4 o 5",,,
2550,lora_llama3,lora,Estas tarjetas acarrean pocos riesgos y te ayudan a crear buenos antecedentes crediticios al mostrar tu capacidad para usar una tarjeta con responsabilidad.,Estas tarjetas traen pocos riesgos y ayudan a crear buen historial crediticio.,Estas tarjetas acarrean pocos riesgos y te ayudan a crear buenos antecedentes crediticios al mostrar tu capacidad para usar una tarjeta con responsabilidad.,"Conserva ideas centrales, datos clave y relaciones del original.",30,,,"Se entiende al primer vistazo, sin ambigüedades importantes.",25,,,"Suena natural, con buena gramática y cohesión.",15,,,"Tono cercano, educativo, neutral y apropiado para el público.",10,,,"Palabras comunes, oraciones cortas, sin tecnicismos innecesarios.",10,,,"Orden lógico, párrafos manejables, presentación clara.",5,,,Cifras con contexto y simplificadas correctamente.,5,,,,"1, 2, 3, 4 o 5",,,
2550,lora_mistral,lora,Estas tarjetas acarrean pocos riesgos y te ayudan a crear buenos antecedentes crediticios al mostrar tu capacidad para usar una tarjeta con responsabilidad.,Estas tarjetas traen pocos riesgos y ayudan a crear buen historial crediticio.,Estas tarjetas acarrean pocos riesgos y te ayudan a crear buenos antecedentes crediticios al mostrar tu capacidad para usar una tarjeta con responsabilidad.,"Conserva ideas centrales, datos clave y relaciones del original.",30,,,"Se entiende al primer vistazo, sin ambigüedades importantes.",25,,,"Suena natural, con buena gramática y cohesión.",15,,,"Tono cercano, educativo, neutral y apropiado para el público.",10,,,"Palabras comunes, oraciones cortas, sin tecnicismos innecesarios.",10,,,"Orden lógico, párrafos manejables, presentación clara.",5,,,Cifras con contexto y simplificadas correctamente.,5,,,,"1, 2, 3, 4 o 5",,,
2550,zero-shot_hariel_llama3_hariel_llama3_cfg_1_R0,prompting,Estas tarjetas acarrean pocos riesgos y te ayudan a crear buenos antecedentes crediticios al mostrar tu capacidad para usar una tarjeta con responsabilidad.,Estas tarjetas traen pocos riesgos y ayudan a crear buen historial crediticio.,Estas tarjetas tienen poco peligro y te ayudan a construir un buen historial crediticio demostrando que puedes usar una tarjeta de manera responsable.,"Conserva ideas centrales, datos clave y relaciones del original.",30,,,"Se entiende al primer vistazo, sin ambigüedades importantes.",25,,,"Suena natural, con buena gramática y cohesión.",15,,,"Tono cercano, educativo, neutral y apropiado para el público.",10,,,"Palabras comunes, oraciones cortas, sin tecnicismos innecesarios.",10,,,"Orden lógico, párrafos manejables, presentación clara.",5,,,Cifras con contexto y simplificadas correctamente.,5,,,,"1, 2, 3, 4 o 5",,,
2550,zero-shot_nancy_mistral_nancy_mistral_cfg_2_R4,prompting,Estas tarjetas acarrean pocos riesgos y te ayudan a crear buenos antecedentes crediticios al mostrar tu capacidad para usar una tarjeta con responsabilidad.,Estas tarjetas traen pocos riesgos y ayudan a crear buen historial crediticio.,"Estas tarjetas tienen poca risks y te ayudan a crear buenas referencias crédito mostrando que puedes usar una tarjeta con responsabilidad.

(Translation: These cards have little risk and help you create good credit references by showing that you can use a card responsibly.)","Conserva ideas centrales, datos clave y relaciones del original.",30,,,"Se entiende al primer vistazo, sin ambigüedades importantes.",25,,,"Suena natural, con buena gramática y cohesión.",15,,,"Tono cercano, educativo, neutral y apropiado para el público.",10,,,"Palabras comunes, oraciones cortas, sin tecnicismos innecesarios.",10,,,"Orden lógico, párrafos manejables, presentación clara.",5,,,Cifras con contexto y simplificadas correctamente.,5,,,,"1, 2, 3, 4 o 5",,,
2657,few-shot_hariel_llama3_llama3_cfg_3_R1,prompting,"Adicionalmente, el canal móvil (celulares) es de alto potencial para utilizar pagos a través de mensajería de texto SMS permitiendo, desde cualquier lugar donde se tenga acceso al servicio inalámbrico, realizar pagos electrónicos.","Además, los celulares permiten realizar pagos electrónicos desde cualquier lugar con acceso al servicio inalámbrico.",El pago electrónico puede hacerse desde cualquier lugar con conexión móvil gracias a la función de mensajes de texto (SMS).,"Conserva ideas centrales, datos clave y relaciones del original.",30,,,"Se entiende al primer vistazo, sin ambigüedades importantes.",25,,,"Suena natural, con buena gramática y cohesión.",15,,,"Tono cercano, educativo, neutral y apropiado para el público.",10,,,"Palabras comunes, oraciones cortas, sin tecnicismos innecesarios.",10,,,"Orden lógico, párrafos manejables, presentación clara.",5,,,Cifras con contexto y simplificadas correctamente.,5,,,,"1, 2, 3, 4 o 5",,,
2657,few-shot_nancy_llama3_llama3_cfg_2_R2,prompting,"Adicionalmente, el canal móvil (celulares) es de alto potencial para utilizar pagos a través de mensajería de texto SMS permitiendo, desde cualquier lugar donde se tenga acceso al servicio inalámbrico, realizar pagos electrónicos.","Además, los celulares permiten realizar pagos electrónicos desde cualquier lugar con acceso al servicio inalámbrico.",El pago electrónico se puede hacer desde cualquier lugar con conexión inalámbrica a través del canal móvil (celulares) y mensajería de texto SMS.,"Conserva ideas centrales, datos clave y relaciones del original.",30,,,"Se entiende al primer vistazo, sin ambigüedades importantes.",25,,,"Suena natural, con buena gramática y cohesión.",15,,,"Tono cercano, educativo, neutral y apropiado para el público.",10,,,"Palabras comunes, oraciones cortas, sin tecnicismos innecesarios.",10,,,"Orden lógico, párrafos manejables, presentación clara.",5,,,Cifras con contexto y simplificadas correctamente.,5,,,,"1, 2, 3, 4 o 5",,,
2657,lora_llama3,lora,"Adicionalmente, el canal móvil (celulares) es de alto potencial para utilizar pagos a través de mensajería de texto SMS permitiendo, desde cualquier lugar donde se tenga acceso al servicio inalámbrico, realizar pagos electrónicos.","Además, los celulares permiten realizar pagos electrónicos desde cualquier lugar con acceso al servicio inalámbrico.","Además, el canal móvil es de alto potencial para utilizar pagos a través de mensajería de texto SMS. Esto permite realizar pagos electrónicos desde cualquier lugar con acceso al servicio inalámbrico.","Conserva ideas centrales, datos clave y relaciones del original.",30,,,"Se entiende al primer vistazo, sin ambigüedades importantes.",25,,,"Suena natural, con buena gramática y cohesión.",15,,,"Tono cercano, educativo, neutral y apropiado para el público.",10,,,"Palabras comunes, oraciones cortas, sin tecnicismos innecesarios.",10,,,"Orden lógico, párrafos manejables, presentación clara.",5,,,Cifras con contexto y simplificadas correctamente.,5,,,,"1, 2, 3, 4 o 5",,,
2657,lora_mistral,lora,"Adicionalmente, el canal móvil (celulares) es de alto potencial para utilizar pagos a través de mensajería de texto SMS permitiendo, desde cualquier lugar donde se tenga acceso al servicio inalámbrico, realizar pagos electrónicos.","Además, los celulares permiten realizar pagos electrónicos desde cualquier lugar con acceso al servicio inalámbrico.","Adicionalmente, el canal móvil es de alto potencial para utilizar pagos a través de mensajería de texto SMS. Esto permite realizar pagos electrónicos desde cualquier lugar donde se tenga acceso al servicio inalámbrico.","Conserva ideas centrales, datos clave y relaciones del original.",30,,,"Se entiende al primer vistazo, sin ambigüedades importantes.",25,,,"Suena natural, con buena gramática y cohesión.",15,,,"Tono cercano, educativo, neutral y apropiado para el público.",10,,,"Palabras comunes, oraciones cortas, sin tecnicismos innecesarios.",10,,,"Orden lógico, párrafos manejables, presentación clara.",5,,,Cifras con contexto y simplificadas correctamente.,5,,,,"1, 2, 3, 4 o 5",,,
2657,zero-shot_hariel_llama3_hariel_llama3_cfg_1_R0,prompting,"Adicionalmente, el canal móvil (celulares) es de alto potencial para utilizar pagos a través de mensajería de texto SMS permitiendo, desde cualquier lugar donde se tenga acceso al servicio inalámbrico, realizar pagos electrónicos.","Además, los celulares permiten realizar pagos electrónicos desde cualquier lugar con acceso al servicio inalámbrico.",Puedes pagar con tu móvil desde cualquier lugar con conexión a internet.,"Conserva ideas centrales, datos clave y relaciones del original.",30,,,"Se entiende al primer vistazo, sin ambigüedades importantes.",25,,,"Suena natural, con buena gramática y cohesión.",15,,,"Tono cercano, educativo, neutral y apropiado para el público.",10,,,"Palabras comunes, oraciones cortas, sin tecnicismos innecesarios.",10,,,"Orden lógico, párrafos manejables, presentación clara.",5,,,Cifras con contexto y simplificadas correctamente.,5,,,,"1, 2, 3, 4 o 5",,,
2657,zero-shot_nancy_mistral_nancy_mistral_cfg_2_R4,prompting,"Adicionalmente, el canal móvil (celulares) es de alto potencial para utilizar pagos a través de mensajería de texto SMS permitiendo, desde cualquier lugar donde se tenga acceso al servicio inalámbrico, realizar pagos electrónicos.","Además, los celulares permiten realizar pagos electrónicos desde cualquier lugar con acceso al servicio inalámbrico.","Además, los móviles celulares pueden usar pagos a través de SMS text messages, permitiendo realizar transacciones electrónicas desde cualquier lugar con acceso al servicio inalámbrico.

(Additionally, mobile phones can use payments through SMS text messages, allowing electronic transactions from any location with wireless service access.)","Conserva ideas centrales, datos clave y relaciones del original.",30,,,"Se entiende al primer vistazo, sin ambigüedades importantes.",25,,,"Suena natural, con buena gramática y cohesión.",15,,,"Tono cercano, educativo, neutral y apropiado para el público.",10,,,"Palabras comunes, oraciones cortas, sin tecnicismos innecesarios.",10,,,"Orden lógico, párrafos manejables, presentación clara.",5,,,Cifras con contexto y simplificadas correctamente.,5,,,,"1, 2, 3, 4 o 5",,,
2703,few-shot_hariel_llama3_llama3_cfg_3_R1,prompting,"Existen varias modalidades de cheques, como lo mencionan los mismos Alonso, Brailovsky y Ortiz (1999).","Según Alonso, Brailovsky y Ortiz (mil novecientos noventa y nueve) hay varias modalidades de cheques.","Existen diferentes tipos de cheques, según dicen Alonso, Brailovsky y Ortiz.","Conserva ideas centrales, datos clave y relaciones del original.",30,,,"Se entiende al primer vistazo, sin ambigüedades importantes.",25,,,"Suena natural, con buena gramática y cohesión.",15,,,"Tono cercano, educativo, neutral y apropiado para el público.",10,,,"Palabras comunes, oraciones cortas, sin tecnicismos innecesarios.",10,,,"Orden lógico, párrafos manejables, presentación clara.",5,,,Cifras con contexto y simplificadas correctamente.,5,,,,"1, 2, 3, 4 o 5",,,
2703,few-shot_nancy_llama3_llama3_cfg_2_R2,prompting,"Existen varias modalidades de cheques, como lo mencionan los mismos Alonso, Brailovsky y Ortiz (1999).","Según Alonso, Brailovsky y Ortiz (mil novecientos noventa y nueve) hay varias modalidades de cheques.","Existen varios tipos de cheques, según mencionan Alonso, Brailovsky y Ortiz.","Conserva ideas centrales, datos clave y relaciones del original.",30,,,"Se entiende al primer vistazo, sin ambigüedades importantes.",25,,,"Suena natural, con buena gramática y cohesión.",15,,,"Tono cercano, educativo, neutral y apropiado para el público.",10,,,"Palabras comunes, oraciones cortas, sin tecnicismos innecesarios.",10,,,"Orden lógico, párrafos manejables, presentación clara.",5,,,Cifras con contexto y simplificadas correctamente.,5,,,,"1, 2, 3, 4 o 5",,,
2703,lora_llama3,lora,"Existen varias modalidades de cheques, como lo mencionan los mismos Alonso, Brailovsky y Ortiz (1999).","Según Alonso, Brailovsky y Ortiz (mil novecientos noventa y nueve) hay varias modalidades de cheques.",Existen varias modalidades de cheques.,"Conserva ideas centrales, datos clave y relaciones del original.",30,,,"Se entiende al primer vistazo, sin ambigüedades importantes.",25,,,"Suena natural, con buena gramática y cohesión.",15,,,"Tono cercano, educativo, neutral y apropiado para el público.",10,,,"Palabras comunes, oraciones cortas, sin tecnicismos innecesarios.",10,,,"Orden lógico, párrafos manejables, presentación clara.",5,,,Cifras con contexto y simplificadas correctamente.,5,,,,"1, 2, 3, 4 o 5",,,
2703,lora_mistral,lora,"Existen varias modalidades de cheques, como lo mencionan los mismos Alonso, Brailovsky y Ortiz (1999).","Según Alonso, Brailovsky y Ortiz (mil novecientos noventa y nueve) hay varias modalidades de cheques.","Existen varias modalidades de cheques, como mencionan Alonso, Brailovsky y Ortiz.","Conserva ideas centrales, datos clave y relaciones del original.",30,,,"Se entiende al primer vistazo, sin ambigüedades importantes.",25,,,"Suena natural, con buena gramática y cohesión.",15,,,"Tono cercano, educativo, neutral y apropiado para el público.",10,,,"Palabras comunes, oraciones cortas, sin tecnicismos innecesarios.",10,,,"Orden lógico, párrafos manejables, presentación clara.",5,,,Cifras con contexto y simplificadas correctamente.,5,,,,"1, 2, 3, 4 o 5",,,
2703,zero-shot_hariel_llama3_hariel_llama3_cfg_1_R0,prompting,"Existen varias modalidades de cheques, como lo mencionan los mismos Alonso, Brailovsky y Ortiz (1999).","Según Alonso, Brailovsky y Ortiz (mil novecientos noventa y nueve) hay varias modalidades de cheques.",Existen diferentes tipos de cheques.,"Conserva ideas centrales, datos clave y relaciones del original.",30,,,"Se entiende al primer vistazo, sin ambigüedades importantes.",25,,,"Suena natural, con buena gramática y cohesión.",15,,,"Tono cercano, educativo, neutral y apropiado para el público.",10,,,"Palabras comunes, oraciones cortas, sin tecnicismos innecesarios.",10,,,"Orden lógico, párrafos manejables, presentación clara.",5,,,Cifras con contexto y simplificadas correctamente.,5,,,,"1, 2, 3, 4 o 5",,,
2703,zero-shot_nancy_mistral_nancy_mistral_cfg_2_R4,prompting,"Existen varias modalidades de cheques, como lo mencionan los mismos Alonso, Brailovsky y Ortiz (1999).","Según Alonso, Brailovsky y Ortiz (mil novecientos noventa y nueve) hay varias modalidades de cheques.","Hay diferentes tipos de cheques según lo indicado por Alonso, Brailovsky y Ortiz en 1999.","Conserva ideas centrales, datos clave y relaciones del original.",30,,,"Se entiende al primer vistazo, sin ambigüedades importantes.",25,,,"Suena natural, con buena gramática y cohesión.",15,,,"Tono cercano, educativo, neutral y apropiado para el público.",10,,,"Palabras comunes, oraciones cortas, sin tecnicismos innecesarios.",10,,,"Orden lógico, párrafos manejables, presentación clara.",5,,,Cifras con contexto y simplificadas correctamente.,5,,,,"1, 2, 3, 4 o 5",,,
2732,few-shot_hariel_llama3_llama3_cfg_3_R1,prompting,"La mayor ventaja es la flexibilidad que le da al usuario, quien puede pagar sus saldos por completo cada mes o puede pagar en parte.",La mayor ventaja es la flexibilidad para el usuario. Quien puede pagar sus saldos completos o en parte mensualmente.,"La principal ventaja es que el usuario tiene libertad para elegir cómo paga sus deudas, ya sea pagando todo a la vez o haciendo pagos parciales.","Conserva ideas centrales, datos clave y relaciones del original.",30,,,"Se entiende al primer vistazo, sin ambigüedades importantes.",25,,,"Suena natural, con buena gramática y cohesión.",15,,,"Tono cercano, educativo, neutral y apropiado para el público.",10,,,"Palabras comunes, oraciones cortas, sin tecnicismos innecesarios.",10,,,"Orden lógico, párrafos manejables, presentación clara.",5,,,Cifras con contexto y simplificadas correctamente.,5,,,,"1, 2, 3, 4 o 5",,,
2732,few-shot_nancy_llama3_llama3_cfg_2_R2,prompting,"La mayor ventaja es la flexibilidad que le da al usuario, quien puede pagar sus saldos por completo cada mes o puede pagar en parte.",La mayor ventaja es la flexibilidad para el usuario. Quien puede pagar sus saldos completos o en parte mensualmente.,La mayor ventaja es que el usuario puede elegir cómo paga sus deudas: puede pagar todo cada mes o solo una parte.,"Conserva ideas centrales, datos clave y relaciones del original.",30,,,"Se entiende al primer vistazo, sin ambigüedades importantes.",25,,,"Suena natural, con buena gramática y cohesión.",15,,,"Tono cercano, educativo, neutral y apropiado para el público.",10,,,"Palabras comunes, oraciones cortas, sin tecnicismos innecesarios.",10,,,"Orden lógico, párrafos manejables, presentación clara.",5,,,Cifras con contexto y simplificadas correctamente.,5,,,,"1, 2, 3, 4 o 5",,,
2732,lora_llama3,lora,"La mayor ventaja es la flexibilidad que le da al usuario, quien puede pagar sus saldos por completo cada mes o puede pagar en parte.",La mayor ventaja es la flexibilidad para el usuario. Quien puede pagar sus saldos completos o en parte mensualmente.,La mayor ventaja es la flexibilidad que le da al usuario. Quien puede pagar sus saldos por completo cada mes o pagar en parte.,"Conserva ideas centrales, datos clave y relaciones del original.",30,,,"Se entiende al primer vistazo, sin ambigüedades importantes.",25,,,"Suena natural, con buena gramática y cohesión.",15,,,"Tono cercano, educativo, neutral y apropiado para el público.",10,,,"Palabras comunes, oraciones cortas, sin tecnicismos innecesarios.",10,,,"Orden lógico, párrafos manejables, presentación clara.",5,,,Cifras con contexto y simplificadas correctamente.,5,,,,"1, 2, 3, 4 o 5",,,
2732,lora_mistral,lora,"La mayor ventaja es la flexibilidad que le da al usuario, quien puede pagar sus saldos por completo cada mes o puede pagar en parte.",La mayor ventaja es la flexibilidad para el usuario. Quien puede pagar sus saldos completos o en parte mensualmente.,"La mayor ventaja es la flexibilidad que le da al usuario, quien puede pagar sus saldos por completo cada mes o puede pagar en parte.","Conserva ideas centrales, datos clave y relaciones del original.",30,,,"Se entiende al primer vistazo, sin ambigüedades importantes.",25,,,"Suena natural, con buena gramática y cohesión.",15,,,"Tono cercano, educativo, neutral y apropiado para el público.",10,,,"Palabras comunes, oraciones cortas, sin tecnicismos innecesarios.",10,,,"Orden lógico, párrafos manejables, presentación clara.",5,,,Cifras con contexto y simplificadas correctamente.,5,,,,"1, 2, 3, 4 o 5",,,
2732,zero-shot_hariel_llama3_hariel_llama3_cfg_1_R0,prompting,"La mayor ventaja es la flexibilidad que le da al usuario, quien puede pagar sus saldos por completo cada mes o puede pagar en parte.",La mayor ventaja es la flexibilidad para el usuario. Quien puede pagar sus saldos completos o en parte mensualmente.,Puedes pagar tus saldos completamente cada mes o pagarlos parcialmente.,"Conserva ideas centrales, datos clave y relaciones del original.",30,,,"Se entiende al primer vistazo, sin ambigüedades importantes.",25,,,"Suena natural, con buena gramática y cohesión.",15,,,"Tono cercano, educativo, neutral y apropiado para el público.",10,,,"Palabras comunes, oraciones cortas, sin tecnicismos innecesarios.",10,,,"Orden lógico, párrafos manejables, presentación clara.",5,,,Cifras con contexto y simplificadas correctamente.,5,,,,"1, 2, 3, 4 o 5",,,
2732,zero-shot_nancy_mistral_nancy_mistral_cfg_2_R4,prompting,"La mayor ventaja es la flexibilidad que le da al usuario, quien puede pagar sus saldos por completo cada mes o puede pagar en parte.",La mayor ventaja es la flexibilidad para el usuario. Quien puede pagar sus saldos completos o en parte mensualmente.,El usuario puede pagar todo en un solo pago cada mes o hacer parciales. (The user can pay in full every month or make partial payments.),"Conserva ideas centrales, datos clave y relaciones del original.",30,,,"Se entiende al primer vistazo, sin ambigüedades importantes.",25,,,"Suena natural, con buena gramática y cohesión.",15,,,"Tono cercano, educativo, neutral y apropiado para el público.",10,,,"Palabras comunes, oraciones cortas, sin tecnicismos innecesarios.",10,,,"Orden lógico, párrafos manejables, presentación clara.",5,,,Cifras con contexto y simplificadas correctamente.,5,,,,"1, 2, 3, 4 o 5",,,
2947,few-shot_hariel_llama3_llama3_cfg_3_R1,prompting,"El dinero que inviertes inicialmente se denomina ""capital"".",El capital es el dinero invertido inicialmente.,El capital es el dinero que inviertes al principio.,"Conserva ideas centrales, datos clave y relaciones del original.",30,,,"Se entiende al primer vistazo, sin ambigüedades importantes.",25,,,"Suena natural, con buena gramática y cohesión.",15,,,"Tono cercano, educativo, neutral y apropiado para el público.",10,,,"Palabras comunes, oraciones cortas, sin tecnicismos innecesarios.",10,,,"Orden lógico, párrafos manejables, presentación clara.",5,,,Cifras con contexto y simplificadas correctamente.,5,,,,"1, 2, 3, 4 o 5",,,
2947,few-shot_nancy_llama3_llama3_cfg_2_R2,prompting,"El dinero que inviertes inicialmente se denomina ""capital"".",El capital es el dinero invertido inicialmente.,El capital es el dinero que inviertes al principio.,"Conserva ideas centrales, datos clave y relaciones del original.",30,,,"Se entiende al primer vistazo, sin ambigüedades importantes.",25,,,"Suena natural, con buena gramática y cohesión.",15,,,"Tono cercano, educativo, neutral y apropiado para el público.",10,,,"Palabras comunes, oraciones cortas, sin tecnicismos innecesarios.",10,,,"Orden lógico, párrafos manejables, presentación clara.",5,,,Cifras con contexto y simplificadas correctamente.,5,,,,"1, 2, 3, 4 o 5",,,
2947,lora_llama3,lora,"El dinero que inviertes inicialmente se denomina ""capital"".",El capital es el dinero invertido inicialmente.,El dinero inicialmente invertido se llama capital.,"Conserva ideas centrales, datos clave y relaciones del original.",30,,,"Se entiende al primer vistazo, sin ambigüedades importantes.",25,,,"Suena natural, con buena gramática y cohesión.",15,,,"Tono cercano, educativo, neutral y apropiado para el público.",10,,,"Palabras comunes, oraciones cortas, sin tecnicismos innecesarios.",10,,,"Orden lógico, párrafos manejables, presentación clara.",5,,,Cifras con contexto y simplificadas correctamente.,5,,,,"1, 2, 3, 4 o 5",,,
2947,lora_mistral,lora,"El dinero que inviertes inicialmente se denomina ""capital"".",El capital es el dinero invertido inicialmente.,"El dinero que inviertes inicialmente se llama ""capital"".","Conserva ideas centrales, datos clave y relaciones del original.",30,,,"Se entiende al primer vistazo, sin ambigüedades importantes.",25,,,"Suena natural, con buena gramática y cohesión.",15,,,"Tono cercano, educativo, neutral y apropiado para el público.",10,,,"Palabras comunes, oraciones cortas, sin tecnicismos innecesarios.",10,,,"Orden lógico, párrafos manejables, presentación clara.",5,,,Cifras con contexto y simplificadas correctamente.,5,,,,"1, 2, 3, 4 o 5",,,
2947,zero-shot_hariel_llama3_hariel_llama3_cfg_1_R0,prompting,"El dinero que inviertes inicialmente se denomina ""capital"".",El capital es el dinero invertido inicialmente.,"El dinero que pones al principio se llama ""capital"".","Conserva ideas centrales, datos clave y relaciones del original.",30,,,"Se entiende al primer vistazo, sin ambigüedades importantes.",25,,,"Suena natural, con buena gramática y cohesión.",15,,,"Tono cercano, educativo, neutral y apropiado para el público.",10,,,"Palabras comunes, oraciones cortas, sin tecnicismos innecesarios.",10,,,"Orden lógico, párrafos manejables, presentación clara.",5,,,Cifras con contexto y simplificadas correctamente.,5,,,,"1, 2, 3, 4 o 5",,,
2947,zero-shot_nancy_mistral_nancy_mistral_cfg_2_R4,prompting,"El dinero que inviertes inicialmente se denomina ""capital"".",El capital es el dinero invertido inicialmente.,"El dinero que inicialmente inviertes se llama ""capital"". (La parte de tu dinero inicial que inviertes se llamará ""capital"").","Conserva ideas centrales, datos clave y relaciones del original.",30,,,"Se entiende al primer vistazo, sin ambigüedades importantes.",25,,,"Suena natural, con buena gramática y cohesión.",15,,,"Tono cercano, educativo, neutral y apropiado para el público.",10,,,"Palabras comunes, oraciones cortas, sin tecnicismos innecesarios.",10,,,"Orden lógico, párrafos manejables, presentación clara.",5,,,Cifras con contexto y simplificadas correctamente.,5,,,,"1, 2, 3, 4 o 5",,,
3320,few-shot_hariel_llama3_llama3_cfg_3_R1,prompting,"Existen modelos cuantitativos que permiten determinar de manera técnica el valor de la tasa de descuento como el CAPM1 y el WACC2 (Bell, 2016), los cuales no se incluyen en el presente documento; no obstante, la determinación subjetiva de la tasa de descuento exigida por el accionista puede utilizarse ante la falta de información de los mencionados modelos.","Hay modelos cuantitativos para determinar técnicamente el valor de la tasa de descuento, pero no se incluyen en este documento. Sin embargo, la determinación subjetiva de la tasa de descuento exigida por el accionista se puede utilizar ante la falta de información de esos modelos.","La determinación del valor de la tasa de descuento es técnicamente posible mediante modelos como CAPM y WACC, pero no se incluyen en este documento. En su lugar, se puede utilizar una estimación subjetiva de la tasa de descuento que un accionista podría requerir si no hay información disponible sobre los mencionados modelos.","Conserva ideas centrales, datos clave y relaciones del original.",30,,,"Se entiende al primer vistazo, sin ambigüedades importantes.",25,,,"Suena natural, con buena gramática y cohesión.",15,,,"Tono cercano, educativo, neutral y apropiado para el público.",10,,,"Palabras comunes, oraciones cortas, sin tecnicismos innecesarios.",10,,,"Orden lógico, párrafos manejables, presentación clara.",5,,,Cifras con contexto y simplificadas correctamente.,5,,,,"1, 2, 3, 4 o 5",,,
3320,few-shot_nancy_llama3_llama3_cfg_2_R2,prompting,"Existen modelos cuantitativos que permiten determinar de manera técnica el valor de la tasa de descuento como el CAPM1 y el WACC2 (Bell, 2016), los cuales no se incluyen en el presente documento; no obstante, la determinación subjetiva de la tasa de descuento exigida por el accionista puede utilizarse ante la falta de información de los mencionados modelos.","Hay modelos cuantitativos para determinar técnicamente el valor de la tasa de descuento, pero no se incluyen en este documento. Sin embargo, la determinación subjetiva de la tasa de descuento exigida por el accionista se puede utilizar ante la falta de información de esos modelos.","Hay modelos matemáticos que permiten calcular el valor de la tasa de descuento, como CAPM y WACC. Sin embargo, si no hay información sobre estos modelos, se puede utilizar una estimación subjetiva para determinar la tasa de descuento que los accionistas esperan.","Conserva ideas centrales, datos clave y relaciones del original.",30,,,"Se entiende al primer vistazo, sin ambigüedades importantes.",25,,,"Suena natural, con buena gramática y cohesión.",15,,,"Tono cercano, educativo, neutral y apropiado para el público.",10,,,"Palabras comunes, oraciones cortas, sin tecnicismos innecesarios.",10,,,"Orden lógico, párrafos manejables, presentación clara.",5,,,Cifras con contexto y simplificadas correctamente.,5,,,,"1, 2, 3, 4 o 5",,,
3320,lora_llama3,lora,"Existen modelos cuantitativos que permiten determinar de manera técnica el valor de la tasa de descuento como el CAPM1 y el WACC2 (Bell, 2016), los cuales no se incluyen en el presente documento; no obstante, la determinación subjetiva de la tasa de descuento exigida por el accionista puede utilizarse ante la falta de información de los mencionados modelos.","Hay modelos cuantitativos para determinar técnicamente el valor de la tasa de descuento, pero no se incluyen en este documento. Sin embargo, la determinación subjetiva de la tasa de descuento exigida por el accionista se puede utilizar ante la falta de información de esos modelos.","Existen modelos cuantitativos que permiten determinar de manera técnica el valor de la tasa de descuento. Sin embargo, la determinación subjetiva de la tasa de descuento exigida por el accionista puede utilizarse ante la falta de información de los mencionados modelos.","Conserva ideas centrales, datos clave y relaciones del original.",30,,,"Se entiende al primer vistazo, sin ambigüedades importantes.",25,,,"Suena natural, con buena gramática y cohesión.",15,,,"Tono cercano, educativo, neutral y apropiado para el público.",10,,,"Palabras comunes, oraciones cortas, sin tecnicismos innecesarios.",10,,,"Orden lógico, párrafos manejables, presentación clara.",5,,,Cifras con contexto y simplificadas correctamente.,5,,,,"1, 2, 3, 4 o 5",,,
3320,lora_mistral,lora,"Existen modelos cuantitativos que permiten determinar de manera técnica el valor de la tasa de descuento como el CAPM1 y el WACC2 (Bell, 2016), los cuales no se incluyen en el presente documento; no obstante, la determinación subjetiva de la tasa de descuento exigida por el accionista puede utilizarse ante la falta de información de los mencionados modelos.","Hay modelos cuantitativos para determinar técnicamente el valor de la tasa de descuento, pero no se incluyen en este documento. Sin embargo, la determinación subjetiva de la tasa de descuento exigida por el accionista se puede utilizar ante la falta de información de esos modelos.","Existen modelos cuantitativos para determinar la tasa de descuento. Pero no se incluyen en este documento. Por eso, la tasa de descuento exigida por el accionista puede ser determinada subjetivamente.","Conserva ideas centrales, datos clave y relaciones del original.",30,,,"Se entiende al primer vistazo, sin ambigüedades importantes.",25,,,"Suena natural, con buena gramática y cohesión.",15,,,"Tono cercano, educativo, neutral y apropiado para el público.",10,,,"Palabras comunes, oraciones cortas, sin tecnicismos innecesarios.",10,,,"Orden lógico, párrafos manejables, presentación clara.",5,,,Cifras con contexto y simplificadas correctamente.,5,,,,"1, 2, 3, 4 o 5",,,
3320,zero-shot_hariel_llama3_hariel_llama3_cfg_1_R0,prompting,"Existen modelos cuantitativos que permiten determinar de manera técnica el valor de la tasa de descuento como el CAPM1 y el WACC2 (Bell, 2016), los cuales no se incluyen en el presente documento; no obstante, la determinación subjetiva de la tasa de descuento exigida por el accionista puede utilizarse ante la falta de información de los mencionados modelos.","Hay modelos cuantitativos para determinar técnicamente el valor de la tasa de descuento, pero no se incluyen en este documento. Sin embargo, la determinación subjetiva de la tasa de descuento exigida por el accionista se puede utilizar ante la falta de información de esos modelos.","Existen métodos que permiten calcular el valor de la tasa de descuento, como CAPM y WACC. Sin embargo, si no se tienen esos datos, se puede utilizar una estimación subjetiva de la tasa de descuento que los accionistas requieren.","Conserva ideas centrales, datos clave y relaciones del original.",30,,,"Se entiende al primer vistazo, sin ambigüedades importantes.",25,,,"Suena natural, con buena gramática y cohesión.",15,,,"Tono cercano, educativo, neutral y apropiado para el público.",10,,,"Palabras comunes, oraciones cortas, sin tecnicismos innecesarios.",10,,,"Orden lógico, párrafos manejables, presentación clara.",5,,,Cifras con contexto y simplificadas correctamente.,5,,,,"1, 2, 3, 4 o 5",,,
3320,zero-shot_nancy_mistral_nancy_mistral_cfg_2_R4,prompting,"Existen modelos cuantitativos que permiten determinar de manera técnica el valor de la tasa de descuento como el CAPM1 y el WACC2 (Bell, 2016), los cuales no se incluyen en el presente documento; no obstante, la determinación subjetiva de la tasa de descuento exigida por el accionista puede utilizarse ante la falta de información de los mencionados modelos.","Hay modelos cuantitativos para determinar técnicamente el valor de la tasa de descuento, pero no se incluyen en este documento. Sin embargo, la determinación subjetiva de la tasa de descuento exigida por el accionista se puede utilizar ante la falta de información de esos modelos.","Hay modelos que calculan la tasa de descuento técnicamente, como CAPM y WACC (Bell, 2016), pero no están aquí en este documento. Sin embargo, se puede determinar subjectivamente la tasa de descuento deseada por el accionista cuando no hay información de esos modelos.

Simplified version:
Some models, like CAPM and WACC (Bell, 2016), can technically determine the discount rate. However, an investor's subjective determination of the required discount rate can be used when there is no information from those models.","Conserva ideas centrales, datos clave y relaciones del original.",30,,,"Se entiende al primer vistazo, sin ambigüedades importantes.",25,,,"Suena natural, con buena gramática y cohesión.",15,,,"Tono cercano, educativo, neutral y apropiado para el público.",10,,,"Palabras comunes, oraciones cortas, sin tecnicismos innecesarios.",10,,,"Orden lógico, párrafos manejables, presentación clara.",5,,,Cifras con contexto y simplificadas correctamente.,5,,,,"1, 2, 3, 4 o 5",,,
3396,few-shot_hariel_llama3_llama3_cfg_3_R1,prompting,"Particularmente, se observa que el escenario 3 es el único que presenta una situación que no sea rentable.",El escenario tres es el único que presenta una situación no rentable.,Este escenario no es rentable.,"Conserva ideas centrales, datos clave y relaciones del original.",30,,,"Se entiende al primer vistazo, sin ambigüedades importantes.",25,,,"Suena natural, con buena gramática y cohesión.",15,,,"Tono cercano, educativo, neutral y apropiado para el público.",10,,,"Palabras comunes, oraciones cortas, sin tecnicismos innecesarios.",10,,,"Orden lógico, párrafos manejables, presentación clara.",5,,,Cifras con contexto y simplificadas correctamente.,5,,,,"1, 2, 3, 4 o 5",,,
3396,few-shot_nancy_llama3_llama3_cfg_2_R2,prompting,"Particularmente, se observa que el escenario 3 es el único que presenta una situación que no sea rentable.",El escenario tres es el único que presenta una situación no rentable.,La situación número tres no es rentable.,"Conserva ideas centrales, datos clave y relaciones del original.",30,,,"Se entiende al primer vistazo, sin ambigüedades importantes.",25,,,"Suena natural, con buena gramática y cohesión.",15,,,"Tono cercano, educativo, neutral y apropiado para el público.",10,,,"Palabras comunes, oraciones cortas, sin tecnicismos innecesarios.",10,,,"Orden lógico, párrafos manejables, presentación clara.",5,,,Cifras con contexto y simplificadas correctamente.,5,,,,"1, 2, 3, 4 o 5",,,
3396,lora_llama3,lora,"Particularmente, se observa que el escenario 3 es el único que presenta una situación que no sea rentable.",El escenario tres es el único que presenta una situación no rentable.,"Particularmente, el escenario tres es el único que presenta una situación no rentable.","Conserva ideas centrales, datos clave y relaciones del original.",30,,,"Se entiende al primer vistazo, sin ambigüedades importantes.",25,,,"Suena natural, con buena gramática y cohesión.",15,,,"Tono cercano, educativo, neutral y apropiado para el público.",10,,,"Palabras comunes, oraciones cortas, sin tecnicismos innecesarios.",10,,,"Orden lógico, párrafos manejables, presentación clara.",5,,,Cifras con contexto y simplificadas correctamente.,5,,,,"1, 2, 3, 4 o 5",,,
3396,lora_mistral,lora,"Particularmente, se observa que el escenario 3 es el único que presenta una situación que no sea rentable.",El escenario tres es el único que presenta una situación no rentable.,"Particularmente, el escenario tres es el único que presenta una situación no rentable.","Conserva ideas centrales, datos clave y relaciones del original.",30,,,"Se entiende al primer vistazo, sin ambigüedades importantes.",25,,,"Suena natural, con buena gramática y cohesión.",15,,,"Tono cercano, educativo, neutral y apropiado para el público.",10,,,"Palabras comunes, oraciones cortas, sin tecnicismos innecesarios.",10,,,"Orden lógico, párrafos manejables, presentación clara.",5,,,Cifras con contexto y simplificadas correctamente.,5,,,,"1, 2, 3, 4 o 5",,,
3396,zero-shot_hariel_llama3_hariel_llama3_cfg_1_R0,prompting,"Particularmente, se observa que el escenario 3 es el único que presenta una situación que no sea rentable.",El escenario tres es el único que presenta una situación no rentable.,El escenario 3 es el único que no es rentable.,"Conserva ideas centrales, datos clave y relaciones del original.",30,,,"Se entiende al primer vistazo, sin ambigüedades importantes.",25,,,"Suena natural, con buena gramática y cohesión.",15,,,"Tono cercano, educativo, neutral y apropiado para el público.",10,,,"Palabras comunes, oraciones cortas, sin tecnicismos innecesarios.",10,,,"Orden lógico, párrafos manejables, presentación clara.",5,,,Cifras con contexto y simplificadas correctamente.,5,,,,"1, 2, 3, 4 o 5",,,
3396,zero-shot_nancy_mistral_nancy_mistral_cfg_2_R4,prompting,"Particularmente, se observa que el escenario 3 es el único que presenta una situación que no sea rentable.",El escenario tres es el único que presenta una situación no rentable.,Solo el escenario tres no es rentable.,"Conserva ideas centrales, datos clave y relaciones del original.",30,,,"Se entiende al primer vistazo, sin ambigüedades importantes.",25,,,"Suena natural, con buena gramática y cohesión.",15,,,"Tono cercano, educativo, neutral y apropiado para el público.",10,,,"Palabras comunes, oraciones cortas, sin tecnicismos innecesarios.",10,,,"Orden lógico, párrafos manejables, presentación clara.",5,,,Cifras con contexto y simplificadas correctamente.,5,,,,"1, 2, 3, 4 o 5",,,
3404,few-shot_hariel_llama3_llama3_cfg_3_R1,prompting,"Obtenga el rendimiento de un bono de $10,000 que paga el 6.",Saque el rendimiento de un bono de diez mil dólares que paga el seis.,"El rendimiento anual de un bono de $10,000 que paga el 6% es de $600.","Conserva ideas centrales, datos clave y relaciones del original.",30,,,"Se entiende al primer vistazo, sin ambigüedades importantes.",25,,,"Suena natural, con buena gramática y cohesión.",15,,,"Tono cercano, educativo, neutral y apropiado para el público.",10,,,"Palabras comunes, oraciones cortas, sin tecnicismos innecesarios.",10,,,"Orden lógico, párrafos manejables, presentación clara.",5,,,Cifras con contexto y simplificadas correctamente.,5,,,,"1, 2, 3, 4 o 5",,,
3404,few-shot_nancy_llama3_llama3_cfg_2_R2,prompting,"Obtenga el rendimiento de un bono de $10,000 que paga el 6.",Saque el rendimiento de un bono de diez mil dólares que paga el seis.,"El rendimiento anual de un bono de $10,000 que paga el 6% es de $600.","Conserva ideas centrales, datos clave y relaciones del original.",30,,,"Se entiende al primer vistazo, sin ambigüedades importantes.",25,,,"Suena natural, con buena gramática y cohesión.",15,,,"Tono cercano, educativo, neutral y apropiado para el público.",10,,,"Palabras comunes, oraciones cortas, sin tecnicismos innecesarios.",10,,,"Orden lógico, párrafos manejables, presentación clara.",5,,,Cifras con contexto y simplificadas correctamente.,5,,,,"1, 2, 3, 4 o 5",,,
3404,lora_llama3,lora,"Obtenga el rendimiento de un bono de $10,000 que paga el 6.",Saque el rendimiento de un bono de diez mil dólares que paga el seis.,Obtenga el rendimiento de un bono de diez mil dólares que paga el seis.,"Conserva ideas centrales, datos clave y relaciones del original.",30,,,"Se entiende al primer vistazo, sin ambigüedades importantes.",25,,,"Suena natural, con buena gramática y cohesión.",15,,,"Tono cercano, educativo, neutral y apropiado para el público.",10,,,"Palabras comunes, oraciones cortas, sin tecnicismos innecesarios.",10,,,"Orden lógico, párrafos manejables, presentación clara.",5,,,Cifras con contexto y simplificadas correctamente.,5,,,,"1, 2, 3, 4 o 5",,,
3404,lora_mistral,lora,"Obtenga el rendimiento de un bono de $10,000 que paga el 6.",Saque el rendimiento de un bono de diez mil dólares que paga el seis.,Obtenga el rendimiento de un bono de diez mil dólares que paga el seis por ciento.,"Conserva ideas centrales, datos clave y relaciones del original.",30,,,"Se entiende al primer vistazo, sin ambigüedades importantes.",25,,,"Suena natural, con buena gramática y cohesión.",15,,,"Tono cercano, educativo, neutral y apropiado para el público.",10,,,"Palabras comunes, oraciones cortas, sin tecnicismos innecesarios.",10,,,"Orden lógico, párrafos manejables, presentación clara.",5,,,Cifras con contexto y simplificadas correctamente.,5,,,,"1, 2, 3, 4 o 5",,,
3404,zero-shot_hariel_llama3_hariel_llama3_cfg_1_R0,prompting,"Obtenga el rendimiento de un bono de $10,000 que paga el 6.",Saque el rendimiento de un bono de diez mil dólares que paga el seis.,"Recibe $600 al año por un inversion de $10,000.","Conserva ideas centrales, datos clave y relaciones del original.",30,,,"Se entiende al primer vistazo, sin ambigüedades importantes.",25,,,"Suena natural, con buena gramática y cohesión.",15,,,"Tono cercano, educativo, neutral y apropiado para el público.",10,,,"Palabras comunes, oraciones cortas, sin tecnicismos innecesarios.",10,,,"Orden lógico, párrafos manejables, presentación clara.",5,,,Cifras con contexto y simplificadas correctamente.,5,,,,"1, 2, 3, 4 o 5",,,
3404,zero-shot_nancy_mistral_nancy_mistral_cfg_2_R4,prompting,"Obtenga el rendimiento de un bono de $10,000 que paga el 6.",Saque el rendimiento de un bono de diez mil dólares que paga el seis.,"Gana el rendimiento de un bonos por diez mil dólares que pagan el 6%.

(","Conserva ideas centrales, datos clave y relaciones del original.",30,,,"Se entiende al primer vistazo, sin ambigüedades importantes.",25,,,"Suena natural, con buena gramática y cohesión.",15,,,"Tono cercano, educativo, neutral y apropiado para el público.",10,,,"Palabras comunes, oraciones cortas, sin tecnicismos innecesarios.",10,,,"Orden lógico, párrafos manejables, presentación clara.",5,,,Cifras con contexto y simplificadas correctamente.,5,,,,"1, 2, 3, 4 o 5",,,
3570,few-shot_hariel_llama3_llama3_cfg_3_R1,prompting,"De partida, el tema concierne a todos los individuos y durante toda la vida, pues las finanzas explican la procedencia y uso de los ingresos y recursos que se disponen para satisfacer las necesidades particulares de todas y todos.",El tema interesa a todas las personas. Porque las finanzas explican el origen y uso de los ingresos disponibles para satisfacer las necesidades de todos.,Las finanzas son importantes en nuestra vida porque nos ayudan a entender cómo gastamos nuestros ingresos y recursos para satisfacer nuestras necesidades personales.,"Conserva ideas centrales, datos clave y relaciones del original.",30,,,"Se entiende al primer vistazo, sin ambigüedades importantes.",25,,,"Suena natural, con buena gramática y cohesión.",15,,,"Tono cercano, educativo, neutral y apropiado para el público.",10,,,"Palabras comunes, oraciones cortas, sin tecnicismos innecesarios.",10,,,"Orden lógico, párrafos manejables, presentación clara.",5,,,Cifras con contexto y simplificadas correctamente.,5,,,,"1, 2, 3, 4 o 5",,,
3570,few-shot_nancy_llama3_llama3_cfg_2_R2,prompting,"De partida, el tema concierne a todos los individuos y durante toda la vida, pues las finanzas explican la procedencia y uso de los ingresos y recursos que se disponen para satisfacer las necesidades particulares de todas y todos.",El tema interesa a todas las personas. Porque las finanzas explican el origen y uso de los ingresos disponibles para satisfacer las necesidades de todos.,Las finanzas son importantes para todos en diferentes etapas de la vida. Se refiere a cómo se gasta el dinero y se obtienen los recursos para cubrir nuestras necesidades personales.,"Conserva ideas centrales, datos clave y relaciones del original.",30,,,"Se entiende al primer vistazo, sin ambigüedades importantes.",25,,,"Suena natural, con buena gramática y cohesión.",15,,,"Tono cercano, educativo, neutral y apropiado para el público.",10,,,"Palabras comunes, oraciones cortas, sin tecnicismos innecesarios.",10,,,"Orden lógico, párrafos manejables, presentación clara.",5,,,Cifras con contexto y simplificadas correctamente.,5,,,,"1, 2, 3, 4 o 5",,,
3570,lora_llama3,lora,"De partida, el tema concierne a todos los individuos y durante toda la vida, pues las finanzas explican la procedencia y uso de los ingresos y recursos que se disponen para satisfacer las necesidades particulares de todas y todos.",El tema interesa a todas las personas. Porque las finanzas explican el origen y uso de los ingresos disponibles para satisfacer las necesidades de todos.,El tema de las finanzas concierne a todos los individuos y durante toda la vida. Las finanzas explican la procedencia y uso de los ingresos y recursos para satisfacer las necesidades particulares de todas y todos.,"Conserva ideas centrales, datos clave y relaciones del original.",30,,,"Se entiende al primer vistazo, sin ambigüedades importantes.",25,,,"Suena natural, con buena gramática y cohesión.",15,,,"Tono cercano, educativo, neutral y apropiado para el público.",10,,,"Palabras comunes, oraciones cortas, sin tecnicismos innecesarios.",10,,,"Orden lógico, párrafos manejables, presentación clara.",5,,,Cifras con contexto y simplificadas correctamente.,5,,,,"1, 2, 3, 4 o 5",,,
3570,lora_mistral,lora,"De partida, el tema concierne a todos los individuos y durante toda la vida, pues las finanzas explican la procedencia y uso de los ingresos y recursos que se disponen para satisfacer las necesidades particulares de todas y todos.",El tema interesa a todas las personas. Porque las finanzas explican el origen y uso de los ingresos disponibles para satisfacer las necesidades de todos.,"El tema concierne a todos los individuos y durante toda la vida, pues las finanzas explican la procedencia y uso de los ingresos y recursos que se disponen para satisfacer las necesidades particulares de todas y todos.","Conserva ideas centrales, datos clave y relaciones del original.",30,,,"Se entiende al primer vistazo, sin ambigüedades importantes.",25,,,"Suena natural, con buena gramática y cohesión.",15,,,"Tono cercano, educativo, neutral y apropiado para el público.",10,,,"Palabras comunes, oraciones cortas, sin tecnicismos innecesarios.",10,,,"Orden lógico, párrafos manejables, presentación clara.",5,,,Cifras con contexto y simplificadas correctamente.,5,,,,"1, 2, 3, 4 o 5",,,
3570,zero-shot_hariel_llama3_hariel_llama3_cfg_1_R0,prompting,"De partida, el tema concierne a todos los individuos y durante toda la vida, pues las finanzas explican la procedencia y uso de los ingresos y recursos que se disponen para satisfacer las necesidades particulares de todas y todos.",El tema interesa a todas las personas. Porque las finanzas explican el origen y uso de los ingresos disponibles para satisfacer las necesidades de todos.,"Las finanzas son importantes para todos desde el principio de la vida, porque nos ayudan a entender cómo ganamos y gastamos dinero para satisfacer nuestras necesidades personales.","Conserva ideas centrales, datos clave y relaciones del original.",30,,,"Se entiende al primer vistazo, sin ambigüedades importantes.",25,,,"Suena natural, con buena gramática y cohesión.",15,,,"Tono cercano, educativo, neutral y apropiado para el público.",10,,,"Palabras comunes, oraciones cortas, sin tecnicismos innecesarios.",10,,,"Orden lógico, párrafos manejables, presentación clara.",5,,,Cifras con contexto y simplificadas correctamente.,5,,,,"1, 2, 3, 4 o 5",,,
3570,zero-shot_nancy_mistral_nancy_mistral_cfg_2_R4,prompting,"De partida, el tema concierne a todos los individuos y durante toda la vida, pues las finanzas explican la procedencia y uso de los ingresos y recursos que se disponen para satisfacer las necesidades particulares de todas y todos.",El tema interesa a todas las personas. Porque las finanzas explican el origen y uso de los ingresos disponibles para satisfacer las necesidades de todos.,"El tema de las financias afecta a todos por toda la vida, ya que explica donde vienen y cómo se usan los ingresos y recursos para cumplir con nuestras necesidades personales.","Conserva ideas centrales, datos clave y relaciones del original.",30,,,"Se entiende al primer vistazo, sin ambigüedades importantes.",25,,,"Suena natural, con buena gramática y cohesión.",15,,,"Tono cercano, educativo, neutral y apropiado para el público.",10,,,"Palabras comunes, oraciones cortas, sin tecnicismos innecesarios.",10,,,"Orden lógico, párrafos manejables, presentación clara.",5,,,Cifras con contexto y simplificadas correctamente.,5,,,,"1, 2, 3, 4 o 5",,,
3653,few-shot_hariel_llama3_llama3_cfg_3_R1,prompting,¿Qué función cumplen las empresas en la sociedad?,¿Qué función tienen las empresas en la sociedad?,"Las empresas son fundamentales para la sociedad porque crean empleos, producen bienes y servicios que mejoran nuestras vidas, y generan riqueza. Además, aportan innovación y tecnología que nos permiten vivir de manera más cómoda y segura.","Conserva ideas centrales, datos clave y relaciones del original.",30,,,"Se entiende al primer vistazo, sin ambigüedades importantes.",25,,,"Suena natural, con buena gramática y cohesión.",15,,,"Tono cercano, educativo, neutral y apropiado para el público.",10,,,"Palabras comunes, oraciones cortas, sin tecnicismos innecesarios.",10,,,"Orden lógico, párrafos manejables, presentación clara.",5,,,Cifras con contexto y simplificadas correctamente.,5,,,,"1, 2, 3, 4 o 5",,,
3653,few-shot_nancy_llama3_llama3_cfg_2_R2,prompting,¿Qué función cumplen las empresas en la sociedad?,¿Qué función tienen las empresas en la sociedad?,"Las empresas tienen una función importante en la sociedad. Ellas crean empleos, producen bienes y servicios que mejoran la calidad de vida de las personas, y contribuyen al desarrollo económico y social del país.","Conserva ideas centrales, datos clave y relaciones del original.",30,,,"Se entiende al primer vistazo, sin ambigüedades importantes.",25,,,"Suena natural, con buena gramática y cohesión.",15,,,"Tono cercano, educativo, neutral y apropiado para el público.",10,,,"Palabras comunes, oraciones cortas, sin tecnicismos innecesarios.",10,,,"Orden lógico, párrafos manejables, presentación clara.",5,,,Cifras con contexto y simplificadas correctamente.,5,,,,"1, 2, 3, 4 o 5",,,
3653,lora_llama3,lora,¿Qué función cumplen las empresas en la sociedad?,¿Qué función tienen las empresas en la sociedad?,¿Qué función cumplen las empresas en la sociedad?,"Conserva ideas centrales, datos clave y relaciones del original.",30,,,"Se entiende al primer vistazo, sin ambigüedades importantes.",25,,,"Suena natural, con buena gramática y cohesión.",15,,,"Tono cercano, educativo, neutral y apropiado para el público.",10,,,"Palabras comunes, oraciones cortas, sin tecnicismos innecesarios.",10,,,"Orden lógico, párrafos manejables, presentación clara.",5,,,Cifras con contexto y simplificadas correctamente.,5,,,,"1, 2, 3, 4 o 5",,,
3653,lora_mistral,lora,¿Qué función cumplen las empresas en la sociedad?,¿Qué función tienen las empresas en la sociedad?,¿Qué función cumplen las empresas en la sociedad?,"Conserva ideas centrales, datos clave y relaciones del original.",30,,,"Se entiende al primer vistazo, sin ambigüedades importantes.",25,,,"Suena natural, con buena gramática y cohesión.",15,,,"Tono cercano, educativo, neutral y apropiado para el público.",10,,,"Palabras comunes, oraciones cortas, sin tecnicismos innecesarios.",10,,,"Orden lógico, párrafos manejables, presentación clara.",5,,,Cifras con contexto y simplificadas correctamente.,5,,,,"1, 2, 3, 4 o 5",,,
3653,zero-shot_hariel_llama3_hariel_llama3_cfg_1_R0,prompting,¿Qué función cumplen las empresas en la sociedad?,¿Qué función tienen las empresas en la sociedad?,"Las empresas son fundamentales para la sociedad porque crean empleos, producen bienes y servicios que mejoran nuestras vidas, y contribuyen al crecimiento económico.","Conserva ideas centrales, datos clave y relaciones del original.",30,,,"Se entiende al primer vistazo, sin ambigüedades importantes.",25,,,"Suena natural, con buena gramática y cohesión.",15,,,"Tono cercano, educativo, neutral y apropiado para el público.",10,,,"Palabras comunes, oraciones cortas, sin tecnicismos innecesarios.",10,,,"Orden lógico, párrafos manejables, presentación clara.",5,,,Cifras con contexto y simplificadas correctamente.,5,,,,"1, 2, 3, 4 o 5",,,
3653,zero-shot_nancy_mistral_nancy_mistral_cfg_2_R4,prompting,¿Qué función cumplen las empresas en la sociedad?,¿Qué función tienen las empresas en la sociedad?,"¿Qué rol desempeñan las empresas en la sociedad?

Respuesta simplificada: Empresas hacen negocios y crean empleo.","Conserva ideas centrales, datos clave y relaciones del original.",30,,,"Se entiende al primer vistazo, sin ambigüedades importantes.",25,,,"Suena natural, con buena gramática y cohesión.",15,,,"Tono cercano, educativo, neutral y apropiado para el público.",10,,,"Palabras comunes, oraciones cortas, sin tecnicismos innecesarios.",10,,,"Orden lógico, párrafos manejables, presentación clara.",5,,,Cifras con contexto y simplificadas correctamente.,5,,,,"1, 2, 3, 4 o 5",,,
3712,few-shot_hariel_llama3_llama3_cfg_3_R1,prompting,Estos principios están diseñados para promover que las firmas de servicios financieros y las organizaciones de consumidores hagan más para educar a los ciudadanos en esta área.,Estos principios están diseñados para promover que las empresas de servicios financieros y las organizaciones de consumidores hagan más para educar a los ciudadanos en esta área.,Estos principios buscan fomentar la educación financiera entre los ciudadanos.,"Conserva ideas centrales, datos clave y relaciones del original.",30,,,"Se entiende al primer vistazo, sin ambigüedades importantes.",25,,,"Suena natural, con buena gramática y cohesión.",15,,,"Tono cercano, educativo, neutral y apropiado para el público.",10,,,"Palabras comunes, oraciones cortas, sin tecnicismos innecesarios.",10,,,"Orden lógico, párrafos manejables, presentación clara.",5,,,Cifras con contexto y simplificadas correctamente.,5,,,,"1, 2, 3, 4 o 5",,,
3712,few-shot_nancy_llama3_llama3_cfg_2_R2,prompting,Estos principios están diseñados para promover que las firmas de servicios financieros y las organizaciones de consumidores hagan más para educar a los ciudadanos en esta área.,Estos principios están diseñados para promover que las empresas de servicios financieros y las organizaciones de consumidores hagan más para educar a los ciudadanos en esta área.,Estos principios buscan impulsar la educación financiera entre los ciudadanos.,"Conserva ideas centrales, datos clave y relaciones del original.",30,,,"Se entiende al primer vistazo, sin ambigüedades importantes.",25,,,"Suena natural, con buena gramática y cohesión.",15,,,"Tono cercano, educativo, neutral y apropiado para el público.",10,,,"Palabras comunes, oraciones cortas, sin tecnicismos innecesarios.",10,,,"Orden lógico, párrafos manejables, presentación clara.",5,,,Cifras con contexto y simplificadas correctamente.,5,,,,"1, 2, 3, 4 o 5",,,
3712,lora_llama3,lora,Estos principios están diseñados para promover que las firmas de servicios financieros y las organizaciones de consumidores hagan más para educar a los ciudadanos en esta área.,Estos principios están diseñados para promover que las empresas de servicios financieros y las organizaciones de consumidores hagan más para educar a los ciudadanos en esta área.,Estos principios promueven que las firmas de servicios financieros y las organizaciones de consumidores educen a los ciudadanos en esta área.,"Conserva ideas centrales, datos clave y relaciones del original.",30,,,"Se entiende al primer vistazo, sin ambigüedades importantes.",25,,,"Suena natural, con buena gramática y cohesión.",15,,,"Tono cercano, educativo, neutral y apropiado para el público.",10,,,"Palabras comunes, oraciones cortas, sin tecnicismos innecesarios.",10,,,"Orden lógico, párrafos manejables, presentación clara.",5,,,Cifras con contexto y simplificadas correctamente.,5,,,,"1, 2, 3, 4 o 5",,,
3712,lora_mistral,lora,Estos principios están diseñados para promover que las firmas de servicios financieros y las organizaciones de consumidores hagan más para educar a los ciudadanos en esta área.,Estos principios están diseñados para promover que las empresas de servicios financieros y las organizaciones de consumidores hagan más para educar a los ciudadanos en esta área.,Estos principios promueven la educación de los ciudadanos en la materia.,"Conserva ideas centrales, datos clave y relaciones del original.",30,,,"Se entiende al primer vistazo, sin ambigüedades importantes.",25,,,"Suena natural, con buena gramática y cohesión.",15,,,"Tono cercano, educativo, neutral y apropiado para el público.",10,,,"Palabras comunes, oraciones cortas, sin tecnicismos innecesarios.",10,,,"Orden lógico, párrafos manejables, presentación clara.",5,,,Cifras con contexto y simplificadas correctamente.,5,,,,"1, 2, 3, 4 o 5",,,
3712,zero-shot_hariel_llama3_hariel_llama3_cfg_1_R0,prompting,Estos principios están diseñados para promover que las firmas de servicios financieros y las organizaciones de consumidores hagan más para educar a los ciudadanos en esta área.,Estos principios están diseñados para promover que las empresas de servicios financieros y las organizaciones de consumidores hagan más para educar a los ciudadanos en esta área.,Estos principios buscan que las empresas financieras y los grupos de consumidores trabajen juntos para enseñar a las personas sobre temas financieros.,"Conserva ideas centrales, datos clave y relaciones del original.",30,,,"Se entiende al primer vistazo, sin ambigüedades importantes.",25,,,"Suena natural, con buena gramática y cohesión.",15,,,"Tono cercano, educativo, neutral y apropiado para el público.",10,,,"Palabras comunes, oraciones cortas, sin tecnicismos innecesarios.",10,,,"Orden lógico, párrafos manejables, presentación clara.",5,,,Cifras con contexto y simplificadas correctamente.,5,,,,"1, 2, 3, 4 o 5",,,
3712,zero-shot_nancy_mistral_nancy_mistral_cfg_2_R4,prompting,Estos principios están diseñados para promover que las firmas de servicios financieros y las organizaciones de consumidores hagan más para educar a los ciudadanos en esta área.,Estos principios están diseñados para promover que las empresas de servicios financieros y las organizaciones de consumidores hagan más para educar a los ciudadanos en esta área.,"Estos principios fomentan que empresas financieras y organizzaciones de consumidores enseñen más a la gente sobre este tema.

(","Conserva ideas centrales, datos clave y relaciones del original.",30,,,"Se entiende al primer vistazo, sin ambigüedades importantes.",25,,,"Suena natural, con buena gramática y cohesión.",15,,,"Tono cercano, educativo, neutral y apropiado para el público.",10,,,"Palabras comunes, oraciones cortas, sin tecnicismos innecesarios.",10,,,"Orden lógico, párrafos manejables, presentación clara.",5,,,Cifras con contexto y simplificadas correctamente.,5,,,,"1, 2, 3, 4 o 5",,,
3776,few-shot_hariel_llama3_llama3_cfg_3_R1,prompting,"Hable con ellos, déles la cara, y hágales saber que está haciendo todo lo que puede para pagarles.","Hable con ellos, enfréntelos y comuníqueles que está haciendo lo posible para pagarles.","Hable con ellos, déles la cara y asegúreles que estás haciendo todo lo posible por pagar.","Conserva ideas centrales, datos clave y relaciones del original.",30,,,"Se entiende al primer vistazo, sin ambigüedades importantes.",25,,,"Suena natural, con buena gramática y cohesión.",15,,,"Tono cercano, educativo, neutral y apropiado para el público.",10,,,"Palabras comunes, oraciones cortas, sin tecnicismos innecesarios.",10,,,"Orden lógico, párrafos manejables, presentación clara.",5,,,Cifras con contexto y simplificadas correctamente.,5,,,,"1, 2, 3, 4 o 5",,,
3776,few-shot_nancy_llama3_llama3_cfg_2_R2,prompting,"Hable con ellos, déles la cara, y hágales saber que está haciendo todo lo que puede para pagarles.","Hable con ellos, enfréntelos y comuníqueles que está haciendo lo posible para pagarles.","Hable con ellos, déles la cara y explíqueles que está haciendo todo lo posible por pagarte.","Conserva ideas centrales, datos clave y relaciones del original.",30,,,"Se entiende al primer vistazo, sin ambigüedades importantes.",25,,,"Suena natural, con buena gramática y cohesión.",15,,,"Tono cercano, educativo, neutral y apropiado para el público.",10,,,"Palabras comunes, oraciones cortas, sin tecnicismos innecesarios.",10,,,"Orden lógico, párrafos manejables, presentación clara.",5,,,Cifras con contexto y simplificadas correctamente.,5,,,,"1, 2, 3, 4 o 5",,,
3776,lora_llama3,lora,"Hable con ellos, déles la cara, y hágales saber que está haciendo todo lo que puede para pagarles.","Hable con ellos, enfréntelos y comuníqueles que está haciendo lo posible para pagarles.","Comuníquese con ellos, déles la cara y hágales saber que está haciendo todo lo posible para pagarles.","Conserva ideas centrales, datos clave y relaciones del original.",30,,,"Se entiende al primer vistazo, sin ambigüedades importantes.",25,,,"Suena natural, con buena gramática y cohesión.",15,,,"Tono cercano, educativo, neutral y apropiado para el público.",10,,,"Palabras comunes, oraciones cortas, sin tecnicismos innecesarios.",10,,,"Orden lógico, párrafos manejables, presentación clara.",5,,,Cifras con contexto y simplificadas correctamente.,5,,,,"1, 2, 3, 4 o 5",,,
3776,lora_mistral,lora,"Hable con ellos, déles la cara, y hágales saber que está haciendo todo lo que puede para pagarles.","Hable con ellos, enfréntelos y comuníqueles que está haciendo lo posible para pagarles.",Hable con ellos y déles la cara. Hágales saber que está haciendo todo lo que puede para pagarles.,"Conserva ideas centrales, datos clave y relaciones del original.",30,,,"Se entiende al primer vistazo, sin ambigüedades importantes.",25,,,"Suena natural, con buena gramática y cohesión.",15,,,"Tono cercano, educativo, neutral y apropiado para el público.",10,,,"Palabras comunes, oraciones cortas, sin tecnicismos innecesarios.",10,,,"Orden lógico, párrafos manejables, presentación clara.",5,,,Cifras con contexto y simplificadas correctamente.,5,,,,"1, 2, 3, 4 o 5",,,
3776,zero-shot_hariel_llama3_hariel_llama3_cfg_1_R0,prompting,"Hable con ellos, déles la cara, y hágales saber que está haciendo todo lo que puede para pagarles.","Hable con ellos, enfréntelos y comuníqueles que está haciendo lo posible para pagarles.",Hable con ellos y explíqueles que está haciendo todo lo posible para pagarles.,"Conserva ideas centrales, datos clave y relaciones del original.",30,,,"Se entiende al primer vistazo, sin ambigüedades importantes.",25,,,"Suena natural, con buena gramática y cohesión.",15,,,"Tono cercano, educativo, neutral y apropiado para el público.",10,,,"Palabras comunes, oraciones cortas, sin tecnicismos innecesarios.",10,,,"Orden lógico, párrafos manejables, presentación clara.",5,,,Cifras con contexto y simplificadas correctamente.,5,,,,"1, 2, 3, 4 o 5",,,
3776,zero-shot_nancy_mistral_nancy_mistral_cfg_2_R4,prompting,"Hable con ellos, déles la cara, y hágales saber que está haciendo todo lo que puede para pagarles.","Hable con ellos, enfréntelos y comuníqueles que está haciendo lo posible para pagarles.",Habla con ellos y déjales saber que trabajas duro por pagarlos.,"Conserva ideas centrales, datos clave y relaciones del original.",30,,,"Se entiende al primer vistazo, sin ambigüedades importantes.",25,,,"Suena natural, con buena gramática y cohesión.",15,,,"Tono cercano, educativo, neutral y apropiado para el público.",10,,,"Palabras comunes, oraciones cortas, sin tecnicismos innecesarios.",10,,,"Orden lógico, párrafos manejables, presentación clara.",5,,,Cifras con contexto y simplificadas correctamente.,5,,,,"1, 2, 3, 4 o 5",,,
3819,few-shot_hariel_llama3_llama3_cfg_3_R1,prompting,Pero ¿en qué se compite?,Pero ¿en qué se compite?,"La gente se compete por ganar libertad financiera y evitar batallas financieras inútiles, ya que no todos pueden vivir con lo justo.","Conserva ideas centrales, datos clave y relaciones del original.",30,,,"Se entiende al primer vistazo, sin ambigüedades importantes.",25,,,"Suena natural, con buena gramática y cohesión.",15,,,"Tono cercano, educativo, neutral y apropiado para el público.",10,,,"Palabras comunes, oraciones cortas, sin tecnicismos innecesarios.",10,,,"Orden lógico, párrafos manejables, presentación clara.",5,,,Cifras con contexto y simplificadas correctamente.,5,,,,"1, 2, 3, 4 o 5",,,
3819,few-shot_nancy_llama3_llama3_cfg_2_R2,prompting,Pero ¿en qué se compite?,Pero ¿en qué se compite?,"En realidad no hay dinero que perder, sino ganar.","Conserva ideas centrales, datos clave y relaciones del original.",30,,,"Se entiende al primer vistazo, sin ambigüedades importantes.",25,,,"Suena natural, con buena gramática y cohesión.",15,,,"Tono cercano, educativo, neutral y apropiado para el público.",10,,,"Palabras comunes, oraciones cortas, sin tecnicismos innecesarios.",10,,,"Orden lógico, párrafos manejables, presentación clara.",5,,,Cifras con contexto y simplificadas correctamente.,5,,,,"1, 2, 3, 4 o 5",,,
3819,lora_llama3,lora,Pero ¿en qué se compite?,Pero ¿en qué se compite?,¿En qué se compite?,"Conserva ideas centrales, datos clave y relaciones del original.",30,,,"Se entiende al primer vistazo, sin ambigüedades importantes.",25,,,"Suena natural, con buena gramática y cohesión.",15,,,"Tono cercano, educativo, neutral y apropiado para el público.",10,,,"Palabras comunes, oraciones cortas, sin tecnicismos innecesarios.",10,,,"Orden lógico, párrafos manejables, presentación clara.",5,,,Cifras con contexto y simplificadas correctamente.,5,,,,"1, 2, 3, 4 o 5",,,
3819,lora_mistral,lora,Pero ¿en qué se compite?,Pero ¿en qué se compite?,"Pero, en qué se compite?","Conserva ideas centrales, datos clave y relaciones del original.",30,,,"Se entiende al primer vistazo, sin ambigüedades importantes.",25,,,"Suena natural, con buena gramática y cohesión.",15,,,"Tono cercano, educativo, neutral y apropiado para el público.",10,,,"Palabras comunes, oraciones cortas, sin tecnicismos innecesarios.",10,,,"Orden lógico, párrafos manejables, presentación clara.",5,,,Cifras con contexto y simplificadas correctamente.,5,,,,"1, 2, 3, 4 o 5",,,
3819,zero-shot_hariel_llama3_hariel_llama3_cfg_1_R0,prompting,Pero ¿en qué se compite?,Pero ¿en qué se compite?,¿Qué es lo que se compite?,"Conserva ideas centrales, datos clave y relaciones del original.",30,,,"Se entiende al primer vistazo, sin ambigüedades importantes.",25,,,"Suena natural, con buena gramática y cohesión.",15,,,"Tono cercano, educativo, neutral y apropiado para el público.",10,,,"Palabras comunes, oraciones cortas, sin tecnicismos innecesarios.",10,,,"Orden lógico, párrafos manejables, presentación clara.",5,,,Cifras con contexto y simplificadas correctamente.,5,,,,"1, 2, 3, 4 o 5",,,
3819,zero-shot_nancy_mistral_nancy_mistral_cfg_2_R4,prompting,Pero ¿en qué se compite?,Pero ¿en qué se compite?,"¿En qué se competirá? (What will the competition be about?)

(","Conserva ideas centrales, datos clave y relaciones del original.",30,,,"Se entiende al primer vistazo, sin ambigüedades importantes.",25,,,"Suena natural, con buena gramática y cohesión.",15,,,"Tono cercano, educativo, neutral y apropiado para el público.",10,,,"Palabras comunes, oraciones cortas, sin tecnicismos innecesarios.",10,,,"Orden lógico, párrafos manejables, presentación clara.",5,,,Cifras con contexto y simplificadas correctamente.,5,,,,"1, 2, 3, 4 o 5",,,
4006,few-shot_hariel_llama3_llama3_cfg_3_R1,prompting,"Por otra parte, algunas personas sostienen que un impuesto de 10 por ciento impondría el mismo sacrificio a ambas familias.","Por otra parte, algunas personas sostienen que un impuesto de diez por ciento impondría el mismo sacrificio a ambas familias.",Algunas personas creen que un impuesto del 10% sería igualmente difícil para ambas familias.,"Conserva ideas centrales, datos clave y relaciones del original.",30,,,"Se entiende al primer vistazo, sin ambigüedades importantes.",25,,,"Suena natural, con buena gramática y cohesión.",15,,,"Tono cercano, educativo, neutral y apropiado para el público.",10,,,"Palabras comunes, oraciones cortas, sin tecnicismos innecesarios.",10,,,"Orden lógico, párrafos manejables, presentación clara.",5,,,Cifras con contexto y simplificadas correctamente.,5,,,,"1, 2, 3, 4 o 5",,,
4006,few-shot_nancy_llama3_llama3_cfg_2_R2,prompting,"Por otra parte, algunas personas sostienen que un impuesto de 10 por ciento impondría el mismo sacrificio a ambas familias.","Por otra parte, algunas personas sostienen que un impuesto de diez por ciento impondría el mismo sacrificio a ambas familias.",Algunas personas creen que un impuesto del 10% causaría el mismo esfuerzo para ambas familias.,"Conserva ideas centrales, datos clave y relaciones del original.",30,,,"Se entiende al primer vistazo, sin ambigüedades importantes.",25,,,"Suena natural, con buena gramática y cohesión.",15,,,"Tono cercano, educativo, neutral y apropiado para el público.",10,,,"Palabras comunes, oraciones cortas, sin tecnicismos innecesarios.",10,,,"Orden lógico, párrafos manejables, presentación clara.",5,,,Cifras con contexto y simplificadas correctamente.,5,,,,"1, 2, 3, 4 o 5",,,
4006,lora_llama3,lora,"Por otra parte, algunas personas sostienen que un impuesto de 10 por ciento impondría el mismo sacrificio a ambas familias.","Por otra parte, algunas personas sostienen que un impuesto de diez por ciento impondría el mismo sacrificio a ambas familias.",Algunas personas sostienen que un impuesto de diez por ciento impondría el mismo sacrificio a ambas familias.,"Conserva ideas centrales, datos clave y relaciones del original.",30,,,"Se entiende al primer vistazo, sin ambigüedades importantes.",25,,,"Suena natural, con buena gramática y cohesión.",15,,,"Tono cercano, educativo, neutral y apropiado para el público.",10,,,"Palabras comunes, oraciones cortas, sin tecnicismos innecesarios.",10,,,"Orden lógico, párrafos manejables, presentación clara.",5,,,Cifras con contexto y simplificadas correctamente.,5,,,,"1, 2, 3, 4 o 5",,,
4006,lora_mistral,lora,"Por otra parte, algunas personas sostienen que un impuesto de 10 por ciento impondría el mismo sacrificio a ambas familias.","Por otra parte, algunas personas sostienen que un impuesto de diez por ciento impondría el mismo sacrificio a ambas familias.","Por otra parte, algunas personas sostienen que un impuesto de diez por ciento impondría el mismo sacrificio a ambas familias.","Conserva ideas centrales, datos clave y relaciones del original.",30,,,"Se entiende al primer vistazo, sin ambigüedades importantes.",25,,,"Suena natural, con buena gramática y cohesión.",15,,,"Tono cercano, educativo, neutral y apropiado para el público.",10,,,"Palabras comunes, oraciones cortas, sin tecnicismos innecesarios.",10,,,"Orden lógico, párrafos manejables, presentación clara.",5,,,Cifras con contexto y simplificadas correctamente.,5,,,,"1, 2, 3, 4 o 5",,,
4006,zero-shot_hariel_llama3_hariel_llama3_cfg_1_R0,prompting,"Por otra parte, algunas personas sostienen que un impuesto de 10 por ciento impondría el mismo sacrificio a ambas familias.","Por otra parte, algunas personas sostienen que un impuesto de diez por ciento impondría el mismo sacrificio a ambas familias.",Un impuesto del 10% sería igualmente duro para todas las familias.,"Conserva ideas centrales, datos clave y relaciones del original.",30,,,"Se entiende al primer vistazo, sin ambigüedades importantes.",25,,,"Suena natural, con buena gramática y cohesión.",15,,,"Tono cercano, educativo, neutral y apropiado para el público.",10,,,"Palabras comunes, oraciones cortas, sin tecnicismos innecesarios.",10,,,"Orden lógico, párrafos manejables, presentación clara.",5,,,Cifras con contexto y simplificadas correctamente.,5,,,,"1, 2, 3, 4 o 5",,,
4006,zero-shot_nancy_mistral_nancy_mistral_cfg_2_R4,prompting,"Por otra parte, algunas personas sostienen que un impuesto de 10 por ciento impondría el mismo sacrificio a ambas familias.","Por otra parte, algunas personas sostienen que un impuesto de diez por ciento impondría el mismo sacrificio a ambas familias.","Algunas personas creen que una imposta del 10% significa el mismo esfuerzo para ambas familias.

(","Conserva ideas centrales, datos clave y relaciones del original.",30,,,"Se entiende al primer vistazo, sin ambigüedades importantes.",25,,,"Suena natural, con buena gramática y cohesión.",15,,,"Tono cercano, educativo, neutral y apropiado para el público.",10,,,"Palabras comunes, oraciones cortas, sin tecnicismos innecesarios.",10,,,"Orden lógico, párrafos manejables, presentación clara.",5,,,Cifras con contexto y simplificadas correctamente.,5,,,,"1, 2, 3, 4 o 5",,,
4276,few-shot_hariel_llama3_llama3_cfg_3_R1,prompting,"Al principio, como ya vimos en el trueque, adoptó la forma de mercancía, pero con el tiempo se transformó en dinero-papel, cuentas corrientes y otras formas.","Al principio, tuvo la forma de mercancía, pero luego se transformó en dinero-papel, cuentas corrientes y otras formas.","La moneda comenzó a ser un objeto tangible, como una mercancía. Con el tiempo, evolucionó para convertirse en billetes de papel, cuentas bancarias y otros formatos.","Conserva ideas centrales, datos clave y relaciones del original.",30,,,"Se entiende al primer vistazo, sin ambigüedades importantes.",25,,,"Suena natural, con buena gramática y cohesión.",15,,,"Tono cercano, educativo, neutral y apropiado para el público.",10,,,"Palabras comunes, oraciones cortas, sin tecnicismos innecesarios.",10,,,"Orden lógico, párrafos manejables, presentación clara.",5,,,Cifras con contexto y simplificadas correctamente.,5,,,,"1, 2, 3, 4 o 5",,,
4276,few-shot_nancy_llama3_llama3_cfg_2_R2,prompting,"Al principio, como ya vimos en el trueque, adoptó la forma de mercancía, pero con el tiempo se transformó en dinero-papel, cuentas corrientes y otras formas.","Al principio, tuvo la forma de mercancía, pero luego se transformó en dinero-papel, cuentas corrientes y otras formas.","La moneda evolucionó desde ser una mercancía hasta convertirse en billetes, cheques y otros medios de pago.","Conserva ideas centrales, datos clave y relaciones del original.",30,,,"Se entiende al primer vistazo, sin ambigüedades importantes.",25,,,"Suena natural, con buena gramática y cohesión.",15,,,"Tono cercano, educativo, neutral y apropiado para el público.",10,,,"Palabras comunes, oraciones cortas, sin tecnicismos innecesarios.",10,,,"Orden lógico, párrafos manejables, presentación clara.",5,,,Cifras con contexto y simplificadas correctamente.,5,,,,"1, 2, 3, 4 o 5",,,
4276,lora_llama3,lora,"Al principio, como ya vimos en el trueque, adoptó la forma de mercancía, pero con el tiempo se transformó en dinero-papel, cuentas corrientes y otras formas.","Al principio, tuvo la forma de mercancía, pero luego se transformó en dinero-papel, cuentas corrientes y otras formas.","Al principio, como vimos en el trueque, adoptó la forma de mercancía. Pero con el tiempo se transformó en dinero-papel, cuentas corrientes y otras formas.","Conserva ideas centrales, datos clave y relaciones del original.",30,,,"Se entiende al primer vistazo, sin ambigüedades importantes.",25,,,"Suena natural, con buena gramática y cohesión.",15,,,"Tono cercano, educativo, neutral y apropiado para el público.",10,,,"Palabras comunes, oraciones cortas, sin tecnicismos innecesarios.",10,,,"Orden lógico, párrafos manejables, presentación clara.",5,,,Cifras con contexto y simplificadas correctamente.,5,,,,"1, 2, 3, 4 o 5",,,
4276,lora_mistral,lora,"Al principio, como ya vimos en el trueque, adoptó la forma de mercancía, pero con el tiempo se transformó en dinero-papel, cuentas corrientes y otras formas.","Al principio, tuvo la forma de mercancía, pero luego se transformó en dinero-papel, cuentas corrientes y otras formas.","Al principio adoptó la forma de mercancía, pero con el tiempo se transformó en dinero-papel, cuentas corrientes y otras formas.","Conserva ideas centrales, datos clave y relaciones del original.",30,,,"Se entiende al primer vistazo, sin ambigüedades importantes.",25,,,"Suena natural, con buena gramática y cohesión.",15,,,"Tono cercano, educativo, neutral y apropiado para el público.",10,,,"Palabras comunes, oraciones cortas, sin tecnicismos innecesarios.",10,,,"Orden lógico, párrafos manejables, presentación clara.",5,,,Cifras con contexto y simplificadas correctamente.,5,,,,"1, 2, 3, 4 o 5",,,
4276,zero-shot_hariel_llama3_hariel_llama3_cfg_1_R0,prompting,"Al principio, como ya vimos en el trueque, adoptó la forma de mercancía, pero con el tiempo se transformó en dinero-papel, cuentas corrientes y otras formas.","Al principio, tuvo la forma de mercancía, pero luego se transformó en dinero-papel, cuentas corrientes y otras formas.","Comenzó como un objeto valioso, pero luego se convirtió en papel moneda, cheques y otros medios de pago.","Conserva ideas centrales, datos clave y relaciones del original.",30,,,"Se entiende al primer vistazo, sin ambigüedades importantes.",25,,,"Suena natural, con buena gramática y cohesión.",15,,,"Tono cercano, educativo, neutral y apropiado para el público.",10,,,"Palabras comunes, oraciones cortas, sin tecnicismos innecesarios.",10,,,"Orden lógico, párrafos manejables, presentación clara.",5,,,Cifras con contexto y simplificadas correctamente.,5,,,,"1, 2, 3, 4 o 5",,,
4276,zero-shot_nancy_mistral_nancy_mistral_cfg_2_R4,prompting,"Al principio, como ya vimos en el trueque, adoptó la forma de mercancía, pero con el tiempo se transformó en dinero-papel, cuentas corrientes y otras formas.","Al principio, tuvo la forma de mercancía, pero luego se transformó en dinero-papel, cuentas corrientes y otras formas.","Al principio, en el trueque, tomó la forma de bienes de intercambio, pero después se convirtió en papel moneda, cuentas bancarias y otras formas.

[Translation: Initially, in bartering, it took the shape of trade goods, but later transformed into paper money, checking accounts and other forms.]","Conserva ideas centrales, datos clave y relaciones del original.",30,,,"Se entiende al primer vistazo, sin ambigüedades importantes.",25,,,"Suena natural, con buena gramática y cohesión.",15,,,"Tono cercano, educativo, neutral y apropiado para el público.",10,,,"Palabras comunes, oraciones cortas, sin tecnicismos innecesarios.",10,,,"Orden lógico, párrafos manejables, presentación clara.",5,,,Cifras con contexto y simplificadas correctamente.,5,,,,"1, 2, 3, 4 o 5",,,
4284,few-shot_hariel_llama3_llama3_cfg_3_R1,prompting,"¿Son estos sólo sueños, o son metas reales?",¿Estos son sólo sueños o son metas reales?,¿Sólo son sueños o metas reales?,"Conserva ideas centrales, datos clave y relaciones del original.",30,,,"Se entiende al primer vistazo, sin ambigüedades importantes.",25,,,"Suena natural, con buena gramática y cohesión.",15,,,"Tono cercano, educativo, neutral y apropiado para el público.",10,,,"Palabras comunes, oraciones cortas, sin tecnicismos innecesarios.",10,,,"Orden lógico, párrafos manejables, presentación clara.",5,,,Cifras con contexto y simplificadas correctamente.,5,,,,"1, 2, 3, 4 o 5",,,
4284,few-shot_nancy_llama3_llama3_cfg_2_R2,prompting,"¿Son estos sólo sueños, o son metas reales?",¿Estos son sólo sueños o son metas reales?,¿Son solo fantasías o objetivos reales?,"Conserva ideas centrales, datos clave y relaciones del original.",30,,,"Se entiende al primer vistazo, sin ambigüedades importantes.",25,,,"Suena natural, con buena gramática y cohesión.",15,,,"Tono cercano, educativo, neutral y apropiado para el público.",10,,,"Palabras comunes, oraciones cortas, sin tecnicismos innecesarios.",10,,,"Orden lógico, párrafos manejables, presentación clara.",5,,,Cifras con contexto y simplificadas correctamente.,5,,,,"1, 2, 3, 4 o 5",,,
4284,lora_llama3,lora,"¿Son estos sólo sueños, o son metas reales?",¿Estos son sólo sueños o son metas reales?,¿Son estos sueños o metas reales?,"Conserva ideas centrales, datos clave y relaciones del original.",30,,,"Se entiende al primer vistazo, sin ambigüedades importantes.",25,,,"Suena natural, con buena gramática y cohesión.",15,,,"Tono cercano, educativo, neutral y apropiado para el público.",10,,,"Palabras comunes, oraciones cortas, sin tecnicismos innecesarios.",10,,,"Orden lógico, párrafos manejables, presentación clara.",5,,,Cifras con contexto y simplificadas correctamente.,5,,,,"1, 2, 3, 4 o 5",,,
4284,lora_mistral,lora,"¿Son estos sólo sueños, o son metas reales?",¿Estos son sólo sueños o son metas reales?,¿Son estos sólo sueños o son metas reales?,"Conserva ideas centrales, datos clave y relaciones del original.",30,,,"Se entiende al primer vistazo, sin ambigüedades importantes.",25,,,"Suena natural, con buena gramática y cohesión.",15,,,"Tono cercano, educativo, neutral y apropiado para el público.",10,,,"Palabras comunes, oraciones cortas, sin tecnicismos innecesarios.",10,,,"Orden lógico, párrafos manejables, presentación clara.",5,,,Cifras con contexto y simplificadas correctamente.,5,,,,"1, 2, 3, 4 o 5",,,
4284,zero-shot_hariel_llama3_hariel_llama3_cfg_1_R0,prompting,"¿Son estos sólo sueños, o son metas reales?",¿Estos son sólo sueños o son metas reales?,¿Son solo fantasías o objetivos verdaderos?,"Conserva ideas centrales, datos clave y relaciones del original.",30,,,"Se entiende al primer vistazo, sin ambigüedades importantes.",25,,,"Suena natural, con buena gramática y cohesión.",15,,,"Tono cercano, educativo, neutral y apropiado para el público.",10,,,"Palabras comunes, oraciones cortas, sin tecnicismos innecesarios.",10,,,"Orden lógico, párrafos manejables, presentación clara.",5,,,Cifras con contexto y simplificadas correctamente.,5,,,,"1, 2, 3, 4 o 5",,,
4284,zero-shot_nancy_mistral_nancy_mistral_cfg_2_R4,prompting,"¿Son estos sólo sueños, o son metas reales?",¿Estos son sólo sueños o son metas reales?,"Son estos sueños o objetivos reales?

(Son dreams or real goals?)

[End of text.]","Conserva ideas centrales, datos clave y relaciones del original.",30,,,"Se entiende al primer vistazo, sin ambigüedades importantes.",25,,,"Suena natural, con buena gramática y cohesión.",15,,,"Tono cercano, educativo, neutral y apropiado para el público.",10,,,"Palabras comunes, oraciones cortas, sin tecnicismos innecesarios.",10,,,"Orden lógico, párrafos manejables, presentación clara.",5,,,Cifras con contexto y simplificadas correctamente.,5,,,,"1, 2, 3, 4 o 5",,,
4638,few-shot_hariel_llama3_llama3_cfg_3_R1,prompting,"En los pueblos donde el principio de la elección se extiende a todo, no hay propiamente hablando carrera pública.",En los pueblos donde el principio de la elección se extiende a todo no existe la carrera pública.,"En lugares donde todos pueden elegir, no hay realmente una ""carrera pública"".","Conserva ideas centrales, datos clave y relaciones del original.",30,,,"Se entiende al primer vistazo, sin ambigüedades importantes.",25,,,"Suena natural, con buena gramática y cohesión.",15,,,"Tono cercano, educativo, neutral y apropiado para el público.",10,,,"Palabras comunes, oraciones cortas, sin tecnicismos innecesarios.",10,,,"Orden lógico, párrafos manejables, presentación clara.",5,,,Cifras con contexto y simplificadas correctamente.,5,,,,"1, 2, 3, 4 o 5",,,
4638,few-shot_nancy_llama3_llama3_cfg_2_R2,prompting,"En los pueblos donde el principio de la elección se extiende a todo, no hay propiamente hablando carrera pública.",En los pueblos donde el principio de la elección se extiende a todo no existe la carrera pública.,"Cuando todos tienen derecho a elegir, en realidad no hay una ""carrera pública"" real.","Conserva ideas centrales, datos clave y relaciones del original.",30,,,"Se entiende al primer vistazo, sin ambigüedades importantes.",25,,,"Suena natural, con buena gramática y cohesión.",15,,,"Tono cercano, educativo, neutral y apropiado para el público.",10,,,"Palabras comunes, oraciones cortas, sin tecnicismos innecesarios.",10,,,"Orden lógico, párrafos manejables, presentación clara.",5,,,Cifras con contexto y simplificadas correctamente.,5,,,,"1, 2, 3, 4 o 5",,,
4638,lora_llama3,lora,"En los pueblos donde el principio de la elección se extiende a todo, no hay propiamente hablando carrera pública.",En los pueblos donde el principio de la elección se extiende a todo no existe la carrera pública.,"En los pueblos donde el principio de la elección se extiende a todo, no hay propiamente hablando carrera pública.","Conserva ideas centrales, datos clave y relaciones del original.",30,,,"Se entiende al primer vistazo, sin ambigüedades importantes.",25,,,"Suena natural, con buena gramática y cohesión.",15,,,"Tono cercano, educativo, neutral y apropiado para el público.",10,,,"Palabras comunes, oraciones cortas, sin tecnicismos innecesarios.",10,,,"Orden lógico, párrafos manejables, presentación clara.",5,,,Cifras con contexto y simplificadas correctamente.,5,,,,"1, 2, 3, 4 o 5",,,
4638,lora_mistral,lora,"En los pueblos donde el principio de la elección se extiende a todo, no hay propiamente hablando carrera pública.",En los pueblos donde el principio de la elección se extiende a todo no existe la carrera pública.,"En los pueblos donde el principio de la elección se extiende a todo, no hay propiamente carrera pública.","Conserva ideas centrales, datos clave y relaciones del original.",30,,,"Se entiende al primer vistazo, sin ambigüedades importantes.",25,,,"Suena natural, con buena gramática y cohesión.",15,,,"Tono cercano, educativo, neutral y apropiado para el público.",10,,,"Palabras comunes, oraciones cortas, sin tecnicismos innecesarios.",10,,,"Orden lógico, párrafos manejables, presentación clara.",5,,,Cifras con contexto y simplificadas correctamente.,5,,,,"1, 2, 3, 4 o 5",,,
4638,zero-shot_hariel_llama3_hariel_llama3_cfg_1_R0,prompting,"En los pueblos donde el principio de la elección se extiende a todo, no hay propiamente hablando carrera pública.",En los pueblos donde el principio de la elección se extiende a todo no existe la carrera pública.,No hay carrera pública en los pueblos donde cualquier persona puede elegir.,"Conserva ideas centrales, datos clave y relaciones del original.",30,,,"Se entiende al primer vistazo, sin ambigüedades importantes.",25,,,"Suena natural, con buena gramática y cohesión.",15,,,"Tono cercano, educativo, neutral y apropiado para el público.",10,,,"Palabras comunes, oraciones cortas, sin tecnicismos innecesarios.",10,,,"Orden lógico, párrafos manejables, presentación clara.",5,,,Cifras con contexto y simplificadas correctamente.,5,,,,"1, 2, 3, 4 o 5",,,
4638,zero-shot_nancy_mistral_nancy_mistral_cfg_2_R4,prompting,"En los pueblos donde el principio de la elección se extiende a todo, no hay propiamente hablando carrera pública.",En los pueblos donde el principio de la elección se extiende a todo no existe la carrera pública.,"En poblados donde todos pueden votar, no hay verdadera carrera política.","Conserva ideas centrales, datos clave y relaciones del original.",30,,,"Se entiende al primer vistazo, sin ambigüedades importantes.",25,,,"Suena natural, con buena gramática y cohesión.",15,,,"Tono cercano, educativo, neutral y apropiado para el público.",10,,,"Palabras comunes, oraciones cortas, sin tecnicismos innecesarios.",10,,,"Orden lógico, párrafos manejables, presentación clara.",5,,,Cifras con contexto y simplificadas correctamente.,5,,,,"1, 2, 3, 4 o 5",,,
4751,few-shot_hariel_llama3_llama3_cfg_3_R1,prompting,"Sin entusiasmo, dijo alguien famoso, nunca se ha podido realizar nada grande.",Sin entusiasmo no se logró nada grande.,Nunca puedes lograr algo importante sin sentir entusiasmo.,"Conserva ideas centrales, datos clave y relaciones del original.",30,,,"Se entiende al primer vistazo, sin ambigüedades importantes.",25,,,"Suena natural, con buena gramática y cohesión.",15,,,"Tono cercano, educativo, neutral y apropiado para el público.",10,,,"Palabras comunes, oraciones cortas, sin tecnicismos innecesarios.",10,,,"Orden lógico, párrafos manejables, presentación clara.",5,,,Cifras con contexto y simplificadas correctamente.,5,,,,"1, 2, 3, 4 o 5",,,
4751,few-shot_nancy_llama3_llama3_cfg_2_R2,prompting,"Sin entusiasmo, dijo alguien famoso, nunca se ha podido realizar nada grande.",Sin entusiasmo no se logró nada grande.,Nunca se logra hacer algo grande sin entusiasmo.,"Conserva ideas centrales, datos clave y relaciones del original.",30,,,"Se entiende al primer vistazo, sin ambigüedades importantes.",25,,,"Suena natural, con buena gramática y cohesión.",15,,,"Tono cercano, educativo, neutral y apropiado para el público.",10,,,"Palabras comunes, oraciones cortas, sin tecnicismos innecesarios.",10,,,"Orden lógico, párrafos manejables, presentación clara.",5,,,Cifras con contexto y simplificadas correctamente.,5,,,,"1, 2, 3, 4 o 5",,,
4751,lora_llama3,lora,"Sin entusiasmo, dijo alguien famoso, nunca se ha podido realizar nada grande.",Sin entusiasmo no se logró nada grande.,"Sin entusiasmo, nunca se ha podido realizar nada grande.","Conserva ideas centrales, datos clave y relaciones del original.",30,,,"Se entiende al primer vistazo, sin ambigüedades importantes.",25,,,"Suena natural, con buena gramática y cohesión.",15,,,"Tono cercano, educativo, neutral y apropiado para el público.",10,,,"Palabras comunes, oraciones cortas, sin tecnicismos innecesarios.",10,,,"Orden lógico, párrafos manejables, presentación clara.",5,,,Cifras con contexto y simplificadas correctamente.,5,,,,"1, 2, 3, 4 o 5",,,
4751,lora_mistral,lora,"Sin entusiasmo, dijo alguien famoso, nunca se ha podido realizar nada grande.",Sin entusiasmo no se logró nada grande.,"Sin entusiasmo, dijo alguien famoso, nunca se ha podido realizar nada grande.","Conserva ideas centrales, datos clave y relaciones del original.",30,,,"Se entiende al primer vistazo, sin ambigüedades importantes.",25,,,"Suena natural, con buena gramática y cohesión.",15,,,"Tono cercano, educativo, neutral y apropiado para el público.",10,,,"Palabras comunes, oraciones cortas, sin tecnicismos innecesarios.",10,,,"Orden lógico, párrafos manejables, presentación clara.",5,,,Cifras con contexto y simplificadas correctamente.,5,,,,"1, 2, 3, 4 o 5",,,
4751,zero-shot_hariel_llama3_hariel_llama3_cfg_1_R0,prompting,"Sin entusiasmo, dijo alguien famoso, nunca se ha podido realizar nada grande.",Sin entusiasmo no se logró nada grande.,Nada grande se ha logrado sin entusiasmo.,"Conserva ideas centrales, datos clave y relaciones del original.",30,,,"Se entiende al primer vistazo, sin ambigüedades importantes.",25,,,"Suena natural, con buena gramática y cohesión.",15,,,"Tono cercano, educativo, neutral y apropiado para el público.",10,,,"Palabras comunes, oraciones cortas, sin tecnicismos innecesarios.",10,,,"Orden lógico, párrafos manejables, presentación clara.",5,,,Cifras con contexto y simplificadas correctamente.,5,,,,"1, 2, 3, 4 o 5",,,
4751,zero-shot_nancy_mistral_nancy_mistral_cfg_2_R4,prompting,"Sin entusiasmo, dijo alguien famoso, nunca se ha podido realizar nada grande.",Sin entusiasmo no se logró nada grande.,Famosa persona dijo sin animación: nunca se ha logrado grandes cosas.,"Conserva ideas centrales, datos clave y relaciones del original.",30,,,"Se entiende al primer vistazo, sin ambigüedades importantes.",25,,,"Suena natural, con buena gramática y cohesión.",15,,,"Tono cercano, educativo, neutral y apropiado para el público.",10,,,"Palabras comunes, oraciones cortas, sin tecnicismos innecesarios.",10,,,"Orden lógico, párrafos manejables, presentación clara.",5,,,Cifras con contexto y simplificadas correctamente.,5,,,,"1, 2, 3, 4 o 5",,,
5037,few-shot_hariel_llama3_llama3_cfg_3_R1,prompting,"Por tanto, este método calcula interés sobre interés.","Por eso, este método calcula interés sobre interés.","Este método considera el interés ganado y lo aplica de nuevo, es decir, se calcula el interés sobre el interés.","Conserva ideas centrales, datos clave y relaciones del original.",30,,,"Se entiende al primer vistazo, sin ambigüedades importantes.",25,,,"Suena natural, con buena gramática y cohesión.",15,,,"Tono cercano, educativo, neutral y apropiado para el público.",10,,,"Palabras comunes, oraciones cortas, sin tecnicismos innecesarios.",10,,,"Orden lógico, párrafos manejables, presentación clara.",5,,,Cifras con contexto y simplificadas correctamente.,5,,,,"1, 2, 3, 4 o 5",,,
5037,few-shot_nancy_llama3_llama3_cfg_2_R2,prompting,"Por tanto, este método calcula interés sobre interés.","Por eso, este método calcula interés sobre interés.",Este método también incluye el cálculo del interés sobre el interés.,"Conserva ideas centrales, datos clave y relaciones del original.",30,,,"Se entiende al primer vistazo, sin ambigüedades importantes.",25,,,"Suena natural, con buena gramática y cohesión.",15,,,"Tono cercano, educativo, neutral y apropiado para el público.",10,,,"Palabras comunes, oraciones cortas, sin tecnicismos innecesarios.",10,,,"Orden lógico, párrafos manejables, presentación clara.",5,,,Cifras con contexto y simplificadas correctamente.,5,,,,"1, 2, 3, 4 o 5",,,
5037,lora_llama3,lora,"Por tanto, este método calcula interés sobre interés.","Por eso, este método calcula interés sobre interés.","Por eso, este método calcula interés sobre interés.","Conserva ideas centrales, datos clave y relaciones del original.",30,,,"Se entiende al primer vistazo, sin ambigüedades importantes.",25,,,"Suena natural, con buena gramática y cohesión.",15,,,"Tono cercano, educativo, neutral y apropiado para el público.",10,,,"Palabras comunes, oraciones cortas, sin tecnicismos innecesarios.",10,,,"Orden lógico, párrafos manejables, presentación clara.",5,,,Cifras con contexto y simplificadas correctamente.,5,,,,"1, 2, 3, 4 o 5",,,
5037,lora_mistral,lora,"Por tanto, este método calcula interés sobre interés.","Por eso, este método calcula interés sobre interés.","Por tanto, este método calcula interés sobre interés.","Conserva ideas centrales, datos clave y relaciones del original.",30,,,"Se entiende al primer vistazo, sin ambigüedades importantes.",25,,,"Suena natural, con buena gramática y cohesión.",15,,,"Tono cercano, educativo, neutral y apropiado para el público.",10,,,"Palabras comunes, oraciones cortas, sin tecnicismos innecesarios.",10,,,"Orden lógico, párrafos manejables, presentación clara.",5,,,Cifras con contexto y simplificadas correctamente.,5,,,,"1, 2, 3, 4 o 5",,,
5037,zero-shot_hariel_llama3_hariel_llama3_cfg_1_R0,prompting,"Por tanto, este método calcula interés sobre interés.","Por eso, este método calcula interés sobre interés.",Este método calcula intereses acumulados.,"Conserva ideas centrales, datos clave y relaciones del original.",30,,,"Se entiende al primer vistazo, sin ambigüedades importantes.",25,,,"Suena natural, con buena gramática y cohesión.",15,,,"Tono cercano, educativo, neutral y apropiado para el público.",10,,,"Palabras comunes, oraciones cortas, sin tecnicismos innecesarios.",10,,,"Orden lógico, párrafos manejables, presentación clara.",5,,,Cifras con contexto y simplificadas correctamente.,5,,,,"1, 2, 3, 4 o 5",,,
5037,zero-shot_nancy_mistral_nancy_mistral_cfg_2_R4,prompting,"Por tanto, este método calcula interés sobre interés.","Por eso, este método calcula interés sobre interés.","Este método calcula el interés sobre el interés que ya se ha acumulado.

(Translation: This method calculates interest on the interest that has already been accumulated.)","Conserva ideas centrales, datos clave y relaciones del original.",30,,,"Se entiende al primer vistazo, sin ambigüedades importantes.",25,,,"Suena natural, con buena gramática y cohesión.",15,,,"Tono cercano, educativo, neutral y apropiado para el público.",10,,,"Palabras comunes, oraciones cortas, sin tecnicismos innecesarios.",10,,,"Orden lógico, párrafos manejables, presentación clara.",5,,,Cifras con contexto y simplificadas correctamente.,5,,,,"1, 2, 3, 4 o 5",,,
5112,few-shot_hariel_llama3_llama3_cfg_3_R1,prompting,"El resultado es aproximado a $300,000 en seis años.",El resultado es aproximadamente trescientos mil dólares en seis años.,"El resultado sería de alrededor de 300,000 dólares después de seis años.","Conserva ideas centrales, datos clave y relaciones del original.",30,,,"Se entiende al primer vistazo, sin ambigüedades importantes.",25,,,"Suena natural, con buena gramática y cohesión.",15,,,"Tono cercano, educativo, neutral y apropiado para el público.",10,,,"Palabras comunes, oraciones cortas, sin tecnicismos innecesarios.",10,,,"Orden lógico, párrafos manejables, presentación clara.",5,,,Cifras con contexto y simplificadas correctamente.,5,,,,"1, 2, 3, 4 o 5",,,
5112,few-shot_nancy_llama3_llama3_cfg_2_R2,prompting,"El resultado es aproximado a $300,000 en seis años.",El resultado es aproximadamente trescientos mil dólares en seis años.,"El resultado sería de alrededor de 300,000 dólares después de seis años.","Conserva ideas centrales, datos clave y relaciones del original.",30,,,"Se entiende al primer vistazo, sin ambigüedades importantes.",25,,,"Suena natural, con buena gramática y cohesión.",15,,,"Tono cercano, educativo, neutral y apropiado para el público.",10,,,"Palabras comunes, oraciones cortas, sin tecnicismos innecesarios.",10,,,"Orden lógico, párrafos manejables, presentación clara.",5,,,Cifras con contexto y simplificadas correctamente.,5,,,,"1, 2, 3, 4 o 5",,,
5112,lora_llama3,lora,"El resultado es aproximado a $300,000 en seis años.",El resultado es aproximadamente trescientos mil dólares en seis años.,El resultado es aproximadamente trescientos mil dólares en seis años.,"Conserva ideas centrales, datos clave y relaciones del original.",30,,,"Se entiende al primer vistazo, sin ambigüedades importantes.",25,,,"Suena natural, con buena gramática y cohesión.",15,,,"Tono cercano, educativo, neutral y apropiado para el público.",10,,,"Palabras comunes, oraciones cortas, sin tecnicismos innecesarios.",10,,,"Orden lógico, párrafos manejables, presentación clara.",5,,,Cifras con contexto y simplificadas correctamente.,5,,,,"1, 2, 3, 4 o 5",,,
5112,lora_mistral,lora,"El resultado es aproximado a $300,000 en seis años.",El resultado es aproximadamente trescientos mil dólares en seis años.,El resultado es aproximado a trescientos dólares en seis años.,"Conserva ideas centrales, datos clave y relaciones del original.",30,,,"Se entiende al primer vistazo, sin ambigüedades importantes.",25,,,"Suena natural, con buena gramática y cohesión.",15,,,"Tono cercano, educativo, neutral y apropiado para el público.",10,,,"Palabras comunes, oraciones cortas, sin tecnicismos innecesarios.",10,,,"Orden lógico, párrafos manejables, presentación clara.",5,,,Cifras con contexto y simplificadas correctamente.,5,,,,"1, 2, 3, 4 o 5",,,
5112,zero-shot_hariel_llama3_hariel_llama3_cfg_1_R0,prompting,"El resultado es aproximado a $300,000 en seis años.",El resultado es aproximadamente trescientos mil dólares en seis años.,"El resultado es de aproximadamente 300,000 dólares en seis años.","Conserva ideas centrales, datos clave y relaciones del original.",30,,,"Se entiende al primer vistazo, sin ambigüedades importantes.",25,,,"Suena natural, con buena gramática y cohesión.",15,,,"Tono cercano, educativo, neutral y apropiado para el público.",10,,,"Palabras comunes, oraciones cortas, sin tecnicismos innecesarios.",10,,,"Orden lógico, párrafos manejables, presentación clara.",5,,,Cifras con contexto y simplificadas correctamente.,5,,,,"1, 2, 3, 4 o 5",,,
5112,zero-shot_nancy_mistral_nancy_mistral_cfg_2_R4,prompting,"El resultado es aproximado a $300,000 en seis años.",El resultado es aproximadamente trescientos mil dólares en seis años.,Se obtiene un resultado aproximado de trescientos mil dólares en seis años.,"Conserva ideas centrales, datos clave y relaciones del original.",30,,,"Se entiende al primer vistazo, sin ambigüedades importantes.",25,,,"Suena natural, con buena gramática y cohesión.",15,,,"Tono cercano, educativo, neutral y apropiado para el público.",10,,,"Palabras comunes, oraciones cortas, sin tecnicismos innecesarios.",10,,,"Orden lógico, párrafos manejables, presentación clara.",5,,,Cifras con contexto y simplificadas correctamente.,5,,,,"1, 2, 3, 4 o 5",,,
5187,few-shot_hariel_llama3_llama3_cfg_3_R1,prompting,Documente todos sus gastos e ingresos o compárelos con lo que usted planificó que iba a gastar en el mes.,Documente todos sus gastos e ingresos y compárelos con lo que usted planificó que iba a gastar en el mes.,Asegúrate de documentar tus gastos y ingresos para compararlos con tu presupuesto mensual.,"Conserva ideas centrales, datos clave y relaciones del original.",30,,,"Se entiende al primer vistazo, sin ambigüedades importantes.",25,,,"Suena natural, con buena gramática y cohesión.",15,,,"Tono cercano, educativo, neutral y apropiado para el público.",10,,,"Palabras comunes, oraciones cortas, sin tecnicismos innecesarios.",10,,,"Orden lógico, párrafos manejables, presentación clara.",5,,,Cifras con contexto y simplificadas correctamente.,5,,,,"1, 2, 3, 4 o 5",,,
5187,few-shot_nancy_llama3_llama3_cfg_2_R2,prompting,Documente todos sus gastos e ingresos o compárelos con lo que usted planificó que iba a gastar en el mes.,Documente todos sus gastos e ingresos y compárelos con lo que usted planificó que iba a gastar en el mes.,Anota todo tus gastos y ingresos para compararlos con tu plan de gasto del mes.,"Conserva ideas centrales, datos clave y relaciones del original.",30,,,"Se entiende al primer vistazo, sin ambigüedades importantes.",25,,,"Suena natural, con buena gramática y cohesión.",15,,,"Tono cercano, educativo, neutral y apropiado para el público.",10,,,"Palabras comunes, oraciones cortas, sin tecnicismos innecesarios.",10,,,"Orden lógico, párrafos manejables, presentación clara.",5,,,Cifras con contexto y simplificadas correctamente.,5,,,,"1, 2, 3, 4 o 5",,,
5187,lora_llama3,lora,Documente todos sus gastos e ingresos o compárelos con lo que usted planificó que iba a gastar en el mes.,Documente todos sus gastos e ingresos y compárelos con lo que usted planificó que iba a gastar en el mes.,Documente todos sus gastos e ingresos.,"Conserva ideas centrales, datos clave y relaciones del original.",30,,,"Se entiende al primer vistazo, sin ambigüedades importantes.",25,,,"Suena natural, con buena gramática y cohesión.",15,,,"Tono cercano, educativo, neutral y apropiado para el público.",10,,,"Palabras comunes, oraciones cortas, sin tecnicismos innecesarios.",10,,,"Orden lógico, párrafos manejables, presentación clara.",5,,,Cifras con contexto y simplificadas correctamente.,5,,,,"1, 2, 3, 4 o 5",,,
5187,lora_mistral,lora,Documente todos sus gastos e ingresos o compárelos con lo que usted planificó que iba a gastar en el mes.,Documente todos sus gastos e ingresos y compárelos con lo que usted planificó que iba a gastar en el mes.,Documente todos sus gastos e ingresos.,"Conserva ideas centrales, datos clave y relaciones del original.",30,,,"Se entiende al primer vistazo, sin ambigüedades importantes.",25,,,"Suena natural, con buena gramática y cohesión.",15,,,"Tono cercano, educativo, neutral y apropiado para el público.",10,,,"Palabras comunes, oraciones cortas, sin tecnicismos innecesarios.",10,,,"Orden lógico, párrafos manejables, presentación clara.",5,,,Cifras con contexto y simplificadas correctamente.,5,,,,"1, 2, 3, 4 o 5",,,
5187,zero-shot_hariel_llama3_hariel_llama3_cfg_1_R0,prompting,Documente todos sus gastos e ingresos o compárelos con lo que usted planificó que iba a gastar en el mes.,Documente todos sus gastos e ingresos y compárelos con lo que usted planificó que iba a gastar en el mes.,Cuenta todos tus gastos y comparalos con lo que planeaste gastar este mes.,"Conserva ideas centrales, datos clave y relaciones del original.",30,,,"Se entiende al primer vistazo, sin ambigüedades importantes.",25,,,"Suena natural, con buena gramática y cohesión.",15,,,"Tono cercano, educativo, neutral y apropiado para el público.",10,,,"Palabras comunes, oraciones cortas, sin tecnicismos innecesarios.",10,,,"Orden lógico, párrafos manejables, presentación clara.",5,,,Cifras con contexto y simplificadas correctamente.,5,,,,"1, 2, 3, 4 o 5",,,
5187,zero-shot_nancy_mistral_nancy_mistral_cfg_2_R4,prompting,Documente todos sus gastos e ingresos o compárelos con lo que usted planificó que iba a gastar en el mes.,Documente todos sus gastos e ingresos y compárelos con lo que usted planificó que iba a gastar en el mes.,"Registra todos tus gastos y ingresos, o comparálos con lo que planeabas gastar en un mes.

(Record all your expenses and income, or compare them with what you planned to spend in a month.)","Conserva ideas centrales, datos clave y relaciones del original.",30,,,"Se entiende al primer vistazo, sin ambigüedades importantes.",25,,,"Suena natural, con buena gramática y cohesión.",15,,,"Tono cercano, educativo, neutral y apropiado para el público.",10,,,"Palabras comunes, oraciones cortas, sin tecnicismos innecesarios.",10,,,"Orden lógico, párrafos manejables, presentación clara.",5,,,Cifras con contexto y simplificadas correctamente.,5,,,,"1, 2, 3, 4 o 5",,,
