experiment_id,run_id,timestamp,dataset_name,fold_id,split_name,model_key,model_id,backend,prompt_type,ruleset,few_shot_example_ids,generation_config,sample_id,source_text,reference_text,generated_text,prompt_text,inference_seconds,status,error_message,metrics,row_id,prompt_family,owner,config_label,gen_temperature,gen_top_p,gen_repetition_penalty,gen_max_new_tokens,gen_do_sample,gen_no_repeat_ngram_size
exp_prompting_sample36_top4_20260506_041700,21ddda05-dc04-4b3c-83c1-380a20de7848,2026-05-06T04:22:20.609159,feina_repr30_test_sample36,,sample36,llama3,meta-llama/Meta-Llama-3-8B-Instruct,ollama,few-shot,R1,"[78, 1805, 3635, 5262]","{'temperature': 0.3, 'top_p': 0.9, 'repetition_penalty': 1.15, 'max_new_tokens': 256}",550,"No tiene incentivos ni motivación, dos elementos esenciales en ambientes de competencia.",No tiene sentido ni motivación. Estos elementos son esenciales para la competencia.,Sin motivación y sin incentivos no se puede trabajar bien en un ambiente competitivo.,"Reescribe en español cada texto con lenguaje más claro y sencillo.
Conserva el significado original y no inventes información.
Guía interna de simplificación: usa palabras comunes; evita tecnicismos innecesarios; reemplaza palabras difíciles por palabras simples.

Devuelve solo la versión final simplificada.

Ejemplo 1
Texto: A continuación una tabla donde se demuestra como crecen los ahorros al pasar los años: Edad Inversión Intereses Saldo Inversión Intereses Saldo Laura Ganados Alberto Ganados 22 $800 $80 $880 23 $800 $168 $1.232 Valor al Jubilarse $311.092 Valor al Jubilarse $263.232 Menos las contribuciones iniciales $6.400 Menos las contribuciones iniciales $28.800 Ganancia Neta $304.692 Ganancia Neta $234.
Versión simplificada: A continuación, presentamos una tabla donde se demuestra como crecen los ahorros al pasar los años. Las categorías en que se divide la tabla son edad, inversión, intereses ganados y saldo. La tabla contrasta las ganancias en intereses por año de Laura y Alberto con una proyección de edad de jubilación de sesenta y cinco años y según la cantidad de años que mantuvieron el ahorro.

Ejemplo 2
Texto: El varias veces mencionado Yager, nos dice acertadamente sobre estos aspectos lo siguiente: La mayoría de ustedes están hambrientos de tener libertad financiera, están hastiados de tener batallas financieras porque son como un carrusel.
Versión simplificada: Yager habla acertadamente sobre estos aspectos y dice que la mayoría ambiciona tener libertad financiera y está cansada de tener batallas financieras inútiles.

Ejemplo 3
Texto: De acuerdo con esta medición, la proporción de pobres en la población mundial quienes viven con menos de un dólar por día descendió levemente entre 1987 y 1993, pues pasó del 30% al 29%.
Versión simplificada: Según esta medición, la proporción de personas pobres en la población mundial descendió un poco entre mil novecientos ochenta y siete y mil novecientos noventa y tres. Es decir, el porcentaje de personas que vivían con menos de un dólar por día pasó del treinta al veintinueve por ciento.

Ejemplo 4
Texto: - Rentabilidad
INTERÉS DE 2 PESOS SOBRE UNA INVERSIÓN DE 100 PESOS = RENTABILIDAD DE 2 % ((2 ÷ 100) × 100 = 2%) POR CADA 100 PESOS SE GANAN 2 PESOS
Endeudamiento
DEUDA DE 30 PESOS POR SOBRE EL CAPITAL DE 20 PESOS = ENDEUDAMIENTO DE 1,5 VECES EL CAPITAL (30 ÷ 20 = 1,5) POR CADA PESO DE CAPITAL EXISTE 1,5 PESOS DE DEUDA
Liquidez
80 PESOS DE DINERO DISPONIBLE POR SOBRE DEUDAS DE 40 PESOS = LIQUIDEZ DE DOS VECES EL VALOR DE LA DEUDA (80 ÷ 40 = 2) POR CADA PESO DE DEUDA SE DISPONE DE 2 PESOS PARA PAGO
Versión simplificada: EL INTERÉS DE DOS PESOS SOBRE UNA INVERSIÓN DE CIEN PESOS DA UNA RENTABILIDAD DE DOS POR CIENTO. ES DECIR, POR CADA CIEN PESOS GANAMOS DOS PESOS. LA DEUDA DE TREINTA PESOS SOBRE EL CAPITAL DE VEINTE PESOS RESULTA EN UNA DEUDA DE UNO PUNTO CINCO VECES EL CAPITAL. ES DECIR, POR CADA PESO DE CAPITAL HAY UNO PUNTO CINCO PESOS DE DEUDA. EN OCHENTA PESOS DE DINERO DISPONIBLE SOBRE DEUDAS DE CUARENTA PESOS DA UNA LIQUIDEZ DEL DOBLE DE LA DEUDA. POR CADA PESO ADEUDADO HAY DOS PESOS PARA PAGAR.

Texto: No tiene incentivos ni motivación, dos elementos esenciales en ambientes de competencia.
Versión simplificada:",4.6933,success,,{},550,few-shot,hariel,llama3_cfg_3,0.3,0.9,1.15,256,,
exp_prompting_sample36_top4_20260506_041700,6518878a-1ab7-4770-9f1e-ecba5a1c4173,2026-05-06T04:22:25.655169,feina_repr30_test_sample36,,sample36,llama3,meta-llama/Meta-Llama-3-8B-Instruct,ollama,few-shot,R1,"[78, 1805, 3635, 5262]","{'temperature': 0.3, 'top_p': 0.9, 'repetition_penalty': 1.15, 'max_new_tokens': 256}",571,"En los procesos de importaciones y exportaciones intervienen, además de clientes y proveedores, instituciones del Estado y los bancos, tal como se indica en el siguiente recuadro:",Clientes y proveedores intervienen en las importancias y exportaciones. También lo hacen las instituciones estatales y los banco como se indica a continuación:,"En la importación y exportación, también participan instituciones gubernamentales y bancos, como se muestra a continuación.","Reescribe en español cada texto con lenguaje más claro y sencillo.
Conserva el significado original y no inventes información.
Guía interna de simplificación: usa palabras comunes; evita tecnicismos innecesarios; reemplaza palabras difíciles por palabras simples.

Devuelve solo la versión final simplificada.

Ejemplo 1
Texto: A continuación una tabla donde se demuestra como crecen los ahorros al pasar los años: Edad Inversión Intereses Saldo Inversión Intereses Saldo Laura Ganados Alberto Ganados 22 $800 $80 $880 23 $800 $168 $1.232 Valor al Jubilarse $311.092 Valor al Jubilarse $263.232 Menos las contribuciones iniciales $6.400 Menos las contribuciones iniciales $28.800 Ganancia Neta $304.692 Ganancia Neta $234.
Versión simplificada: A continuación, presentamos una tabla donde se demuestra como crecen los ahorros al pasar los años. Las categorías en que se divide la tabla son edad, inversión, intereses ganados y saldo. La tabla contrasta las ganancias en intereses por año de Laura y Alberto con una proyección de edad de jubilación de sesenta y cinco años y según la cantidad de años que mantuvieron el ahorro.

Ejemplo 2
Texto: El varias veces mencionado Yager, nos dice acertadamente sobre estos aspectos lo siguiente: La mayoría de ustedes están hambrientos de tener libertad financiera, están hastiados de tener batallas financieras porque son como un carrusel.
Versión simplificada: Yager habla acertadamente sobre estos aspectos y dice que la mayoría ambiciona tener libertad financiera y está cansada de tener batallas financieras inútiles.

Ejemplo 3
Texto: De acuerdo con esta medición, la proporción de pobres en la población mundial quienes viven con menos de un dólar por día descendió levemente entre 1987 y 1993, pues pasó del 30% al 29%.
Versión simplificada: Según esta medición, la proporción de personas pobres en la población mundial descendió un poco entre mil novecientos ochenta y siete y mil novecientos noventa y tres. Es decir, el porcentaje de personas que vivían con menos de un dólar por día pasó del treinta al veintinueve por ciento.

Ejemplo 4
Texto: - Rentabilidad
INTERÉS DE 2 PESOS SOBRE UNA INVERSIÓN DE 100 PESOS = RENTABILIDAD DE 2 % ((2 ÷ 100) × 100 = 2%) POR CADA 100 PESOS SE GANAN 2 PESOS
Endeudamiento
DEUDA DE 30 PESOS POR SOBRE EL CAPITAL DE 20 PESOS = ENDEUDAMIENTO DE 1,5 VECES EL CAPITAL (30 ÷ 20 = 1,5) POR CADA PESO DE CAPITAL EXISTE 1,5 PESOS DE DEUDA
Liquidez
80 PESOS DE DINERO DISPONIBLE POR SOBRE DEUDAS DE 40 PESOS = LIQUIDEZ DE DOS VECES EL VALOR DE LA DEUDA (80 ÷ 40 = 2) POR CADA PESO DE DEUDA SE DISPONE DE 2 PESOS PARA PAGO
Versión simplificada: EL INTERÉS DE DOS PESOS SOBRE UNA INVERSIÓN DE CIEN PESOS DA UNA RENTABILIDAD DE DOS POR CIENTO. ES DECIR, POR CADA CIEN PESOS GANAMOS DOS PESOS. LA DEUDA DE TREINTA PESOS SOBRE EL CAPITAL DE VEINTE PESOS RESULTA EN UNA DEUDA DE UNO PUNTO CINCO VECES EL CAPITAL. ES DECIR, POR CADA PESO DE CAPITAL HAY UNO PUNTO CINCO PESOS DE DEUDA. EN OCHENTA PESOS DE DINERO DISPONIBLE SOBRE DEUDAS DE CUARENTA PESOS DA UNA LIQUIDEZ DEL DOBLE DE LA DEUDA. POR CADA PESO ADEUDADO HAY DOS PESOS PARA PAGAR.

Texto: En los procesos de importaciones y exportaciones intervienen, además de clientes y proveedores, instituciones del Estado y los bancos, tal como se indica en el siguiente recuadro:
Versión simplificada:",4.8954,success,,{},571,few-shot,hariel,llama3_cfg_3,0.3,0.9,1.15,256,,
exp_prompting_sample36_top4_20260506_041700,cfe2ae1c-59f3-4de1-9936-385aaaa0d6c9,2026-05-06T04:22:31.113044,feina_repr30_test_sample36,,sample36,llama3,meta-llama/Meta-Llama-3-8B-Instruct,ollama,few-shot,R1,"[78, 1805, 3635, 5262]","{'temperature': 0.3, 'top_p': 0.9, 'repetition_penalty': 1.15, 'max_new_tokens': 256}",885,"El robo de identidad ocurre cuando su información personal, tal como su nombre, número de cuenta, o número de cédula de identidad se usan sin su conocimiento para cometer un fraude o robo.","El robo de identidad ocurre cuando su información personal como su nombre, número de cuenta, o número de cédula de identidad se usan sin su conocimiento para cometer un fraude o robo.","El robo de identidad es cuando alguien utiliza tu información personal, como tu nombre y números de cuenta o cédula de identidad, sin tu permiso para hacer trucos malintencionados.","Reescribe en español cada texto con lenguaje más claro y sencillo.
Conserva el significado original y no inventes información.
Guía interna de simplificación: usa palabras comunes; evita tecnicismos innecesarios; reemplaza palabras difíciles por palabras simples.

Devuelve solo la versión final simplificada.

Ejemplo 1
Texto: A continuación una tabla donde se demuestra como crecen los ahorros al pasar los años: Edad Inversión Intereses Saldo Inversión Intereses Saldo Laura Ganados Alberto Ganados 22 $800 $80 $880 23 $800 $168 $1.232 Valor al Jubilarse $311.092 Valor al Jubilarse $263.232 Menos las contribuciones iniciales $6.400 Menos las contribuciones iniciales $28.800 Ganancia Neta $304.692 Ganancia Neta $234.
Versión simplificada: A continuación, presentamos una tabla donde se demuestra como crecen los ahorros al pasar los años. Las categorías en que se divide la tabla son edad, inversión, intereses ganados y saldo. La tabla contrasta las ganancias en intereses por año de Laura y Alberto con una proyección de edad de jubilación de sesenta y cinco años y según la cantidad de años que mantuvieron el ahorro.

Ejemplo 2
Texto: El varias veces mencionado Yager, nos dice acertadamente sobre estos aspectos lo siguiente: La mayoría de ustedes están hambrientos de tener libertad financiera, están hastiados de tener batallas financieras porque son como un carrusel.
Versión simplificada: Yager habla acertadamente sobre estos aspectos y dice que la mayoría ambiciona tener libertad financiera y está cansada de tener batallas financieras inútiles.

Ejemplo 3
Texto: De acuerdo con esta medición, la proporción de pobres en la población mundial quienes viven con menos de un dólar por día descendió levemente entre 1987 y 1993, pues pasó del 30% al 29%.
Versión simplificada: Según esta medición, la proporción de personas pobres en la población mundial descendió un poco entre mil novecientos ochenta y siete y mil novecientos noventa y tres. Es decir, el porcentaje de personas que vivían con menos de un dólar por día pasó del treinta al veintinueve por ciento.

Ejemplo 4
Texto: - Rentabilidad
INTERÉS DE 2 PESOS SOBRE UNA INVERSIÓN DE 100 PESOS = RENTABILIDAD DE 2 % ((2 ÷ 100) × 100 = 2%) POR CADA 100 PESOS SE GANAN 2 PESOS
Endeudamiento
DEUDA DE 30 PESOS POR SOBRE EL CAPITAL DE 20 PESOS = ENDEUDAMIENTO DE 1,5 VECES EL CAPITAL (30 ÷ 20 = 1,5) POR CADA PESO DE CAPITAL EXISTE 1,5 PESOS DE DEUDA
Liquidez
80 PESOS DE DINERO DISPONIBLE POR SOBRE DEUDAS DE 40 PESOS = LIQUIDEZ DE DOS VECES EL VALOR DE LA DEUDA (80 ÷ 40 = 2) POR CADA PESO DE DEUDA SE DISPONE DE 2 PESOS PARA PAGO
Versión simplificada: EL INTERÉS DE DOS PESOS SOBRE UNA INVERSIÓN DE CIEN PESOS DA UNA RENTABILIDAD DE DOS POR CIENTO. ES DECIR, POR CADA CIEN PESOS GANAMOS DOS PESOS. LA DEUDA DE TREINTA PESOS SOBRE EL CAPITAL DE VEINTE PESOS RESULTA EN UNA DEUDA DE UNO PUNTO CINCO VECES EL CAPITAL. ES DECIR, POR CADA PESO DE CAPITAL HAY UNO PUNTO CINCO PESOS DE DEUDA. EN OCHENTA PESOS DE DINERO DISPONIBLE SOBRE DEUDAS DE CUARENTA PESOS DA UNA LIQUIDEZ DEL DOBLE DE LA DEUDA. POR CADA PESO ADEUDADO HAY DOS PESOS PARA PAGAR.

Texto: El robo de identidad ocurre cuando su información personal, tal como su nombre, número de cuenta, o número de cédula de identidad se usan sin su conocimiento para cometer un fraude o robo.
Versión simplificada:",5.3424,success,,{},885,few-shot,hariel,llama3_cfg_3,0.3,0.9,1.15,256,,
exp_prompting_sample36_top4_20260506_041700,d2f7434e-c29d-417b-a597-4c301c57b111,2026-05-06T04:22:36.832668,feina_repr30_test_sample36,,sample36,llama3,meta-llama/Meta-Llama-3-8B-Instruct,ollama,few-shot,R1,"[78, 1805, 3635, 5262]","{'temperature': 0.3, 'top_p': 0.9, 'repetition_penalty': 1.15, 'max_new_tokens': 256}",1193,"Los sueños de los niños tienen una gran variedad que va desde Tarzán hasta el Agente 007, pasando por Superman.",Los sueños de los niños son variados y van desde Tarzán hasta el Agente 007 y Superman.,"Los niños soñan con cosas como ser Tarzán, el Agente 007 o Superman.","Reescribe en español cada texto con lenguaje más claro y sencillo.
Conserva el significado original y no inventes información.
Guía interna de simplificación: usa palabras comunes; evita tecnicismos innecesarios; reemplaza palabras difíciles por palabras simples.

Devuelve solo la versión final simplificada.

Ejemplo 1
Texto: A continuación una tabla donde se demuestra como crecen los ahorros al pasar los años: Edad Inversión Intereses Saldo Inversión Intereses Saldo Laura Ganados Alberto Ganados 22 $800 $80 $880 23 $800 $168 $1.232 Valor al Jubilarse $311.092 Valor al Jubilarse $263.232 Menos las contribuciones iniciales $6.400 Menos las contribuciones iniciales $28.800 Ganancia Neta $304.692 Ganancia Neta $234.
Versión simplificada: A continuación, presentamos una tabla donde se demuestra como crecen los ahorros al pasar los años. Las categorías en que se divide la tabla son edad, inversión, intereses ganados y saldo. La tabla contrasta las ganancias en intereses por año de Laura y Alberto con una proyección de edad de jubilación de sesenta y cinco años y según la cantidad de años que mantuvieron el ahorro.

Ejemplo 2
Texto: El varias veces mencionado Yager, nos dice acertadamente sobre estos aspectos lo siguiente: La mayoría de ustedes están hambrientos de tener libertad financiera, están hastiados de tener batallas financieras porque son como un carrusel.
Versión simplificada: Yager habla acertadamente sobre estos aspectos y dice que la mayoría ambiciona tener libertad financiera y está cansada de tener batallas financieras inútiles.

Ejemplo 3
Texto: De acuerdo con esta medición, la proporción de pobres en la población mundial quienes viven con menos de un dólar por día descendió levemente entre 1987 y 1993, pues pasó del 30% al 29%.
Versión simplificada: Según esta medición, la proporción de personas pobres en la población mundial descendió un poco entre mil novecientos ochenta y siete y mil novecientos noventa y tres. Es decir, el porcentaje de personas que vivían con menos de un dólar por día pasó del treinta al veintinueve por ciento.

Ejemplo 4
Texto: - Rentabilidad
INTERÉS DE 2 PESOS SOBRE UNA INVERSIÓN DE 100 PESOS = RENTABILIDAD DE 2 % ((2 ÷ 100) × 100 = 2%) POR CADA 100 PESOS SE GANAN 2 PESOS
Endeudamiento
DEUDA DE 30 PESOS POR SOBRE EL CAPITAL DE 20 PESOS = ENDEUDAMIENTO DE 1,5 VECES EL CAPITAL (30 ÷ 20 = 1,5) POR CADA PESO DE CAPITAL EXISTE 1,5 PESOS DE DEUDA
Liquidez
80 PESOS DE DINERO DISPONIBLE POR SOBRE DEUDAS DE 40 PESOS = LIQUIDEZ DE DOS VECES EL VALOR DE LA DEUDA (80 ÷ 40 = 2) POR CADA PESO DE DEUDA SE DISPONE DE 2 PESOS PARA PAGO
Versión simplificada: EL INTERÉS DE DOS PESOS SOBRE UNA INVERSIÓN DE CIEN PESOS DA UNA RENTABILIDAD DE DOS POR CIENTO. ES DECIR, POR CADA CIEN PESOS GANAMOS DOS PESOS. LA DEUDA DE TREINTA PESOS SOBRE EL CAPITAL DE VEINTE PESOS RESULTA EN UNA DEUDA DE UNO PUNTO CINCO VECES EL CAPITAL. ES DECIR, POR CADA PESO DE CAPITAL HAY UNO PUNTO CINCO PESOS DE DEUDA. EN OCHENTA PESOS DE DINERO DISPONIBLE SOBRE DEUDAS DE CUARENTA PESOS DA UNA LIQUIDEZ DEL DOBLE DE LA DEUDA. POR CADA PESO ADEUDADO HAY DOS PESOS PARA PAGAR.

Texto: Los sueños de los niños tienen una gran variedad que va desde Tarzán hasta el Agente 007, pasando por Superman.
Versión simplificada:",4.4775,success,,{},1193,few-shot,hariel,llama3_cfg_3,0.3,0.9,1.15,256,,
exp_prompting_sample36_top4_20260506_041700,28061a0b-11a4-4fcd-897f-42356eb1473b,2026-05-06T04:22:41.834935,feina_repr30_test_sample36,,sample36,llama3,meta-llama/Meta-Llama-3-8B-Instruct,ollama,few-shot,R1,"[78, 1805, 3635, 5262]","{'temperature': 0.3, 'top_p': 0.9, 'repetition_penalty': 1.15, 'max_new_tokens': 256}",1391,Expresiones como soborno y cohecho se refieren a ilícitos vinculados a la compra de la voluntad de un individuo para provecho personal.,Expresiones como soborno y cohecho se refieren a delitos vinculados a comprar la voluntad de alguien para provecho personal.,"Expresiones como ""soborno"" y ""cohecho"" se refieren a actos ilegales que involucran comprar el apoyo o consentimiento de alguien para beneficio propio.","Reescribe en español cada texto con lenguaje más claro y sencillo.
Conserva el significado original y no inventes información.
Guía interna de simplificación: usa palabras comunes; evita tecnicismos innecesarios; reemplaza palabras difíciles por palabras simples.

Devuelve solo la versión final simplificada.

Ejemplo 1
Texto: A continuación una tabla donde se demuestra como crecen los ahorros al pasar los años: Edad Inversión Intereses Saldo Inversión Intereses Saldo Laura Ganados Alberto Ganados 22 $800 $80 $880 23 $800 $168 $1.232 Valor al Jubilarse $311.092 Valor al Jubilarse $263.232 Menos las contribuciones iniciales $6.400 Menos las contribuciones iniciales $28.800 Ganancia Neta $304.692 Ganancia Neta $234.
Versión simplificada: A continuación, presentamos una tabla donde se demuestra como crecen los ahorros al pasar los años. Las categorías en que se divide la tabla son edad, inversión, intereses ganados y saldo. La tabla contrasta las ganancias en intereses por año de Laura y Alberto con una proyección de edad de jubilación de sesenta y cinco años y según la cantidad de años que mantuvieron el ahorro.

Ejemplo 2
Texto: El varias veces mencionado Yager, nos dice acertadamente sobre estos aspectos lo siguiente: La mayoría de ustedes están hambrientos de tener libertad financiera, están hastiados de tener batallas financieras porque son como un carrusel.
Versión simplificada: Yager habla acertadamente sobre estos aspectos y dice que la mayoría ambiciona tener libertad financiera y está cansada de tener batallas financieras inútiles.

Ejemplo 3
Texto: De acuerdo con esta medición, la proporción de pobres en la población mundial quienes viven con menos de un dólar por día descendió levemente entre 1987 y 1993, pues pasó del 30% al 29%.
Versión simplificada: Según esta medición, la proporción de personas pobres en la población mundial descendió un poco entre mil novecientos ochenta y siete y mil novecientos noventa y tres. Es decir, el porcentaje de personas que vivían con menos de un dólar por día pasó del treinta al veintinueve por ciento.

Ejemplo 4
Texto: - Rentabilidad
INTERÉS DE 2 PESOS SOBRE UNA INVERSIÓN DE 100 PESOS = RENTABILIDAD DE 2 % ((2 ÷ 100) × 100 = 2%) POR CADA 100 PESOS SE GANAN 2 PESOS
Endeudamiento
DEUDA DE 30 PESOS POR SOBRE EL CAPITAL DE 20 PESOS = ENDEUDAMIENTO DE 1,5 VECES EL CAPITAL (30 ÷ 20 = 1,5) POR CADA PESO DE CAPITAL EXISTE 1,5 PESOS DE DEUDA
Liquidez
80 PESOS DE DINERO DISPONIBLE POR SOBRE DEUDAS DE 40 PESOS = LIQUIDEZ DE DOS VECES EL VALOR DE LA DEUDA (80 ÷ 40 = 2) POR CADA PESO DE DEUDA SE DISPONE DE 2 PESOS PARA PAGO
Versión simplificada: EL INTERÉS DE DOS PESOS SOBRE UNA INVERSIÓN DE CIEN PESOS DA UNA RENTABILIDAD DE DOS POR CIENTO. ES DECIR, POR CADA CIEN PESOS GANAMOS DOS PESOS. LA DEUDA DE TREINTA PESOS SOBRE EL CAPITAL DE VEINTE PESOS RESULTA EN UNA DEUDA DE UNO PUNTO CINCO VECES EL CAPITAL. ES DECIR, POR CADA PESO DE CAPITAL HAY UNO PUNTO CINCO PESOS DE DEUDA. EN OCHENTA PESOS DE DINERO DISPONIBLE SOBRE DEUDAS DE CUARENTA PESOS DA UNA LIQUIDEZ DEL DOBLE DE LA DEUDA. POR CADA PESO ADEUDADO HAY DOS PESOS PARA PAGAR.

Texto: Expresiones como soborno y cohecho se refieren a ilícitos vinculados a la compra de la voluntad de un individuo para provecho personal.
Versión simplificada:",6.2717,success,,{},1391,few-shot,hariel,llama3_cfg_3,0.3,0.9,1.15,256,,
exp_prompting_sample36_top4_20260506_041700,861aa3cb-25e0-405a-89f8-bce7d65bb84b,2026-05-06T04:22:48.462774,feina_repr30_test_sample36,,sample36,llama3,meta-llama/Meta-Llama-3-8B-Instruct,ollama,few-shot,R1,"[78, 1805, 3635, 5262]","{'temperature': 0.3, 'top_p': 0.9, 'repetition_penalty': 1.15, 'max_new_tokens': 256}",1399,"DIRECCIÓN DE PRESUPUESTO (DIPRES): ""formula y lleva el control presupuestario de la nación.""",DIRECCIÓN DE PRESUPUESTO: formula y lleva el control presupuestario de la nación.,La Dirección de Presupuesto es responsable de crear y supervisar los presupuestos del país.,"Reescribe en español cada texto con lenguaje más claro y sencillo.
Conserva el significado original y no inventes información.
Guía interna de simplificación: usa palabras comunes; evita tecnicismos innecesarios; reemplaza palabras difíciles por palabras simples.

Devuelve solo la versión final simplificada.

Ejemplo 1
Texto: A continuación una tabla donde se demuestra como crecen los ahorros al pasar los años: Edad Inversión Intereses Saldo Inversión Intereses Saldo Laura Ganados Alberto Ganados 22 $800 $80 $880 23 $800 $168 $1.232 Valor al Jubilarse $311.092 Valor al Jubilarse $263.232 Menos las contribuciones iniciales $6.400 Menos las contribuciones iniciales $28.800 Ganancia Neta $304.692 Ganancia Neta $234.
Versión simplificada: A continuación, presentamos una tabla donde se demuestra como crecen los ahorros al pasar los años. Las categorías en que se divide la tabla son edad, inversión, intereses ganados y saldo. La tabla contrasta las ganancias en intereses por año de Laura y Alberto con una proyección de edad de jubilación de sesenta y cinco años y según la cantidad de años que mantuvieron el ahorro.

Ejemplo 2
Texto: El varias veces mencionado Yager, nos dice acertadamente sobre estos aspectos lo siguiente: La mayoría de ustedes están hambrientos de tener libertad financiera, están hastiados de tener batallas financieras porque son como un carrusel.
Versión simplificada: Yager habla acertadamente sobre estos aspectos y dice que la mayoría ambiciona tener libertad financiera y está cansada de tener batallas financieras inútiles.

Ejemplo 3
Texto: De acuerdo con esta medición, la proporción de pobres en la población mundial quienes viven con menos de un dólar por día descendió levemente entre 1987 y 1993, pues pasó del 30% al 29%.
Versión simplificada: Según esta medición, la proporción de personas pobres en la población mundial descendió un poco entre mil novecientos ochenta y siete y mil novecientos noventa y tres. Es decir, el porcentaje de personas que vivían con menos de un dólar por día pasó del treinta al veintinueve por ciento.

Ejemplo 4
Texto: - Rentabilidad
INTERÉS DE 2 PESOS SOBRE UNA INVERSIÓN DE 100 PESOS = RENTABILIDAD DE 2 % ((2 ÷ 100) × 100 = 2%) POR CADA 100 PESOS SE GANAN 2 PESOS
Endeudamiento
DEUDA DE 30 PESOS POR SOBRE EL CAPITAL DE 20 PESOS = ENDEUDAMIENTO DE 1,5 VECES EL CAPITAL (30 ÷ 20 = 1,5) POR CADA PESO DE CAPITAL EXISTE 1,5 PESOS DE DEUDA
Liquidez
80 PESOS DE DINERO DISPONIBLE POR SOBRE DEUDAS DE 40 PESOS = LIQUIDEZ DE DOS VECES EL VALOR DE LA DEUDA (80 ÷ 40 = 2) POR CADA PESO DE DEUDA SE DISPONE DE 2 PESOS PARA PAGO
Versión simplificada: EL INTERÉS DE DOS PESOS SOBRE UNA INVERSIÓN DE CIEN PESOS DA UNA RENTABILIDAD DE DOS POR CIENTO. ES DECIR, POR CADA CIEN PESOS GANAMOS DOS PESOS. LA DEUDA DE TREINTA PESOS SOBRE EL CAPITAL DE VEINTE PESOS RESULTA EN UNA DEUDA DE UNO PUNTO CINCO VECES EL CAPITAL. ES DECIR, POR CADA PESO DE CAPITAL HAY UNO PUNTO CINCO PESOS DE DEUDA. EN OCHENTA PESOS DE DINERO DISPONIBLE SOBRE DEUDAS DE CUARENTA PESOS DA UNA LIQUIDEZ DEL DOBLE DE LA DEUDA. POR CADA PESO ADEUDADO HAY DOS PESOS PARA PAGAR.

Texto: DIRECCIÓN DE PRESUPUESTO (DIPRES): ""formula y lleva el control presupuestario de la nación.""
Versión simplificada:",4.7445,success,,{},1399,few-shot,hariel,llama3_cfg_3,0.3,0.9,1.15,256,,
exp_prompting_sample36_top4_20260506_041700,3e2cdc05-62fc-4597-90b0-c83e22d7bb01,2026-05-06T04:22:53.557908,feina_repr30_test_sample36,,sample36,llama3,meta-llama/Meta-Llama-3-8B-Instruct,ollama,few-shot,R1,"[78, 1805, 3635, 5262]","{'temperature': 0.3, 'top_p': 0.9, 'repetition_penalty': 1.15, 'max_new_tokens': 256}",1636,"Interés compuesto: Es la suma del capital y el interés acumulado, que se va multiplicando según los plazos convenidos. La tasa de interés es el porcentaje que se aplica a un préstamo o inversión realizada.",El interés compuesto es la suma del capital y el interés acumulado. La tasa de interés es el porcentaje aplicado a un préstamo o inversión realizada.,"El interés compuesto es la suma del capital y el interés acumulado, que crece según el tiempo convenido. La tasa de interés es el porcentaje aplicado a un préstamo o inversión.","Reescribe en español cada texto con lenguaje más claro y sencillo.
Conserva el significado original y no inventes información.
Guía interna de simplificación: usa palabras comunes; evita tecnicismos innecesarios; reemplaza palabras difíciles por palabras simples.

Devuelve solo la versión final simplificada.

Ejemplo 1
Texto: A continuación una tabla donde se demuestra como crecen los ahorros al pasar los años: Edad Inversión Intereses Saldo Inversión Intereses Saldo Laura Ganados Alberto Ganados 22 $800 $80 $880 23 $800 $168 $1.232 Valor al Jubilarse $311.092 Valor al Jubilarse $263.232 Menos las contribuciones iniciales $6.400 Menos las contribuciones iniciales $28.800 Ganancia Neta $304.692 Ganancia Neta $234.
Versión simplificada: A continuación, presentamos una tabla donde se demuestra como crecen los ahorros al pasar los años. Las categorías en que se divide la tabla son edad, inversión, intereses ganados y saldo. La tabla contrasta las ganancias en intereses por año de Laura y Alberto con una proyección de edad de jubilación de sesenta y cinco años y según la cantidad de años que mantuvieron el ahorro.

Ejemplo 2
Texto: El varias veces mencionado Yager, nos dice acertadamente sobre estos aspectos lo siguiente: La mayoría de ustedes están hambrientos de tener libertad financiera, están hastiados de tener batallas financieras porque son como un carrusel.
Versión simplificada: Yager habla acertadamente sobre estos aspectos y dice que la mayoría ambiciona tener libertad financiera y está cansada de tener batallas financieras inútiles.

Ejemplo 3
Texto: De acuerdo con esta medición, la proporción de pobres en la población mundial quienes viven con menos de un dólar por día descendió levemente entre 1987 y 1993, pues pasó del 30% al 29%.
Versión simplificada: Según esta medición, la proporción de personas pobres en la población mundial descendió un poco entre mil novecientos ochenta y siete y mil novecientos noventa y tres. Es decir, el porcentaje de personas que vivían con menos de un dólar por día pasó del treinta al veintinueve por ciento.

Ejemplo 4
Texto: - Rentabilidad
INTERÉS DE 2 PESOS SOBRE UNA INVERSIÓN DE 100 PESOS = RENTABILIDAD DE 2 % ((2 ÷ 100) × 100 = 2%) POR CADA 100 PESOS SE GANAN 2 PESOS
Endeudamiento
DEUDA DE 30 PESOS POR SOBRE EL CAPITAL DE 20 PESOS = ENDEUDAMIENTO DE 1,5 VECES EL CAPITAL (30 ÷ 20 = 1,5) POR CADA PESO DE CAPITAL EXISTE 1,5 PESOS DE DEUDA
Liquidez
80 PESOS DE DINERO DISPONIBLE POR SOBRE DEUDAS DE 40 PESOS = LIQUIDEZ DE DOS VECES EL VALOR DE LA DEUDA (80 ÷ 40 = 2) POR CADA PESO DE DEUDA SE DISPONE DE 2 PESOS PARA PAGO
Versión simplificada: EL INTERÉS DE DOS PESOS SOBRE UNA INVERSIÓN DE CIEN PESOS DA UNA RENTABILIDAD DE DOS POR CIENTO. ES DECIR, POR CADA CIEN PESOS GANAMOS DOS PESOS. LA DEUDA DE TREINTA PESOS SOBRE EL CAPITAL DE VEINTE PESOS RESULTA EN UNA DEUDA DE UNO PUNTO CINCO VECES EL CAPITAL. ES DECIR, POR CADA PESO DE CAPITAL HAY UNO PUNTO CINCO PESOS DE DEUDA. EN OCHENTA PESOS DE DINERO DISPONIBLE SOBRE DEUDAS DE CUARENTA PESOS DA UNA LIQUIDEZ DEL DOBLE DE LA DEUDA. POR CADA PESO ADEUDADO HAY DOS PESOS PARA PAGAR.

Texto: Interés compuesto: Es la suma del capital y el interés acumulado, que se va multiplicando según los plazos convenidos. La tasa de interés es el porcentaje que se aplica a un préstamo o inversión realizada.
Versión simplificada:",6.0886,success,,{},1636,few-shot,hariel,llama3_cfg_3,0.3,0.9,1.15,256,,
exp_prompting_sample36_top4_20260506_041700,d08c60a9-0862-4daf-ab6b-a110afcfc0e8,2026-05-06T04:23:00.001949,feina_repr30_test_sample36,,sample36,llama3,meta-llama/Meta-Llama-3-8B-Instruct,ollama,few-shot,R1,"[78, 1805, 3635, 5262]","{'temperature': 0.3, 'top_p': 0.9, 'repetition_penalty': 1.15, 'max_new_tokens': 256}",1740,La producción en un país se realiza mediante lo que se conoce como factores de producción y de los cuales nos ocuparemos en detalle más adelante.,A través de los factores de producción se realiza la producción en un país. Más adelante nos ocuparemos en detalle de estos factores.,"La producción en un país se hace utilizando factores como capital, trabajo y recursos naturales.","Reescribe en español cada texto con lenguaje más claro y sencillo.
Conserva el significado original y no inventes información.
Guía interna de simplificación: usa palabras comunes; evita tecnicismos innecesarios; reemplaza palabras difíciles por palabras simples.

Devuelve solo la versión final simplificada.

Ejemplo 1
Texto: A continuación una tabla donde se demuestra como crecen los ahorros al pasar los años: Edad Inversión Intereses Saldo Inversión Intereses Saldo Laura Ganados Alberto Ganados 22 $800 $80 $880 23 $800 $168 $1.232 Valor al Jubilarse $311.092 Valor al Jubilarse $263.232 Menos las contribuciones iniciales $6.400 Menos las contribuciones iniciales $28.800 Ganancia Neta $304.692 Ganancia Neta $234.
Versión simplificada: A continuación, presentamos una tabla donde se demuestra como crecen los ahorros al pasar los años. Las categorías en que se divide la tabla son edad, inversión, intereses ganados y saldo. La tabla contrasta las ganancias en intereses por año de Laura y Alberto con una proyección de edad de jubilación de sesenta y cinco años y según la cantidad de años que mantuvieron el ahorro.

Ejemplo 2
Texto: El varias veces mencionado Yager, nos dice acertadamente sobre estos aspectos lo siguiente: La mayoría de ustedes están hambrientos de tener libertad financiera, están hastiados de tener batallas financieras porque son como un carrusel.
Versión simplificada: Yager habla acertadamente sobre estos aspectos y dice que la mayoría ambiciona tener libertad financiera y está cansada de tener batallas financieras inútiles.

Ejemplo 3
Texto: De acuerdo con esta medición, la proporción de pobres en la población mundial quienes viven con menos de un dólar por día descendió levemente entre 1987 y 1993, pues pasó del 30% al 29%.
Versión simplificada: Según esta medición, la proporción de personas pobres en la población mundial descendió un poco entre mil novecientos ochenta y siete y mil novecientos noventa y tres. Es decir, el porcentaje de personas que vivían con menos de un dólar por día pasó del treinta al veintinueve por ciento.

Ejemplo 4
Texto: - Rentabilidad
INTERÉS DE 2 PESOS SOBRE UNA INVERSIÓN DE 100 PESOS = RENTABILIDAD DE 2 % ((2 ÷ 100) × 100 = 2%) POR CADA 100 PESOS SE GANAN 2 PESOS
Endeudamiento
DEUDA DE 30 PESOS POR SOBRE EL CAPITAL DE 20 PESOS = ENDEUDAMIENTO DE 1,5 VECES EL CAPITAL (30 ÷ 20 = 1,5) POR CADA PESO DE CAPITAL EXISTE 1,5 PESOS DE DEUDA
Liquidez
80 PESOS DE DINERO DISPONIBLE POR SOBRE DEUDAS DE 40 PESOS = LIQUIDEZ DE DOS VECES EL VALOR DE LA DEUDA (80 ÷ 40 = 2) POR CADA PESO DE DEUDA SE DISPONE DE 2 PESOS PARA PAGO
Versión simplificada: EL INTERÉS DE DOS PESOS SOBRE UNA INVERSIÓN DE CIEN PESOS DA UNA RENTABILIDAD DE DOS POR CIENTO. ES DECIR, POR CADA CIEN PESOS GANAMOS DOS PESOS. LA DEUDA DE TREINTA PESOS SOBRE EL CAPITAL DE VEINTE PESOS RESULTA EN UNA DEUDA DE UNO PUNTO CINCO VECES EL CAPITAL. ES DECIR, POR CADA PESO DE CAPITAL HAY UNO PUNTO CINCO PESOS DE DEUDA. EN OCHENTA PESOS DE DINERO DISPONIBLE SOBRE DEUDAS DE CUARENTA PESOS DA UNA LIQUIDEZ DEL DOBLE DE LA DEUDA. POR CADA PESO ADEUDADO HAY DOS PESOS PARA PAGAR.

Texto: La producción en un país se realiza mediante lo que se conoce como factores de producción y de los cuales nos ocuparemos en detalle más adelante.
Versión simplificada:",4.4969,success,,{},1740,few-shot,hariel,llama3_cfg_3,0.3,0.9,1.15,256,,
exp_prompting_sample36_top4_20260506_041700,1da82cd1-1369-4b2b-99bf-57ed5b882d04,2026-05-06T04:23:04.865669,feina_repr30_test_sample36,,sample36,llama3,meta-llama/Meta-Llama-3-8B-Instruct,ollama,few-shot,R1,"[78, 1805, 3635, 5262]","{'temperature': 0.3, 'top_p': 0.9, 'repetition_penalty': 1.15, 'max_new_tokens': 256}",1742,"A pesar de que algunos critican al intermediario, se necesita a este individuo en la economía.","Aunque algunas personas critican al intermediario, este individuo es necesario en la economía.","Aunque algunos lo critiquen, el intermediario es necesario en la economía.","Reescribe en español cada texto con lenguaje más claro y sencillo.
Conserva el significado original y no inventes información.
Guía interna de simplificación: usa palabras comunes; evita tecnicismos innecesarios; reemplaza palabras difíciles por palabras simples.

Devuelve solo la versión final simplificada.

Ejemplo 1
Texto: A continuación una tabla donde se demuestra como crecen los ahorros al pasar los años: Edad Inversión Intereses Saldo Inversión Intereses Saldo Laura Ganados Alberto Ganados 22 $800 $80 $880 23 $800 $168 $1.232 Valor al Jubilarse $311.092 Valor al Jubilarse $263.232 Menos las contribuciones iniciales $6.400 Menos las contribuciones iniciales $28.800 Ganancia Neta $304.692 Ganancia Neta $234.
Versión simplificada: A continuación, presentamos una tabla donde se demuestra como crecen los ahorros al pasar los años. Las categorías en que se divide la tabla son edad, inversión, intereses ganados y saldo. La tabla contrasta las ganancias en intereses por año de Laura y Alberto con una proyección de edad de jubilación de sesenta y cinco años y según la cantidad de años que mantuvieron el ahorro.

Ejemplo 2
Texto: El varias veces mencionado Yager, nos dice acertadamente sobre estos aspectos lo siguiente: La mayoría de ustedes están hambrientos de tener libertad financiera, están hastiados de tener batallas financieras porque son como un carrusel.
Versión simplificada: Yager habla acertadamente sobre estos aspectos y dice que la mayoría ambiciona tener libertad financiera y está cansada de tener batallas financieras inútiles.

Ejemplo 3
Texto: De acuerdo con esta medición, la proporción de pobres en la población mundial quienes viven con menos de un dólar por día descendió levemente entre 1987 y 1993, pues pasó del 30% al 29%.
Versión simplificada: Según esta medición, la proporción de personas pobres en la población mundial descendió un poco entre mil novecientos ochenta y siete y mil novecientos noventa y tres. Es decir, el porcentaje de personas que vivían con menos de un dólar por día pasó del treinta al veintinueve por ciento.

Ejemplo 4
Texto: - Rentabilidad
INTERÉS DE 2 PESOS SOBRE UNA INVERSIÓN DE 100 PESOS = RENTABILIDAD DE 2 % ((2 ÷ 100) × 100 = 2%) POR CADA 100 PESOS SE GANAN 2 PESOS
Endeudamiento
DEUDA DE 30 PESOS POR SOBRE EL CAPITAL DE 20 PESOS = ENDEUDAMIENTO DE 1,5 VECES EL CAPITAL (30 ÷ 20 = 1,5) POR CADA PESO DE CAPITAL EXISTE 1,5 PESOS DE DEUDA
Liquidez
80 PESOS DE DINERO DISPONIBLE POR SOBRE DEUDAS DE 40 PESOS = LIQUIDEZ DE DOS VECES EL VALOR DE LA DEUDA (80 ÷ 40 = 2) POR CADA PESO DE DEUDA SE DISPONE DE 2 PESOS PARA PAGO
Versión simplificada: EL INTERÉS DE DOS PESOS SOBRE UNA INVERSIÓN DE CIEN PESOS DA UNA RENTABILIDAD DE DOS POR CIENTO. ES DECIR, POR CADA CIEN PESOS GANAMOS DOS PESOS. LA DEUDA DE TREINTA PESOS SOBRE EL CAPITAL DE VEINTE PESOS RESULTA EN UNA DEUDA DE UNO PUNTO CINCO VECES EL CAPITAL. ES DECIR, POR CADA PESO DE CAPITAL HAY UNO PUNTO CINCO PESOS DE DEUDA. EN OCHENTA PESOS DE DINERO DISPONIBLE SOBRE DEUDAS DE CUARENTA PESOS DA UNA LIQUIDEZ DEL DOBLE DE LA DEUDA. POR CADA PESO ADEUDADO HAY DOS PESOS PARA PAGAR.

Texto: A pesar de que algunos critican al intermediario, se necesita a este individuo en la economía.
Versión simplificada:",4.6843,success,,{},1742,few-shot,hariel,llama3_cfg_3,0.3,0.9,1.15,256,,
exp_prompting_sample36_top4_20260506_041700,e7aad489-eb15-4ee9-a374-1d118ce3387c,2026-05-06T04:23:10.079830,feina_repr30_test_sample36,,sample36,llama3,meta-llama/Meta-Llama-3-8B-Instruct,ollama,few-shot,R1,"[78, 1805, 3635, 5262]","{'temperature': 0.3, 'top_p': 0.9, 'repetition_penalty': 1.15, 'max_new_tokens': 256}",1790,El impuesto a los réditos es también un buen instrumento para conocer el monto de las rentas y de la riqueza nacional.,El impuesto a las utilidades también es un buen método para conocer el monto de las rentas y de la riqueza nacional.,El impuesto sobre los intereses es una forma efectiva de medir el valor de las rentas y la riqueza del país.,"Reescribe en español cada texto con lenguaje más claro y sencillo.
Conserva el significado original y no inventes información.
Guía interna de simplificación: usa palabras comunes; evita tecnicismos innecesarios; reemplaza palabras difíciles por palabras simples.

Devuelve solo la versión final simplificada.

Ejemplo 1
Texto: A continuación una tabla donde se demuestra como crecen los ahorros al pasar los años: Edad Inversión Intereses Saldo Inversión Intereses Saldo Laura Ganados Alberto Ganados 22 $800 $80 $880 23 $800 $168 $1.232 Valor al Jubilarse $311.092 Valor al Jubilarse $263.232 Menos las contribuciones iniciales $6.400 Menos las contribuciones iniciales $28.800 Ganancia Neta $304.692 Ganancia Neta $234.
Versión simplificada: A continuación, presentamos una tabla donde se demuestra como crecen los ahorros al pasar los años. Las categorías en que se divide la tabla son edad, inversión, intereses ganados y saldo. La tabla contrasta las ganancias en intereses por año de Laura y Alberto con una proyección de edad de jubilación de sesenta y cinco años y según la cantidad de años que mantuvieron el ahorro.

Ejemplo 2
Texto: El varias veces mencionado Yager, nos dice acertadamente sobre estos aspectos lo siguiente: La mayoría de ustedes están hambrientos de tener libertad financiera, están hastiados de tener batallas financieras porque son como un carrusel.
Versión simplificada: Yager habla acertadamente sobre estos aspectos y dice que la mayoría ambiciona tener libertad financiera y está cansada de tener batallas financieras inútiles.

Ejemplo 3
Texto: De acuerdo con esta medición, la proporción de pobres en la población mundial quienes viven con menos de un dólar por día descendió levemente entre 1987 y 1993, pues pasó del 30% al 29%.
Versión simplificada: Según esta medición, la proporción de personas pobres en la población mundial descendió un poco entre mil novecientos ochenta y siete y mil novecientos noventa y tres. Es decir, el porcentaje de personas que vivían con menos de un dólar por día pasó del treinta al veintinueve por ciento.

Ejemplo 4
Texto: - Rentabilidad
INTERÉS DE 2 PESOS SOBRE UNA INVERSIÓN DE 100 PESOS = RENTABILIDAD DE 2 % ((2 ÷ 100) × 100 = 2%) POR CADA 100 PESOS SE GANAN 2 PESOS
Endeudamiento
DEUDA DE 30 PESOS POR SOBRE EL CAPITAL DE 20 PESOS = ENDEUDAMIENTO DE 1,5 VECES EL CAPITAL (30 ÷ 20 = 1,5) POR CADA PESO DE CAPITAL EXISTE 1,5 PESOS DE DEUDA
Liquidez
80 PESOS DE DINERO DISPONIBLE POR SOBRE DEUDAS DE 40 PESOS = LIQUIDEZ DE DOS VECES EL VALOR DE LA DEUDA (80 ÷ 40 = 2) POR CADA PESO DE DEUDA SE DISPONE DE 2 PESOS PARA PAGO
Versión simplificada: EL INTERÉS DE DOS PESOS SOBRE UNA INVERSIÓN DE CIEN PESOS DA UNA RENTABILIDAD DE DOS POR CIENTO. ES DECIR, POR CADA CIEN PESOS GANAMOS DOS PESOS. LA DEUDA DE TREINTA PESOS SOBRE EL CAPITAL DE VEINTE PESOS RESULTA EN UNA DEUDA DE UNO PUNTO CINCO VECES EL CAPITAL. ES DECIR, POR CADA PESO DE CAPITAL HAY UNO PUNTO CINCO PESOS DE DEUDA. EN OCHENTA PESOS DE DINERO DISPONIBLE SOBRE DEUDAS DE CUARENTA PESOS DA UNA LIQUIDEZ DEL DOBLE DE LA DEUDA. POR CADA PESO ADEUDADO HAY DOS PESOS PARA PAGAR.

Texto: El impuesto a los réditos es también un buen instrumento para conocer el monto de las rentas y de la riqueza nacional.
Versión simplificada:",4.9427,success,,{},1790,few-shot,hariel,llama3_cfg_3,0.3,0.9,1.15,256,,
exp_prompting_sample36_top4_20260506_041700,ae70b154-8300-49c2-b794-bec687c5b66f,2026-05-06T04:23:15.403226,feina_repr30_test_sample36,,sample36,llama3,meta-llama/Meta-Llama-3-8B-Instruct,ollama,few-shot,R1,"[78, 1805, 3635, 5262]","{'temperature': 0.3, 'top_p': 0.9, 'repetition_penalty': 1.15, 'max_new_tokens': 256}",1920,"También es de mucha ayuda separar las metas en tres períodos de tiempo para los propósitos de planeamiento, y aun cuando esto ya se trató en el capítulo anterior, se reitera tan importante aspecto, centrados en el tema del presente y con la intención de reforzar el manejo del mismo:","También ayuda separar las metas en tres períodos de tiempo para cumplir con los propósitos planteados. Aunque este aspecto ya se trató en el capítulo anterior, reiteramos su importancia:","Separar las metas en tres períodos de tiempo es útil para planificar. Esto ya se mencionó anteriormente, pero es importante recordarlo para gestionar mejor tus objetivos.","Reescribe en español cada texto con lenguaje más claro y sencillo.
Conserva el significado original y no inventes información.
Guía interna de simplificación: usa palabras comunes; evita tecnicismos innecesarios; reemplaza palabras difíciles por palabras simples.

Devuelve solo la versión final simplificada.

Ejemplo 1
Texto: A continuación una tabla donde se demuestra como crecen los ahorros al pasar los años: Edad Inversión Intereses Saldo Inversión Intereses Saldo Laura Ganados Alberto Ganados 22 $800 $80 $880 23 $800 $168 $1.232 Valor al Jubilarse $311.092 Valor al Jubilarse $263.232 Menos las contribuciones iniciales $6.400 Menos las contribuciones iniciales $28.800 Ganancia Neta $304.692 Ganancia Neta $234.
Versión simplificada: A continuación, presentamos una tabla donde se demuestra como crecen los ahorros al pasar los años. Las categorías en que se divide la tabla son edad, inversión, intereses ganados y saldo. La tabla contrasta las ganancias en intereses por año de Laura y Alberto con una proyección de edad de jubilación de sesenta y cinco años y según la cantidad de años que mantuvieron el ahorro.

Ejemplo 2
Texto: El varias veces mencionado Yager, nos dice acertadamente sobre estos aspectos lo siguiente: La mayoría de ustedes están hambrientos de tener libertad financiera, están hastiados de tener batallas financieras porque son como un carrusel.
Versión simplificada: Yager habla acertadamente sobre estos aspectos y dice que la mayoría ambiciona tener libertad financiera y está cansada de tener batallas financieras inútiles.

Ejemplo 3
Texto: De acuerdo con esta medición, la proporción de pobres en la población mundial quienes viven con menos de un dólar por día descendió levemente entre 1987 y 1993, pues pasó del 30% al 29%.
Versión simplificada: Según esta medición, la proporción de personas pobres en la población mundial descendió un poco entre mil novecientos ochenta y siete y mil novecientos noventa y tres. Es decir, el porcentaje de personas que vivían con menos de un dólar por día pasó del treinta al veintinueve por ciento.

Ejemplo 4
Texto: - Rentabilidad
INTERÉS DE 2 PESOS SOBRE UNA INVERSIÓN DE 100 PESOS = RENTABILIDAD DE 2 % ((2 ÷ 100) × 100 = 2%) POR CADA 100 PESOS SE GANAN 2 PESOS
Endeudamiento
DEUDA DE 30 PESOS POR SOBRE EL CAPITAL DE 20 PESOS = ENDEUDAMIENTO DE 1,5 VECES EL CAPITAL (30 ÷ 20 = 1,5) POR CADA PESO DE CAPITAL EXISTE 1,5 PESOS DE DEUDA
Liquidez
80 PESOS DE DINERO DISPONIBLE POR SOBRE DEUDAS DE 40 PESOS = LIQUIDEZ DE DOS VECES EL VALOR DE LA DEUDA (80 ÷ 40 = 2) POR CADA PESO DE DEUDA SE DISPONE DE 2 PESOS PARA PAGO
Versión simplificada: EL INTERÉS DE DOS PESOS SOBRE UNA INVERSIÓN DE CIEN PESOS DA UNA RENTABILIDAD DE DOS POR CIENTO. ES DECIR, POR CADA CIEN PESOS GANAMOS DOS PESOS. LA DEUDA DE TREINTA PESOS SOBRE EL CAPITAL DE VEINTE PESOS RESULTA EN UNA DEUDA DE UNO PUNTO CINCO VECES EL CAPITAL. ES DECIR, POR CADA PESO DE CAPITAL HAY UNO PUNTO CINCO PESOS DE DEUDA. EN OCHENTA PESOS DE DINERO DISPONIBLE SOBRE DEUDAS DE CUARENTA PESOS DA UNA LIQUIDEZ DEL DOBLE DE LA DEUDA. POR CADA PESO ADEUDADO HAY DOS PESOS PARA PAGAR.

Texto: También es de mucha ayuda separar las metas en tres períodos de tiempo para los propósitos de planeamiento, y aun cuando esto ya se trató en el capítulo anterior, se reitera tan importante aspecto, centrados en el tema del presente y con la intención de reforzar el manejo del mismo:
Versión simplificada:",5.3321,success,,{},1920,few-shot,hariel,llama3_cfg_3,0.3,0.9,1.15,256,,
exp_prompting_sample36_top4_20260506_041700,15245a01-073e-4842-95a1-a4764708bf8e,2026-05-06T04:23:21.244327,feina_repr30_test_sample36,,sample36,llama3,meta-llama/Meta-Llama-3-8B-Instruct,ollama,few-shot,R1,"[78, 1805, 3635, 5262]","{'temperature': 0.3, 'top_p': 0.9, 'repetition_penalty': 1.15, 'max_new_tokens': 256}",2027,Seguridad financiera: Consiste en cumplir con las necesidades que se presentan en el futuro de las personas y al mismo tiempo cumplir con las obligaciones diarias.,"Seguridad financiera, consiste en cumplir con las necesidades económicas que se presentan en el futuro de las personas y también cumplir con las obligaciones financieras diarias.","La seguridad financiera es importante porque te permite pagar tus necesidades actuales y futuras, así como también cumple con tus compromisos diarios.","Reescribe en español cada texto con lenguaje más claro y sencillo.
Conserva el significado original y no inventes información.
Guía interna de simplificación: usa palabras comunes; evita tecnicismos innecesarios; reemplaza palabras difíciles por palabras simples.

Devuelve solo la versión final simplificada.

Ejemplo 1
Texto: A continuación una tabla donde se demuestra como crecen los ahorros al pasar los años: Edad Inversión Intereses Saldo Inversión Intereses Saldo Laura Ganados Alberto Ganados 22 $800 $80 $880 23 $800 $168 $1.232 Valor al Jubilarse $311.092 Valor al Jubilarse $263.232 Menos las contribuciones iniciales $6.400 Menos las contribuciones iniciales $28.800 Ganancia Neta $304.692 Ganancia Neta $234.
Versión simplificada: A continuación, presentamos una tabla donde se demuestra como crecen los ahorros al pasar los años. Las categorías en que se divide la tabla son edad, inversión, intereses ganados y saldo. La tabla contrasta las ganancias en intereses por año de Laura y Alberto con una proyección de edad de jubilación de sesenta y cinco años y según la cantidad de años que mantuvieron el ahorro.

Ejemplo 2
Texto: El varias veces mencionado Yager, nos dice acertadamente sobre estos aspectos lo siguiente: La mayoría de ustedes están hambrientos de tener libertad financiera, están hastiados de tener batallas financieras porque son como un carrusel.
Versión simplificada: Yager habla acertadamente sobre estos aspectos y dice que la mayoría ambiciona tener libertad financiera y está cansada de tener batallas financieras inútiles.

Ejemplo 3
Texto: De acuerdo con esta medición, la proporción de pobres en la población mundial quienes viven con menos de un dólar por día descendió levemente entre 1987 y 1993, pues pasó del 30% al 29%.
Versión simplificada: Según esta medición, la proporción de personas pobres en la población mundial descendió un poco entre mil novecientos ochenta y siete y mil novecientos noventa y tres. Es decir, el porcentaje de personas que vivían con menos de un dólar por día pasó del treinta al veintinueve por ciento.

Ejemplo 4
Texto: - Rentabilidad
INTERÉS DE 2 PESOS SOBRE UNA INVERSIÓN DE 100 PESOS = RENTABILIDAD DE 2 % ((2 ÷ 100) × 100 = 2%) POR CADA 100 PESOS SE GANAN 2 PESOS
Endeudamiento
DEUDA DE 30 PESOS POR SOBRE EL CAPITAL DE 20 PESOS = ENDEUDAMIENTO DE 1,5 VECES EL CAPITAL (30 ÷ 20 = 1,5) POR CADA PESO DE CAPITAL EXISTE 1,5 PESOS DE DEUDA
Liquidez
80 PESOS DE DINERO DISPONIBLE POR SOBRE DEUDAS DE 40 PESOS = LIQUIDEZ DE DOS VECES EL VALOR DE LA DEUDA (80 ÷ 40 = 2) POR CADA PESO DE DEUDA SE DISPONE DE 2 PESOS PARA PAGO
Versión simplificada: EL INTERÉS DE DOS PESOS SOBRE UNA INVERSIÓN DE CIEN PESOS DA UNA RENTABILIDAD DE DOS POR CIENTO. ES DECIR, POR CADA CIEN PESOS GANAMOS DOS PESOS. LA DEUDA DE TREINTA PESOS SOBRE EL CAPITAL DE VEINTE PESOS RESULTA EN UNA DEUDA DE UNO PUNTO CINCO VECES EL CAPITAL. ES DECIR, POR CADA PESO DE CAPITAL HAY UNO PUNTO CINCO PESOS DE DEUDA. EN OCHENTA PESOS DE DINERO DISPONIBLE SOBRE DEUDAS DE CUARENTA PESOS DA UNA LIQUIDEZ DEL DOBLE DE LA DEUDA. POR CADA PESO ADEUDADO HAY DOS PESOS PARA PAGAR.

Texto: Seguridad financiera: Consiste en cumplir con las necesidades que se presentan en el futuro de las personas y al mismo tiempo cumplir con las obligaciones diarias.
Versión simplificada:",5.9758,success,,{},2027,few-shot,hariel,llama3_cfg_3,0.3,0.9,1.15,256,,
exp_prompting_sample36_top4_20260506_041700,03a3ef23-b791-499a-b97c-329eae388ae6,2026-05-06T04:23:27.574443,feina_repr30_test_sample36,,sample36,llama3,meta-llama/Meta-Llama-3-8B-Instruct,ollama,few-shot,R1,"[78, 1805, 3635, 5262]","{'temperature': 0.3, 'top_p': 0.9, 'repetition_penalty': 1.15, 'max_new_tokens': 256}",2065,"La última, pero no menos importante razón, puede ser encontrar un fascinante campo de acción intelectual para comprender el mundo real.",La última es encontrar un campo de acción intelectual para comprender el mundo real.,La razón final es encontrar un tema interesante que te ayude a entender mejor el mundo.,"Reescribe en español cada texto con lenguaje más claro y sencillo.
Conserva el significado original y no inventes información.
Guía interna de simplificación: usa palabras comunes; evita tecnicismos innecesarios; reemplaza palabras difíciles por palabras simples.

Devuelve solo la versión final simplificada.

Ejemplo 1
Texto: A continuación una tabla donde se demuestra como crecen los ahorros al pasar los años: Edad Inversión Intereses Saldo Inversión Intereses Saldo Laura Ganados Alberto Ganados 22 $800 $80 $880 23 $800 $168 $1.232 Valor al Jubilarse $311.092 Valor al Jubilarse $263.232 Menos las contribuciones iniciales $6.400 Menos las contribuciones iniciales $28.800 Ganancia Neta $304.692 Ganancia Neta $234.
Versión simplificada: A continuación, presentamos una tabla donde se demuestra como crecen los ahorros al pasar los años. Las categorías en que se divide la tabla son edad, inversión, intereses ganados y saldo. La tabla contrasta las ganancias en intereses por año de Laura y Alberto con una proyección de edad de jubilación de sesenta y cinco años y según la cantidad de años que mantuvieron el ahorro.

Ejemplo 2
Texto: El varias veces mencionado Yager, nos dice acertadamente sobre estos aspectos lo siguiente: La mayoría de ustedes están hambrientos de tener libertad financiera, están hastiados de tener batallas financieras porque son como un carrusel.
Versión simplificada: Yager habla acertadamente sobre estos aspectos y dice que la mayoría ambiciona tener libertad financiera y está cansada de tener batallas financieras inútiles.

Ejemplo 3
Texto: De acuerdo con esta medición, la proporción de pobres en la población mundial quienes viven con menos de un dólar por día descendió levemente entre 1987 y 1993, pues pasó del 30% al 29%.
Versión simplificada: Según esta medición, la proporción de personas pobres en la población mundial descendió un poco entre mil novecientos ochenta y siete y mil novecientos noventa y tres. Es decir, el porcentaje de personas que vivían con menos de un dólar por día pasó del treinta al veintinueve por ciento.

Ejemplo 4
Texto: - Rentabilidad
INTERÉS DE 2 PESOS SOBRE UNA INVERSIÓN DE 100 PESOS = RENTABILIDAD DE 2 % ((2 ÷ 100) × 100 = 2%) POR CADA 100 PESOS SE GANAN 2 PESOS
Endeudamiento
DEUDA DE 30 PESOS POR SOBRE EL CAPITAL DE 20 PESOS = ENDEUDAMIENTO DE 1,5 VECES EL CAPITAL (30 ÷ 20 = 1,5) POR CADA PESO DE CAPITAL EXISTE 1,5 PESOS DE DEUDA
Liquidez
80 PESOS DE DINERO DISPONIBLE POR SOBRE DEUDAS DE 40 PESOS = LIQUIDEZ DE DOS VECES EL VALOR DE LA DEUDA (80 ÷ 40 = 2) POR CADA PESO DE DEUDA SE DISPONE DE 2 PESOS PARA PAGO
Versión simplificada: EL INTERÉS DE DOS PESOS SOBRE UNA INVERSIÓN DE CIEN PESOS DA UNA RENTABILIDAD DE DOS POR CIENTO. ES DECIR, POR CADA CIEN PESOS GANAMOS DOS PESOS. LA DEUDA DE TREINTA PESOS SOBRE EL CAPITAL DE VEINTE PESOS RESULTA EN UNA DEUDA DE UNO PUNTO CINCO VECES EL CAPITAL. ES DECIR, POR CADA PESO DE CAPITAL HAY UNO PUNTO CINCO PESOS DE DEUDA. EN OCHENTA PESOS DE DINERO DISPONIBLE SOBRE DEUDAS DE CUARENTA PESOS DA UNA LIQUIDEZ DEL DOBLE DE LA DEUDA. POR CADA PESO ADEUDADO HAY DOS PESOS PARA PAGAR.

Texto: La última, pero no menos importante razón, puede ser encontrar un fascinante campo de acción intelectual para comprender el mundo real.
Versión simplificada:",4.7797,success,,{},2065,few-shot,hariel,llama3_cfg_3,0.3,0.9,1.15,256,,
exp_prompting_sample36_top4_20260506_041700,45fe6ba7-7709-4f16-bc29-f48c9b531c59,2026-05-06T04:23:32.709274,feina_repr30_test_sample36,,sample36,llama3,meta-llama/Meta-Llama-3-8B-Instruct,ollama,few-shot,R1,"[78, 1805, 3635, 5262]","{'temperature': 0.3, 'top_p': 0.9, 'repetition_penalty': 1.15, 'max_new_tokens': 256}",2365,"Si el entusiasmo, y esto no es idealismo ramplón, se orienta hacia la salud, la belleza, el éxito, la felicidad, lo más probable es que se obtenga la salud, la belleza, el éxito y la felicidad.","Si el entusiasmo se dirige hacia la salud, la belleza, el éxito, la felicidad es probable que los consigamos.","Si nos enfocamos en la salud, la belleza, el éxito y la felicidad con entusiasmo, es probable que logremos esos objetivos.","Reescribe en español cada texto con lenguaje más claro y sencillo.
Conserva el significado original y no inventes información.
Guía interna de simplificación: usa palabras comunes; evita tecnicismos innecesarios; reemplaza palabras difíciles por palabras simples.

Devuelve solo la versión final simplificada.

Ejemplo 1
Texto: A continuación una tabla donde se demuestra como crecen los ahorros al pasar los años: Edad Inversión Intereses Saldo Inversión Intereses Saldo Laura Ganados Alberto Ganados 22 $800 $80 $880 23 $800 $168 $1.232 Valor al Jubilarse $311.092 Valor al Jubilarse $263.232 Menos las contribuciones iniciales $6.400 Menos las contribuciones iniciales $28.800 Ganancia Neta $304.692 Ganancia Neta $234.
Versión simplificada: A continuación, presentamos una tabla donde se demuestra como crecen los ahorros al pasar los años. Las categorías en que se divide la tabla son edad, inversión, intereses ganados y saldo. La tabla contrasta las ganancias en intereses por año de Laura y Alberto con una proyección de edad de jubilación de sesenta y cinco años y según la cantidad de años que mantuvieron el ahorro.

Ejemplo 2
Texto: El varias veces mencionado Yager, nos dice acertadamente sobre estos aspectos lo siguiente: La mayoría de ustedes están hambrientos de tener libertad financiera, están hastiados de tener batallas financieras porque son como un carrusel.
Versión simplificada: Yager habla acertadamente sobre estos aspectos y dice que la mayoría ambiciona tener libertad financiera y está cansada de tener batallas financieras inútiles.

Ejemplo 3
Texto: De acuerdo con esta medición, la proporción de pobres en la población mundial quienes viven con menos de un dólar por día descendió levemente entre 1987 y 1993, pues pasó del 30% al 29%.
Versión simplificada: Según esta medición, la proporción de personas pobres en la población mundial descendió un poco entre mil novecientos ochenta y siete y mil novecientos noventa y tres. Es decir, el porcentaje de personas que vivían con menos de un dólar por día pasó del treinta al veintinueve por ciento.

Ejemplo 4
Texto: - Rentabilidad
INTERÉS DE 2 PESOS SOBRE UNA INVERSIÓN DE 100 PESOS = RENTABILIDAD DE 2 % ((2 ÷ 100) × 100 = 2%) POR CADA 100 PESOS SE GANAN 2 PESOS
Endeudamiento
DEUDA DE 30 PESOS POR SOBRE EL CAPITAL DE 20 PESOS = ENDEUDAMIENTO DE 1,5 VECES EL CAPITAL (30 ÷ 20 = 1,5) POR CADA PESO DE CAPITAL EXISTE 1,5 PESOS DE DEUDA
Liquidez
80 PESOS DE DINERO DISPONIBLE POR SOBRE DEUDAS DE 40 PESOS = LIQUIDEZ DE DOS VECES EL VALOR DE LA DEUDA (80 ÷ 40 = 2) POR CADA PESO DE DEUDA SE DISPONE DE 2 PESOS PARA PAGO
Versión simplificada: EL INTERÉS DE DOS PESOS SOBRE UNA INVERSIÓN DE CIEN PESOS DA UNA RENTABILIDAD DE DOS POR CIENTO. ES DECIR, POR CADA CIEN PESOS GANAMOS DOS PESOS. LA DEUDA DE TREINTA PESOS SOBRE EL CAPITAL DE VEINTE PESOS RESULTA EN UNA DEUDA DE UNO PUNTO CINCO VECES EL CAPITAL. ES DECIR, POR CADA PESO DE CAPITAL HAY UNO PUNTO CINCO PESOS DE DEUDA. EN OCHENTA PESOS DE DINERO DISPONIBLE SOBRE DEUDAS DE CUARENTA PESOS DA UNA LIQUIDEZ DEL DOBLE DE LA DEUDA. POR CADA PESO ADEUDADO HAY DOS PESOS PARA PAGAR.

Texto: Si el entusiasmo, y esto no es idealismo ramplón, se orienta hacia la salud, la belleza, el éxito, la felicidad, lo más probable es que se obtenga la salud, la belleza, el éxito y la felicidad.
Versión simplificada:",5.8545,success,,{},2365,few-shot,hariel,llama3_cfg_3,0.3,0.9,1.15,256,,
exp_prompting_sample36_top4_20260506_041700,fcba8c27-27d7-4cf8-9819-7c3ef061bd75,2026-05-06T04:23:38.934557,feina_repr30_test_sample36,,sample36,llama3,meta-llama/Meta-Llama-3-8B-Instruct,ollama,few-shot,R1,"[78, 1805, 3635, 5262]","{'temperature': 0.3, 'top_p': 0.9, 'repetition_penalty': 1.15, 'max_new_tokens': 256}",2449,"En la segunda etapa de programación, se definen los objetivos y se fijan las metas o resultados esperados, que deben ser lo más específicos y precisos posibles, para tener claridad en lo que se trata de alcanzar con las inversiones por realizar; por ejemplo, los tipos de inversión y los montos que se pretenden lograr en un tiempo definido y otros que pueden describirse en términos de logro o resultados que se desean alcanzar.","En la segunda etapa de programación, se definen los objetivos y se fijan las metas específicas.","En la segunda etapa, se establecen objetivos claros y precisos para saber qué se quiere lograr con las inversiones. Por ejemplo, se define el tipo de inversión y el monto a lograr en un plazo determinado o los resultados que se desean alcanzar.","Reescribe en español cada texto con lenguaje más claro y sencillo.
Conserva el significado original y no inventes información.
Guía interna de simplificación: usa palabras comunes; evita tecnicismos innecesarios; reemplaza palabras difíciles por palabras simples.

Devuelve solo la versión final simplificada.

Ejemplo 1
Texto: A continuación una tabla donde se demuestra como crecen los ahorros al pasar los años: Edad Inversión Intereses Saldo Inversión Intereses Saldo Laura Ganados Alberto Ganados 22 $800 $80 $880 23 $800 $168 $1.232 Valor al Jubilarse $311.092 Valor al Jubilarse $263.232 Menos las contribuciones iniciales $6.400 Menos las contribuciones iniciales $28.800 Ganancia Neta $304.692 Ganancia Neta $234.
Versión simplificada: A continuación, presentamos una tabla donde se demuestra como crecen los ahorros al pasar los años. Las categorías en que se divide la tabla son edad, inversión, intereses ganados y saldo. La tabla contrasta las ganancias en intereses por año de Laura y Alberto con una proyección de edad de jubilación de sesenta y cinco años y según la cantidad de años que mantuvieron el ahorro.

Ejemplo 2
Texto: El varias veces mencionado Yager, nos dice acertadamente sobre estos aspectos lo siguiente: La mayoría de ustedes están hambrientos de tener libertad financiera, están hastiados de tener batallas financieras porque son como un carrusel.
Versión simplificada: Yager habla acertadamente sobre estos aspectos y dice que la mayoría ambiciona tener libertad financiera y está cansada de tener batallas financieras inútiles.

Ejemplo 3
Texto: De acuerdo con esta medición, la proporción de pobres en la población mundial quienes viven con menos de un dólar por día descendió levemente entre 1987 y 1993, pues pasó del 30% al 29%.
Versión simplificada: Según esta medición, la proporción de personas pobres en la población mundial descendió un poco entre mil novecientos ochenta y siete y mil novecientos noventa y tres. Es decir, el porcentaje de personas que vivían con menos de un dólar por día pasó del treinta al veintinueve por ciento.

Ejemplo 4
Texto: - Rentabilidad
INTERÉS DE 2 PESOS SOBRE UNA INVERSIÓN DE 100 PESOS = RENTABILIDAD DE 2 % ((2 ÷ 100) × 100 = 2%) POR CADA 100 PESOS SE GANAN 2 PESOS
Endeudamiento
DEUDA DE 30 PESOS POR SOBRE EL CAPITAL DE 20 PESOS = ENDEUDAMIENTO DE 1,5 VECES EL CAPITAL (30 ÷ 20 = 1,5) POR CADA PESO DE CAPITAL EXISTE 1,5 PESOS DE DEUDA
Liquidez
80 PESOS DE DINERO DISPONIBLE POR SOBRE DEUDAS DE 40 PESOS = LIQUIDEZ DE DOS VECES EL VALOR DE LA DEUDA (80 ÷ 40 = 2) POR CADA PESO DE DEUDA SE DISPONE DE 2 PESOS PARA PAGO
Versión simplificada: EL INTERÉS DE DOS PESOS SOBRE UNA INVERSIÓN DE CIEN PESOS DA UNA RENTABILIDAD DE DOS POR CIENTO. ES DECIR, POR CADA CIEN PESOS GANAMOS DOS PESOS. LA DEUDA DE TREINTA PESOS SOBRE EL CAPITAL DE VEINTE PESOS RESULTA EN UNA DEUDA DE UNO PUNTO CINCO VECES EL CAPITAL. ES DECIR, POR CADA PESO DE CAPITAL HAY UNO PUNTO CINCO PESOS DE DEUDA. EN OCHENTA PESOS DE DINERO DISPONIBLE SOBRE DEUDAS DE CUARENTA PESOS DA UNA LIQUIDEZ DEL DOBLE DE LA DEUDA. POR CADA PESO ADEUDADO HAY DOS PESOS PARA PAGAR.

Texto: En la segunda etapa de programación, se definen los objetivos y se fijan las metas o resultados esperados, que deben ser lo más específicos y precisos posibles, para tener claridad en lo que se trata de alcanzar con las inversiones por realizar; por ejemplo, los tipos de inversión y los montos que se pretenden lograr en un tiempo definido y otros que pueden describirse en términos de logro o resultados que se desean alcanzar.
Versión simplificada:",6.0123,success,,{},2449,few-shot,hariel,llama3_cfg_3,0.3,0.9,1.15,256,,
exp_prompting_sample36_top4_20260506_041700,3ebf86ea-f965-4e4d-87a0-c29f3be2bf74,2026-05-06T04:23:45.302630,feina_repr30_test_sample36,,sample36,llama3,meta-llama/Meta-Llama-3-8B-Instruct,ollama,few-shot,R1,"[78, 1805, 3635, 5262]","{'temperature': 0.3, 'top_p': 0.9, 'repetition_penalty': 1.15, 'max_new_tokens': 256}",2550,Estas tarjetas acarrean pocos riesgos y te ayudan a crear buenos antecedentes crediticios al mostrar tu capacidad para usar una tarjeta con responsabilidad.,Estas tarjetas traen pocos riesgos y ayudan a crear buen historial crediticio.,"Estas tarjetas son seguras y te permiten construir un buen historial crediticio, demostrando que puedes utilizarla de manera responsable.","Reescribe en español cada texto con lenguaje más claro y sencillo.
Conserva el significado original y no inventes información.
Guía interna de simplificación: usa palabras comunes; evita tecnicismos innecesarios; reemplaza palabras difíciles por palabras simples.

Devuelve solo la versión final simplificada.

Ejemplo 1
Texto: A continuación una tabla donde se demuestra como crecen los ahorros al pasar los años: Edad Inversión Intereses Saldo Inversión Intereses Saldo Laura Ganados Alberto Ganados 22 $800 $80 $880 23 $800 $168 $1.232 Valor al Jubilarse $311.092 Valor al Jubilarse $263.232 Menos las contribuciones iniciales $6.400 Menos las contribuciones iniciales $28.800 Ganancia Neta $304.692 Ganancia Neta $234.
Versión simplificada: A continuación, presentamos una tabla donde se demuestra como crecen los ahorros al pasar los años. Las categorías en que se divide la tabla son edad, inversión, intereses ganados y saldo. La tabla contrasta las ganancias en intereses por año de Laura y Alberto con una proyección de edad de jubilación de sesenta y cinco años y según la cantidad de años que mantuvieron el ahorro.

Ejemplo 2
Texto: El varias veces mencionado Yager, nos dice acertadamente sobre estos aspectos lo siguiente: La mayoría de ustedes están hambrientos de tener libertad financiera, están hastiados de tener batallas financieras porque son como un carrusel.
Versión simplificada: Yager habla acertadamente sobre estos aspectos y dice que la mayoría ambiciona tener libertad financiera y está cansada de tener batallas financieras inútiles.

Ejemplo 3
Texto: De acuerdo con esta medición, la proporción de pobres en la población mundial quienes viven con menos de un dólar por día descendió levemente entre 1987 y 1993, pues pasó del 30% al 29%.
Versión simplificada: Según esta medición, la proporción de personas pobres en la población mundial descendió un poco entre mil novecientos ochenta y siete y mil novecientos noventa y tres. Es decir, el porcentaje de personas que vivían con menos de un dólar por día pasó del treinta al veintinueve por ciento.

Ejemplo 4
Texto: - Rentabilidad
INTERÉS DE 2 PESOS SOBRE UNA INVERSIÓN DE 100 PESOS = RENTABILIDAD DE 2 % ((2 ÷ 100) × 100 = 2%) POR CADA 100 PESOS SE GANAN 2 PESOS
Endeudamiento
DEUDA DE 30 PESOS POR SOBRE EL CAPITAL DE 20 PESOS = ENDEUDAMIENTO DE 1,5 VECES EL CAPITAL (30 ÷ 20 = 1,5) POR CADA PESO DE CAPITAL EXISTE 1,5 PESOS DE DEUDA
Liquidez
80 PESOS DE DINERO DISPONIBLE POR SOBRE DEUDAS DE 40 PESOS = LIQUIDEZ DE DOS VECES EL VALOR DE LA DEUDA (80 ÷ 40 = 2) POR CADA PESO DE DEUDA SE DISPONE DE 2 PESOS PARA PAGO
Versión simplificada: EL INTERÉS DE DOS PESOS SOBRE UNA INVERSIÓN DE CIEN PESOS DA UNA RENTABILIDAD DE DOS POR CIENTO. ES DECIR, POR CADA CIEN PESOS GANAMOS DOS PESOS. LA DEUDA DE TREINTA PESOS SOBRE EL CAPITAL DE VEINTE PESOS RESULTA EN UNA DEUDA DE UNO PUNTO CINCO VECES EL CAPITAL. ES DECIR, POR CADA PESO DE CAPITAL HAY UNO PUNTO CINCO PESOS DE DEUDA. EN OCHENTA PESOS DE DINERO DISPONIBLE SOBRE DEUDAS DE CUARENTA PESOS DA UNA LIQUIDEZ DEL DOBLE DE LA DEUDA. POR CADA PESO ADEUDADO HAY DOS PESOS PARA PAGAR.

Texto: Estas tarjetas acarrean pocos riesgos y te ayudan a crear buenos antecedentes crediticios al mostrar tu capacidad para usar una tarjeta con responsabilidad.
Versión simplificada:",5.1296,success,,{},2550,few-shot,hariel,llama3_cfg_3,0.3,0.9,1.15,256,,
exp_prompting_sample36_top4_20260506_041700,bda21de3-c530-4a0d-b404-40fa7bad2e5d,2026-05-06T04:23:50.797954,feina_repr30_test_sample36,,sample36,llama3,meta-llama/Meta-Llama-3-8B-Instruct,ollama,few-shot,R1,"[78, 1805, 3635, 5262]","{'temperature': 0.3, 'top_p': 0.9, 'repetition_penalty': 1.15, 'max_new_tokens': 256}",2657,"Adicionalmente, el canal móvil (celulares) es de alto potencial para utilizar pagos a través de mensajería de texto SMS permitiendo, desde cualquier lugar donde se tenga acceso al servicio inalámbrico, realizar pagos electrónicos.","Además, los celulares permiten realizar pagos electrónicos desde cualquier lugar con acceso al servicio inalámbrico.",El pago electrónico por mensaje de texto (SMS) es una forma rápida y conveniente para pagar en cualquier lugar con conexión a Internet.,"Reescribe en español cada texto con lenguaje más claro y sencillo.
Conserva el significado original y no inventes información.
Guía interna de simplificación: usa palabras comunes; evita tecnicismos innecesarios; reemplaza palabras difíciles por palabras simples.

Devuelve solo la versión final simplificada.

Ejemplo 1
Texto: A continuación una tabla donde se demuestra como crecen los ahorros al pasar los años: Edad Inversión Intereses Saldo Inversión Intereses Saldo Laura Ganados Alberto Ganados 22 $800 $80 $880 23 $800 $168 $1.232 Valor al Jubilarse $311.092 Valor al Jubilarse $263.232 Menos las contribuciones iniciales $6.400 Menos las contribuciones iniciales $28.800 Ganancia Neta $304.692 Ganancia Neta $234.
Versión simplificada: A continuación, presentamos una tabla donde se demuestra como crecen los ahorros al pasar los años. Las categorías en que se divide la tabla son edad, inversión, intereses ganados y saldo. La tabla contrasta las ganancias en intereses por año de Laura y Alberto con una proyección de edad de jubilación de sesenta y cinco años y según la cantidad de años que mantuvieron el ahorro.

Ejemplo 2
Texto: El varias veces mencionado Yager, nos dice acertadamente sobre estos aspectos lo siguiente: La mayoría de ustedes están hambrientos de tener libertad financiera, están hastiados de tener batallas financieras porque son como un carrusel.
Versión simplificada: Yager habla acertadamente sobre estos aspectos y dice que la mayoría ambiciona tener libertad financiera y está cansada de tener batallas financieras inútiles.

Ejemplo 3
Texto: De acuerdo con esta medición, la proporción de pobres en la población mundial quienes viven con menos de un dólar por día descendió levemente entre 1987 y 1993, pues pasó del 30% al 29%.
Versión simplificada: Según esta medición, la proporción de personas pobres en la población mundial descendió un poco entre mil novecientos ochenta y siete y mil novecientos noventa y tres. Es decir, el porcentaje de personas que vivían con menos de un dólar por día pasó del treinta al veintinueve por ciento.

Ejemplo 4
Texto: - Rentabilidad
INTERÉS DE 2 PESOS SOBRE UNA INVERSIÓN DE 100 PESOS = RENTABILIDAD DE 2 % ((2 ÷ 100) × 100 = 2%) POR CADA 100 PESOS SE GANAN 2 PESOS
Endeudamiento
DEUDA DE 30 PESOS POR SOBRE EL CAPITAL DE 20 PESOS = ENDEUDAMIENTO DE 1,5 VECES EL CAPITAL (30 ÷ 20 = 1,5) POR CADA PESO DE CAPITAL EXISTE 1,5 PESOS DE DEUDA
Liquidez
80 PESOS DE DINERO DISPONIBLE POR SOBRE DEUDAS DE 40 PESOS = LIQUIDEZ DE DOS VECES EL VALOR DE LA DEUDA (80 ÷ 40 = 2) POR CADA PESO DE DEUDA SE DISPONE DE 2 PESOS PARA PAGO
Versión simplificada: EL INTERÉS DE DOS PESOS SOBRE UNA INVERSIÓN DE CIEN PESOS DA UNA RENTABILIDAD DE DOS POR CIENTO. ES DECIR, POR CADA CIEN PESOS GANAMOS DOS PESOS. LA DEUDA DE TREINTA PESOS SOBRE EL CAPITAL DE VEINTE PESOS RESULTA EN UNA DEUDA DE UNO PUNTO CINCO VECES EL CAPITAL. ES DECIR, POR CADA PESO DE CAPITAL HAY UNO PUNTO CINCO PESOS DE DEUDA. EN OCHENTA PESOS DE DINERO DISPONIBLE SOBRE DEUDAS DE CUARENTA PESOS DA UNA LIQUIDEZ DEL DOBLE DE LA DEUDA. POR CADA PESO ADEUDADO HAY DOS PESOS PARA PAGAR.

Texto: Adicionalmente, el canal móvil (celulares) es de alto potencial para utilizar pagos a través de mensajería de texto SMS permitiendo, desde cualquier lugar donde se tenga acceso al servicio inalámbrico, realizar pagos electrónicos.
Versión simplificada:",4.8009,success,,{},2657,few-shot,hariel,llama3_cfg_3,0.3,0.9,1.15,256,,
exp_prompting_sample36_top4_20260506_041700,32b7b9a5-29cb-4840-8cd7-27049cab7ba2,2026-05-06T04:23:55.965197,feina_repr30_test_sample36,,sample36,llama3,meta-llama/Meta-Llama-3-8B-Instruct,ollama,few-shot,R1,"[78, 1805, 3635, 5262]","{'temperature': 0.3, 'top_p': 0.9, 'repetition_penalty': 1.15, 'max_new_tokens': 256}",2703,"Existen varias modalidades de cheques, como lo mencionan los mismos Alonso, Brailovsky y Ortiz (1999).","Según Alonso, Brailovsky y Ortiz (mil novecientos noventa y nueve) hay varias modalidades de cheques.",Existen diferentes tipos de cheques.,"Reescribe en español cada texto con lenguaje más claro y sencillo.
Conserva el significado original y no inventes información.
Guía interna de simplificación: usa palabras comunes; evita tecnicismos innecesarios; reemplaza palabras difíciles por palabras simples.

Devuelve solo la versión final simplificada.

Ejemplo 1
Texto: A continuación una tabla donde se demuestra como crecen los ahorros al pasar los años: Edad Inversión Intereses Saldo Inversión Intereses Saldo Laura Ganados Alberto Ganados 22 $800 $80 $880 23 $800 $168 $1.232 Valor al Jubilarse $311.092 Valor al Jubilarse $263.232 Menos las contribuciones iniciales $6.400 Menos las contribuciones iniciales $28.800 Ganancia Neta $304.692 Ganancia Neta $234.
Versión simplificada: A continuación, presentamos una tabla donde se demuestra como crecen los ahorros al pasar los años. Las categorías en que se divide la tabla son edad, inversión, intereses ganados y saldo. La tabla contrasta las ganancias en intereses por año de Laura y Alberto con una proyección de edad de jubilación de sesenta y cinco años y según la cantidad de años que mantuvieron el ahorro.

Ejemplo 2
Texto: El varias veces mencionado Yager, nos dice acertadamente sobre estos aspectos lo siguiente: La mayoría de ustedes están hambrientos de tener libertad financiera, están hastiados de tener batallas financieras porque son como un carrusel.
Versión simplificada: Yager habla acertadamente sobre estos aspectos y dice que la mayoría ambiciona tener libertad financiera y está cansada de tener batallas financieras inútiles.

Ejemplo 3
Texto: De acuerdo con esta medición, la proporción de pobres en la población mundial quienes viven con menos de un dólar por día descendió levemente entre 1987 y 1993, pues pasó del 30% al 29%.
Versión simplificada: Según esta medición, la proporción de personas pobres en la población mundial descendió un poco entre mil novecientos ochenta y siete y mil novecientos noventa y tres. Es decir, el porcentaje de personas que vivían con menos de un dólar por día pasó del treinta al veintinueve por ciento.

Ejemplo 4
Texto: - Rentabilidad
INTERÉS DE 2 PESOS SOBRE UNA INVERSIÓN DE 100 PESOS = RENTABILIDAD DE 2 % ((2 ÷ 100) × 100 = 2%) POR CADA 100 PESOS SE GANAN 2 PESOS
Endeudamiento
DEUDA DE 30 PESOS POR SOBRE EL CAPITAL DE 20 PESOS = ENDEUDAMIENTO DE 1,5 VECES EL CAPITAL (30 ÷ 20 = 1,5) POR CADA PESO DE CAPITAL EXISTE 1,5 PESOS DE DEUDA
Liquidez
80 PESOS DE DINERO DISPONIBLE POR SOBRE DEUDAS DE 40 PESOS = LIQUIDEZ DE DOS VECES EL VALOR DE LA DEUDA (80 ÷ 40 = 2) POR CADA PESO DE DEUDA SE DISPONE DE 2 PESOS PARA PAGO
Versión simplificada: EL INTERÉS DE DOS PESOS SOBRE UNA INVERSIÓN DE CIEN PESOS DA UNA RENTABILIDAD DE DOS POR CIENTO. ES DECIR, POR CADA CIEN PESOS GANAMOS DOS PESOS. LA DEUDA DE TREINTA PESOS SOBRE EL CAPITAL DE VEINTE PESOS RESULTA EN UNA DEUDA DE UNO PUNTO CINCO VECES EL CAPITAL. ES DECIR, POR CADA PESO DE CAPITAL HAY UNO PUNTO CINCO PESOS DE DEUDA. EN OCHENTA PESOS DE DINERO DISPONIBLE SOBRE DEUDAS DE CUARENTA PESOS DA UNA LIQUIDEZ DEL DOBLE DE LA DEUDA. POR CADA PESO ADEUDADO HAY DOS PESOS PARA PAGAR.

Texto: Existen varias modalidades de cheques, como lo mencionan los mismos Alonso, Brailovsky y Ortiz (1999).
Versión simplificada:",4.2585,success,,{},2703,few-shot,hariel,llama3_cfg_3,0.3,0.9,1.15,256,,
exp_prompting_sample36_top4_20260506_041700,dd914841-513f-4055-81ee-d70be20b34ed,2026-05-06T04:24:00.778030,feina_repr30_test_sample36,,sample36,llama3,meta-llama/Meta-Llama-3-8B-Instruct,ollama,few-shot,R1,"[78, 1805, 3635, 5262]","{'temperature': 0.3, 'top_p': 0.9, 'repetition_penalty': 1.15, 'max_new_tokens': 256}",2732,"La mayor ventaja es la flexibilidad que le da al usuario, quien puede pagar sus saldos por completo cada mes o puede pagar en parte.",La mayor ventaja es la flexibilidad para el usuario. Quien puede pagar sus saldos completos o en parte mensualmente.,"La principal ventaja es que el usuario tiene libertad para elegir cómo paga sus deudas, ya sea pagando todo el saldo al final del mes o haciendo pagos parciales.","Reescribe en español cada texto con lenguaje más claro y sencillo.
Conserva el significado original y no inventes información.
Guía interna de simplificación: usa palabras comunes; evita tecnicismos innecesarios; reemplaza palabras difíciles por palabras simples.

Devuelve solo la versión final simplificada.

Ejemplo 1
Texto: A continuación una tabla donde se demuestra como crecen los ahorros al pasar los años: Edad Inversión Intereses Saldo Inversión Intereses Saldo Laura Ganados Alberto Ganados 22 $800 $80 $880 23 $800 $168 $1.232 Valor al Jubilarse $311.092 Valor al Jubilarse $263.232 Menos las contribuciones iniciales $6.400 Menos las contribuciones iniciales $28.800 Ganancia Neta $304.692 Ganancia Neta $234.
Versión simplificada: A continuación, presentamos una tabla donde se demuestra como crecen los ahorros al pasar los años. Las categorías en que se divide la tabla son edad, inversión, intereses ganados y saldo. La tabla contrasta las ganancias en intereses por año de Laura y Alberto con una proyección de edad de jubilación de sesenta y cinco años y según la cantidad de años que mantuvieron el ahorro.

Ejemplo 2
Texto: El varias veces mencionado Yager, nos dice acertadamente sobre estos aspectos lo siguiente: La mayoría de ustedes están hambrientos de tener libertad financiera, están hastiados de tener batallas financieras porque son como un carrusel.
Versión simplificada: Yager habla acertadamente sobre estos aspectos y dice que la mayoría ambiciona tener libertad financiera y está cansada de tener batallas financieras inútiles.

Ejemplo 3
Texto: De acuerdo con esta medición, la proporción de pobres en la población mundial quienes viven con menos de un dólar por día descendió levemente entre 1987 y 1993, pues pasó del 30% al 29%.
Versión simplificada: Según esta medición, la proporción de personas pobres en la población mundial descendió un poco entre mil novecientos ochenta y siete y mil novecientos noventa y tres. Es decir, el porcentaje de personas que vivían con menos de un dólar por día pasó del treinta al veintinueve por ciento.

Ejemplo 4
Texto: - Rentabilidad
INTERÉS DE 2 PESOS SOBRE UNA INVERSIÓN DE 100 PESOS = RENTABILIDAD DE 2 % ((2 ÷ 100) × 100 = 2%) POR CADA 100 PESOS SE GANAN 2 PESOS
Endeudamiento
DEUDA DE 30 PESOS POR SOBRE EL CAPITAL DE 20 PESOS = ENDEUDAMIENTO DE 1,5 VECES EL CAPITAL (30 ÷ 20 = 1,5) POR CADA PESO DE CAPITAL EXISTE 1,5 PESOS DE DEUDA
Liquidez
80 PESOS DE DINERO DISPONIBLE POR SOBRE DEUDAS DE 40 PESOS = LIQUIDEZ DE DOS VECES EL VALOR DE LA DEUDA (80 ÷ 40 = 2) POR CADA PESO DE DEUDA SE DISPONE DE 2 PESOS PARA PAGO
Versión simplificada: EL INTERÉS DE DOS PESOS SOBRE UNA INVERSIÓN DE CIEN PESOS DA UNA RENTABILIDAD DE DOS POR CIENTO. ES DECIR, POR CADA CIEN PESOS GANAMOS DOS PESOS. LA DEUDA DE TREINTA PESOS SOBRE EL CAPITAL DE VEINTE PESOS RESULTA EN UNA DEUDA DE UNO PUNTO CINCO VECES EL CAPITAL. ES DECIR, POR CADA PESO DE CAPITAL HAY UNO PUNTO CINCO PESOS DE DEUDA. EN OCHENTA PESOS DE DINERO DISPONIBLE SOBRE DEUDAS DE CUARENTA PESOS DA UNA LIQUIDEZ DEL DOBLE DE LA DEUDA. POR CADA PESO ADEUDADO HAY DOS PESOS PARA PAGAR.

Texto: La mayor ventaja es la flexibilidad que le da al usuario, quien puede pagar sus saldos por completo cada mes o puede pagar en parte.
Versión simplificada:",6.1756,success,,{},2732,few-shot,hariel,llama3_cfg_3,0.3,0.9,1.15,256,,
exp_prompting_sample36_top4_20260506_041700,d90ff29e-34b6-4fd7-857a-97af6557607e,2026-05-06T04:24:07.331747,feina_repr30_test_sample36,,sample36,llama3,meta-llama/Meta-Llama-3-8B-Instruct,ollama,few-shot,R1,"[78, 1805, 3635, 5262]","{'temperature': 0.3, 'top_p': 0.9, 'repetition_penalty': 1.15, 'max_new_tokens': 256}",2947,"El dinero que inviertes inicialmente se denomina ""capital"".",El capital es el dinero invertido inicialmente.,El capital es el dinero que inviertes al principio.,"Reescribe en español cada texto con lenguaje más claro y sencillo.
Conserva el significado original y no inventes información.
Guía interna de simplificación: usa palabras comunes; evita tecnicismos innecesarios; reemplaza palabras difíciles por palabras simples.

Devuelve solo la versión final simplificada.

Ejemplo 1
Texto: A continuación una tabla donde se demuestra como crecen los ahorros al pasar los años: Edad Inversión Intereses Saldo Inversión Intereses Saldo Laura Ganados Alberto Ganados 22 $800 $80 $880 23 $800 $168 $1.232 Valor al Jubilarse $311.092 Valor al Jubilarse $263.232 Menos las contribuciones iniciales $6.400 Menos las contribuciones iniciales $28.800 Ganancia Neta $304.692 Ganancia Neta $234.
Versión simplificada: A continuación, presentamos una tabla donde se demuestra como crecen los ahorros al pasar los años. Las categorías en que se divide la tabla son edad, inversión, intereses ganados y saldo. La tabla contrasta las ganancias en intereses por año de Laura y Alberto con una proyección de edad de jubilación de sesenta y cinco años y según la cantidad de años que mantuvieron el ahorro.

Ejemplo 2
Texto: El varias veces mencionado Yager, nos dice acertadamente sobre estos aspectos lo siguiente: La mayoría de ustedes están hambrientos de tener libertad financiera, están hastiados de tener batallas financieras porque son como un carrusel.
Versión simplificada: Yager habla acertadamente sobre estos aspectos y dice que la mayoría ambiciona tener libertad financiera y está cansada de tener batallas financieras inútiles.

Ejemplo 3
Texto: De acuerdo con esta medición, la proporción de pobres en la población mundial quienes viven con menos de un dólar por día descendió levemente entre 1987 y 1993, pues pasó del 30% al 29%.
Versión simplificada: Según esta medición, la proporción de personas pobres en la población mundial descendió un poco entre mil novecientos ochenta y siete y mil novecientos noventa y tres. Es decir, el porcentaje de personas que vivían con menos de un dólar por día pasó del treinta al veintinueve por ciento.

Ejemplo 4
Texto: - Rentabilidad
INTERÉS DE 2 PESOS SOBRE UNA INVERSIÓN DE 100 PESOS = RENTABILIDAD DE 2 % ((2 ÷ 100) × 100 = 2%) POR CADA 100 PESOS SE GANAN 2 PESOS
Endeudamiento
DEUDA DE 30 PESOS POR SOBRE EL CAPITAL DE 20 PESOS = ENDEUDAMIENTO DE 1,5 VECES EL CAPITAL (30 ÷ 20 = 1,5) POR CADA PESO DE CAPITAL EXISTE 1,5 PESOS DE DEUDA
Liquidez
80 PESOS DE DINERO DISPONIBLE POR SOBRE DEUDAS DE 40 PESOS = LIQUIDEZ DE DOS VECES EL VALOR DE LA DEUDA (80 ÷ 40 = 2) POR CADA PESO DE DEUDA SE DISPONE DE 2 PESOS PARA PAGO
Versión simplificada: EL INTERÉS DE DOS PESOS SOBRE UNA INVERSIÓN DE CIEN PESOS DA UNA RENTABILIDAD DE DOS POR CIENTO. ES DECIR, POR CADA CIEN PESOS GANAMOS DOS PESOS. LA DEUDA DE TREINTA PESOS SOBRE EL CAPITAL DE VEINTE PESOS RESULTA EN UNA DEUDA DE UNO PUNTO CINCO VECES EL CAPITAL. ES DECIR, POR CADA PESO DE CAPITAL HAY UNO PUNTO CINCO PESOS DE DEUDA. EN OCHENTA PESOS DE DINERO DISPONIBLE SOBRE DEUDAS DE CUARENTA PESOS DA UNA LIQUIDEZ DEL DOBLE DE LA DEUDA. POR CADA PESO ADEUDADO HAY DOS PESOS PARA PAGAR.

Texto: El dinero que inviertes inicialmente se denomina ""capital"".
Versión simplificada:",4.6662,success,,{},2947,few-shot,hariel,llama3_cfg_3,0.3,0.9,1.15,256,,
exp_prompting_sample36_top4_20260506_041700,c07909d8-2b88-418c-a4e5-ffc7e6b6a1f9,2026-05-06T04:24:12.347282,feina_repr30_test_sample36,,sample36,llama3,meta-llama/Meta-Llama-3-8B-Instruct,ollama,few-shot,R1,"[78, 1805, 3635, 5262]","{'temperature': 0.3, 'top_p': 0.9, 'repetition_penalty': 1.15, 'max_new_tokens': 256}",3320,"Existen modelos cuantitativos que permiten determinar de manera técnica el valor de la tasa de descuento como el CAPM1 y el WACC2 (Bell, 2016), los cuales no se incluyen en el presente documento; no obstante, la determinación subjetiva de la tasa de descuento exigida por el accionista puede utilizarse ante la falta de información de los mencionados modelos.","Hay modelos cuantitativos para determinar técnicamente el valor de la tasa de descuento, pero no se incluyen en este documento. Sin embargo, la determinación subjetiva de la tasa de descuento exigida por el accionista se puede utilizar ante la falta de información de esos modelos.","Se pueden utilizar modelos matemáticos para calcular el valor de la tasa de descuento, como CAPM y WACC. Sin embargo, si no se dispone de esa información, se puede determinar subjetivamente la tasa de descuento que un accionista requiere.","Reescribe en español cada texto con lenguaje más claro y sencillo.
Conserva el significado original y no inventes información.
Guía interna de simplificación: usa palabras comunes; evita tecnicismos innecesarios; reemplaza palabras difíciles por palabras simples.

Devuelve solo la versión final simplificada.

Ejemplo 1
Texto: A continuación una tabla donde se demuestra como crecen los ahorros al pasar los años: Edad Inversión Intereses Saldo Inversión Intereses Saldo Laura Ganados Alberto Ganados 22 $800 $80 $880 23 $800 $168 $1.232 Valor al Jubilarse $311.092 Valor al Jubilarse $263.232 Menos las contribuciones iniciales $6.400 Menos las contribuciones iniciales $28.800 Ganancia Neta $304.692 Ganancia Neta $234.
Versión simplificada: A continuación, presentamos una tabla donde se demuestra como crecen los ahorros al pasar los años. Las categorías en que se divide la tabla son edad, inversión, intereses ganados y saldo. La tabla contrasta las ganancias en intereses por año de Laura y Alberto con una proyección de edad de jubilación de sesenta y cinco años y según la cantidad de años que mantuvieron el ahorro.

Ejemplo 2
Texto: El varias veces mencionado Yager, nos dice acertadamente sobre estos aspectos lo siguiente: La mayoría de ustedes están hambrientos de tener libertad financiera, están hastiados de tener batallas financieras porque son como un carrusel.
Versión simplificada: Yager habla acertadamente sobre estos aspectos y dice que la mayoría ambiciona tener libertad financiera y está cansada de tener batallas financieras inútiles.

Ejemplo 3
Texto: De acuerdo con esta medición, la proporción de pobres en la población mundial quienes viven con menos de un dólar por día descendió levemente entre 1987 y 1993, pues pasó del 30% al 29%.
Versión simplificada: Según esta medición, la proporción de personas pobres en la población mundial descendió un poco entre mil novecientos ochenta y siete y mil novecientos noventa y tres. Es decir, el porcentaje de personas que vivían con menos de un dólar por día pasó del treinta al veintinueve por ciento.

Ejemplo 4
Texto: - Rentabilidad
INTERÉS DE 2 PESOS SOBRE UNA INVERSIÓN DE 100 PESOS = RENTABILIDAD DE 2 % ((2 ÷ 100) × 100 = 2%) POR CADA 100 PESOS SE GANAN 2 PESOS
Endeudamiento
DEUDA DE 30 PESOS POR SOBRE EL CAPITAL DE 20 PESOS = ENDEUDAMIENTO DE 1,5 VECES EL CAPITAL (30 ÷ 20 = 1,5) POR CADA PESO DE CAPITAL EXISTE 1,5 PESOS DE DEUDA
Liquidez
80 PESOS DE DINERO DISPONIBLE POR SOBRE DEUDAS DE 40 PESOS = LIQUIDEZ DE DOS VECES EL VALOR DE LA DEUDA (80 ÷ 40 = 2) POR CADA PESO DE DEUDA SE DISPONE DE 2 PESOS PARA PAGO
Versión simplificada: EL INTERÉS DE DOS PESOS SOBRE UNA INVERSIÓN DE CIEN PESOS DA UNA RENTABILIDAD DE DOS POR CIENTO. ES DECIR, POR CADA CIEN PESOS GANAMOS DOS PESOS. LA DEUDA DE TREINTA PESOS SOBRE EL CAPITAL DE VEINTE PESOS RESULTA EN UNA DEUDA DE UNO PUNTO CINCO VECES EL CAPITAL. ES DECIR, POR CADA PESO DE CAPITAL HAY UNO PUNTO CINCO PESOS DE DEUDA. EN OCHENTA PESOS DE DINERO DISPONIBLE SOBRE DEUDAS DE CUARENTA PESOS DA UNA LIQUIDEZ DEL DOBLE DE LA DEUDA. POR CADA PESO ADEUDADO HAY DOS PESOS PARA PAGAR.

Texto: Existen modelos cuantitativos que permiten determinar de manera técnica el valor de la tasa de descuento como el CAPM1 y el WACC2 (Bell, 2016), los cuales no se incluyen en el presente documento; no obstante, la determinación subjetiva de la tasa de descuento exigida por el accionista puede utilizarse ante la falta de información de los mencionados modelos.
Versión simplificada:",6.8435,success,,{},3320,few-shot,hariel,llama3_cfg_3,0.3,0.9,1.15,256,,
exp_prompting_sample36_top4_20260506_041700,c5e6ac3a-c2e8-4549-9316-fed8a9ce5ec2,2026-05-06T04:24:19.546852,feina_repr30_test_sample36,,sample36,llama3,meta-llama/Meta-Llama-3-8B-Instruct,ollama,few-shot,R1,"[78, 1805, 3635, 5262]","{'temperature': 0.3, 'top_p': 0.9, 'repetition_penalty': 1.15, 'max_new_tokens': 256}",3396,"Particularmente, se observa que el escenario 3 es el único que presenta una situación que no sea rentable.",El escenario tres es el único que presenta una situación no rentable.,El escenario 3 es el único que no genera ganancias.,"Reescribe en español cada texto con lenguaje más claro y sencillo.
Conserva el significado original y no inventes información.
Guía interna de simplificación: usa palabras comunes; evita tecnicismos innecesarios; reemplaza palabras difíciles por palabras simples.

Devuelve solo la versión final simplificada.

Ejemplo 1
Texto: A continuación una tabla donde se demuestra como crecen los ahorros al pasar los años: Edad Inversión Intereses Saldo Inversión Intereses Saldo Laura Ganados Alberto Ganados 22 $800 $80 $880 23 $800 $168 $1.232 Valor al Jubilarse $311.092 Valor al Jubilarse $263.232 Menos las contribuciones iniciales $6.400 Menos las contribuciones iniciales $28.800 Ganancia Neta $304.692 Ganancia Neta $234.
Versión simplificada: A continuación, presentamos una tabla donde se demuestra como crecen los ahorros al pasar los años. Las categorías en que se divide la tabla son edad, inversión, intereses ganados y saldo. La tabla contrasta las ganancias en intereses por año de Laura y Alberto con una proyección de edad de jubilación de sesenta y cinco años y según la cantidad de años que mantuvieron el ahorro.

Ejemplo 2
Texto: El varias veces mencionado Yager, nos dice acertadamente sobre estos aspectos lo siguiente: La mayoría de ustedes están hambrientos de tener libertad financiera, están hastiados de tener batallas financieras porque son como un carrusel.
Versión simplificada: Yager habla acertadamente sobre estos aspectos y dice que la mayoría ambiciona tener libertad financiera y está cansada de tener batallas financieras inútiles.

Ejemplo 3
Texto: De acuerdo con esta medición, la proporción de pobres en la población mundial quienes viven con menos de un dólar por día descendió levemente entre 1987 y 1993, pues pasó del 30% al 29%.
Versión simplificada: Según esta medición, la proporción de personas pobres en la población mundial descendió un poco entre mil novecientos ochenta y siete y mil novecientos noventa y tres. Es decir, el porcentaje de personas que vivían con menos de un dólar por día pasó del treinta al veintinueve por ciento.

Ejemplo 4
Texto: - Rentabilidad
INTERÉS DE 2 PESOS SOBRE UNA INVERSIÓN DE 100 PESOS = RENTABILIDAD DE 2 % ((2 ÷ 100) × 100 = 2%) POR CADA 100 PESOS SE GANAN 2 PESOS
Endeudamiento
DEUDA DE 30 PESOS POR SOBRE EL CAPITAL DE 20 PESOS = ENDEUDAMIENTO DE 1,5 VECES EL CAPITAL (30 ÷ 20 = 1,5) POR CADA PESO DE CAPITAL EXISTE 1,5 PESOS DE DEUDA
Liquidez
80 PESOS DE DINERO DISPONIBLE POR SOBRE DEUDAS DE 40 PESOS = LIQUIDEZ DE DOS VECES EL VALOR DE LA DEUDA (80 ÷ 40 = 2) POR CADA PESO DE DEUDA SE DISPONE DE 2 PESOS PARA PAGO
Versión simplificada: EL INTERÉS DE DOS PESOS SOBRE UNA INVERSIÓN DE CIEN PESOS DA UNA RENTABILIDAD DE DOS POR CIENTO. ES DECIR, POR CADA CIEN PESOS GANAMOS DOS PESOS. LA DEUDA DE TREINTA PESOS SOBRE EL CAPITAL DE VEINTE PESOS RESULTA EN UNA DEUDA DE UNO PUNTO CINCO VECES EL CAPITAL. ES DECIR, POR CADA PESO DE CAPITAL HAY UNO PUNTO CINCO PESOS DE DEUDA. EN OCHENTA PESOS DE DINERO DISPONIBLE SOBRE DEUDAS DE CUARENTA PESOS DA UNA LIQUIDEZ DEL DOBLE DE LA DEUDA. POR CADA PESO ADEUDADO HAY DOS PESOS PARA PAGAR.

Texto: Particularmente, se observa que el escenario 3 es el único que presenta una situación que no sea rentable.
Versión simplificada:",4.7351,success,,{},3396,few-shot,hariel,llama3_cfg_3,0.3,0.9,1.15,256,,
exp_prompting_sample36_top4_20260506_041700,f10f1ab4-8e1d-41fd-8277-dec74f1b148f,2026-05-06T04:24:24.634550,feina_repr30_test_sample36,,sample36,llama3,meta-llama/Meta-Llama-3-8B-Instruct,ollama,few-shot,R1,"[78, 1805, 3635, 5262]","{'temperature': 0.3, 'top_p': 0.9, 'repetition_penalty': 1.15, 'max_new_tokens': 256}",3404,"Obtenga el rendimiento de un bono de $10,000 que paga el 6.",Saque el rendimiento de un bono de diez mil dólares que paga el seis.,El rendimiento anual del bono es de $600.,"Reescribe en español cada texto con lenguaje más claro y sencillo.
Conserva el significado original y no inventes información.
Guía interna de simplificación: usa palabras comunes; evita tecnicismos innecesarios; reemplaza palabras difíciles por palabras simples.

Devuelve solo la versión final simplificada.

Ejemplo 1
Texto: A continuación una tabla donde se demuestra como crecen los ahorros al pasar los años: Edad Inversión Intereses Saldo Inversión Intereses Saldo Laura Ganados Alberto Ganados 22 $800 $80 $880 23 $800 $168 $1.232 Valor al Jubilarse $311.092 Valor al Jubilarse $263.232 Menos las contribuciones iniciales $6.400 Menos las contribuciones iniciales $28.800 Ganancia Neta $304.692 Ganancia Neta $234.
Versión simplificada: A continuación, presentamos una tabla donde se demuestra como crecen los ahorros al pasar los años. Las categorías en que se divide la tabla son edad, inversión, intereses ganados y saldo. La tabla contrasta las ganancias en intereses por año de Laura y Alberto con una proyección de edad de jubilación de sesenta y cinco años y según la cantidad de años que mantuvieron el ahorro.

Ejemplo 2
Texto: El varias veces mencionado Yager, nos dice acertadamente sobre estos aspectos lo siguiente: La mayoría de ustedes están hambrientos de tener libertad financiera, están hastiados de tener batallas financieras porque son como un carrusel.
Versión simplificada: Yager habla acertadamente sobre estos aspectos y dice que la mayoría ambiciona tener libertad financiera y está cansada de tener batallas financieras inútiles.

Ejemplo 3
Texto: De acuerdo con esta medición, la proporción de pobres en la población mundial quienes viven con menos de un dólar por día descendió levemente entre 1987 y 1993, pues pasó del 30% al 29%.
Versión simplificada: Según esta medición, la proporción de personas pobres en la población mundial descendió un poco entre mil novecientos ochenta y siete y mil novecientos noventa y tres. Es decir, el porcentaje de personas que vivían con menos de un dólar por día pasó del treinta al veintinueve por ciento.

Ejemplo 4
Texto: - Rentabilidad
INTERÉS DE 2 PESOS SOBRE UNA INVERSIÓN DE 100 PESOS = RENTABILIDAD DE 2 % ((2 ÷ 100) × 100 = 2%) POR CADA 100 PESOS SE GANAN 2 PESOS
Endeudamiento
DEUDA DE 30 PESOS POR SOBRE EL CAPITAL DE 20 PESOS = ENDEUDAMIENTO DE 1,5 VECES EL CAPITAL (30 ÷ 20 = 1,5) POR CADA PESO DE CAPITAL EXISTE 1,5 PESOS DE DEUDA
Liquidez
80 PESOS DE DINERO DISPONIBLE POR SOBRE DEUDAS DE 40 PESOS = LIQUIDEZ DE DOS VECES EL VALOR DE LA DEUDA (80 ÷ 40 = 2) POR CADA PESO DE DEUDA SE DISPONE DE 2 PESOS PARA PAGO
Versión simplificada: EL INTERÉS DE DOS PESOS SOBRE UNA INVERSIÓN DE CIEN PESOS DA UNA RENTABILIDAD DE DOS POR CIENTO. ES DECIR, POR CADA CIEN PESOS GANAMOS DOS PESOS. LA DEUDA DE TREINTA PESOS SOBRE EL CAPITAL DE VEINTE PESOS RESULTA EN UNA DEUDA DE UNO PUNTO CINCO VECES EL CAPITAL. ES DECIR, POR CADA PESO DE CAPITAL HAY UNO PUNTO CINCO PESOS DE DEUDA. EN OCHENTA PESOS DE DINERO DISPONIBLE SOBRE DEUDAS DE CUARENTA PESOS DA UNA LIQUIDEZ DEL DOBLE DE LA DEUDA. POR CADA PESO ADEUDADO HAY DOS PESOS PARA PAGAR.

Texto: Obtenga el rendimiento de un bono de $10,000 que paga el 6.
Versión simplificada:",4.9337,success,,{},3404,few-shot,hariel,llama3_cfg_3,0.3,0.9,1.15,256,,
exp_prompting_sample36_top4_20260506_041700,2431ef24-1578-4c16-a2ac-b0549be24b08,2026-05-06T04:24:29.911957,feina_repr30_test_sample36,,sample36,llama3,meta-llama/Meta-Llama-3-8B-Instruct,ollama,few-shot,R1,"[78, 1805, 3635, 5262]","{'temperature': 0.3, 'top_p': 0.9, 'repetition_penalty': 1.15, 'max_new_tokens': 256}",3570,"De partida, el tema concierne a todos los individuos y durante toda la vida, pues las finanzas explican la procedencia y uso de los ingresos y recursos que se disponen para satisfacer las necesidades particulares de todas y todos.",El tema interesa a todas las personas. Porque las finanzas explican el origen y uso de los ingresos disponibles para satisfacer las necesidades de todos.,"Las finanzas son importantes en la vida diaria porque determinan cómo gastamos o ahorraremos nuestros ingresos.

(","Reescribe en español cada texto con lenguaje más claro y sencillo.
Conserva el significado original y no inventes información.
Guía interna de simplificación: usa palabras comunes; evita tecnicismos innecesarios; reemplaza palabras difíciles por palabras simples.

Devuelve solo la versión final simplificada.

Ejemplo 1
Texto: A continuación una tabla donde se demuestra como crecen los ahorros al pasar los años: Edad Inversión Intereses Saldo Inversión Intereses Saldo Laura Ganados Alberto Ganados 22 $800 $80 $880 23 $800 $168 $1.232 Valor al Jubilarse $311.092 Valor al Jubilarse $263.232 Menos las contribuciones iniciales $6.400 Menos las contribuciones iniciales $28.800 Ganancia Neta $304.692 Ganancia Neta $234.
Versión simplificada: A continuación, presentamos una tabla donde se demuestra como crecen los ahorros al pasar los años. Las categorías en que se divide la tabla son edad, inversión, intereses ganados y saldo. La tabla contrasta las ganancias en intereses por año de Laura y Alberto con una proyección de edad de jubilación de sesenta y cinco años y según la cantidad de años que mantuvieron el ahorro.

Ejemplo 2
Texto: El varias veces mencionado Yager, nos dice acertadamente sobre estos aspectos lo siguiente: La mayoría de ustedes están hambrientos de tener libertad financiera, están hastiados de tener batallas financieras porque son como un carrusel.
Versión simplificada: Yager habla acertadamente sobre estos aspectos y dice que la mayoría ambiciona tener libertad financiera y está cansada de tener batallas financieras inútiles.

Ejemplo 3
Texto: De acuerdo con esta medición, la proporción de pobres en la población mundial quienes viven con menos de un dólar por día descendió levemente entre 1987 y 1993, pues pasó del 30% al 29%.
Versión simplificada: Según esta medición, la proporción de personas pobres en la población mundial descendió un poco entre mil novecientos ochenta y siete y mil novecientos noventa y tres. Es decir, el porcentaje de personas que vivían con menos de un dólar por día pasó del treinta al veintinueve por ciento.

Ejemplo 4
Texto: - Rentabilidad
INTERÉS DE 2 PESOS SOBRE UNA INVERSIÓN DE 100 PESOS = RENTABILIDAD DE 2 % ((2 ÷ 100) × 100 = 2%) POR CADA 100 PESOS SE GANAN 2 PESOS
Endeudamiento
DEUDA DE 30 PESOS POR SOBRE EL CAPITAL DE 20 PESOS = ENDEUDAMIENTO DE 1,5 VECES EL CAPITAL (30 ÷ 20 = 1,5) POR CADA PESO DE CAPITAL EXISTE 1,5 PESOS DE DEUDA
Liquidez
80 PESOS DE DINERO DISPONIBLE POR SOBRE DEUDAS DE 40 PESOS = LIQUIDEZ DE DOS VECES EL VALOR DE LA DEUDA (80 ÷ 40 = 2) POR CADA PESO DE DEUDA SE DISPONE DE 2 PESOS PARA PAGO
Versión simplificada: EL INTERÉS DE DOS PESOS SOBRE UNA INVERSIÓN DE CIEN PESOS DA UNA RENTABILIDAD DE DOS POR CIENTO. ES DECIR, POR CADA CIEN PESOS GANAMOS DOS PESOS. LA DEUDA DE TREINTA PESOS SOBRE EL CAPITAL DE VEINTE PESOS RESULTA EN UNA DEUDA DE UNO PUNTO CINCO VECES EL CAPITAL. ES DECIR, POR CADA PESO DE CAPITAL HAY UNO PUNTO CINCO PESOS DE DEUDA. EN OCHENTA PESOS DE DINERO DISPONIBLE SOBRE DEUDAS DE CUARENTA PESOS DA UNA LIQUIDEZ DEL DOBLE DE LA DEUDA. POR CADA PESO ADEUDADO HAY DOS PESOS PARA PAGAR.

Texto: De partida, el tema concierne a todos los individuos y durante toda la vida, pues las finanzas explican la procedencia y uso de los ingresos y recursos que se disponen para satisfacer las necesidades particulares de todas y todos.
Versión simplificada:",5.0547,success,,{},3570,few-shot,hariel,llama3_cfg_3,0.3,0.9,1.15,256,,
exp_prompting_sample36_top4_20260506_041700,d3aa6566-0059-43b2-870e-1d862dcd7aa0,2026-05-06T04:24:35.319741,feina_repr30_test_sample36,,sample36,llama3,meta-llama/Meta-Llama-3-8B-Instruct,ollama,few-shot,R1,"[78, 1805, 3635, 5262]","{'temperature': 0.3, 'top_p': 0.9, 'repetition_penalty': 1.15, 'max_new_tokens': 256}",3653,¿Qué función cumplen las empresas en la sociedad?,¿Qué función tienen las empresas en la sociedad?,"Las empresas son fundamentales para la sociedad porque crean empleos, producen bienes y servicios que mejoran nuestra calidad de vida, y generan riqueza. Además, contribuyen a la innovación y el progreso tecnológico, lo que nos permite vivir mejor y más cómodamente.","Reescribe en español cada texto con lenguaje más claro y sencillo.
Conserva el significado original y no inventes información.
Guía interna de simplificación: usa palabras comunes; evita tecnicismos innecesarios; reemplaza palabras difíciles por palabras simples.

Devuelve solo la versión final simplificada.

Ejemplo 1
Texto: A continuación una tabla donde se demuestra como crecen los ahorros al pasar los años: Edad Inversión Intereses Saldo Inversión Intereses Saldo Laura Ganados Alberto Ganados 22 $800 $80 $880 23 $800 $168 $1.232 Valor al Jubilarse $311.092 Valor al Jubilarse $263.232 Menos las contribuciones iniciales $6.400 Menos las contribuciones iniciales $28.800 Ganancia Neta $304.692 Ganancia Neta $234.
Versión simplificada: A continuación, presentamos una tabla donde se demuestra como crecen los ahorros al pasar los años. Las categorías en que se divide la tabla son edad, inversión, intereses ganados y saldo. La tabla contrasta las ganancias en intereses por año de Laura y Alberto con una proyección de edad de jubilación de sesenta y cinco años y según la cantidad de años que mantuvieron el ahorro.

Ejemplo 2
Texto: El varias veces mencionado Yager, nos dice acertadamente sobre estos aspectos lo siguiente: La mayoría de ustedes están hambrientos de tener libertad financiera, están hastiados de tener batallas financieras porque son como un carrusel.
Versión simplificada: Yager habla acertadamente sobre estos aspectos y dice que la mayoría ambiciona tener libertad financiera y está cansada de tener batallas financieras inútiles.

Ejemplo 3
Texto: De acuerdo con esta medición, la proporción de pobres en la población mundial quienes viven con menos de un dólar por día descendió levemente entre 1987 y 1993, pues pasó del 30% al 29%.
Versión simplificada: Según esta medición, la proporción de personas pobres en la población mundial descendió un poco entre mil novecientos ochenta y siete y mil novecientos noventa y tres. Es decir, el porcentaje de personas que vivían con menos de un dólar por día pasó del treinta al veintinueve por ciento.

Ejemplo 4
Texto: - Rentabilidad
INTERÉS DE 2 PESOS SOBRE UNA INVERSIÓN DE 100 PESOS = RENTABILIDAD DE 2 % ((2 ÷ 100) × 100 = 2%) POR CADA 100 PESOS SE GANAN 2 PESOS
Endeudamiento
DEUDA DE 30 PESOS POR SOBRE EL CAPITAL DE 20 PESOS = ENDEUDAMIENTO DE 1,5 VECES EL CAPITAL (30 ÷ 20 = 1,5) POR CADA PESO DE CAPITAL EXISTE 1,5 PESOS DE DEUDA
Liquidez
80 PESOS DE DINERO DISPONIBLE POR SOBRE DEUDAS DE 40 PESOS = LIQUIDEZ DE DOS VECES EL VALOR DE LA DEUDA (80 ÷ 40 = 2) POR CADA PESO DE DEUDA SE DISPONE DE 2 PESOS PARA PAGO
Versión simplificada: EL INTERÉS DE DOS PESOS SOBRE UNA INVERSIÓN DE CIEN PESOS DA UNA RENTABILIDAD DE DOS POR CIENTO. ES DECIR, POR CADA CIEN PESOS GANAMOS DOS PESOS. LA DEUDA DE TREINTA PESOS SOBRE EL CAPITAL DE VEINTE PESOS RESULTA EN UNA DEUDA DE UNO PUNTO CINCO VECES EL CAPITAL. ES DECIR, POR CADA PESO DE CAPITAL HAY UNO PUNTO CINCO PESOS DE DEUDA. EN OCHENTA PESOS DE DINERO DISPONIBLE SOBRE DEUDAS DE CUARENTA PESOS DA UNA LIQUIDEZ DEL DOBLE DE LA DEUDA. POR CADA PESO ADEUDADO HAY DOS PESOS PARA PAGAR.

Texto: ¿Qué función cumplen las empresas en la sociedad?
Versión simplificada:",5.8805,success,,{},3653,few-shot,hariel,llama3_cfg_3,0.3,0.9,1.15,256,,
exp_prompting_sample36_top4_20260506_041700,967d0f25-eabf-4ec8-b223-d6f0b74df756,2026-05-06T04:24:41.692152,feina_repr30_test_sample36,,sample36,llama3,meta-llama/Meta-Llama-3-8B-Instruct,ollama,few-shot,R1,"[78, 1805, 3635, 5262]","{'temperature': 0.3, 'top_p': 0.9, 'repetition_penalty': 1.15, 'max_new_tokens': 256}",3712,Estos principios están diseñados para promover que las firmas de servicios financieros y las organizaciones de consumidores hagan más para educar a los ciudadanos en esta área.,Estos principios están diseñados para promover que las empresas de servicios financieros y las organizaciones de consumidores hagan más para educar a los ciudadanos en esta área.,Estos principios buscan fomentar la educación financiera entre los ciudadanos.,"Reescribe en español cada texto con lenguaje más claro y sencillo.
Conserva el significado original y no inventes información.
Guía interna de simplificación: usa palabras comunes; evita tecnicismos innecesarios; reemplaza palabras difíciles por palabras simples.

Devuelve solo la versión final simplificada.

Ejemplo 1
Texto: A continuación una tabla donde se demuestra como crecen los ahorros al pasar los años: Edad Inversión Intereses Saldo Inversión Intereses Saldo Laura Ganados Alberto Ganados 22 $800 $80 $880 23 $800 $168 $1.232 Valor al Jubilarse $311.092 Valor al Jubilarse $263.232 Menos las contribuciones iniciales $6.400 Menos las contribuciones iniciales $28.800 Ganancia Neta $304.692 Ganancia Neta $234.
Versión simplificada: A continuación, presentamos una tabla donde se demuestra como crecen los ahorros al pasar los años. Las categorías en que se divide la tabla son edad, inversión, intereses ganados y saldo. La tabla contrasta las ganancias en intereses por año de Laura y Alberto con una proyección de edad de jubilación de sesenta y cinco años y según la cantidad de años que mantuvieron el ahorro.

Ejemplo 2
Texto: El varias veces mencionado Yager, nos dice acertadamente sobre estos aspectos lo siguiente: La mayoría de ustedes están hambrientos de tener libertad financiera, están hastiados de tener batallas financieras porque son como un carrusel.
Versión simplificada: Yager habla acertadamente sobre estos aspectos y dice que la mayoría ambiciona tener libertad financiera y está cansada de tener batallas financieras inútiles.

Ejemplo 3
Texto: De acuerdo con esta medición, la proporción de pobres en la población mundial quienes viven con menos de un dólar por día descendió levemente entre 1987 y 1993, pues pasó del 30% al 29%.
Versión simplificada: Según esta medición, la proporción de personas pobres en la población mundial descendió un poco entre mil novecientos ochenta y siete y mil novecientos noventa y tres. Es decir, el porcentaje de personas que vivían con menos de un dólar por día pasó del treinta al veintinueve por ciento.

Ejemplo 4
Texto: - Rentabilidad
INTERÉS DE 2 PESOS SOBRE UNA INVERSIÓN DE 100 PESOS = RENTABILIDAD DE 2 % ((2 ÷ 100) × 100 = 2%) POR CADA 100 PESOS SE GANAN 2 PESOS
Endeudamiento
DEUDA DE 30 PESOS POR SOBRE EL CAPITAL DE 20 PESOS = ENDEUDAMIENTO DE 1,5 VECES EL CAPITAL (30 ÷ 20 = 1,5) POR CADA PESO DE CAPITAL EXISTE 1,5 PESOS DE DEUDA
Liquidez
80 PESOS DE DINERO DISPONIBLE POR SOBRE DEUDAS DE 40 PESOS = LIQUIDEZ DE DOS VECES EL VALOR DE LA DEUDA (80 ÷ 40 = 2) POR CADA PESO DE DEUDA SE DISPONE DE 2 PESOS PARA PAGO
Versión simplificada: EL INTERÉS DE DOS PESOS SOBRE UNA INVERSIÓN DE CIEN PESOS DA UNA RENTABILIDAD DE DOS POR CIENTO. ES DECIR, POR CADA CIEN PESOS GANAMOS DOS PESOS. LA DEUDA DE TREINTA PESOS SOBRE EL CAPITAL DE VEINTE PESOS RESULTA EN UNA DEUDA DE UNO PUNTO CINCO VECES EL CAPITAL. ES DECIR, POR CADA PESO DE CAPITAL HAY UNO PUNTO CINCO PESOS DE DEUDA. EN OCHENTA PESOS DE DINERO DISPONIBLE SOBRE DEUDAS DE CUARENTA PESOS DA UNA LIQUIDEZ DEL DOBLE DE LA DEUDA. POR CADA PESO ADEUDADO HAY DOS PESOS PARA PAGAR.

Texto: Estos principios están diseñados para promover que las firmas de servicios financieros y las organizaciones de consumidores hagan más para educar a los ciudadanos en esta área.
Versión simplificada:",5.0504,success,,{},3712,few-shot,hariel,llama3_cfg_3,0.3,0.9,1.15,256,,
exp_prompting_sample36_top4_20260506_041700,e91b602e-e896-429f-9f43-c920e29977eb,2026-05-06T04:24:47.095513,feina_repr30_test_sample36,,sample36,llama3,meta-llama/Meta-Llama-3-8B-Instruct,ollama,few-shot,R1,"[78, 1805, 3635, 5262]","{'temperature': 0.3, 'top_p': 0.9, 'repetition_penalty': 1.15, 'max_new_tokens': 256}",3776,"Hable con ellos, déles la cara, y hágales saber que está haciendo todo lo que puede para pagarles.","Hable con ellos, enfréntelos y comuníqueles que está haciendo lo posible para pagarles.","Hable con ellos, déles la cara y explíqueles que estás trabajando duro para pagarte a ti mismo.","Reescribe en español cada texto con lenguaje más claro y sencillo.
Conserva el significado original y no inventes información.
Guía interna de simplificación: usa palabras comunes; evita tecnicismos innecesarios; reemplaza palabras difíciles por palabras simples.

Devuelve solo la versión final simplificada.

Ejemplo 1
Texto: A continuación una tabla donde se demuestra como crecen los ahorros al pasar los años: Edad Inversión Intereses Saldo Inversión Intereses Saldo Laura Ganados Alberto Ganados 22 $800 $80 $880 23 $800 $168 $1.232 Valor al Jubilarse $311.092 Valor al Jubilarse $263.232 Menos las contribuciones iniciales $6.400 Menos las contribuciones iniciales $28.800 Ganancia Neta $304.692 Ganancia Neta $234.
Versión simplificada: A continuación, presentamos una tabla donde se demuestra como crecen los ahorros al pasar los años. Las categorías en que se divide la tabla son edad, inversión, intereses ganados y saldo. La tabla contrasta las ganancias en intereses por año de Laura y Alberto con una proyección de edad de jubilación de sesenta y cinco años y según la cantidad de años que mantuvieron el ahorro.

Ejemplo 2
Texto: El varias veces mencionado Yager, nos dice acertadamente sobre estos aspectos lo siguiente: La mayoría de ustedes están hambrientos de tener libertad financiera, están hastiados de tener batallas financieras porque son como un carrusel.
Versión simplificada: Yager habla acertadamente sobre estos aspectos y dice que la mayoría ambiciona tener libertad financiera y está cansada de tener batallas financieras inútiles.

Ejemplo 3
Texto: De acuerdo con esta medición, la proporción de pobres en la población mundial quienes viven con menos de un dólar por día descendió levemente entre 1987 y 1993, pues pasó del 30% al 29%.
Versión simplificada: Según esta medición, la proporción de personas pobres en la población mundial descendió un poco entre mil novecientos ochenta y siete y mil novecientos noventa y tres. Es decir, el porcentaje de personas que vivían con menos de un dólar por día pasó del treinta al veintinueve por ciento.

Ejemplo 4
Texto: - Rentabilidad
INTERÉS DE 2 PESOS SOBRE UNA INVERSIÓN DE 100 PESOS = RENTABILIDAD DE 2 % ((2 ÷ 100) × 100 = 2%) POR CADA 100 PESOS SE GANAN 2 PESOS
Endeudamiento
DEUDA DE 30 PESOS POR SOBRE EL CAPITAL DE 20 PESOS = ENDEUDAMIENTO DE 1,5 VECES EL CAPITAL (30 ÷ 20 = 1,5) POR CADA PESO DE CAPITAL EXISTE 1,5 PESOS DE DEUDA
Liquidez
80 PESOS DE DINERO DISPONIBLE POR SOBRE DEUDAS DE 40 PESOS = LIQUIDEZ DE DOS VECES EL VALOR DE LA DEUDA (80 ÷ 40 = 2) POR CADA PESO DE DEUDA SE DISPONE DE 2 PESOS PARA PAGO
Versión simplificada: EL INTERÉS DE DOS PESOS SOBRE UNA INVERSIÓN DE CIEN PESOS DA UNA RENTABILIDAD DE DOS POR CIENTO. ES DECIR, POR CADA CIEN PESOS GANAMOS DOS PESOS. LA DEUDA DE TREINTA PESOS SOBRE EL CAPITAL DE VEINTE PESOS RESULTA EN UNA DEUDA DE UNO PUNTO CINCO VECES EL CAPITAL. ES DECIR, POR CADA PESO DE CAPITAL HAY UNO PUNTO CINCO PESOS DE DEUDA. EN OCHENTA PESOS DE DINERO DISPONIBLE SOBRE DEUDAS DE CUARENTA PESOS DA UNA LIQUIDEZ DEL DOBLE DE LA DEUDA. POR CADA PESO ADEUDADO HAY DOS PESOS PARA PAGAR.

Texto: Hable con ellos, déles la cara, y hágales saber que está haciendo todo lo que puede para pagarles.
Versión simplificada:",5.1356,success,,{},3776,few-shot,hariel,llama3_cfg_3,0.3,0.9,1.15,256,,
exp_prompting_sample36_top4_20260506_041700,991a24a1-4c50-45e9-9652-49435895df16,2026-05-06T04:24:52.867474,feina_repr30_test_sample36,,sample36,llama3,meta-llama/Meta-Llama-3-8B-Instruct,ollama,few-shot,R1,"[78, 1805, 3635, 5262]","{'temperature': 0.3, 'top_p': 0.9, 'repetition_penalty': 1.15, 'max_new_tokens': 256}",3819,Pero ¿en qué se compite?,Pero ¿en qué se compite?,"La gente se compete por ganar dinero y tener una buena vida, pero no hay un solo camino para lograrlo. Algunos buscan la riqueza a través de inversiones riesgosas, mientras que otros prefieren ahorrar y ser prudentes.","Reescribe en español cada texto con lenguaje más claro y sencillo.
Conserva el significado original y no inventes información.
Guía interna de simplificación: usa palabras comunes; evita tecnicismos innecesarios; reemplaza palabras difíciles por palabras simples.

Devuelve solo la versión final simplificada.

Ejemplo 1
Texto: A continuación una tabla donde se demuestra como crecen los ahorros al pasar los años: Edad Inversión Intereses Saldo Inversión Intereses Saldo Laura Ganados Alberto Ganados 22 $800 $80 $880 23 $800 $168 $1.232 Valor al Jubilarse $311.092 Valor al Jubilarse $263.232 Menos las contribuciones iniciales $6.400 Menos las contribuciones iniciales $28.800 Ganancia Neta $304.692 Ganancia Neta $234.
Versión simplificada: A continuación, presentamos una tabla donde se demuestra como crecen los ahorros al pasar los años. Las categorías en que se divide la tabla son edad, inversión, intereses ganados y saldo. La tabla contrasta las ganancias en intereses por año de Laura y Alberto con una proyección de edad de jubilación de sesenta y cinco años y según la cantidad de años que mantuvieron el ahorro.

Ejemplo 2
Texto: El varias veces mencionado Yager, nos dice acertadamente sobre estos aspectos lo siguiente: La mayoría de ustedes están hambrientos de tener libertad financiera, están hastiados de tener batallas financieras porque son como un carrusel.
Versión simplificada: Yager habla acertadamente sobre estos aspectos y dice que la mayoría ambiciona tener libertad financiera y está cansada de tener batallas financieras inútiles.

Ejemplo 3
Texto: De acuerdo con esta medición, la proporción de pobres en la población mundial quienes viven con menos de un dólar por día descendió levemente entre 1987 y 1993, pues pasó del 30% al 29%.
Versión simplificada: Según esta medición, la proporción de personas pobres en la población mundial descendió un poco entre mil novecientos ochenta y siete y mil novecientos noventa y tres. Es decir, el porcentaje de personas que vivían con menos de un dólar por día pasó del treinta al veintinueve por ciento.

Ejemplo 4
Texto: - Rentabilidad
INTERÉS DE 2 PESOS SOBRE UNA INVERSIÓN DE 100 PESOS = RENTABILIDAD DE 2 % ((2 ÷ 100) × 100 = 2%) POR CADA 100 PESOS SE GANAN 2 PESOS
Endeudamiento
DEUDA DE 30 PESOS POR SOBRE EL CAPITAL DE 20 PESOS = ENDEUDAMIENTO DE 1,5 VECES EL CAPITAL (30 ÷ 20 = 1,5) POR CADA PESO DE CAPITAL EXISTE 1,5 PESOS DE DEUDA
Liquidez
80 PESOS DE DINERO DISPONIBLE POR SOBRE DEUDAS DE 40 PESOS = LIQUIDEZ DE DOS VECES EL VALOR DE LA DEUDA (80 ÷ 40 = 2) POR CADA PESO DE DEUDA SE DISPONE DE 2 PESOS PARA PAGO
Versión simplificada: EL INTERÉS DE DOS PESOS SOBRE UNA INVERSIÓN DE CIEN PESOS DA UNA RENTABILIDAD DE DOS POR CIENTO. ES DECIR, POR CADA CIEN PESOS GANAMOS DOS PESOS. LA DEUDA DE TREINTA PESOS SOBRE EL CAPITAL DE VEINTE PESOS RESULTA EN UNA DEUDA DE UNO PUNTO CINCO VECES EL CAPITAL. ES DECIR, POR CADA PESO DE CAPITAL HAY UNO PUNTO CINCO PESOS DE DEUDA. EN OCHENTA PESOS DE DINERO DISPONIBLE SOBRE DEUDAS DE CUARENTA PESOS DA UNA LIQUIDEZ DEL DOBLE DE LA DEUDA. POR CADA PESO ADEUDADO HAY DOS PESOS PARA PAGAR.

Texto: Pero ¿en qué se compite?
Versión simplificada:",6.7619,success,,{},3819,few-shot,hariel,llama3_cfg_3,0.3,0.9,1.15,256,,
exp_prompting_sample36_top4_20260506_041700,f39ae289-7675-4415-b59e-f3ac43e24c38,2026-05-06T04:24:59.980485,feina_repr30_test_sample36,,sample36,llama3,meta-llama/Meta-Llama-3-8B-Instruct,ollama,few-shot,R1,"[78, 1805, 3635, 5262]","{'temperature': 0.3, 'top_p': 0.9, 'repetition_penalty': 1.15, 'max_new_tokens': 256}",4006,"Por otra parte, algunas personas sostienen que un impuesto de 10 por ciento impondría el mismo sacrificio a ambas familias.","Por otra parte, algunas personas sostienen que un impuesto de diez por ciento impondría el mismo sacrificio a ambas familias.",Algunos creen que un impuesto del 10% sería igualmente duro para ambos hogares.,"Reescribe en español cada texto con lenguaje más claro y sencillo.
Conserva el significado original y no inventes información.
Guía interna de simplificación: usa palabras comunes; evita tecnicismos innecesarios; reemplaza palabras difíciles por palabras simples.

Devuelve solo la versión final simplificada.

Ejemplo 1
Texto: A continuación una tabla donde se demuestra como crecen los ahorros al pasar los años: Edad Inversión Intereses Saldo Inversión Intereses Saldo Laura Ganados Alberto Ganados 22 $800 $80 $880 23 $800 $168 $1.232 Valor al Jubilarse $311.092 Valor al Jubilarse $263.232 Menos las contribuciones iniciales $6.400 Menos las contribuciones iniciales $28.800 Ganancia Neta $304.692 Ganancia Neta $234.
Versión simplificada: A continuación, presentamos una tabla donde se demuestra como crecen los ahorros al pasar los años. Las categorías en que se divide la tabla son edad, inversión, intereses ganados y saldo. La tabla contrasta las ganancias en intereses por año de Laura y Alberto con una proyección de edad de jubilación de sesenta y cinco años y según la cantidad de años que mantuvieron el ahorro.

Ejemplo 2
Texto: El varias veces mencionado Yager, nos dice acertadamente sobre estos aspectos lo siguiente: La mayoría de ustedes están hambrientos de tener libertad financiera, están hastiados de tener batallas financieras porque son como un carrusel.
Versión simplificada: Yager habla acertadamente sobre estos aspectos y dice que la mayoría ambiciona tener libertad financiera y está cansada de tener batallas financieras inútiles.

Ejemplo 3
Texto: De acuerdo con esta medición, la proporción de pobres en la población mundial quienes viven con menos de un dólar por día descendió levemente entre 1987 y 1993, pues pasó del 30% al 29%.
Versión simplificada: Según esta medición, la proporción de personas pobres en la población mundial descendió un poco entre mil novecientos ochenta y siete y mil novecientos noventa y tres. Es decir, el porcentaje de personas que vivían con menos de un dólar por día pasó del treinta al veintinueve por ciento.

Ejemplo 4
Texto: - Rentabilidad
INTERÉS DE 2 PESOS SOBRE UNA INVERSIÓN DE 100 PESOS = RENTABILIDAD DE 2 % ((2 ÷ 100) × 100 = 2%) POR CADA 100 PESOS SE GANAN 2 PESOS
Endeudamiento
DEUDA DE 30 PESOS POR SOBRE EL CAPITAL DE 20 PESOS = ENDEUDAMIENTO DE 1,5 VECES EL CAPITAL (30 ÷ 20 = 1,5) POR CADA PESO DE CAPITAL EXISTE 1,5 PESOS DE DEUDA
Liquidez
80 PESOS DE DINERO DISPONIBLE POR SOBRE DEUDAS DE 40 PESOS = LIQUIDEZ DE DOS VECES EL VALOR DE LA DEUDA (80 ÷ 40 = 2) POR CADA PESO DE DEUDA SE DISPONE DE 2 PESOS PARA PAGO
Versión simplificada: EL INTERÉS DE DOS PESOS SOBRE UNA INVERSIÓN DE CIEN PESOS DA UNA RENTABILIDAD DE DOS POR CIENTO. ES DECIR, POR CADA CIEN PESOS GANAMOS DOS PESOS. LA DEUDA DE TREINTA PESOS SOBRE EL CAPITAL DE VEINTE PESOS RESULTA EN UNA DEUDA DE UNO PUNTO CINCO VECES EL CAPITAL. ES DECIR, POR CADA PESO DE CAPITAL HAY UNO PUNTO CINCO PESOS DE DEUDA. EN OCHENTA PESOS DE DINERO DISPONIBLE SOBRE DEUDAS DE CUARENTA PESOS DA UNA LIQUIDEZ DEL DOBLE DE LA DEUDA. POR CADA PESO ADEUDADO HAY DOS PESOS PARA PAGAR.

Texto: Por otra parte, algunas personas sostienen que un impuesto de 10 por ciento impondría el mismo sacrificio a ambas familias.
Versión simplificada:",4.9851,success,,{},4006,few-shot,hariel,llama3_cfg_3,0.3,0.9,1.15,256,,
exp_prompting_sample36_top4_20260506_041700,ca1c6f4b-0446-4940-b683-e538929c24e9,2026-05-06T04:25:05.402852,feina_repr30_test_sample36,,sample36,llama3,meta-llama/Meta-Llama-3-8B-Instruct,ollama,few-shot,R1,"[78, 1805, 3635, 5262]","{'temperature': 0.3, 'top_p': 0.9, 'repetition_penalty': 1.15, 'max_new_tokens': 256}",4276,"Al principio, como ya vimos en el trueque, adoptó la forma de mercancía, pero con el tiempo se transformó en dinero-papel, cuentas corrientes y otras formas.","Al principio, tuvo la forma de mercancía, pero luego se transformó en dinero-papel, cuentas corrientes y otras formas.","La moneda evolucionó desde ser un objeto tangible hasta convertirse en papel moneda, cheques y otros medios electrónicos.","Reescribe en español cada texto con lenguaje más claro y sencillo.
Conserva el significado original y no inventes información.
Guía interna de simplificación: usa palabras comunes; evita tecnicismos innecesarios; reemplaza palabras difíciles por palabras simples.

Devuelve solo la versión final simplificada.

Ejemplo 1
Texto: A continuación una tabla donde se demuestra como crecen los ahorros al pasar los años: Edad Inversión Intereses Saldo Inversión Intereses Saldo Laura Ganados Alberto Ganados 22 $800 $80 $880 23 $800 $168 $1.232 Valor al Jubilarse $311.092 Valor al Jubilarse $263.232 Menos las contribuciones iniciales $6.400 Menos las contribuciones iniciales $28.800 Ganancia Neta $304.692 Ganancia Neta $234.
Versión simplificada: A continuación, presentamos una tabla donde se demuestra como crecen los ahorros al pasar los años. Las categorías en que se divide la tabla son edad, inversión, intereses ganados y saldo. La tabla contrasta las ganancias en intereses por año de Laura y Alberto con una proyección de edad de jubilación de sesenta y cinco años y según la cantidad de años que mantuvieron el ahorro.

Ejemplo 2
Texto: El varias veces mencionado Yager, nos dice acertadamente sobre estos aspectos lo siguiente: La mayoría de ustedes están hambrientos de tener libertad financiera, están hastiados de tener batallas financieras porque son como un carrusel.
Versión simplificada: Yager habla acertadamente sobre estos aspectos y dice que la mayoría ambiciona tener libertad financiera y está cansada de tener batallas financieras inútiles.

Ejemplo 3
Texto: De acuerdo con esta medición, la proporción de pobres en la población mundial quienes viven con menos de un dólar por día descendió levemente entre 1987 y 1993, pues pasó del 30% al 29%.
Versión simplificada: Según esta medición, la proporción de personas pobres en la población mundial descendió un poco entre mil novecientos ochenta y siete y mil novecientos noventa y tres. Es decir, el porcentaje de personas que vivían con menos de un dólar por día pasó del treinta al veintinueve por ciento.

Ejemplo 4
Texto: - Rentabilidad
INTERÉS DE 2 PESOS SOBRE UNA INVERSIÓN DE 100 PESOS = RENTABILIDAD DE 2 % ((2 ÷ 100) × 100 = 2%) POR CADA 100 PESOS SE GANAN 2 PESOS
Endeudamiento
DEUDA DE 30 PESOS POR SOBRE EL CAPITAL DE 20 PESOS = ENDEUDAMIENTO DE 1,5 VECES EL CAPITAL (30 ÷ 20 = 1,5) POR CADA PESO DE CAPITAL EXISTE 1,5 PESOS DE DEUDA
Liquidez
80 PESOS DE DINERO DISPONIBLE POR SOBRE DEUDAS DE 40 PESOS = LIQUIDEZ DE DOS VECES EL VALOR DE LA DEUDA (80 ÷ 40 = 2) POR CADA PESO DE DEUDA SE DISPONE DE 2 PESOS PARA PAGO
Versión simplificada: EL INTERÉS DE DOS PESOS SOBRE UNA INVERSIÓN DE CIEN PESOS DA UNA RENTABILIDAD DE DOS POR CIENTO. ES DECIR, POR CADA CIEN PESOS GANAMOS DOS PESOS. LA DEUDA DE TREINTA PESOS SOBRE EL CAPITAL DE VEINTE PESOS RESULTA EN UNA DEUDA DE UNO PUNTO CINCO VECES EL CAPITAL. ES DECIR, POR CADA PESO DE CAPITAL HAY UNO PUNTO CINCO PESOS DE DEUDA. EN OCHENTA PESOS DE DINERO DISPONIBLE SOBRE DEUDAS DE CUARENTA PESOS DA UNA LIQUIDEZ DEL DOBLE DE LA DEUDA. POR CADA PESO ADEUDADO HAY DOS PESOS PARA PAGAR.

Texto: Al principio, como ya vimos en el trueque, adoptó la forma de mercancía, pero con el tiempo se transformó en dinero-papel, cuentas corrientes y otras formas.
Versión simplificada:",6.1319,success,,{},4276,few-shot,hariel,llama3_cfg_3,0.3,0.9,1.15,256,,
exp_prompting_sample36_top4_20260506_041700,1d9f8b2d-41f9-43cc-9341-2ed7f5bdda62,2026-05-06T04:25:11.896686,feina_repr30_test_sample36,,sample36,llama3,meta-llama/Meta-Llama-3-8B-Instruct,ollama,few-shot,R1,"[78, 1805, 3635, 5262]","{'temperature': 0.3, 'top_p': 0.9, 'repetition_penalty': 1.15, 'max_new_tokens': 256}",4284,"¿Son estos sólo sueños, o son metas reales?",¿Estos son sólo sueños o son metas reales?,¿Sólo fantasías o objetivos alcanzables?,"Reescribe en español cada texto con lenguaje más claro y sencillo.
Conserva el significado original y no inventes información.
Guía interna de simplificación: usa palabras comunes; evita tecnicismos innecesarios; reemplaza palabras difíciles por palabras simples.

Devuelve solo la versión final simplificada.

Ejemplo 1
Texto: A continuación una tabla donde se demuestra como crecen los ahorros al pasar los años: Edad Inversión Intereses Saldo Inversión Intereses Saldo Laura Ganados Alberto Ganados 22 $800 $80 $880 23 $800 $168 $1.232 Valor al Jubilarse $311.092 Valor al Jubilarse $263.232 Menos las contribuciones iniciales $6.400 Menos las contribuciones iniciales $28.800 Ganancia Neta $304.692 Ganancia Neta $234.
Versión simplificada: A continuación, presentamos una tabla donde se demuestra como crecen los ahorros al pasar los años. Las categorías en que se divide la tabla son edad, inversión, intereses ganados y saldo. La tabla contrasta las ganancias en intereses por año de Laura y Alberto con una proyección de edad de jubilación de sesenta y cinco años y según la cantidad de años que mantuvieron el ahorro.

Ejemplo 2
Texto: El varias veces mencionado Yager, nos dice acertadamente sobre estos aspectos lo siguiente: La mayoría de ustedes están hambrientos de tener libertad financiera, están hastiados de tener batallas financieras porque son como un carrusel.
Versión simplificada: Yager habla acertadamente sobre estos aspectos y dice que la mayoría ambiciona tener libertad financiera y está cansada de tener batallas financieras inútiles.

Ejemplo 3
Texto: De acuerdo con esta medición, la proporción de pobres en la población mundial quienes viven con menos de un dólar por día descendió levemente entre 1987 y 1993, pues pasó del 30% al 29%.
Versión simplificada: Según esta medición, la proporción de personas pobres en la población mundial descendió un poco entre mil novecientos ochenta y siete y mil novecientos noventa y tres. Es decir, el porcentaje de personas que vivían con menos de un dólar por día pasó del treinta al veintinueve por ciento.

Ejemplo 4
Texto: - Rentabilidad
INTERÉS DE 2 PESOS SOBRE UNA INVERSIÓN DE 100 PESOS = RENTABILIDAD DE 2 % ((2 ÷ 100) × 100 = 2%) POR CADA 100 PESOS SE GANAN 2 PESOS
Endeudamiento
DEUDA DE 30 PESOS POR SOBRE EL CAPITAL DE 20 PESOS = ENDEUDAMIENTO DE 1,5 VECES EL CAPITAL (30 ÷ 20 = 1,5) POR CADA PESO DE CAPITAL EXISTE 1,5 PESOS DE DEUDA
Liquidez
80 PESOS DE DINERO DISPONIBLE POR SOBRE DEUDAS DE 40 PESOS = LIQUIDEZ DE DOS VECES EL VALOR DE LA DEUDA (80 ÷ 40 = 2) POR CADA PESO DE DEUDA SE DISPONE DE 2 PESOS PARA PAGO
Versión simplificada: EL INTERÉS DE DOS PESOS SOBRE UNA INVERSIÓN DE CIEN PESOS DA UNA RENTABILIDAD DE DOS POR CIENTO. ES DECIR, POR CADA CIEN PESOS GANAMOS DOS PESOS. LA DEUDA DE TREINTA PESOS SOBRE EL CAPITAL DE VEINTE PESOS RESULTA EN UNA DEUDA DE UNO PUNTO CINCO VECES EL CAPITAL. ES DECIR, POR CADA PESO DE CAPITAL HAY UNO PUNTO CINCO PESOS DE DEUDA. EN OCHENTA PESOS DE DINERO DISPONIBLE SOBRE DEUDAS DE CUARENTA PESOS DA UNA LIQUIDEZ DEL DOBLE DE LA DEUDA. POR CADA PESO ADEUDADO HAY DOS PESOS PARA PAGAR.

Texto: ¿Son estos sólo sueños, o son metas reales?
Versión simplificada:",4.6561,success,,{},4284,few-shot,hariel,llama3_cfg_3,0.3,0.9,1.15,256,,
exp_prompting_sample36_top4_20260506_041700,0cb24622-bab4-492b-9d26-3c67da3cfd36,2026-05-06T04:25:16.910091,feina_repr30_test_sample36,,sample36,llama3,meta-llama/Meta-Llama-3-8B-Instruct,ollama,few-shot,R1,"[78, 1805, 3635, 5262]","{'temperature': 0.3, 'top_p': 0.9, 'repetition_penalty': 1.15, 'max_new_tokens': 256}",4638,"En los pueblos donde el principio de la elección se extiende a todo, no hay propiamente hablando carrera pública.",En los pueblos donde el principio de la elección se extiende a todo no existe la carrera pública.,"En lugares donde todos pueden elegir, no hay realmente una ""carrera pública"".","Reescribe en español cada texto con lenguaje más claro y sencillo.
Conserva el significado original y no inventes información.
Guía interna de simplificación: usa palabras comunes; evita tecnicismos innecesarios; reemplaza palabras difíciles por palabras simples.

Devuelve solo la versión final simplificada.

Ejemplo 1
Texto: A continuación una tabla donde se demuestra como crecen los ahorros al pasar los años: Edad Inversión Intereses Saldo Inversión Intereses Saldo Laura Ganados Alberto Ganados 22 $800 $80 $880 23 $800 $168 $1.232 Valor al Jubilarse $311.092 Valor al Jubilarse $263.232 Menos las contribuciones iniciales $6.400 Menos las contribuciones iniciales $28.800 Ganancia Neta $304.692 Ganancia Neta $234.
Versión simplificada: A continuación, presentamos una tabla donde se demuestra como crecen los ahorros al pasar los años. Las categorías en que se divide la tabla son edad, inversión, intereses ganados y saldo. La tabla contrasta las ganancias en intereses por año de Laura y Alberto con una proyección de edad de jubilación de sesenta y cinco años y según la cantidad de años que mantuvieron el ahorro.

Ejemplo 2
Texto: El varias veces mencionado Yager, nos dice acertadamente sobre estos aspectos lo siguiente: La mayoría de ustedes están hambrientos de tener libertad financiera, están hastiados de tener batallas financieras porque son como un carrusel.
Versión simplificada: Yager habla acertadamente sobre estos aspectos y dice que la mayoría ambiciona tener libertad financiera y está cansada de tener batallas financieras inútiles.

Ejemplo 3
Texto: De acuerdo con esta medición, la proporción de pobres en la población mundial quienes viven con menos de un dólar por día descendió levemente entre 1987 y 1993, pues pasó del 30% al 29%.
Versión simplificada: Según esta medición, la proporción de personas pobres en la población mundial descendió un poco entre mil novecientos ochenta y siete y mil novecientos noventa y tres. Es decir, el porcentaje de personas que vivían con menos de un dólar por día pasó del treinta al veintinueve por ciento.

Ejemplo 4
Texto: - Rentabilidad
INTERÉS DE 2 PESOS SOBRE UNA INVERSIÓN DE 100 PESOS = RENTABILIDAD DE 2 % ((2 ÷ 100) × 100 = 2%) POR CADA 100 PESOS SE GANAN 2 PESOS
Endeudamiento
DEUDA DE 30 PESOS POR SOBRE EL CAPITAL DE 20 PESOS = ENDEUDAMIENTO DE 1,5 VECES EL CAPITAL (30 ÷ 20 = 1,5) POR CADA PESO DE CAPITAL EXISTE 1,5 PESOS DE DEUDA
Liquidez
80 PESOS DE DINERO DISPONIBLE POR SOBRE DEUDAS DE 40 PESOS = LIQUIDEZ DE DOS VECES EL VALOR DE LA DEUDA (80 ÷ 40 = 2) POR CADA PESO DE DEUDA SE DISPONE DE 2 PESOS PARA PAGO
Versión simplificada: EL INTERÉS DE DOS PESOS SOBRE UNA INVERSIÓN DE CIEN PESOS DA UNA RENTABILIDAD DE DOS POR CIENTO. ES DECIR, POR CADA CIEN PESOS GANAMOS DOS PESOS. LA DEUDA DE TREINTA PESOS SOBRE EL CAPITAL DE VEINTE PESOS RESULTA EN UNA DEUDA DE UNO PUNTO CINCO VECES EL CAPITAL. ES DECIR, POR CADA PESO DE CAPITAL HAY UNO PUNTO CINCO PESOS DE DEUDA. EN OCHENTA PESOS DE DINERO DISPONIBLE SOBRE DEUDAS DE CUARENTA PESOS DA UNA LIQUIDEZ DEL DOBLE DE LA DEUDA. POR CADA PESO ADEUDADO HAY DOS PESOS PARA PAGAR.

Texto: En los pueblos donde el principio de la elección se extiende a todo, no hay propiamente hablando carrera pública.
Versión simplificada:",4.8268,success,,{},4638,few-shot,hariel,llama3_cfg_3,0.3,0.9,1.15,256,,
exp_prompting_sample36_top4_20260506_041700,ab3d3ec3-7b06-40e6-a4cf-278f05362692,2026-05-06T04:25:22.078666,feina_repr30_test_sample36,,sample36,llama3,meta-llama/Meta-Llama-3-8B-Instruct,ollama,few-shot,R1,"[78, 1805, 3635, 5262]","{'temperature': 0.3, 'top_p': 0.9, 'repetition_penalty': 1.15, 'max_new_tokens': 256}",4751,"Sin entusiasmo, dijo alguien famoso, nunca se ha podido realizar nada grande.",Sin entusiasmo no se logró nada grande.,Nunca se logra algo grande sin entusiasmo.,"Reescribe en español cada texto con lenguaje más claro y sencillo.
Conserva el significado original y no inventes información.
Guía interna de simplificación: usa palabras comunes; evita tecnicismos innecesarios; reemplaza palabras difíciles por palabras simples.

Devuelve solo la versión final simplificada.

Ejemplo 1
Texto: A continuación una tabla donde se demuestra como crecen los ahorros al pasar los años: Edad Inversión Intereses Saldo Inversión Intereses Saldo Laura Ganados Alberto Ganados 22 $800 $80 $880 23 $800 $168 $1.232 Valor al Jubilarse $311.092 Valor al Jubilarse $263.232 Menos las contribuciones iniciales $6.400 Menos las contribuciones iniciales $28.800 Ganancia Neta $304.692 Ganancia Neta $234.
Versión simplificada: A continuación, presentamos una tabla donde se demuestra como crecen los ahorros al pasar los años. Las categorías en que se divide la tabla son edad, inversión, intereses ganados y saldo. La tabla contrasta las ganancias en intereses por año de Laura y Alberto con una proyección de edad de jubilación de sesenta y cinco años y según la cantidad de años que mantuvieron el ahorro.

Ejemplo 2
Texto: El varias veces mencionado Yager, nos dice acertadamente sobre estos aspectos lo siguiente: La mayoría de ustedes están hambrientos de tener libertad financiera, están hastiados de tener batallas financieras porque son como un carrusel.
Versión simplificada: Yager habla acertadamente sobre estos aspectos y dice que la mayoría ambiciona tener libertad financiera y está cansada de tener batallas financieras inútiles.

Ejemplo 3
Texto: De acuerdo con esta medición, la proporción de pobres en la población mundial quienes viven con menos de un dólar por día descendió levemente entre 1987 y 1993, pues pasó del 30% al 29%.
Versión simplificada: Según esta medición, la proporción de personas pobres en la población mundial descendió un poco entre mil novecientos ochenta y siete y mil novecientos noventa y tres. Es decir, el porcentaje de personas que vivían con menos de un dólar por día pasó del treinta al veintinueve por ciento.

Ejemplo 4
Texto: - Rentabilidad
INTERÉS DE 2 PESOS SOBRE UNA INVERSIÓN DE 100 PESOS = RENTABILIDAD DE 2 % ((2 ÷ 100) × 100 = 2%) POR CADA 100 PESOS SE GANAN 2 PESOS
Endeudamiento
DEUDA DE 30 PESOS POR SOBRE EL CAPITAL DE 20 PESOS = ENDEUDAMIENTO DE 1,5 VECES EL CAPITAL (30 ÷ 20 = 1,5) POR CADA PESO DE CAPITAL EXISTE 1,5 PESOS DE DEUDA
Liquidez
80 PESOS DE DINERO DISPONIBLE POR SOBRE DEUDAS DE 40 PESOS = LIQUIDEZ DE DOS VECES EL VALOR DE LA DEUDA (80 ÷ 40 = 2) POR CADA PESO DE DEUDA SE DISPONE DE 2 PESOS PARA PAGO
Versión simplificada: EL INTERÉS DE DOS PESOS SOBRE UNA INVERSIÓN DE CIEN PESOS DA UNA RENTABILIDAD DE DOS POR CIENTO. ES DECIR, POR CADA CIEN PESOS GANAMOS DOS PESOS. LA DEUDA DE TREINTA PESOS SOBRE EL CAPITAL DE VEINTE PESOS RESULTA EN UNA DEUDA DE UNO PUNTO CINCO VECES EL CAPITAL. ES DECIR, POR CADA PESO DE CAPITAL HAY UNO PUNTO CINCO PESOS DE DEUDA. EN OCHENTA PESOS DE DINERO DISPONIBLE SOBRE DEUDAS DE CUARENTA PESOS DA UNA LIQUIDEZ DEL DOBLE DE LA DEUDA. POR CADA PESO ADEUDADO HAY DOS PESOS PARA PAGAR.

Texto: Sin entusiasmo, dijo alguien famoso, nunca se ha podido realizar nada grande.
Versión simplificada:",4.778,success,,{},4751,few-shot,hariel,llama3_cfg_3,0.3,0.9,1.15,256,,
exp_prompting_sample36_top4_20260506_041700,45d6af8d-7583-4ac9-831e-e7fb685d461f,2026-05-06T04:25:27.206032,feina_repr30_test_sample36,,sample36,llama3,meta-llama/Meta-Llama-3-8B-Instruct,ollama,few-shot,R1,"[78, 1805, 3635, 5262]","{'temperature': 0.3, 'top_p': 0.9, 'repetition_penalty': 1.15, 'max_new_tokens': 256}",5037,"Por tanto, este método calcula interés sobre interés.","Por eso, este método calcula interés sobre interés.",Este método también considera el interés ganado en la inversión.,"Reescribe en español cada texto con lenguaje más claro y sencillo.
Conserva el significado original y no inventes información.
Guía interna de simplificación: usa palabras comunes; evita tecnicismos innecesarios; reemplaza palabras difíciles por palabras simples.

Devuelve solo la versión final simplificada.

Ejemplo 1
Texto: A continuación una tabla donde se demuestra como crecen los ahorros al pasar los años: Edad Inversión Intereses Saldo Inversión Intereses Saldo Laura Ganados Alberto Ganados 22 $800 $80 $880 23 $800 $168 $1.232 Valor al Jubilarse $311.092 Valor al Jubilarse $263.232 Menos las contribuciones iniciales $6.400 Menos las contribuciones iniciales $28.800 Ganancia Neta $304.692 Ganancia Neta $234.
Versión simplificada: A continuación, presentamos una tabla donde se demuestra como crecen los ahorros al pasar los años. Las categorías en que se divide la tabla son edad, inversión, intereses ganados y saldo. La tabla contrasta las ganancias en intereses por año de Laura y Alberto con una proyección de edad de jubilación de sesenta y cinco años y según la cantidad de años que mantuvieron el ahorro.

Ejemplo 2
Texto: El varias veces mencionado Yager, nos dice acertadamente sobre estos aspectos lo siguiente: La mayoría de ustedes están hambrientos de tener libertad financiera, están hastiados de tener batallas financieras porque son como un carrusel.
Versión simplificada: Yager habla acertadamente sobre estos aspectos y dice que la mayoría ambiciona tener libertad financiera y está cansada de tener batallas financieras inútiles.

Ejemplo 3
Texto: De acuerdo con esta medición, la proporción de pobres en la población mundial quienes viven con menos de un dólar por día descendió levemente entre 1987 y 1993, pues pasó del 30% al 29%.
Versión simplificada: Según esta medición, la proporción de personas pobres en la población mundial descendió un poco entre mil novecientos ochenta y siete y mil novecientos noventa y tres. Es decir, el porcentaje de personas que vivían con menos de un dólar por día pasó del treinta al veintinueve por ciento.

Ejemplo 4
Texto: - Rentabilidad
INTERÉS DE 2 PESOS SOBRE UNA INVERSIÓN DE 100 PESOS = RENTABILIDAD DE 2 % ((2 ÷ 100) × 100 = 2%) POR CADA 100 PESOS SE GANAN 2 PESOS
Endeudamiento
DEUDA DE 30 PESOS POR SOBRE EL CAPITAL DE 20 PESOS = ENDEUDAMIENTO DE 1,5 VECES EL CAPITAL (30 ÷ 20 = 1,5) POR CADA PESO DE CAPITAL EXISTE 1,5 PESOS DE DEUDA
Liquidez
80 PESOS DE DINERO DISPONIBLE POR SOBRE DEUDAS DE 40 PESOS = LIQUIDEZ DE DOS VECES EL VALOR DE LA DEUDA (80 ÷ 40 = 2) POR CADA PESO DE DEUDA SE DISPONE DE 2 PESOS PARA PAGO
Versión simplificada: EL INTERÉS DE DOS PESOS SOBRE UNA INVERSIÓN DE CIEN PESOS DA UNA RENTABILIDAD DE DOS POR CIENTO. ES DECIR, POR CADA CIEN PESOS GANAMOS DOS PESOS. LA DEUDA DE TREINTA PESOS SOBRE EL CAPITAL DE VEINTE PESOS RESULTA EN UNA DEUDA DE UNO PUNTO CINCO VECES EL CAPITAL. ES DECIR, POR CADA PESO DE CAPITAL HAY UNO PUNTO CINCO PESOS DE DEUDA. EN OCHENTA PESOS DE DINERO DISPONIBLE SOBRE DEUDAS DE CUARENTA PESOS DA UNA LIQUIDEZ DEL DOBLE DE LA DEUDA. POR CADA PESO ADEUDADO HAY DOS PESOS PARA PAGAR.

Texto: Por tanto, este método calcula interés sobre interés.
Versión simplificada:",4.5403,success,,{},5037,few-shot,hariel,llama3_cfg_3,0.3,0.9,1.15,256,,
exp_prompting_sample36_top4_20260506_041700,9927328e-c5f8-4450-94d6-f47667ae8806,2026-05-06T04:25:32.220804,feina_repr30_test_sample36,,sample36,llama3,meta-llama/Meta-Llama-3-8B-Instruct,ollama,few-shot,R1,"[78, 1805, 3635, 5262]","{'temperature': 0.3, 'top_p': 0.9, 'repetition_penalty': 1.15, 'max_new_tokens': 256}",5112,"El resultado es aproximado a $300,000 en seis años.",El resultado es aproximadamente trescientos mil dólares en seis años.,"El resultado sería de aproximadamente 300,000 dólares después de seis años.","Reescribe en español cada texto con lenguaje más claro y sencillo.
Conserva el significado original y no inventes información.
Guía interna de simplificación: usa palabras comunes; evita tecnicismos innecesarios; reemplaza palabras difíciles por palabras simples.

Devuelve solo la versión final simplificada.

Ejemplo 1
Texto: A continuación una tabla donde se demuestra como crecen los ahorros al pasar los años: Edad Inversión Intereses Saldo Inversión Intereses Saldo Laura Ganados Alberto Ganados 22 $800 $80 $880 23 $800 $168 $1.232 Valor al Jubilarse $311.092 Valor al Jubilarse $263.232 Menos las contribuciones iniciales $6.400 Menos las contribuciones iniciales $28.800 Ganancia Neta $304.692 Ganancia Neta $234.
Versión simplificada: A continuación, presentamos una tabla donde se demuestra como crecen los ahorros al pasar los años. Las categorías en que se divide la tabla son edad, inversión, intereses ganados y saldo. La tabla contrasta las ganancias en intereses por año de Laura y Alberto con una proyección de edad de jubilación de sesenta y cinco años y según la cantidad de años que mantuvieron el ahorro.

Ejemplo 2
Texto: El varias veces mencionado Yager, nos dice acertadamente sobre estos aspectos lo siguiente: La mayoría de ustedes están hambrientos de tener libertad financiera, están hastiados de tener batallas financieras porque son como un carrusel.
Versión simplificada: Yager habla acertadamente sobre estos aspectos y dice que la mayoría ambiciona tener libertad financiera y está cansada de tener batallas financieras inútiles.

Ejemplo 3
Texto: De acuerdo con esta medición, la proporción de pobres en la población mundial quienes viven con menos de un dólar por día descendió levemente entre 1987 y 1993, pues pasó del 30% al 29%.
Versión simplificada: Según esta medición, la proporción de personas pobres en la población mundial descendió un poco entre mil novecientos ochenta y siete y mil novecientos noventa y tres. Es decir, el porcentaje de personas que vivían con menos de un dólar por día pasó del treinta al veintinueve por ciento.

Ejemplo 4
Texto: - Rentabilidad
INTERÉS DE 2 PESOS SOBRE UNA INVERSIÓN DE 100 PESOS = RENTABILIDAD DE 2 % ((2 ÷ 100) × 100 = 2%) POR CADA 100 PESOS SE GANAN 2 PESOS
Endeudamiento
DEUDA DE 30 PESOS POR SOBRE EL CAPITAL DE 20 PESOS = ENDEUDAMIENTO DE 1,5 VECES EL CAPITAL (30 ÷ 20 = 1,5) POR CADA PESO DE CAPITAL EXISTE 1,5 PESOS DE DEUDA
Liquidez
80 PESOS DE DINERO DISPONIBLE POR SOBRE DEUDAS DE 40 PESOS = LIQUIDEZ DE DOS VECES EL VALOR DE LA DEUDA (80 ÷ 40 = 2) POR CADA PESO DE DEUDA SE DISPONE DE 2 PESOS PARA PAGO
Versión simplificada: EL INTERÉS DE DOS PESOS SOBRE UNA INVERSIÓN DE CIEN PESOS DA UNA RENTABILIDAD DE DOS POR CIENTO. ES DECIR, POR CADA CIEN PESOS GANAMOS DOS PESOS. LA DEUDA DE TREINTA PESOS SOBRE EL CAPITAL DE VEINTE PESOS RESULTA EN UNA DEUDA DE UNO PUNTO CINCO VECES EL CAPITAL. ES DECIR, POR CADA PESO DE CAPITAL HAY UNO PUNTO CINCO PESOS DE DEUDA. EN OCHENTA PESOS DE DINERO DISPONIBLE SOBRE DEUDAS DE CUARENTA PESOS DA UNA LIQUIDEZ DEL DOBLE DE LA DEUDA. POR CADA PESO ADEUDADO HAY DOS PESOS PARA PAGAR.

Texto: El resultado es aproximado a $300,000 en seis años.
Versión simplificada:",5.868,success,,{},5112,few-shot,hariel,llama3_cfg_3,0.3,0.9,1.15,256,,
exp_prompting_sample36_top4_20260506_041700,b17b0b72-99ca-40fc-a128-fe963e2d4e3d,2026-05-06T04:25:38.452852,feina_repr30_test_sample36,,sample36,llama3,meta-llama/Meta-Llama-3-8B-Instruct,ollama,few-shot,R1,"[78, 1805, 3635, 5262]","{'temperature': 0.3, 'top_p': 0.9, 'repetition_penalty': 1.15, 'max_new_tokens': 256}",5187,Documente todos sus gastos e ingresos o compárelos con lo que usted planificó que iba a gastar en el mes.,Documente todos sus gastos e ingresos y compárelos con lo que usted planificó que iba a gastar en el mes.,Registra todos tus gastos y ingresos para ver si concuerdan con tu presupuesto.,"Reescribe en español cada texto con lenguaje más claro y sencillo.
Conserva el significado original y no inventes información.
Guía interna de simplificación: usa palabras comunes; evita tecnicismos innecesarios; reemplaza palabras difíciles por palabras simples.

Devuelve solo la versión final simplificada.

Ejemplo 1
Texto: A continuación una tabla donde se demuestra como crecen los ahorros al pasar los años: Edad Inversión Intereses Saldo Inversión Intereses Saldo Laura Ganados Alberto Ganados 22 $800 $80 $880 23 $800 $168 $1.232 Valor al Jubilarse $311.092 Valor al Jubilarse $263.232 Menos las contribuciones iniciales $6.400 Menos las contribuciones iniciales $28.800 Ganancia Neta $304.692 Ganancia Neta $234.
Versión simplificada: A continuación, presentamos una tabla donde se demuestra como crecen los ahorros al pasar los años. Las categorías en que se divide la tabla son edad, inversión, intereses ganados y saldo. La tabla contrasta las ganancias en intereses por año de Laura y Alberto con una proyección de edad de jubilación de sesenta y cinco años y según la cantidad de años que mantuvieron el ahorro.

Ejemplo 2
Texto: El varias veces mencionado Yager, nos dice acertadamente sobre estos aspectos lo siguiente: La mayoría de ustedes están hambrientos de tener libertad financiera, están hastiados de tener batallas financieras porque son como un carrusel.
Versión simplificada: Yager habla acertadamente sobre estos aspectos y dice que la mayoría ambiciona tener libertad financiera y está cansada de tener batallas financieras inútiles.

Ejemplo 3
Texto: De acuerdo con esta medición, la proporción de pobres en la población mundial quienes viven con menos de un dólar por día descendió levemente entre 1987 y 1993, pues pasó del 30% al 29%.
Versión simplificada: Según esta medición, la proporción de personas pobres en la población mundial descendió un poco entre mil novecientos ochenta y siete y mil novecientos noventa y tres. Es decir, el porcentaje de personas que vivían con menos de un dólar por día pasó del treinta al veintinueve por ciento.

Ejemplo 4
Texto: - Rentabilidad
INTERÉS DE 2 PESOS SOBRE UNA INVERSIÓN DE 100 PESOS = RENTABILIDAD DE 2 % ((2 ÷ 100) × 100 = 2%) POR CADA 100 PESOS SE GANAN 2 PESOS
Endeudamiento
DEUDA DE 30 PESOS POR SOBRE EL CAPITAL DE 20 PESOS = ENDEUDAMIENTO DE 1,5 VECES EL CAPITAL (30 ÷ 20 = 1,5) POR CADA PESO DE CAPITAL EXISTE 1,5 PESOS DE DEUDA
Liquidez
80 PESOS DE DINERO DISPONIBLE POR SOBRE DEUDAS DE 40 PESOS = LIQUIDEZ DE DOS VECES EL VALOR DE LA DEUDA (80 ÷ 40 = 2) POR CADA PESO DE DEUDA SE DISPONE DE 2 PESOS PARA PAGO
Versión simplificada: EL INTERÉS DE DOS PESOS SOBRE UNA INVERSIÓN DE CIEN PESOS DA UNA RENTABILIDAD DE DOS POR CIENTO. ES DECIR, POR CADA CIEN PESOS GANAMOS DOS PESOS. LA DEUDA DE TREINTA PESOS SOBRE EL CAPITAL DE VEINTE PESOS RESULTA EN UNA DEUDA DE UNO PUNTO CINCO VECES EL CAPITAL. ES DECIR, POR CADA PESO DE CAPITAL HAY UNO PUNTO CINCO PESOS DE DEUDA. EN OCHENTA PESOS DE DINERO DISPONIBLE SOBRE DEUDAS DE CUARENTA PESOS DA UNA LIQUIDEZ DEL DOBLE DE LA DEUDA. POR CADA PESO ADEUDADO HAY DOS PESOS PARA PAGAR.

Texto: Documente todos sus gastos e ingresos o compárelos con lo que usted planificó que iba a gastar en el mes.
Versión simplificada:",4.7043,success,,{},5187,few-shot,hariel,llama3_cfg_3,0.3,0.9,1.15,256,,
exp_prompting_sample36_top4_20260506_041700,a38c1d2c-9f5c-428d-b8f6-da15cd448512,2026-05-06T04:25:43.528853,feina_repr30_test_sample36,,sample36,llama3,meta-llama/Meta-Llama-3-8B-Instruct,ollama,few-shot,R2,"[78, 1805, 3635, 5262]","{'temperature': 0.7, 'top_p': 0.9, 'repetition_penalty': 1.1, 'max_new_tokens': 512}",550,"No tiene incentivos ni motivación, dos elementos esenciales en ambientes de competencia.",No tiene sentido ni motivación. Estos elementos son esenciales para la competencia.,Sin motivación y sin incentivos no se puede ser exitoso en un ambiente competitivo.,"Reescribe en español cada texto con lenguaje más claro y sencillo.
Conserva el significado original y no inventes información.
Guía interna de simplificación: usa palabras comunes; evita tecnicismos innecesarios; reemplaza palabras difíciles por palabras simples; usa oraciones cortas; expresa una idea por oración; prefiere voz activa; divide oraciones largas.

Devuelve solo la versión final simplificada.

Ejemplo 1
Texto: A continuación una tabla donde se demuestra como crecen los ahorros al pasar los años: Edad Inversión Intereses Saldo Inversión Intereses Saldo Laura Ganados Alberto Ganados 22 $800 $80 $880 23 $800 $168 $1.232 Valor al Jubilarse $311.092 Valor al Jubilarse $263.232 Menos las contribuciones iniciales $6.400 Menos las contribuciones iniciales $28.800 Ganancia Neta $304.692 Ganancia Neta $234.
Versión simplificada: A continuación, presentamos una tabla donde se demuestra como crecen los ahorros al pasar los años. Las categorías en que se divide la tabla son edad, inversión, intereses ganados y saldo. La tabla contrasta las ganancias en intereses por año de Laura y Alberto con una proyección de edad de jubilación de sesenta y cinco años y según la cantidad de años que mantuvieron el ahorro.

Ejemplo 2
Texto: El varias veces mencionado Yager, nos dice acertadamente sobre estos aspectos lo siguiente: La mayoría de ustedes están hambrientos de tener libertad financiera, están hastiados de tener batallas financieras porque son como un carrusel.
Versión simplificada: Yager habla acertadamente sobre estos aspectos y dice que la mayoría ambiciona tener libertad financiera y está cansada de tener batallas financieras inútiles.

Ejemplo 3
Texto: De acuerdo con esta medición, la proporción de pobres en la población mundial quienes viven con menos de un dólar por día descendió levemente entre 1987 y 1993, pues pasó del 30% al 29%.
Versión simplificada: Según esta medición, la proporción de personas pobres en la población mundial descendió un poco entre mil novecientos ochenta y siete y mil novecientos noventa y tres. Es decir, el porcentaje de personas que vivían con menos de un dólar por día pasó del treinta al veintinueve por ciento.

Ejemplo 4
Texto: - Rentabilidad
INTERÉS DE 2 PESOS SOBRE UNA INVERSIÓN DE 100 PESOS = RENTABILIDAD DE 2 % ((2 ÷ 100) × 100 = 2%) POR CADA 100 PESOS SE GANAN 2 PESOS
Endeudamiento
DEUDA DE 30 PESOS POR SOBRE EL CAPITAL DE 20 PESOS = ENDEUDAMIENTO DE 1,5 VECES EL CAPITAL (30 ÷ 20 = 1,5) POR CADA PESO DE CAPITAL EXISTE 1,5 PESOS DE DEUDA
Liquidez
80 PESOS DE DINERO DISPONIBLE POR SOBRE DEUDAS DE 40 PESOS = LIQUIDEZ DE DOS VECES EL VALOR DE LA DEUDA (80 ÷ 40 = 2) POR CADA PESO DE DEUDA SE DISPONE DE 2 PESOS PARA PAGO
Versión simplificada: EL INTERÉS DE DOS PESOS SOBRE UNA INVERSIÓN DE CIEN PESOS DA UNA RENTABILIDAD DE DOS POR CIENTO. ES DECIR, POR CADA CIEN PESOS GANAMOS DOS PESOS. LA DEUDA DE TREINTA PESOS SOBRE EL CAPITAL DE VEINTE PESOS RESULTA EN UNA DEUDA DE UNO PUNTO CINCO VECES EL CAPITAL. ES DECIR, POR CADA PESO DE CAPITAL HAY UNO PUNTO CINCO PESOS DE DEUDA. EN OCHENTA PESOS DE DINERO DISPONIBLE SOBRE DEUDAS DE CUARENTA PESOS DA UNA LIQUIDEZ DEL DOBLE DE LA DEUDA. POR CADA PESO ADEUDADO HAY DOS PESOS PARA PAGAR.

Texto: No tiene incentivos ni motivación, dos elementos esenciales en ambientes de competencia.
Versión simplificada:",5.2532,success,,{},550,few-shot,nancy,llama3_cfg_2,0.7,0.9,1.1,512,,
exp_prompting_sample36_top4_20260506_041700,011eadca-c6fe-40c8-9015-8e2025c89ac7,2026-05-06T04:25:49.139979,feina_repr30_test_sample36,,sample36,llama3,meta-llama/Meta-Llama-3-8B-Instruct,ollama,few-shot,R2,"[78, 1805, 3635, 5262]","{'temperature': 0.7, 'top_p': 0.9, 'repetition_penalty': 1.1, 'max_new_tokens': 512}",571,"En los procesos de importaciones y exportaciones intervienen, además de clientes y proveedores, instituciones del Estado y los bancos, tal como se indica en el siguiente recuadro:",Clientes y proveedores intervienen en las importancias y exportaciones. También lo hacen las instituciones estatales y los banco como se indica a continuación:,"En la importación y exportación, intervienen no solo clientes y proveedores sino también instituciones del Estado y bancos.","Reescribe en español cada texto con lenguaje más claro y sencillo.
Conserva el significado original y no inventes información.
Guía interna de simplificación: usa palabras comunes; evita tecnicismos innecesarios; reemplaza palabras difíciles por palabras simples; usa oraciones cortas; expresa una idea por oración; prefiere voz activa; divide oraciones largas.

Devuelve solo la versión final simplificada.

Ejemplo 1
Texto: A continuación una tabla donde se demuestra como crecen los ahorros al pasar los años: Edad Inversión Intereses Saldo Inversión Intereses Saldo Laura Ganados Alberto Ganados 22 $800 $80 $880 23 $800 $168 $1.232 Valor al Jubilarse $311.092 Valor al Jubilarse $263.232 Menos las contribuciones iniciales $6.400 Menos las contribuciones iniciales $28.800 Ganancia Neta $304.692 Ganancia Neta $234.
Versión simplificada: A continuación, presentamos una tabla donde se demuestra como crecen los ahorros al pasar los años. Las categorías en que se divide la tabla son edad, inversión, intereses ganados y saldo. La tabla contrasta las ganancias en intereses por año de Laura y Alberto con una proyección de edad de jubilación de sesenta y cinco años y según la cantidad de años que mantuvieron el ahorro.

Ejemplo 2
Texto: El varias veces mencionado Yager, nos dice acertadamente sobre estos aspectos lo siguiente: La mayoría de ustedes están hambrientos de tener libertad financiera, están hastiados de tener batallas financieras porque son como un carrusel.
Versión simplificada: Yager habla acertadamente sobre estos aspectos y dice que la mayoría ambiciona tener libertad financiera y está cansada de tener batallas financieras inútiles.

Ejemplo 3
Texto: De acuerdo con esta medición, la proporción de pobres en la población mundial quienes viven con menos de un dólar por día descendió levemente entre 1987 y 1993, pues pasó del 30% al 29%.
Versión simplificada: Según esta medición, la proporción de personas pobres en la población mundial descendió un poco entre mil novecientos ochenta y siete y mil novecientos noventa y tres. Es decir, el porcentaje de personas que vivían con menos de un dólar por día pasó del treinta al veintinueve por ciento.

Ejemplo 4
Texto: - Rentabilidad
INTERÉS DE 2 PESOS SOBRE UNA INVERSIÓN DE 100 PESOS = RENTABILIDAD DE 2 % ((2 ÷ 100) × 100 = 2%) POR CADA 100 PESOS SE GANAN 2 PESOS
Endeudamiento
DEUDA DE 30 PESOS POR SOBRE EL CAPITAL DE 20 PESOS = ENDEUDAMIENTO DE 1,5 VECES EL CAPITAL (30 ÷ 20 = 1,5) POR CADA PESO DE CAPITAL EXISTE 1,5 PESOS DE DEUDA
Liquidez
80 PESOS DE DINERO DISPONIBLE POR SOBRE DEUDAS DE 40 PESOS = LIQUIDEZ DE DOS VECES EL VALOR DE LA DEUDA (80 ÷ 40 = 2) POR CADA PESO DE DEUDA SE DISPONE DE 2 PESOS PARA PAGO
Versión simplificada: EL INTERÉS DE DOS PESOS SOBRE UNA INVERSIÓN DE CIEN PESOS DA UNA RENTABILIDAD DE DOS POR CIENTO. ES DECIR, POR CADA CIEN PESOS GANAMOS DOS PESOS. LA DEUDA DE TREINTA PESOS SOBRE EL CAPITAL DE VEINTE PESOS RESULTA EN UNA DEUDA DE UNO PUNTO CINCO VECES EL CAPITAL. ES DECIR, POR CADA PESO DE CAPITAL HAY UNO PUNTO CINCO PESOS DE DEUDA. EN OCHENTA PESOS DE DINERO DISPONIBLE SOBRE DEUDAS DE CUARENTA PESOS DA UNA LIQUIDEZ DEL DOBLE DE LA DEUDA. POR CADA PESO ADEUDADO HAY DOS PESOS PARA PAGAR.

Texto: En los procesos de importaciones y exportaciones intervienen, además de clientes y proveedores, instituciones del Estado y los bancos, tal como se indica en el siguiente recuadro:
Versión simplificada:",5.1673,success,,{},571,few-shot,nancy,llama3_cfg_2,0.7,0.9,1.1,512,,
exp_prompting_sample36_top4_20260506_041700,4410b723-83c4-448f-b39b-308320e5f2ed,2026-05-06T04:25:54.675685,feina_repr30_test_sample36,,sample36,llama3,meta-llama/Meta-Llama-3-8B-Instruct,ollama,few-shot,R2,"[78, 1805, 3635, 5262]","{'temperature': 0.7, 'top_p': 0.9, 'repetition_penalty': 1.1, 'max_new_tokens': 512}",885,"El robo de identidad ocurre cuando su información personal, tal como su nombre, número de cuenta, o número de cédula de identidad se usan sin su conocimiento para cometer un fraude o robo.","El robo de identidad ocurre cuando su información personal como su nombre, número de cuenta, o número de cédula de identidad se usan sin su conocimiento para cometer un fraude o robo.",El robo de identidad es cuando alguien usa su información personal sin su consentimiento para hacer trucos o robos.,"Reescribe en español cada texto con lenguaje más claro y sencillo.
Conserva el significado original y no inventes información.
Guía interna de simplificación: usa palabras comunes; evita tecnicismos innecesarios; reemplaza palabras difíciles por palabras simples; usa oraciones cortas; expresa una idea por oración; prefiere voz activa; divide oraciones largas.

Devuelve solo la versión final simplificada.

Ejemplo 1
Texto: A continuación una tabla donde se demuestra como crecen los ahorros al pasar los años: Edad Inversión Intereses Saldo Inversión Intereses Saldo Laura Ganados Alberto Ganados 22 $800 $80 $880 23 $800 $168 $1.232 Valor al Jubilarse $311.092 Valor al Jubilarse $263.232 Menos las contribuciones iniciales $6.400 Menos las contribuciones iniciales $28.800 Ganancia Neta $304.692 Ganancia Neta $234.
Versión simplificada: A continuación, presentamos una tabla donde se demuestra como crecen los ahorros al pasar los años. Las categorías en que se divide la tabla son edad, inversión, intereses ganados y saldo. La tabla contrasta las ganancias en intereses por año de Laura y Alberto con una proyección de edad de jubilación de sesenta y cinco años y según la cantidad de años que mantuvieron el ahorro.

Ejemplo 2
Texto: El varias veces mencionado Yager, nos dice acertadamente sobre estos aspectos lo siguiente: La mayoría de ustedes están hambrientos de tener libertad financiera, están hastiados de tener batallas financieras porque son como un carrusel.
Versión simplificada: Yager habla acertadamente sobre estos aspectos y dice que la mayoría ambiciona tener libertad financiera y está cansada de tener batallas financieras inútiles.

Ejemplo 3
Texto: De acuerdo con esta medición, la proporción de pobres en la población mundial quienes viven con menos de un dólar por día descendió levemente entre 1987 y 1993, pues pasó del 30% al 29%.
Versión simplificada: Según esta medición, la proporción de personas pobres en la población mundial descendió un poco entre mil novecientos ochenta y siete y mil novecientos noventa y tres. Es decir, el porcentaje de personas que vivían con menos de un dólar por día pasó del treinta al veintinueve por ciento.

Ejemplo 4
Texto: - Rentabilidad
INTERÉS DE 2 PESOS SOBRE UNA INVERSIÓN DE 100 PESOS = RENTABILIDAD DE 2 % ((2 ÷ 100) × 100 = 2%) POR CADA 100 PESOS SE GANAN 2 PESOS
Endeudamiento
DEUDA DE 30 PESOS POR SOBRE EL CAPITAL DE 20 PESOS = ENDEUDAMIENTO DE 1,5 VECES EL CAPITAL (30 ÷ 20 = 1,5) POR CADA PESO DE CAPITAL EXISTE 1,5 PESOS DE DEUDA
Liquidez
80 PESOS DE DINERO DISPONIBLE POR SOBRE DEUDAS DE 40 PESOS = LIQUIDEZ DE DOS VECES EL VALOR DE LA DEUDA (80 ÷ 40 = 2) POR CADA PESO DE DEUDA SE DISPONE DE 2 PESOS PARA PAGO
Versión simplificada: EL INTERÉS DE DOS PESOS SOBRE UNA INVERSIÓN DE CIEN PESOS DA UNA RENTABILIDAD DE DOS POR CIENTO. ES DECIR, POR CADA CIEN PESOS GANAMOS DOS PESOS. LA DEUDA DE TREINTA PESOS SOBRE EL CAPITAL DE VEINTE PESOS RESULTA EN UNA DEUDA DE UNO PUNTO CINCO VECES EL CAPITAL. ES DECIR, POR CADA PESO DE CAPITAL HAY UNO PUNTO CINCO PESOS DE DEUDA. EN OCHENTA PESOS DE DINERO DISPONIBLE SOBRE DEUDAS DE CUARENTA PESOS DA UNA LIQUIDEZ DEL DOBLE DE LA DEUDA. POR CADA PESO ADEUDADO HAY DOS PESOS PARA PAGAR.

Texto: El robo de identidad ocurre cuando su información personal, tal como su nombre, número de cuenta, o número de cédula de identidad se usan sin su conocimiento para cometer un fraude o robo.
Versión simplificada:",5.2017,success,,{},885,few-shot,nancy,llama3_cfg_2,0.7,0.9,1.1,512,,
exp_prompting_sample36_top4_20260506_041700,aff38e69-f9cc-423a-9a6c-e6db793a5e84,2026-05-06T04:26:00.478586,feina_repr30_test_sample36,,sample36,llama3,meta-llama/Meta-Llama-3-8B-Instruct,ollama,few-shot,R2,"[78, 1805, 3635, 5262]","{'temperature': 0.7, 'top_p': 0.9, 'repetition_penalty': 1.1, 'max_new_tokens': 512}",1193,"Los sueños de los niños tienen una gran variedad que va desde Tarzán hasta el Agente 007, pasando por Superman.",Los sueños de los niños son variados y van desde Tarzán hasta el Agente 007 y Superman.,"Los niños soñan con ser como personajes famosos, como Tarzán, Agente 007 o Superman.","Reescribe en español cada texto con lenguaje más claro y sencillo.
Conserva el significado original y no inventes información.
Guía interna de simplificación: usa palabras comunes; evita tecnicismos innecesarios; reemplaza palabras difíciles por palabras simples; usa oraciones cortas; expresa una idea por oración; prefiere voz activa; divide oraciones largas.

Devuelve solo la versión final simplificada.

Ejemplo 1
Texto: A continuación una tabla donde se demuestra como crecen los ahorros al pasar los años: Edad Inversión Intereses Saldo Inversión Intereses Saldo Laura Ganados Alberto Ganados 22 $800 $80 $880 23 $800 $168 $1.232 Valor al Jubilarse $311.092 Valor al Jubilarse $263.232 Menos las contribuciones iniciales $6.400 Menos las contribuciones iniciales $28.800 Ganancia Neta $304.692 Ganancia Neta $234.
Versión simplificada: A continuación, presentamos una tabla donde se demuestra como crecen los ahorros al pasar los años. Las categorías en que se divide la tabla son edad, inversión, intereses ganados y saldo. La tabla contrasta las ganancias en intereses por año de Laura y Alberto con una proyección de edad de jubilación de sesenta y cinco años y según la cantidad de años que mantuvieron el ahorro.

Ejemplo 2
Texto: El varias veces mencionado Yager, nos dice acertadamente sobre estos aspectos lo siguiente: La mayoría de ustedes están hambrientos de tener libertad financiera, están hastiados de tener batallas financieras porque son como un carrusel.
Versión simplificada: Yager habla acertadamente sobre estos aspectos y dice que la mayoría ambiciona tener libertad financiera y está cansada de tener batallas financieras inútiles.

Ejemplo 3
Texto: De acuerdo con esta medición, la proporción de pobres en la población mundial quienes viven con menos de un dólar por día descendió levemente entre 1987 y 1993, pues pasó del 30% al 29%.
Versión simplificada: Según esta medición, la proporción de personas pobres en la población mundial descendió un poco entre mil novecientos ochenta y siete y mil novecientos noventa y tres. Es decir, el porcentaje de personas que vivían con menos de un dólar por día pasó del treinta al veintinueve por ciento.

Ejemplo 4
Texto: - Rentabilidad
INTERÉS DE 2 PESOS SOBRE UNA INVERSIÓN DE 100 PESOS = RENTABILIDAD DE 2 % ((2 ÷ 100) × 100 = 2%) POR CADA 100 PESOS SE GANAN 2 PESOS
Endeudamiento
DEUDA DE 30 PESOS POR SOBRE EL CAPITAL DE 20 PESOS = ENDEUDAMIENTO DE 1,5 VECES EL CAPITAL (30 ÷ 20 = 1,5) POR CADA PESO DE CAPITAL EXISTE 1,5 PESOS DE DEUDA
Liquidez
80 PESOS DE DINERO DISPONIBLE POR SOBRE DEUDAS DE 40 PESOS = LIQUIDEZ DE DOS VECES EL VALOR DE LA DEUDA (80 ÷ 40 = 2) POR CADA PESO DE DEUDA SE DISPONE DE 2 PESOS PARA PAGO
Versión simplificada: EL INTERÉS DE DOS PESOS SOBRE UNA INVERSIÓN DE CIEN PESOS DA UNA RENTABILIDAD DE DOS POR CIENTO. ES DECIR, POR CADA CIEN PESOS GANAMOS DOS PESOS. LA DEUDA DE TREINTA PESOS SOBRE EL CAPITAL DE VEINTE PESOS RESULTA EN UNA DEUDA DE UNO PUNTO CINCO VECES EL CAPITAL. ES DECIR, POR CADA PESO DE CAPITAL HAY UNO PUNTO CINCO PESOS DE DEUDA. EN OCHENTA PESOS DE DINERO DISPONIBLE SOBRE DEUDAS DE CUARENTA PESOS DA UNA LIQUIDEZ DEL DOBLE DE LA DEUDA. POR CADA PESO ADEUDADO HAY DOS PESOS PARA PAGAR.

Texto: Los sueños de los niños tienen una gran variedad que va desde Tarzán hasta el Agente 007, pasando por Superman.
Versión simplificada:",4.9402,success,,{},1193,few-shot,nancy,llama3_cfg_2,0.7,0.9,1.1,512,,
exp_prompting_sample36_top4_20260506_041700,0e502913-593f-4604-af8f-48cc7e0ee26f,2026-05-06T04:26:05.768852,feina_repr30_test_sample36,,sample36,llama3,meta-llama/Meta-Llama-3-8B-Instruct,ollama,few-shot,R2,"[78, 1805, 3635, 5262]","{'temperature': 0.7, 'top_p': 0.9, 'repetition_penalty': 1.1, 'max_new_tokens': 512}",1391,Expresiones como soborno y cohecho se refieren a ilícitos vinculados a la compra de la voluntad de un individuo para provecho personal.,Expresiones como soborno y cohecho se refieren a delitos vinculados a comprar la voluntad de alguien para provecho personal.,"Comunicación inapropiada entre alguien con autoridad y otro que tiene una relación especial con él, por ejemplo, un empleador y un empleado.","Reescribe en español cada texto con lenguaje más claro y sencillo.
Conserva el significado original y no inventes información.
Guía interna de simplificación: usa palabras comunes; evita tecnicismos innecesarios; reemplaza palabras difíciles por palabras simples; usa oraciones cortas; expresa una idea por oración; prefiere voz activa; divide oraciones largas.

Devuelve solo la versión final simplificada.

Ejemplo 1
Texto: A continuación una tabla donde se demuestra como crecen los ahorros al pasar los años: Edad Inversión Intereses Saldo Inversión Intereses Saldo Laura Ganados Alberto Ganados 22 $800 $80 $880 23 $800 $168 $1.232 Valor al Jubilarse $311.092 Valor al Jubilarse $263.232 Menos las contribuciones iniciales $6.400 Menos las contribuciones iniciales $28.800 Ganancia Neta $304.692 Ganancia Neta $234.
Versión simplificada: A continuación, presentamos una tabla donde se demuestra como crecen los ahorros al pasar los años. Las categorías en que se divide la tabla son edad, inversión, intereses ganados y saldo. La tabla contrasta las ganancias en intereses por año de Laura y Alberto con una proyección de edad de jubilación de sesenta y cinco años y según la cantidad de años que mantuvieron el ahorro.

Ejemplo 2
Texto: El varias veces mencionado Yager, nos dice acertadamente sobre estos aspectos lo siguiente: La mayoría de ustedes están hambrientos de tener libertad financiera, están hastiados de tener batallas financieras porque son como un carrusel.
Versión simplificada: Yager habla acertadamente sobre estos aspectos y dice que la mayoría ambiciona tener libertad financiera y está cansada de tener batallas financieras inútiles.

Ejemplo 3
Texto: De acuerdo con esta medición, la proporción de pobres en la población mundial quienes viven con menos de un dólar por día descendió levemente entre 1987 y 1993, pues pasó del 30% al 29%.
Versión simplificada: Según esta medición, la proporción de personas pobres en la población mundial descendió un poco entre mil novecientos ochenta y siete y mil novecientos noventa y tres. Es decir, el porcentaje de personas que vivían con menos de un dólar por día pasó del treinta al veintinueve por ciento.

Ejemplo 4
Texto: - Rentabilidad
INTERÉS DE 2 PESOS SOBRE UNA INVERSIÓN DE 100 PESOS = RENTABILIDAD DE 2 % ((2 ÷ 100) × 100 = 2%) POR CADA 100 PESOS SE GANAN 2 PESOS
Endeudamiento
DEUDA DE 30 PESOS POR SOBRE EL CAPITAL DE 20 PESOS = ENDEUDAMIENTO DE 1,5 VECES EL CAPITAL (30 ÷ 20 = 1,5) POR CADA PESO DE CAPITAL EXISTE 1,5 PESOS DE DEUDA
Liquidez
80 PESOS DE DINERO DISPONIBLE POR SOBRE DEUDAS DE 40 PESOS = LIQUIDEZ DE DOS VECES EL VALOR DE LA DEUDA (80 ÷ 40 = 2) POR CADA PESO DE DEUDA SE DISPONE DE 2 PESOS PARA PAGO
Versión simplificada: EL INTERÉS DE DOS PESOS SOBRE UNA INVERSIÓN DE CIEN PESOS DA UNA RENTABILIDAD DE DOS POR CIENTO. ES DECIR, POR CADA CIEN PESOS GANAMOS DOS PESOS. LA DEUDA DE TREINTA PESOS SOBRE EL CAPITAL DE VEINTE PESOS RESULTA EN UNA DEUDA DE UNO PUNTO CINCO VECES EL CAPITAL. ES DECIR, POR CADA PESO DE CAPITAL HAY UNO PUNTO CINCO PESOS DE DEUDA. EN OCHENTA PESOS DE DINERO DISPONIBLE SOBRE DEUDAS DE CUARENTA PESOS DA UNA LIQUIDEZ DEL DOBLE DE LA DEUDA. POR CADA PESO ADEUDADO HAY DOS PESOS PARA PAGAR.

Texto: Expresiones como soborno y cohecho se refieren a ilícitos vinculados a la compra de la voluntad de un individuo para provecho personal.
Versión simplificada:",5.4046,success,,{},1391,few-shot,nancy,llama3_cfg_2,0.7,0.9,1.1,512,,
exp_prompting_sample36_top4_20260506_041700,42854a59-374e-4d57-8f1e-1f9a25d95a67,2026-05-06T04:26:11.872804,feina_repr30_test_sample36,,sample36,llama3,meta-llama/Meta-Llama-3-8B-Instruct,ollama,few-shot,R2,"[78, 1805, 3635, 5262]","{'temperature': 0.7, 'top_p': 0.9, 'repetition_penalty': 1.1, 'max_new_tokens': 512}",1399,"DIRECCIÓN DE PRESUPUESTO (DIPRES): ""formula y lleva el control presupuestario de la nación.""",DIRECCIÓN DE PRESUPUESTO: formula y lleva el control presupuestario de la nación.,La Dirección de Presupuesto (Dipres) es responsable de crear y supervisar el presupuesto nacional.,"Reescribe en español cada texto con lenguaje más claro y sencillo.
Conserva el significado original y no inventes información.
Guía interna de simplificación: usa palabras comunes; evita tecnicismos innecesarios; reemplaza palabras difíciles por palabras simples; usa oraciones cortas; expresa una idea por oración; prefiere voz activa; divide oraciones largas.

Devuelve solo la versión final simplificada.

Ejemplo 1
Texto: A continuación una tabla donde se demuestra como crecen los ahorros al pasar los años: Edad Inversión Intereses Saldo Inversión Intereses Saldo Laura Ganados Alberto Ganados 22 $800 $80 $880 23 $800 $168 $1.232 Valor al Jubilarse $311.092 Valor al Jubilarse $263.232 Menos las contribuciones iniciales $6.400 Menos las contribuciones iniciales $28.800 Ganancia Neta $304.692 Ganancia Neta $234.
Versión simplificada: A continuación, presentamos una tabla donde se demuestra como crecen los ahorros al pasar los años. Las categorías en que se divide la tabla son edad, inversión, intereses ganados y saldo. La tabla contrasta las ganancias en intereses por año de Laura y Alberto con una proyección de edad de jubilación de sesenta y cinco años y según la cantidad de años que mantuvieron el ahorro.

Ejemplo 2
Texto: El varias veces mencionado Yager, nos dice acertadamente sobre estos aspectos lo siguiente: La mayoría de ustedes están hambrientos de tener libertad financiera, están hastiados de tener batallas financieras porque son como un carrusel.
Versión simplificada: Yager habla acertadamente sobre estos aspectos y dice que la mayoría ambiciona tener libertad financiera y está cansada de tener batallas financieras inútiles.

Ejemplo 3
Texto: De acuerdo con esta medición, la proporción de pobres en la población mundial quienes viven con menos de un dólar por día descendió levemente entre 1987 y 1993, pues pasó del 30% al 29%.
Versión simplificada: Según esta medición, la proporción de personas pobres en la población mundial descendió un poco entre mil novecientos ochenta y siete y mil novecientos noventa y tres. Es decir, el porcentaje de personas que vivían con menos de un dólar por día pasó del treinta al veintinueve por ciento.

Ejemplo 4
Texto: - Rentabilidad
INTERÉS DE 2 PESOS SOBRE UNA INVERSIÓN DE 100 PESOS = RENTABILIDAD DE 2 % ((2 ÷ 100) × 100 = 2%) POR CADA 100 PESOS SE GANAN 2 PESOS
Endeudamiento
DEUDA DE 30 PESOS POR SOBRE EL CAPITAL DE 20 PESOS = ENDEUDAMIENTO DE 1,5 VECES EL CAPITAL (30 ÷ 20 = 1,5) POR CADA PESO DE CAPITAL EXISTE 1,5 PESOS DE DEUDA
Liquidez
80 PESOS DE DINERO DISPONIBLE POR SOBRE DEUDAS DE 40 PESOS = LIQUIDEZ DE DOS VECES EL VALOR DE LA DEUDA (80 ÷ 40 = 2) POR CADA PESO DE DEUDA SE DISPONE DE 2 PESOS PARA PAGO
Versión simplificada: EL INTERÉS DE DOS PESOS SOBRE UNA INVERSIÓN DE CIEN PESOS DA UNA RENTABILIDAD DE DOS POR CIENTO. ES DECIR, POR CADA CIEN PESOS GANAMOS DOS PESOS. LA DEUDA DE TREINTA PESOS SOBRE EL CAPITAL DE VEINTE PESOS RESULTA EN UNA DEUDA DE UNO PUNTO CINCO VECES EL CAPITAL. ES DECIR, POR CADA PESO DE CAPITAL HAY UNO PUNTO CINCO PESOS DE DEUDA. EN OCHENTA PESOS DE DINERO DISPONIBLE SOBRE DEUDAS DE CUARENTA PESOS DA UNA LIQUIDEZ DEL DOBLE DE LA DEUDA. POR CADA PESO ADEUDADO HAY DOS PESOS PARA PAGAR.

Texto: DIRECCIÓN DE PRESUPUESTO (DIPRES): ""formula y lleva el control presupuestario de la nación.""
Versión simplificada:",5.7492,success,,{},1399,few-shot,nancy,llama3_cfg_2,0.7,0.9,1.1,512,,
exp_prompting_sample36_top4_20260506_041700,0bc677f5-ea69-4b32-8e76-61b854e263a9,2026-05-06T04:26:17.980001,feina_repr30_test_sample36,,sample36,llama3,meta-llama/Meta-Llama-3-8B-Instruct,ollama,few-shot,R2,"[78, 1805, 3635, 5262]","{'temperature': 0.7, 'top_p': 0.9, 'repetition_penalty': 1.1, 'max_new_tokens': 512}",1636,"Interés compuesto: Es la suma del capital y el interés acumulado, que se va multiplicando según los plazos convenidos. La tasa de interés es el porcentaje que se aplica a un préstamo o inversión realizada.",El interés compuesto es la suma del capital y el interés acumulado. La tasa de interés es el porcentaje aplicado a un préstamo o inversión realizada.,"El interés compuesto es la suma del capital y el interés acumulado, que crece según el tiempo establecido. La tasa de interés es el porcentaje que se aplica al dinero prestado o invertido.","Reescribe en español cada texto con lenguaje más claro y sencillo.
Conserva el significado original y no inventes información.
Guía interna de simplificación: usa palabras comunes; evita tecnicismos innecesarios; reemplaza palabras difíciles por palabras simples; usa oraciones cortas; expresa una idea por oración; prefiere voz activa; divide oraciones largas.

Devuelve solo la versión final simplificada.

Ejemplo 1
Texto: A continuación una tabla donde se demuestra como crecen los ahorros al pasar los años: Edad Inversión Intereses Saldo Inversión Intereses Saldo Laura Ganados Alberto Ganados 22 $800 $80 $880 23 $800 $168 $1.232 Valor al Jubilarse $311.092 Valor al Jubilarse $263.232 Menos las contribuciones iniciales $6.400 Menos las contribuciones iniciales $28.800 Ganancia Neta $304.692 Ganancia Neta $234.
Versión simplificada: A continuación, presentamos una tabla donde se demuestra como crecen los ahorros al pasar los años. Las categorías en que se divide la tabla son edad, inversión, intereses ganados y saldo. La tabla contrasta las ganancias en intereses por año de Laura y Alberto con una proyección de edad de jubilación de sesenta y cinco años y según la cantidad de años que mantuvieron el ahorro.

Ejemplo 2
Texto: El varias veces mencionado Yager, nos dice acertadamente sobre estos aspectos lo siguiente: La mayoría de ustedes están hambrientos de tener libertad financiera, están hastiados de tener batallas financieras porque son como un carrusel.
Versión simplificada: Yager habla acertadamente sobre estos aspectos y dice que la mayoría ambiciona tener libertad financiera y está cansada de tener batallas financieras inútiles.

Ejemplo 3
Texto: De acuerdo con esta medición, la proporción de pobres en la población mundial quienes viven con menos de un dólar por día descendió levemente entre 1987 y 1993, pues pasó del 30% al 29%.
Versión simplificada: Según esta medición, la proporción de personas pobres en la población mundial descendió un poco entre mil novecientos ochenta y siete y mil novecientos noventa y tres. Es decir, el porcentaje de personas que vivían con menos de un dólar por día pasó del treinta al veintinueve por ciento.

Ejemplo 4
Texto: - Rentabilidad
INTERÉS DE 2 PESOS SOBRE UNA INVERSIÓN DE 100 PESOS = RENTABILIDAD DE 2 % ((2 ÷ 100) × 100 = 2%) POR CADA 100 PESOS SE GANAN 2 PESOS
Endeudamiento
DEUDA DE 30 PESOS POR SOBRE EL CAPITAL DE 20 PESOS = ENDEUDAMIENTO DE 1,5 VECES EL CAPITAL (30 ÷ 20 = 1,5) POR CADA PESO DE CAPITAL EXISTE 1,5 PESOS DE DEUDA
Liquidez
80 PESOS DE DINERO DISPONIBLE POR SOBRE DEUDAS DE 40 PESOS = LIQUIDEZ DE DOS VECES EL VALOR DE LA DEUDA (80 ÷ 40 = 2) POR CADA PESO DE DEUDA SE DISPONE DE 2 PESOS PARA PAGO
Versión simplificada: EL INTERÉS DE DOS PESOS SOBRE UNA INVERSIÓN DE CIEN PESOS DA UNA RENTABILIDAD DE DOS POR CIENTO. ES DECIR, POR CADA CIEN PESOS GANAMOS DOS PESOS. LA DEUDA DE TREINTA PESOS SOBRE EL CAPITAL DE VEINTE PESOS RESULTA EN UNA DEUDA DE UNO PUNTO CINCO VECES EL CAPITAL. ES DECIR, POR CADA PESO DE CAPITAL HAY UNO PUNTO CINCO PESOS DE DEUDA. EN OCHENTA PESOS DE DINERO DISPONIBLE SOBRE DEUDAS DE CUARENTA PESOS DA UNA LIQUIDEZ DEL DOBLE DE LA DEUDA. POR CADA PESO ADEUDADO HAY DOS PESOS PARA PAGAR.

Texto: Interés compuesto: Es la suma del capital y el interés acumulado, que se va multiplicando según los plazos convenidos. La tasa de interés es el porcentaje que se aplica a un préstamo o inversión realizada.
Versión simplificada:",5.6186,success,,{},1636,few-shot,nancy,llama3_cfg_2,0.7,0.9,1.1,512,,
exp_prompting_sample36_top4_20260506_041700,41df9b23-523a-4ca1-846d-82a598fb6e8e,2026-05-06T04:26:23.946221,feina_repr30_test_sample36,,sample36,llama3,meta-llama/Meta-Llama-3-8B-Instruct,ollama,few-shot,R2,"[78, 1805, 3635, 5262]","{'temperature': 0.7, 'top_p': 0.9, 'repetition_penalty': 1.1, 'max_new_tokens': 512}",1740,La producción en un país se realiza mediante lo que se conoce como factores de producción y de los cuales nos ocuparemos en detalle más adelante.,A través de los factores de producción se realiza la producción en un país. Más adelante nos ocuparemos en detalle de estos factores.,"La producción en un país se hace utilizando factores de producción, sobre los que hablaremos más tarde.","Reescribe en español cada texto con lenguaje más claro y sencillo.
Conserva el significado original y no inventes información.
Guía interna de simplificación: usa palabras comunes; evita tecnicismos innecesarios; reemplaza palabras difíciles por palabras simples; usa oraciones cortas; expresa una idea por oración; prefiere voz activa; divide oraciones largas.

Devuelve solo la versión final simplificada.

Ejemplo 1
Texto: A continuación una tabla donde se demuestra como crecen los ahorros al pasar los años: Edad Inversión Intereses Saldo Inversión Intereses Saldo Laura Ganados Alberto Ganados 22 $800 $80 $880 23 $800 $168 $1.232 Valor al Jubilarse $311.092 Valor al Jubilarse $263.232 Menos las contribuciones iniciales $6.400 Menos las contribuciones iniciales $28.800 Ganancia Neta $304.692 Ganancia Neta $234.
Versión simplificada: A continuación, presentamos una tabla donde se demuestra como crecen los ahorros al pasar los años. Las categorías en que se divide la tabla son edad, inversión, intereses ganados y saldo. La tabla contrasta las ganancias en intereses por año de Laura y Alberto con una proyección de edad de jubilación de sesenta y cinco años y según la cantidad de años que mantuvieron el ahorro.

Ejemplo 2
Texto: El varias veces mencionado Yager, nos dice acertadamente sobre estos aspectos lo siguiente: La mayoría de ustedes están hambrientos de tener libertad financiera, están hastiados de tener batallas financieras porque son como un carrusel.
Versión simplificada: Yager habla acertadamente sobre estos aspectos y dice que la mayoría ambiciona tener libertad financiera y está cansada de tener batallas financieras inútiles.

Ejemplo 3
Texto: De acuerdo con esta medición, la proporción de pobres en la población mundial quienes viven con menos de un dólar por día descendió levemente entre 1987 y 1993, pues pasó del 30% al 29%.
Versión simplificada: Según esta medición, la proporción de personas pobres en la población mundial descendió un poco entre mil novecientos ochenta y siete y mil novecientos noventa y tres. Es decir, el porcentaje de personas que vivían con menos de un dólar por día pasó del treinta al veintinueve por ciento.

Ejemplo 4
Texto: - Rentabilidad
INTERÉS DE 2 PESOS SOBRE UNA INVERSIÓN DE 100 PESOS = RENTABILIDAD DE 2 % ((2 ÷ 100) × 100 = 2%) POR CADA 100 PESOS SE GANAN 2 PESOS
Endeudamiento
DEUDA DE 30 PESOS POR SOBRE EL CAPITAL DE 20 PESOS = ENDEUDAMIENTO DE 1,5 VECES EL CAPITAL (30 ÷ 20 = 1,5) POR CADA PESO DE CAPITAL EXISTE 1,5 PESOS DE DEUDA
Liquidez
80 PESOS DE DINERO DISPONIBLE POR SOBRE DEUDAS DE 40 PESOS = LIQUIDEZ DE DOS VECES EL VALOR DE LA DEUDA (80 ÷ 40 = 2) POR CADA PESO DE DEUDA SE DISPONE DE 2 PESOS PARA PAGO
Versión simplificada: EL INTERÉS DE DOS PESOS SOBRE UNA INVERSIÓN DE CIEN PESOS DA UNA RENTABILIDAD DE DOS POR CIENTO. ES DECIR, POR CADA CIEN PESOS GANAMOS DOS PESOS. LA DEUDA DE TREINTA PESOS SOBRE EL CAPITAL DE VEINTE PESOS RESULTA EN UNA DEUDA DE UNO PUNTO CINCO VECES EL CAPITAL. ES DECIR, POR CADA PESO DE CAPITAL HAY UNO PUNTO CINCO PESOS DE DEUDA. EN OCHENTA PESOS DE DINERO DISPONIBLE SOBRE DEUDAS DE CUARENTA PESOS DA UNA LIQUIDEZ DEL DOBLE DE LA DEUDA. POR CADA PESO ADEUDADO HAY DOS PESOS PARA PAGAR.

Texto: La producción en un país se realiza mediante lo que se conoce como factores de producción y de los cuales nos ocuparemos en detalle más adelante.
Versión simplificada:",6.0675,success,,{},1740,few-shot,nancy,llama3_cfg_2,0.7,0.9,1.1,512,,
exp_prompting_sample36_top4_20260506_041700,6694d43d-f44f-4f7d-b36b-f8258203f929,2026-05-06T04:26:30.392685,feina_repr30_test_sample36,,sample36,llama3,meta-llama/Meta-Llama-3-8B-Instruct,ollama,few-shot,R2,"[78, 1805, 3635, 5262]","{'temperature': 0.7, 'top_p': 0.9, 'repetition_penalty': 1.1, 'max_new_tokens': 512}",1742,"A pesar de que algunos critican al intermediario, se necesita a este individuo en la economía.","Aunque algunas personas critican al intermediario, este individuo es necesario en la economía.","Aunque algunos critican al intermediario, es importante su papel en la economía.","Reescribe en español cada texto con lenguaje más claro y sencillo.
Conserva el significado original y no inventes información.
Guía interna de simplificación: usa palabras comunes; evita tecnicismos innecesarios; reemplaza palabras difíciles por palabras simples; usa oraciones cortas; expresa una idea por oración; prefiere voz activa; divide oraciones largas.

Devuelve solo la versión final simplificada.

Ejemplo 1
Texto: A continuación una tabla donde se demuestra como crecen los ahorros al pasar los años: Edad Inversión Intereses Saldo Inversión Intereses Saldo Laura Ganados Alberto Ganados 22 $800 $80 $880 23 $800 $168 $1.232 Valor al Jubilarse $311.092 Valor al Jubilarse $263.232 Menos las contribuciones iniciales $6.400 Menos las contribuciones iniciales $28.800 Ganancia Neta $304.692 Ganancia Neta $234.
Versión simplificada: A continuación, presentamos una tabla donde se demuestra como crecen los ahorros al pasar los años. Las categorías en que se divide la tabla son edad, inversión, intereses ganados y saldo. La tabla contrasta las ganancias en intereses por año de Laura y Alberto con una proyección de edad de jubilación de sesenta y cinco años y según la cantidad de años que mantuvieron el ahorro.

Ejemplo 2
Texto: El varias veces mencionado Yager, nos dice acertadamente sobre estos aspectos lo siguiente: La mayoría de ustedes están hambrientos de tener libertad financiera, están hastiados de tener batallas financieras porque son como un carrusel.
Versión simplificada: Yager habla acertadamente sobre estos aspectos y dice que la mayoría ambiciona tener libertad financiera y está cansada de tener batallas financieras inútiles.

Ejemplo 3
Texto: De acuerdo con esta medición, la proporción de pobres en la población mundial quienes viven con menos de un dólar por día descendió levemente entre 1987 y 1993, pues pasó del 30% al 29%.
Versión simplificada: Según esta medición, la proporción de personas pobres en la población mundial descendió un poco entre mil novecientos ochenta y siete y mil novecientos noventa y tres. Es decir, el porcentaje de personas que vivían con menos de un dólar por día pasó del treinta al veintinueve por ciento.

Ejemplo 4
Texto: - Rentabilidad
INTERÉS DE 2 PESOS SOBRE UNA INVERSIÓN DE 100 PESOS = RENTABILIDAD DE 2 % ((2 ÷ 100) × 100 = 2%) POR CADA 100 PESOS SE GANAN 2 PESOS
Endeudamiento
DEUDA DE 30 PESOS POR SOBRE EL CAPITAL DE 20 PESOS = ENDEUDAMIENTO DE 1,5 VECES EL CAPITAL (30 ÷ 20 = 1,5) POR CADA PESO DE CAPITAL EXISTE 1,5 PESOS DE DEUDA
Liquidez
80 PESOS DE DINERO DISPONIBLE POR SOBRE DEUDAS DE 40 PESOS = LIQUIDEZ DE DOS VECES EL VALOR DE LA DEUDA (80 ÷ 40 = 2) POR CADA PESO DE DEUDA SE DISPONE DE 2 PESOS PARA PAGO
Versión simplificada: EL INTERÉS DE DOS PESOS SOBRE UNA INVERSIÓN DE CIEN PESOS DA UNA RENTABILIDAD DE DOS POR CIENTO. ES DECIR, POR CADA CIEN PESOS GANAMOS DOS PESOS. LA DEUDA DE TREINTA PESOS SOBRE EL CAPITAL DE VEINTE PESOS RESULTA EN UNA DEUDA DE UNO PUNTO CINCO VECES EL CAPITAL. ES DECIR, POR CADA PESO DE CAPITAL HAY UNO PUNTO CINCO PESOS DE DEUDA. EN OCHENTA PESOS DE DINERO DISPONIBLE SOBRE DEUDAS DE CUARENTA PESOS DA UNA LIQUIDEZ DEL DOBLE DE LA DEUDA. POR CADA PESO ADEUDADO HAY DOS PESOS PARA PAGAR.

Texto: A pesar de que algunos critican al intermediario, se necesita a este individuo en la economía.
Versión simplificada:",4.7708,success,,{},1742,few-shot,nancy,llama3_cfg_2,0.7,0.9,1.1,512,,
exp_prompting_sample36_top4_20260506_041700,55115c53-bcbe-43c4-8c23-3ad5d1efa78d,2026-05-06T04:26:35.525546,feina_repr30_test_sample36,,sample36,llama3,meta-llama/Meta-Llama-3-8B-Instruct,ollama,few-shot,R2,"[78, 1805, 3635, 5262]","{'temperature': 0.7, 'top_p': 0.9, 'repetition_penalty': 1.1, 'max_new_tokens': 512}",1790,El impuesto a los réditos es también un buen instrumento para conocer el monto de las rentas y de la riqueza nacional.,El impuesto a las utilidades también es un buen método para conocer el monto de las rentas y de la riqueza nacional.,El impuesto a los réditos es una forma útil para saber cuánto dinero se gana y qué tan rica es la nación.,"Reescribe en español cada texto con lenguaje más claro y sencillo.
Conserva el significado original y no inventes información.
Guía interna de simplificación: usa palabras comunes; evita tecnicismos innecesarios; reemplaza palabras difíciles por palabras simples; usa oraciones cortas; expresa una idea por oración; prefiere voz activa; divide oraciones largas.

Devuelve solo la versión final simplificada.

Ejemplo 1
Texto: A continuación una tabla donde se demuestra como crecen los ahorros al pasar los años: Edad Inversión Intereses Saldo Inversión Intereses Saldo Laura Ganados Alberto Ganados 22 $800 $80 $880 23 $800 $168 $1.232 Valor al Jubilarse $311.092 Valor al Jubilarse $263.232 Menos las contribuciones iniciales $6.400 Menos las contribuciones iniciales $28.800 Ganancia Neta $304.692 Ganancia Neta $234.
Versión simplificada: A continuación, presentamos una tabla donde se demuestra como crecen los ahorros al pasar los años. Las categorías en que se divide la tabla son edad, inversión, intereses ganados y saldo. La tabla contrasta las ganancias en intereses por año de Laura y Alberto con una proyección de edad de jubilación de sesenta y cinco años y según la cantidad de años que mantuvieron el ahorro.

Ejemplo 2
Texto: El varias veces mencionado Yager, nos dice acertadamente sobre estos aspectos lo siguiente: La mayoría de ustedes están hambrientos de tener libertad financiera, están hastiados de tener batallas financieras porque son como un carrusel.
Versión simplificada: Yager habla acertadamente sobre estos aspectos y dice que la mayoría ambiciona tener libertad financiera y está cansada de tener batallas financieras inútiles.

Ejemplo 3
Texto: De acuerdo con esta medición, la proporción de pobres en la población mundial quienes viven con menos de un dólar por día descendió levemente entre 1987 y 1993, pues pasó del 30% al 29%.
Versión simplificada: Según esta medición, la proporción de personas pobres en la población mundial descendió un poco entre mil novecientos ochenta y siete y mil novecientos noventa y tres. Es decir, el porcentaje de personas que vivían con menos de un dólar por día pasó del treinta al veintinueve por ciento.

Ejemplo 4
Texto: - Rentabilidad
INTERÉS DE 2 PESOS SOBRE UNA INVERSIÓN DE 100 PESOS = RENTABILIDAD DE 2 % ((2 ÷ 100) × 100 = 2%) POR CADA 100 PESOS SE GANAN 2 PESOS
Endeudamiento
DEUDA DE 30 PESOS POR SOBRE EL CAPITAL DE 20 PESOS = ENDEUDAMIENTO DE 1,5 VECES EL CAPITAL (30 ÷ 20 = 1,5) POR CADA PESO DE CAPITAL EXISTE 1,5 PESOS DE DEUDA
Liquidez
80 PESOS DE DINERO DISPONIBLE POR SOBRE DEUDAS DE 40 PESOS = LIQUIDEZ DE DOS VECES EL VALOR DE LA DEUDA (80 ÷ 40 = 2) POR CADA PESO DE DEUDA SE DISPONE DE 2 PESOS PARA PAGO
Versión simplificada: EL INTERÉS DE DOS PESOS SOBRE UNA INVERSIÓN DE CIEN PESOS DA UNA RENTABILIDAD DE DOS POR CIENTO. ES DECIR, POR CADA CIEN PESOS GANAMOS DOS PESOS. LA DEUDA DE TREINTA PESOS SOBRE EL CAPITAL DE VEINTE PESOS RESULTA EN UNA DEUDA DE UNO PUNTO CINCO VECES EL CAPITAL. ES DECIR, POR CADA PESO DE CAPITAL HAY UNO PUNTO CINCO PESOS DE DEUDA. EN OCHENTA PESOS DE DINERO DISPONIBLE SOBRE DEUDAS DE CUARENTA PESOS DA UNA LIQUIDEZ DEL DOBLE DE LA DEUDA. POR CADA PESO ADEUDADO HAY DOS PESOS PARA PAGAR.

Texto: El impuesto a los réditos es también un buen instrumento para conocer el monto de las rentas y de la riqueza nacional.
Versión simplificada:",5.7161,success,,{},1790,few-shot,nancy,llama3_cfg_2,0.7,0.9,1.1,512,,
exp_prompting_sample36_top4_20260506_041700,69f73360-0e9e-4e75-a9ca-fef646aedcbd,2026-05-06T04:26:41.590465,feina_repr30_test_sample36,,sample36,llama3,meta-llama/Meta-Llama-3-8B-Instruct,ollama,few-shot,R2,"[78, 1805, 3635, 5262]","{'temperature': 0.7, 'top_p': 0.9, 'repetition_penalty': 1.1, 'max_new_tokens': 512}",1920,"También es de mucha ayuda separar las metas en tres períodos de tiempo para los propósitos de planeamiento, y aun cuando esto ya se trató en el capítulo anterior, se reitera tan importante aspecto, centrados en el tema del presente y con la intención de reforzar el manejo del mismo:","También ayuda separar las metas en tres períodos de tiempo para cumplir con los propósitos planteados. Aunque este aspecto ya se trató en el capítulo anterior, reiteramos su importancia:",Separar las metas en tres períodos de tiempo ayuda a planificar mejor.,"Reescribe en español cada texto con lenguaje más claro y sencillo.
Conserva el significado original y no inventes información.
Guía interna de simplificación: usa palabras comunes; evita tecnicismos innecesarios; reemplaza palabras difíciles por palabras simples; usa oraciones cortas; expresa una idea por oración; prefiere voz activa; divide oraciones largas.

Devuelve solo la versión final simplificada.

Ejemplo 1
Texto: A continuación una tabla donde se demuestra como crecen los ahorros al pasar los años: Edad Inversión Intereses Saldo Inversión Intereses Saldo Laura Ganados Alberto Ganados 22 $800 $80 $880 23 $800 $168 $1.232 Valor al Jubilarse $311.092 Valor al Jubilarse $263.232 Menos las contribuciones iniciales $6.400 Menos las contribuciones iniciales $28.800 Ganancia Neta $304.692 Ganancia Neta $234.
Versión simplificada: A continuación, presentamos una tabla donde se demuestra como crecen los ahorros al pasar los años. Las categorías en que se divide la tabla son edad, inversión, intereses ganados y saldo. La tabla contrasta las ganancias en intereses por año de Laura y Alberto con una proyección de edad de jubilación de sesenta y cinco años y según la cantidad de años que mantuvieron el ahorro.

Ejemplo 2
Texto: El varias veces mencionado Yager, nos dice acertadamente sobre estos aspectos lo siguiente: La mayoría de ustedes están hambrientos de tener libertad financiera, están hastiados de tener batallas financieras porque son como un carrusel.
Versión simplificada: Yager habla acertadamente sobre estos aspectos y dice que la mayoría ambiciona tener libertad financiera y está cansada de tener batallas financieras inútiles.

Ejemplo 3
Texto: De acuerdo con esta medición, la proporción de pobres en la población mundial quienes viven con menos de un dólar por día descendió levemente entre 1987 y 1993, pues pasó del 30% al 29%.
Versión simplificada: Según esta medición, la proporción de personas pobres en la población mundial descendió un poco entre mil novecientos ochenta y siete y mil novecientos noventa y tres. Es decir, el porcentaje de personas que vivían con menos de un dólar por día pasó del treinta al veintinueve por ciento.

Ejemplo 4
Texto: - Rentabilidad
INTERÉS DE 2 PESOS SOBRE UNA INVERSIÓN DE 100 PESOS = RENTABILIDAD DE 2 % ((2 ÷ 100) × 100 = 2%) POR CADA 100 PESOS SE GANAN 2 PESOS
Endeudamiento
DEUDA DE 30 PESOS POR SOBRE EL CAPITAL DE 20 PESOS = ENDEUDAMIENTO DE 1,5 VECES EL CAPITAL (30 ÷ 20 = 1,5) POR CADA PESO DE CAPITAL EXISTE 1,5 PESOS DE DEUDA
Liquidez
80 PESOS DE DINERO DISPONIBLE POR SOBRE DEUDAS DE 40 PESOS = LIQUIDEZ DE DOS VECES EL VALOR DE LA DEUDA (80 ÷ 40 = 2) POR CADA PESO DE DEUDA SE DISPONE DE 2 PESOS PARA PAGO
Versión simplificada: EL INTERÉS DE DOS PESOS SOBRE UNA INVERSIÓN DE CIEN PESOS DA UNA RENTABILIDAD DE DOS POR CIENTO. ES DECIR, POR CADA CIEN PESOS GANAMOS DOS PESOS. LA DEUDA DE TREINTA PESOS SOBRE EL CAPITAL DE VEINTE PESOS RESULTA EN UNA DEUDA DE UNO PUNTO CINCO VECES EL CAPITAL. ES DECIR, POR CADA PESO DE CAPITAL HAY UNO PUNTO CINCO PESOS DE DEUDA. EN OCHENTA PESOS DE DINERO DISPONIBLE SOBRE DEUDAS DE CUARENTA PESOS DA UNA LIQUIDEZ DEL DOBLE DE LA DEUDA. POR CADA PESO ADEUDADO HAY DOS PESOS PARA PAGAR.

Texto: También es de mucha ayuda separar las metas en tres períodos de tiempo para los propósitos de planeamiento, y aun cuando esto ya se trató en el capítulo anterior, se reitera tan importante aspecto, centrados en el tema del presente y con la intención de reforzar el manejo del mismo:
Versión simplificada:",4.741,success,,{},1920,few-shot,nancy,llama3_cfg_2,0.7,0.9,1.1,512,,
exp_prompting_sample36_top4_20260506_041700,8f3140a4-f426-4d6e-b0f3-0d2356bea932,2026-05-06T04:26:46.676535,feina_repr30_test_sample36,,sample36,llama3,meta-llama/Meta-Llama-3-8B-Instruct,ollama,few-shot,R2,"[78, 1805, 3635, 5262]","{'temperature': 0.7, 'top_p': 0.9, 'repetition_penalty': 1.1, 'max_new_tokens': 512}",2027,Seguridad financiera: Consiste en cumplir con las necesidades que se presentan en el futuro de las personas y al mismo tiempo cumplir con las obligaciones diarias.,"Seguridad financiera, consiste en cumplir con las necesidades económicas que se presentan en el futuro de las personas y también cumplir con las obligaciones financieras diarias.",Consiste en tener suficiente dinero para cubrir las necesidades futuras y pagar las cuentas diarias.,"Reescribe en español cada texto con lenguaje más claro y sencillo.
Conserva el significado original y no inventes información.
Guía interna de simplificación: usa palabras comunes; evita tecnicismos innecesarios; reemplaza palabras difíciles por palabras simples; usa oraciones cortas; expresa una idea por oración; prefiere voz activa; divide oraciones largas.

Devuelve solo la versión final simplificada.

Ejemplo 1
Texto: A continuación una tabla donde se demuestra como crecen los ahorros al pasar los años: Edad Inversión Intereses Saldo Inversión Intereses Saldo Laura Ganados Alberto Ganados 22 $800 $80 $880 23 $800 $168 $1.232 Valor al Jubilarse $311.092 Valor al Jubilarse $263.232 Menos las contribuciones iniciales $6.400 Menos las contribuciones iniciales $28.800 Ganancia Neta $304.692 Ganancia Neta $234.
Versión simplificada: A continuación, presentamos una tabla donde se demuestra como crecen los ahorros al pasar los años. Las categorías en que se divide la tabla son edad, inversión, intereses ganados y saldo. La tabla contrasta las ganancias en intereses por año de Laura y Alberto con una proyección de edad de jubilación de sesenta y cinco años y según la cantidad de años que mantuvieron el ahorro.

Ejemplo 2
Texto: El varias veces mencionado Yager, nos dice acertadamente sobre estos aspectos lo siguiente: La mayoría de ustedes están hambrientos de tener libertad financiera, están hastiados de tener batallas financieras porque son como un carrusel.
Versión simplificada: Yager habla acertadamente sobre estos aspectos y dice que la mayoría ambiciona tener libertad financiera y está cansada de tener batallas financieras inútiles.

Ejemplo 3
Texto: De acuerdo con esta medición, la proporción de pobres en la población mundial quienes viven con menos de un dólar por día descendió levemente entre 1987 y 1993, pues pasó del 30% al 29%.
Versión simplificada: Según esta medición, la proporción de personas pobres en la población mundial descendió un poco entre mil novecientos ochenta y siete y mil novecientos noventa y tres. Es decir, el porcentaje de personas que vivían con menos de un dólar por día pasó del treinta al veintinueve por ciento.

Ejemplo 4
Texto: - Rentabilidad
INTERÉS DE 2 PESOS SOBRE UNA INVERSIÓN DE 100 PESOS = RENTABILIDAD DE 2 % ((2 ÷ 100) × 100 = 2%) POR CADA 100 PESOS SE GANAN 2 PESOS
Endeudamiento
DEUDA DE 30 PESOS POR SOBRE EL CAPITAL DE 20 PESOS = ENDEUDAMIENTO DE 1,5 VECES EL CAPITAL (30 ÷ 20 = 1,5) POR CADA PESO DE CAPITAL EXISTE 1,5 PESOS DE DEUDA
Liquidez
80 PESOS DE DINERO DISPONIBLE POR SOBRE DEUDAS DE 40 PESOS = LIQUIDEZ DE DOS VECES EL VALOR DE LA DEUDA (80 ÷ 40 = 2) POR CADA PESO DE DEUDA SE DISPONE DE 2 PESOS PARA PAGO
Versión simplificada: EL INTERÉS DE DOS PESOS SOBRE UNA INVERSIÓN DE CIEN PESOS DA UNA RENTABILIDAD DE DOS POR CIENTO. ES DECIR, POR CADA CIEN PESOS GANAMOS DOS PESOS. LA DEUDA DE TREINTA PESOS SOBRE EL CAPITAL DE VEINTE PESOS RESULTA EN UNA DEUDA DE UNO PUNTO CINCO VECES EL CAPITAL. ES DECIR, POR CADA PESO DE CAPITAL HAY UNO PUNTO CINCO PESOS DE DEUDA. EN OCHENTA PESOS DE DINERO DISPONIBLE SOBRE DEUDAS DE CUARENTA PESOS DA UNA LIQUIDEZ DEL DOBLE DE LA DEUDA. POR CADA PESO ADEUDADO HAY DOS PESOS PARA PAGAR.

Texto: Seguridad financiera: Consiste en cumplir con las necesidades que se presentan en el futuro de las personas y al mismo tiempo cumplir con las obligaciones diarias.
Versión simplificada:",4.8388,success,,{},2027,few-shot,nancy,llama3_cfg_2,0.7,0.9,1.1,512,,
exp_prompting_sample36_top4_20260506_041700,644102bb-ed5f-465f-8678-87546a576078,2026-05-06T04:26:52.021753,feina_repr30_test_sample36,,sample36,llama3,meta-llama/Meta-Llama-3-8B-Instruct,ollama,few-shot,R2,"[78, 1805, 3635, 5262]","{'temperature': 0.7, 'top_p': 0.9, 'repetition_penalty': 1.1, 'max_new_tokens': 512}",2065,"La última, pero no menos importante razón, puede ser encontrar un fascinante campo de acción intelectual para comprender el mundo real.",La última es encontrar un campo de acción intelectual para comprender el mundo real.,La razón final es encontrar un tema interesante que te ayude a entender el mundo.,"Reescribe en español cada texto con lenguaje más claro y sencillo.
Conserva el significado original y no inventes información.
Guía interna de simplificación: usa palabras comunes; evita tecnicismos innecesarios; reemplaza palabras difíciles por palabras simples; usa oraciones cortas; expresa una idea por oración; prefiere voz activa; divide oraciones largas.

Devuelve solo la versión final simplificada.

Ejemplo 1
Texto: A continuación una tabla donde se demuestra como crecen los ahorros al pasar los años: Edad Inversión Intereses Saldo Inversión Intereses Saldo Laura Ganados Alberto Ganados 22 $800 $80 $880 23 $800 $168 $1.232 Valor al Jubilarse $311.092 Valor al Jubilarse $263.232 Menos las contribuciones iniciales $6.400 Menos las contribuciones iniciales $28.800 Ganancia Neta $304.692 Ganancia Neta $234.
Versión simplificada: A continuación, presentamos una tabla donde se demuestra como crecen los ahorros al pasar los años. Las categorías en que se divide la tabla son edad, inversión, intereses ganados y saldo. La tabla contrasta las ganancias en intereses por año de Laura y Alberto con una proyección de edad de jubilación de sesenta y cinco años y según la cantidad de años que mantuvieron el ahorro.

Ejemplo 2
Texto: El varias veces mencionado Yager, nos dice acertadamente sobre estos aspectos lo siguiente: La mayoría de ustedes están hambrientos de tener libertad financiera, están hastiados de tener batallas financieras porque son como un carrusel.
Versión simplificada: Yager habla acertadamente sobre estos aspectos y dice que la mayoría ambiciona tener libertad financiera y está cansada de tener batallas financieras inútiles.

Ejemplo 3
Texto: De acuerdo con esta medición, la proporción de pobres en la población mundial quienes viven con menos de un dólar por día descendió levemente entre 1987 y 1993, pues pasó del 30% al 29%.
Versión simplificada: Según esta medición, la proporción de personas pobres en la población mundial descendió un poco entre mil novecientos ochenta y siete y mil novecientos noventa y tres. Es decir, el porcentaje de personas que vivían con menos de un dólar por día pasó del treinta al veintinueve por ciento.

Ejemplo 4
Texto: - Rentabilidad
INTERÉS DE 2 PESOS SOBRE UNA INVERSIÓN DE 100 PESOS = RENTABILIDAD DE 2 % ((2 ÷ 100) × 100 = 2%) POR CADA 100 PESOS SE GANAN 2 PESOS
Endeudamiento
DEUDA DE 30 PESOS POR SOBRE EL CAPITAL DE 20 PESOS = ENDEUDAMIENTO DE 1,5 VECES EL CAPITAL (30 ÷ 20 = 1,5) POR CADA PESO DE CAPITAL EXISTE 1,5 PESOS DE DEUDA
Liquidez
80 PESOS DE DINERO DISPONIBLE POR SOBRE DEUDAS DE 40 PESOS = LIQUIDEZ DE DOS VECES EL VALOR DE LA DEUDA (80 ÷ 40 = 2) POR CADA PESO DE DEUDA SE DISPONE DE 2 PESOS PARA PAGO
Versión simplificada: EL INTERÉS DE DOS PESOS SOBRE UNA INVERSIÓN DE CIEN PESOS DA UNA RENTABILIDAD DE DOS POR CIENTO. ES DECIR, POR CADA CIEN PESOS GANAMOS DOS PESOS. LA DEUDA DE TREINTA PESOS SOBRE EL CAPITAL DE VEINTE PESOS RESULTA EN UNA DEUDA DE UNO PUNTO CINCO VECES EL CAPITAL. ES DECIR, POR CADA PESO DE CAPITAL HAY UNO PUNTO CINCO PESOS DE DEUDA. EN OCHENTA PESOS DE DINERO DISPONIBLE SOBRE DEUDAS DE CUARENTA PESOS DA UNA LIQUIDEZ DEL DOBLE DE LA DEUDA. POR CADA PESO ADEUDADO HAY DOS PESOS PARA PAGAR.

Texto: La última, pero no menos importante razón, puede ser encontrar un fascinante campo de acción intelectual para comprender el mundo real.
Versión simplificada:",5.4734,success,,{},2065,few-shot,nancy,llama3_cfg_2,0.7,0.9,1.1,512,,
exp_prompting_sample36_top4_20260506_041700,0dc8bce0-c27b-403a-8c65-dc136212db28,2026-05-06T04:26:57.867849,feina_repr30_test_sample36,,sample36,llama3,meta-llama/Meta-Llama-3-8B-Instruct,ollama,few-shot,R2,"[78, 1805, 3635, 5262]","{'temperature': 0.7, 'top_p': 0.9, 'repetition_penalty': 1.1, 'max_new_tokens': 512}",2365,"Si el entusiasmo, y esto no es idealismo ramplón, se orienta hacia la salud, la belleza, el éxito, la felicidad, lo más probable es que se obtenga la salud, la belleza, el éxito y la felicidad.","Si el entusiasmo se dirige hacia la salud, la belleza, el éxito, la felicidad es probable que los consigamos.","Si nos enfocamos en la salud, la belleza, el éxito y la felicidad, probablemente logremos alcanzarlos.","Reescribe en español cada texto con lenguaje más claro y sencillo.
Conserva el significado original y no inventes información.
Guía interna de simplificación: usa palabras comunes; evita tecnicismos innecesarios; reemplaza palabras difíciles por palabras simples; usa oraciones cortas; expresa una idea por oración; prefiere voz activa; divide oraciones largas.

Devuelve solo la versión final simplificada.

Ejemplo 1
Texto: A continuación una tabla donde se demuestra como crecen los ahorros al pasar los años: Edad Inversión Intereses Saldo Inversión Intereses Saldo Laura Ganados Alberto Ganados 22 $800 $80 $880 23 $800 $168 $1.232 Valor al Jubilarse $311.092 Valor al Jubilarse $263.232 Menos las contribuciones iniciales $6.400 Menos las contribuciones iniciales $28.800 Ganancia Neta $304.692 Ganancia Neta $234.
Versión simplificada: A continuación, presentamos una tabla donde se demuestra como crecen los ahorros al pasar los años. Las categorías en que se divide la tabla son edad, inversión, intereses ganados y saldo. La tabla contrasta las ganancias en intereses por año de Laura y Alberto con una proyección de edad de jubilación de sesenta y cinco años y según la cantidad de años que mantuvieron el ahorro.

Ejemplo 2
Texto: El varias veces mencionado Yager, nos dice acertadamente sobre estos aspectos lo siguiente: La mayoría de ustedes están hambrientos de tener libertad financiera, están hastiados de tener batallas financieras porque son como un carrusel.
Versión simplificada: Yager habla acertadamente sobre estos aspectos y dice que la mayoría ambiciona tener libertad financiera y está cansada de tener batallas financieras inútiles.

Ejemplo 3
Texto: De acuerdo con esta medición, la proporción de pobres en la población mundial quienes viven con menos de un dólar por día descendió levemente entre 1987 y 1993, pues pasó del 30% al 29%.
Versión simplificada: Según esta medición, la proporción de personas pobres en la población mundial descendió un poco entre mil novecientos ochenta y siete y mil novecientos noventa y tres. Es decir, el porcentaje de personas que vivían con menos de un dólar por día pasó del treinta al veintinueve por ciento.

Ejemplo 4
Texto: - Rentabilidad
INTERÉS DE 2 PESOS SOBRE UNA INVERSIÓN DE 100 PESOS = RENTABILIDAD DE 2 % ((2 ÷ 100) × 100 = 2%) POR CADA 100 PESOS SE GANAN 2 PESOS
Endeudamiento
DEUDA DE 30 PESOS POR SOBRE EL CAPITAL DE 20 PESOS = ENDEUDAMIENTO DE 1,5 VECES EL CAPITAL (30 ÷ 20 = 1,5) POR CADA PESO DE CAPITAL EXISTE 1,5 PESOS DE DEUDA
Liquidez
80 PESOS DE DINERO DISPONIBLE POR SOBRE DEUDAS DE 40 PESOS = LIQUIDEZ DE DOS VECES EL VALOR DE LA DEUDA (80 ÷ 40 = 2) POR CADA PESO DE DEUDA SE DISPONE DE 2 PESOS PARA PAGO
Versión simplificada: EL INTERÉS DE DOS PESOS SOBRE UNA INVERSIÓN DE CIEN PESOS DA UNA RENTABILIDAD DE DOS POR CIENTO. ES DECIR, POR CADA CIEN PESOS GANAMOS DOS PESOS. LA DEUDA DE TREINTA PESOS SOBRE EL CAPITAL DE VEINTE PESOS RESULTA EN UNA DEUDA DE UNO PUNTO CINCO VECES EL CAPITAL. ES DECIR, POR CADA PESO DE CAPITAL HAY UNO PUNTO CINCO PESOS DE DEUDA. EN OCHENTA PESOS DE DINERO DISPONIBLE SOBRE DEUDAS DE CUARENTA PESOS DA UNA LIQUIDEZ DEL DOBLE DE LA DEUDA. POR CADA PESO ADEUDADO HAY DOS PESOS PARA PAGAR.

Texto: Si el entusiasmo, y esto no es idealismo ramplón, se orienta hacia la salud, la belleza, el éxito, la felicidad, lo más probable es que se obtenga la salud, la belleza, el éxito y la felicidad.
Versión simplificada:",5.1741,success,,{},2365,few-shot,nancy,llama3_cfg_2,0.7,0.9,1.1,512,,
exp_prompting_sample36_top4_20260506_041700,e443cfdf-e5a8-4d2f-a616-dd358a014cc6,2026-05-06T04:27:03.420566,feina_repr30_test_sample36,,sample36,llama3,meta-llama/Meta-Llama-3-8B-Instruct,ollama,few-shot,R2,"[78, 1805, 3635, 5262]","{'temperature': 0.7, 'top_p': 0.9, 'repetition_penalty': 1.1, 'max_new_tokens': 512}",2449,"En la segunda etapa de programación, se definen los objetivos y se fijan las metas o resultados esperados, que deben ser lo más específicos y precisos posibles, para tener claridad en lo que se trata de alcanzar con las inversiones por realizar; por ejemplo, los tipos de inversión y los montos que se pretenden lograr en un tiempo definido y otros que pueden describirse en términos de logro o resultados que se desean alcanzar.","En la segunda etapa de programación, se definen los objetivos y se fijan las metas específicas.","En la segunda etapa de programación, se establecen objetivos claros y específicos para saber qué se quiere lograr con las inversiones. Por ejemplo, qué tipo de inversión y cuánto dinero se pretende ganar en un plazo determinado.","Reescribe en español cada texto con lenguaje más claro y sencillo.
Conserva el significado original y no inventes información.
Guía interna de simplificación: usa palabras comunes; evita tecnicismos innecesarios; reemplaza palabras difíciles por palabras simples; usa oraciones cortas; expresa una idea por oración; prefiere voz activa; divide oraciones largas.

Devuelve solo la versión final simplificada.

Ejemplo 1
Texto: A continuación una tabla donde se demuestra como crecen los ahorros al pasar los años: Edad Inversión Intereses Saldo Inversión Intereses Saldo Laura Ganados Alberto Ganados 22 $800 $80 $880 23 $800 $168 $1.232 Valor al Jubilarse $311.092 Valor al Jubilarse $263.232 Menos las contribuciones iniciales $6.400 Menos las contribuciones iniciales $28.800 Ganancia Neta $304.692 Ganancia Neta $234.
Versión simplificada: A continuación, presentamos una tabla donde se demuestra como crecen los ahorros al pasar los años. Las categorías en que se divide la tabla son edad, inversión, intereses ganados y saldo. La tabla contrasta las ganancias en intereses por año de Laura y Alberto con una proyección de edad de jubilación de sesenta y cinco años y según la cantidad de años que mantuvieron el ahorro.

Ejemplo 2
Texto: El varias veces mencionado Yager, nos dice acertadamente sobre estos aspectos lo siguiente: La mayoría de ustedes están hambrientos de tener libertad financiera, están hastiados de tener batallas financieras porque son como un carrusel.
Versión simplificada: Yager habla acertadamente sobre estos aspectos y dice que la mayoría ambiciona tener libertad financiera y está cansada de tener batallas financieras inútiles.

Ejemplo 3
Texto: De acuerdo con esta medición, la proporción de pobres en la población mundial quienes viven con menos de un dólar por día descendió levemente entre 1987 y 1993, pues pasó del 30% al 29%.
Versión simplificada: Según esta medición, la proporción de personas pobres en la población mundial descendió un poco entre mil novecientos ochenta y siete y mil novecientos noventa y tres. Es decir, el porcentaje de personas que vivían con menos de un dólar por día pasó del treinta al veintinueve por ciento.

Ejemplo 4
Texto: - Rentabilidad
INTERÉS DE 2 PESOS SOBRE UNA INVERSIÓN DE 100 PESOS = RENTABILIDAD DE 2 % ((2 ÷ 100) × 100 = 2%) POR CADA 100 PESOS SE GANAN 2 PESOS
Endeudamiento
DEUDA DE 30 PESOS POR SOBRE EL CAPITAL DE 20 PESOS = ENDEUDAMIENTO DE 1,5 VECES EL CAPITAL (30 ÷ 20 = 1,5) POR CADA PESO DE CAPITAL EXISTE 1,5 PESOS DE DEUDA
Liquidez
80 PESOS DE DINERO DISPONIBLE POR SOBRE DEUDAS DE 40 PESOS = LIQUIDEZ DE DOS VECES EL VALOR DE LA DEUDA (80 ÷ 40 = 2) POR CADA PESO DE DEUDA SE DISPONE DE 2 PESOS PARA PAGO
Versión simplificada: EL INTERÉS DE DOS PESOS SOBRE UNA INVERSIÓN DE CIEN PESOS DA UNA RENTABILIDAD DE DOS POR CIENTO. ES DECIR, POR CADA CIEN PESOS GANAMOS DOS PESOS. LA DEUDA DE TREINTA PESOS SOBRE EL CAPITAL DE VEINTE PESOS RESULTA EN UNA DEUDA DE UNO PUNTO CINCO VECES EL CAPITAL. ES DECIR, POR CADA PESO DE CAPITAL HAY UNO PUNTO CINCO PESOS DE DEUDA. EN OCHENTA PESOS DE DINERO DISPONIBLE SOBRE DEUDAS DE CUARENTA PESOS DA UNA LIQUIDEZ DEL DOBLE DE LA DEUDA. POR CADA PESO ADEUDADO HAY DOS PESOS PARA PAGAR.

Texto: En la segunda etapa de programación, se definen los objetivos y se fijan las metas o resultados esperados, que deben ser lo más específicos y precisos posibles, para tener claridad en lo que se trata de alcanzar con las inversiones por realizar; por ejemplo, los tipos de inversión y los montos que se pretenden lograr en un tiempo definido y otros que pueden describirse en términos de logro o resultados que se desean alcanzar.
Versión simplificada:",6.9376,success,,{},2449,few-shot,nancy,llama3_cfg_2,0.7,0.9,1.1,512,,
exp_prompting_sample36_top4_20260506_041700,55e38e29-7aac-4c9a-9462-156b9fe93c8d,2026-05-06T04:27:10.710537,feina_repr30_test_sample36,,sample36,llama3,meta-llama/Meta-Llama-3-8B-Instruct,ollama,few-shot,R2,"[78, 1805, 3635, 5262]","{'temperature': 0.7, 'top_p': 0.9, 'repetition_penalty': 1.1, 'max_new_tokens': 512}",2550,Estas tarjetas acarrean pocos riesgos y te ayudan a crear buenos antecedentes crediticios al mostrar tu capacidad para usar una tarjeta con responsabilidad.,Estas tarjetas traen pocos riesgos y ayudan a crear buen historial crediticio.,Estas tarjetas no suponen un gran riesgo y te permiten construir un buen historial crediticio demostrando que puedes utilizar la tarjeta de manera responsable.,"Reescribe en español cada texto con lenguaje más claro y sencillo.
Conserva el significado original y no inventes información.
Guía interna de simplificación: usa palabras comunes; evita tecnicismos innecesarios; reemplaza palabras difíciles por palabras simples; usa oraciones cortas; expresa una idea por oración; prefiere voz activa; divide oraciones largas.

Devuelve solo la versión final simplificada.

Ejemplo 1
Texto: A continuación una tabla donde se demuestra como crecen los ahorros al pasar los años: Edad Inversión Intereses Saldo Inversión Intereses Saldo Laura Ganados Alberto Ganados 22 $800 $80 $880 23 $800 $168 $1.232 Valor al Jubilarse $311.092 Valor al Jubilarse $263.232 Menos las contribuciones iniciales $6.400 Menos las contribuciones iniciales $28.800 Ganancia Neta $304.692 Ganancia Neta $234.
Versión simplificada: A continuación, presentamos una tabla donde se demuestra como crecen los ahorros al pasar los años. Las categorías en que se divide la tabla son edad, inversión, intereses ganados y saldo. La tabla contrasta las ganancias en intereses por año de Laura y Alberto con una proyección de edad de jubilación de sesenta y cinco años y según la cantidad de años que mantuvieron el ahorro.

Ejemplo 2
Texto: El varias veces mencionado Yager, nos dice acertadamente sobre estos aspectos lo siguiente: La mayoría de ustedes están hambrientos de tener libertad financiera, están hastiados de tener batallas financieras porque son como un carrusel.
Versión simplificada: Yager habla acertadamente sobre estos aspectos y dice que la mayoría ambiciona tener libertad financiera y está cansada de tener batallas financieras inútiles.

Ejemplo 3
Texto: De acuerdo con esta medición, la proporción de pobres en la población mundial quienes viven con menos de un dólar por día descendió levemente entre 1987 y 1993, pues pasó del 30% al 29%.
Versión simplificada: Según esta medición, la proporción de personas pobres en la población mundial descendió un poco entre mil novecientos ochenta y siete y mil novecientos noventa y tres. Es decir, el porcentaje de personas que vivían con menos de un dólar por día pasó del treinta al veintinueve por ciento.

Ejemplo 4
Texto: - Rentabilidad
INTERÉS DE 2 PESOS SOBRE UNA INVERSIÓN DE 100 PESOS = RENTABILIDAD DE 2 % ((2 ÷ 100) × 100 = 2%) POR CADA 100 PESOS SE GANAN 2 PESOS
Endeudamiento
DEUDA DE 30 PESOS POR SOBRE EL CAPITAL DE 20 PESOS = ENDEUDAMIENTO DE 1,5 VECES EL CAPITAL (30 ÷ 20 = 1,5) POR CADA PESO DE CAPITAL EXISTE 1,5 PESOS DE DEUDA
Liquidez
80 PESOS DE DINERO DISPONIBLE POR SOBRE DEUDAS DE 40 PESOS = LIQUIDEZ DE DOS VECES EL VALOR DE LA DEUDA (80 ÷ 40 = 2) POR CADA PESO DE DEUDA SE DISPONE DE 2 PESOS PARA PAGO
Versión simplificada: EL INTERÉS DE DOS PESOS SOBRE UNA INVERSIÓN DE CIEN PESOS DA UNA RENTABILIDAD DE DOS POR CIENTO. ES DECIR, POR CADA CIEN PESOS GANAMOS DOS PESOS. LA DEUDA DE TREINTA PESOS SOBRE EL CAPITAL DE VEINTE PESOS RESULTA EN UNA DEUDA DE UNO PUNTO CINCO VECES EL CAPITAL. ES DECIR, POR CADA PESO DE CAPITAL HAY UNO PUNTO CINCO PESOS DE DEUDA. EN OCHENTA PESOS DE DINERO DISPONIBLE SOBRE DEUDAS DE CUARENTA PESOS DA UNA LIQUIDEZ DEL DOBLE DE LA DEUDA. POR CADA PESO ADEUDADO HAY DOS PESOS PARA PAGAR.

Texto: Estas tarjetas acarrean pocos riesgos y te ayudan a crear buenos antecedentes crediticios al mostrar tu capacidad para usar una tarjeta con responsabilidad.
Versión simplificada:",5.3454,success,,{},2550,few-shot,nancy,llama3_cfg_2,0.7,0.9,1.1,512,,
exp_prompting_sample36_top4_20260506_041700,24851d2c-c163-4c4a-aac5-996f0b6a8f65,2026-05-06T04:27:16.420714,feina_repr30_test_sample36,,sample36,llama3,meta-llama/Meta-Llama-3-8B-Instruct,ollama,few-shot,R2,"[78, 1805, 3635, 5262]","{'temperature': 0.7, 'top_p': 0.9, 'repetition_penalty': 1.1, 'max_new_tokens': 512}",2657,"Adicionalmente, el canal móvil (celulares) es de alto potencial para utilizar pagos a través de mensajería de texto SMS permitiendo, desde cualquier lugar donde se tenga acceso al servicio inalámbrico, realizar pagos electrónicos.","Además, los celulares permiten realizar pagos electrónicos desde cualquier lugar con acceso al servicio inalámbrico.",El canal móvil es ideal para hacer pagos electrónicos mediante mensajes de texto (SMS) en cualquier lugar con conexión inalámbrica.,"Reescribe en español cada texto con lenguaje más claro y sencillo.
Conserva el significado original y no inventes información.
Guía interna de simplificación: usa palabras comunes; evita tecnicismos innecesarios; reemplaza palabras difíciles por palabras simples; usa oraciones cortas; expresa una idea por oración; prefiere voz activa; divide oraciones largas.

Devuelve solo la versión final simplificada.

Ejemplo 1
Texto: A continuación una tabla donde se demuestra como crecen los ahorros al pasar los años: Edad Inversión Intereses Saldo Inversión Intereses Saldo Laura Ganados Alberto Ganados 22 $800 $80 $880 23 $800 $168 $1.232 Valor al Jubilarse $311.092 Valor al Jubilarse $263.232 Menos las contribuciones iniciales $6.400 Menos las contribuciones iniciales $28.800 Ganancia Neta $304.692 Ganancia Neta $234.
Versión simplificada: A continuación, presentamos una tabla donde se demuestra como crecen los ahorros al pasar los años. Las categorías en que se divide la tabla son edad, inversión, intereses ganados y saldo. La tabla contrasta las ganancias en intereses por año de Laura y Alberto con una proyección de edad de jubilación de sesenta y cinco años y según la cantidad de años que mantuvieron el ahorro.

Ejemplo 2
Texto: El varias veces mencionado Yager, nos dice acertadamente sobre estos aspectos lo siguiente: La mayoría de ustedes están hambrientos de tener libertad financiera, están hastiados de tener batallas financieras porque son como un carrusel.
Versión simplificada: Yager habla acertadamente sobre estos aspectos y dice que la mayoría ambiciona tener libertad financiera y está cansada de tener batallas financieras inútiles.

Ejemplo 3
Texto: De acuerdo con esta medición, la proporción de pobres en la población mundial quienes viven con menos de un dólar por día descendió levemente entre 1987 y 1993, pues pasó del 30% al 29%.
Versión simplificada: Según esta medición, la proporción de personas pobres en la población mundial descendió un poco entre mil novecientos ochenta y siete y mil novecientos noventa y tres. Es decir, el porcentaje de personas que vivían con menos de un dólar por día pasó del treinta al veintinueve por ciento.

Ejemplo 4
Texto: - Rentabilidad
INTERÉS DE 2 PESOS SOBRE UNA INVERSIÓN DE 100 PESOS = RENTABILIDAD DE 2 % ((2 ÷ 100) × 100 = 2%) POR CADA 100 PESOS SE GANAN 2 PESOS
Endeudamiento
DEUDA DE 30 PESOS POR SOBRE EL CAPITAL DE 20 PESOS = ENDEUDAMIENTO DE 1,5 VECES EL CAPITAL (30 ÷ 20 = 1,5) POR CADA PESO DE CAPITAL EXISTE 1,5 PESOS DE DEUDA
Liquidez
80 PESOS DE DINERO DISPONIBLE POR SOBRE DEUDAS DE 40 PESOS = LIQUIDEZ DE DOS VECES EL VALOR DE LA DEUDA (80 ÷ 40 = 2) POR CADA PESO DE DEUDA SE DISPONE DE 2 PESOS PARA PAGO
Versión simplificada: EL INTERÉS DE DOS PESOS SOBRE UNA INVERSIÓN DE CIEN PESOS DA UNA RENTABILIDAD DE DOS POR CIENTO. ES DECIR, POR CADA CIEN PESOS GANAMOS DOS PESOS. LA DEUDA DE TREINTA PESOS SOBRE EL CAPITAL DE VEINTE PESOS RESULTA EN UNA DEUDA DE UNO PUNTO CINCO VECES EL CAPITAL. ES DECIR, POR CADA PESO DE CAPITAL HAY UNO PUNTO CINCO PESOS DE DEUDA. EN OCHENTA PESOS DE DINERO DISPONIBLE SOBRE DEUDAS DE CUARENTA PESOS DA UNA LIQUIDEZ DEL DOBLE DE LA DEUDA. POR CADA PESO ADEUDADO HAY DOS PESOS PARA PAGAR.

Texto: Adicionalmente, el canal móvil (celulares) es de alto potencial para utilizar pagos a través de mensajería de texto SMS permitiendo, desde cualquier lugar donde se tenga acceso al servicio inalámbrico, realizar pagos electrónicos.
Versión simplificada:",6.1755,success,,{},2657,few-shot,nancy,llama3_cfg_2,0.7,0.9,1.1,512,,
exp_prompting_sample36_top4_20260506_041700,b344ee54-dcb0-457c-9523-c09414b42a5b,2026-05-06T04:27:22.953192,feina_repr30_test_sample36,,sample36,llama3,meta-llama/Meta-Llama-3-8B-Instruct,ollama,few-shot,R2,"[78, 1805, 3635, 5262]","{'temperature': 0.7, 'top_p': 0.9, 'repetition_penalty': 1.1, 'max_new_tokens': 512}",2703,"Existen varias modalidades de cheques, como lo mencionan los mismos Alonso, Brailovsky y Ortiz (1999).","Según Alonso, Brailovsky y Ortiz (mil novecientos noventa y nueve) hay varias modalidades de cheques.","Hay diferentes tipos de cheques, según dicen Alonso, Brailovsky y Ortiz.","Reescribe en español cada texto con lenguaje más claro y sencillo.
Conserva el significado original y no inventes información.
Guía interna de simplificación: usa palabras comunes; evita tecnicismos innecesarios; reemplaza palabras difíciles por palabras simples; usa oraciones cortas; expresa una idea por oración; prefiere voz activa; divide oraciones largas.

Devuelve solo la versión final simplificada.

Ejemplo 1
Texto: A continuación una tabla donde se demuestra como crecen los ahorros al pasar los años: Edad Inversión Intereses Saldo Inversión Intereses Saldo Laura Ganados Alberto Ganados 22 $800 $80 $880 23 $800 $168 $1.232 Valor al Jubilarse $311.092 Valor al Jubilarse $263.232 Menos las contribuciones iniciales $6.400 Menos las contribuciones iniciales $28.800 Ganancia Neta $304.692 Ganancia Neta $234.
Versión simplificada: A continuación, presentamos una tabla donde se demuestra como crecen los ahorros al pasar los años. Las categorías en que se divide la tabla son edad, inversión, intereses ganados y saldo. La tabla contrasta las ganancias en intereses por año de Laura y Alberto con una proyección de edad de jubilación de sesenta y cinco años y según la cantidad de años que mantuvieron el ahorro.

Ejemplo 2
Texto: El varias veces mencionado Yager, nos dice acertadamente sobre estos aspectos lo siguiente: La mayoría de ustedes están hambrientos de tener libertad financiera, están hastiados de tener batallas financieras porque son como un carrusel.
Versión simplificada: Yager habla acertadamente sobre estos aspectos y dice que la mayoría ambiciona tener libertad financiera y está cansada de tener batallas financieras inútiles.

Ejemplo 3
Texto: De acuerdo con esta medición, la proporción de pobres en la población mundial quienes viven con menos de un dólar por día descendió levemente entre 1987 y 1993, pues pasó del 30% al 29%.
Versión simplificada: Según esta medición, la proporción de personas pobres en la población mundial descendió un poco entre mil novecientos ochenta y siete y mil novecientos noventa y tres. Es decir, el porcentaje de personas que vivían con menos de un dólar por día pasó del treinta al veintinueve por ciento.

Ejemplo 4
Texto: - Rentabilidad
INTERÉS DE 2 PESOS SOBRE UNA INVERSIÓN DE 100 PESOS = RENTABILIDAD DE 2 % ((2 ÷ 100) × 100 = 2%) POR CADA 100 PESOS SE GANAN 2 PESOS
Endeudamiento
DEUDA DE 30 PESOS POR SOBRE EL CAPITAL DE 20 PESOS = ENDEUDAMIENTO DE 1,5 VECES EL CAPITAL (30 ÷ 20 = 1,5) POR CADA PESO DE CAPITAL EXISTE 1,5 PESOS DE DEUDA
Liquidez
80 PESOS DE DINERO DISPONIBLE POR SOBRE DEUDAS DE 40 PESOS = LIQUIDEZ DE DOS VECES EL VALOR DE LA DEUDA (80 ÷ 40 = 2) POR CADA PESO DE DEUDA SE DISPONE DE 2 PESOS PARA PAGO
Versión simplificada: EL INTERÉS DE DOS PESOS SOBRE UNA INVERSIÓN DE CIEN PESOS DA UNA RENTABILIDAD DE DOS POR CIENTO. ES DECIR, POR CADA CIEN PESOS GANAMOS DOS PESOS. LA DEUDA DE TREINTA PESOS SOBRE EL CAPITAL DE VEINTE PESOS RESULTA EN UNA DEUDA DE UNO PUNTO CINCO VECES EL CAPITAL. ES DECIR, POR CADA PESO DE CAPITAL HAY UNO PUNTO CINCO PESOS DE DEUDA. EN OCHENTA PESOS DE DINERO DISPONIBLE SOBRE DEUDAS DE CUARENTA PESOS DA UNA LIQUIDEZ DEL DOBLE DE LA DEUDA. POR CADA PESO ADEUDADO HAY DOS PESOS PARA PAGAR.

Texto: Existen varias modalidades de cheques, como lo mencionan los mismos Alonso, Brailovsky y Ortiz (1999).
Versión simplificada:",4.8282,success,,{},2703,few-shot,nancy,llama3_cfg_2,0.7,0.9,1.1,512,,
exp_prompting_sample36_top4_20260506_041700,304c2397-167b-424f-9f3a-86ecce1a3685,2026-05-06T04:27:28.139473,feina_repr30_test_sample36,,sample36,llama3,meta-llama/Meta-Llama-3-8B-Instruct,ollama,few-shot,R2,"[78, 1805, 3635, 5262]","{'temperature': 0.7, 'top_p': 0.9, 'repetition_penalty': 1.1, 'max_new_tokens': 512}",2732,"La mayor ventaja es la flexibilidad que le da al usuario, quien puede pagar sus saldos por completo cada mes o puede pagar en parte.",La mayor ventaja es la flexibilidad para el usuario. Quien puede pagar sus saldos completos o en parte mensualmente.,La principal ventaja es que te permite elegir cómo pagas tus saldos cada mes. Puedes pagarlos todos al mismo tiempo o dividir el pago entre varios meses.,"Reescribe en español cada texto con lenguaje más claro y sencillo.
Conserva el significado original y no inventes información.
Guía interna de simplificación: usa palabras comunes; evita tecnicismos innecesarios; reemplaza palabras difíciles por palabras simples; usa oraciones cortas; expresa una idea por oración; prefiere voz activa; divide oraciones largas.

Devuelve solo la versión final simplificada.

Ejemplo 1
Texto: A continuación una tabla donde se demuestra como crecen los ahorros al pasar los años: Edad Inversión Intereses Saldo Inversión Intereses Saldo Laura Ganados Alberto Ganados 22 $800 $80 $880 23 $800 $168 $1.232 Valor al Jubilarse $311.092 Valor al Jubilarse $263.232 Menos las contribuciones iniciales $6.400 Menos las contribuciones iniciales $28.800 Ganancia Neta $304.692 Ganancia Neta $234.
Versión simplificada: A continuación, presentamos una tabla donde se demuestra como crecen los ahorros al pasar los años. Las categorías en que se divide la tabla son edad, inversión, intereses ganados y saldo. La tabla contrasta las ganancias en intereses por año de Laura y Alberto con una proyección de edad de jubilación de sesenta y cinco años y según la cantidad de años que mantuvieron el ahorro.

Ejemplo 2
Texto: El varias veces mencionado Yager, nos dice acertadamente sobre estos aspectos lo siguiente: La mayoría de ustedes están hambrientos de tener libertad financiera, están hastiados de tener batallas financieras porque son como un carrusel.
Versión simplificada: Yager habla acertadamente sobre estos aspectos y dice que la mayoría ambiciona tener libertad financiera y está cansada de tener batallas financieras inútiles.

Ejemplo 3
Texto: De acuerdo con esta medición, la proporción de pobres en la población mundial quienes viven con menos de un dólar por día descendió levemente entre 1987 y 1993, pues pasó del 30% al 29%.
Versión simplificada: Según esta medición, la proporción de personas pobres en la población mundial descendió un poco entre mil novecientos ochenta y siete y mil novecientos noventa y tres. Es decir, el porcentaje de personas que vivían con menos de un dólar por día pasó del treinta al veintinueve por ciento.

Ejemplo 4
Texto: - Rentabilidad
INTERÉS DE 2 PESOS SOBRE UNA INVERSIÓN DE 100 PESOS = RENTABILIDAD DE 2 % ((2 ÷ 100) × 100 = 2%) POR CADA 100 PESOS SE GANAN 2 PESOS
Endeudamiento
DEUDA DE 30 PESOS POR SOBRE EL CAPITAL DE 20 PESOS = ENDEUDAMIENTO DE 1,5 VECES EL CAPITAL (30 ÷ 20 = 1,5) POR CADA PESO DE CAPITAL EXISTE 1,5 PESOS DE DEUDA
Liquidez
80 PESOS DE DINERO DISPONIBLE POR SOBRE DEUDAS DE 40 PESOS = LIQUIDEZ DE DOS VECES EL VALOR DE LA DEUDA (80 ÷ 40 = 2) POR CADA PESO DE DEUDA SE DISPONE DE 2 PESOS PARA PAGO
Versión simplificada: EL INTERÉS DE DOS PESOS SOBRE UNA INVERSIÓN DE CIEN PESOS DA UNA RENTABILIDAD DE DOS POR CIENTO. ES DECIR, POR CADA CIEN PESOS GANAMOS DOS PESOS. LA DEUDA DE TREINTA PESOS SOBRE EL CAPITAL DE VEINTE PESOS RESULTA EN UNA DEUDA DE UNO PUNTO CINCO VECES EL CAPITAL. ES DECIR, POR CADA PESO DE CAPITAL HAY UNO PUNTO CINCO PESOS DE DEUDA. EN OCHENTA PESOS DE DINERO DISPONIBLE SOBRE DEUDAS DE CUARENTA PESOS DA UNA LIQUIDEZ DEL DOBLE DE LA DEUDA. POR CADA PESO ADEUDADO HAY DOS PESOS PARA PAGAR.

Texto: La mayor ventaja es la flexibilidad que le da al usuario, quien puede pagar sus saldos por completo cada mes o puede pagar en parte.
Versión simplificada:",5.3587,success,,{},2732,few-shot,nancy,llama3_cfg_2,0.7,0.9,1.1,512,,
exp_prompting_sample36_top4_20260506_041700,483a8053-811b-4caf-b2e6-1c8d501ebc15,2026-05-06T04:27:33.862352,feina_repr30_test_sample36,,sample36,llama3,meta-llama/Meta-Llama-3-8B-Instruct,ollama,few-shot,R2,"[78, 1805, 3635, 5262]","{'temperature': 0.7, 'top_p': 0.9, 'repetition_penalty': 1.1, 'max_new_tokens': 512}",2947,"El dinero que inviertes inicialmente se denomina ""capital"".",El capital es el dinero invertido inicialmente.,El capital es el dinero que pones como inversión inicial.,"Reescribe en español cada texto con lenguaje más claro y sencillo.
Conserva el significado original y no inventes información.
Guía interna de simplificación: usa palabras comunes; evita tecnicismos innecesarios; reemplaza palabras difíciles por palabras simples; usa oraciones cortas; expresa una idea por oración; prefiere voz activa; divide oraciones largas.

Devuelve solo la versión final simplificada.

Ejemplo 1
Texto: A continuación una tabla donde se demuestra como crecen los ahorros al pasar los años: Edad Inversión Intereses Saldo Inversión Intereses Saldo Laura Ganados Alberto Ganados 22 $800 $80 $880 23 $800 $168 $1.232 Valor al Jubilarse $311.092 Valor al Jubilarse $263.232 Menos las contribuciones iniciales $6.400 Menos las contribuciones iniciales $28.800 Ganancia Neta $304.692 Ganancia Neta $234.
Versión simplificada: A continuación, presentamos una tabla donde se demuestra como crecen los ahorros al pasar los años. Las categorías en que se divide la tabla son edad, inversión, intereses ganados y saldo. La tabla contrasta las ganancias en intereses por año de Laura y Alberto con una proyección de edad de jubilación de sesenta y cinco años y según la cantidad de años que mantuvieron el ahorro.

Ejemplo 2
Texto: El varias veces mencionado Yager, nos dice acertadamente sobre estos aspectos lo siguiente: La mayoría de ustedes están hambrientos de tener libertad financiera, están hastiados de tener batallas financieras porque son como un carrusel.
Versión simplificada: Yager habla acertadamente sobre estos aspectos y dice que la mayoría ambiciona tener libertad financiera y está cansada de tener batallas financieras inútiles.

Ejemplo 3
Texto: De acuerdo con esta medición, la proporción de pobres en la población mundial quienes viven con menos de un dólar por día descendió levemente entre 1987 y 1993, pues pasó del 30% al 29%.
Versión simplificada: Según esta medición, la proporción de personas pobres en la población mundial descendió un poco entre mil novecientos ochenta y siete y mil novecientos noventa y tres. Es decir, el porcentaje de personas que vivían con menos de un dólar por día pasó del treinta al veintinueve por ciento.

Ejemplo 4
Texto: - Rentabilidad
INTERÉS DE 2 PESOS SOBRE UNA INVERSIÓN DE 100 PESOS = RENTABILIDAD DE 2 % ((2 ÷ 100) × 100 = 2%) POR CADA 100 PESOS SE GANAN 2 PESOS
Endeudamiento
DEUDA DE 30 PESOS POR SOBRE EL CAPITAL DE 20 PESOS = ENDEUDAMIENTO DE 1,5 VECES EL CAPITAL (30 ÷ 20 = 1,5) POR CADA PESO DE CAPITAL EXISTE 1,5 PESOS DE DEUDA
Liquidez
80 PESOS DE DINERO DISPONIBLE POR SOBRE DEUDAS DE 40 PESOS = LIQUIDEZ DE DOS VECES EL VALOR DE LA DEUDA (80 ÷ 40 = 2) POR CADA PESO DE DEUDA SE DISPONE DE 2 PESOS PARA PAGO
Versión simplificada: EL INTERÉS DE DOS PESOS SOBRE UNA INVERSIÓN DE CIEN PESOS DA UNA RENTABILIDAD DE DOS POR CIENTO. ES DECIR, POR CADA CIEN PESOS GANAMOS DOS PESOS. LA DEUDA DE TREINTA PESOS SOBRE EL CAPITAL DE VEINTE PESOS RESULTA EN UNA DEUDA DE UNO PUNTO CINCO VECES EL CAPITAL. ES DECIR, POR CADA PESO DE CAPITAL HAY UNO PUNTO CINCO PESOS DE DEUDA. EN OCHENTA PESOS DE DINERO DISPONIBLE SOBRE DEUDAS DE CUARENTA PESOS DA UNA LIQUIDEZ DEL DOBLE DE LA DEUDA. POR CADA PESO ADEUDADO HAY DOS PESOS PARA PAGAR.

Texto: El dinero que inviertes inicialmente se denomina ""capital"".
Versión simplificada:",4.729,success,,{},2947,few-shot,nancy,llama3_cfg_2,0.7,0.9,1.1,512,,
exp_prompting_sample36_top4_20260506_041700,65fa0a9e-9ddd-463b-9d3f-188a125e4175,2026-05-06T04:27:38.977856,feina_repr30_test_sample36,,sample36,llama3,meta-llama/Meta-Llama-3-8B-Instruct,ollama,few-shot,R2,"[78, 1805, 3635, 5262]","{'temperature': 0.7, 'top_p': 0.9, 'repetition_penalty': 1.1, 'max_new_tokens': 512}",3320,"Existen modelos cuantitativos que permiten determinar de manera técnica el valor de la tasa de descuento como el CAPM1 y el WACC2 (Bell, 2016), los cuales no se incluyen en el presente documento; no obstante, la determinación subjetiva de la tasa de descuento exigida por el accionista puede utilizarse ante la falta de información de los mencionados modelos.","Hay modelos cuantitativos para determinar técnicamente el valor de la tasa de descuento, pero no se incluyen en este documento. Sin embargo, la determinación subjetiva de la tasa de descuento exigida por el accionista se puede utilizar ante la falta de información de esos modelos.","Existen métodos matemáticos que permiten calcular el valor de la tasa de descuento, como el CAPM y el WACC. Sin embargo, si no se tienen datos sobre estos métodos, podemos utilizar nuestra propia estimación para determinar la tasa de descuento que un accionista requiere.","Reescribe en español cada texto con lenguaje más claro y sencillo.
Conserva el significado original y no inventes información.
Guía interna de simplificación: usa palabras comunes; evita tecnicismos innecesarios; reemplaza palabras difíciles por palabras simples; usa oraciones cortas; expresa una idea por oración; prefiere voz activa; divide oraciones largas.

Devuelve solo la versión final simplificada.

Ejemplo 1
Texto: A continuación una tabla donde se demuestra como crecen los ahorros al pasar los años: Edad Inversión Intereses Saldo Inversión Intereses Saldo Laura Ganados Alberto Ganados 22 $800 $80 $880 23 $800 $168 $1.232 Valor al Jubilarse $311.092 Valor al Jubilarse $263.232 Menos las contribuciones iniciales $6.400 Menos las contribuciones iniciales $28.800 Ganancia Neta $304.692 Ganancia Neta $234.
Versión simplificada: A continuación, presentamos una tabla donde se demuestra como crecen los ahorros al pasar los años. Las categorías en que se divide la tabla son edad, inversión, intereses ganados y saldo. La tabla contrasta las ganancias en intereses por año de Laura y Alberto con una proyección de edad de jubilación de sesenta y cinco años y según la cantidad de años que mantuvieron el ahorro.

Ejemplo 2
Texto: El varias veces mencionado Yager, nos dice acertadamente sobre estos aspectos lo siguiente: La mayoría de ustedes están hambrientos de tener libertad financiera, están hastiados de tener batallas financieras porque son como un carrusel.
Versión simplificada: Yager habla acertadamente sobre estos aspectos y dice que la mayoría ambiciona tener libertad financiera y está cansada de tener batallas financieras inútiles.

Ejemplo 3
Texto: De acuerdo con esta medición, la proporción de pobres en la población mundial quienes viven con menos de un dólar por día descendió levemente entre 1987 y 1993, pues pasó del 30% al 29%.
Versión simplificada: Según esta medición, la proporción de personas pobres en la población mundial descendió un poco entre mil novecientos ochenta y siete y mil novecientos noventa y tres. Es decir, el porcentaje de personas que vivían con menos de un dólar por día pasó del treinta al veintinueve por ciento.

Ejemplo 4
Texto: - Rentabilidad
INTERÉS DE 2 PESOS SOBRE UNA INVERSIÓN DE 100 PESOS = RENTABILIDAD DE 2 % ((2 ÷ 100) × 100 = 2%) POR CADA 100 PESOS SE GANAN 2 PESOS
Endeudamiento
DEUDA DE 30 PESOS POR SOBRE EL CAPITAL DE 20 PESOS = ENDEUDAMIENTO DE 1,5 VECES EL CAPITAL (30 ÷ 20 = 1,5) POR CADA PESO DE CAPITAL EXISTE 1,5 PESOS DE DEUDA
Liquidez
80 PESOS DE DINERO DISPONIBLE POR SOBRE DEUDAS DE 40 PESOS = LIQUIDEZ DE DOS VECES EL VALOR DE LA DEUDA (80 ÷ 40 = 2) POR CADA PESO DE DEUDA SE DISPONE DE 2 PESOS PARA PAGO
Versión simplificada: EL INTERÉS DE DOS PESOS SOBRE UNA INVERSIÓN DE CIEN PESOS DA UNA RENTABILIDAD DE DOS POR CIENTO. ES DECIR, POR CADA CIEN PESOS GANAMOS DOS PESOS. LA DEUDA DE TREINTA PESOS SOBRE EL CAPITAL DE VEINTE PESOS RESULTA EN UNA DEUDA DE UNO PUNTO CINCO VECES EL CAPITAL. ES DECIR, POR CADA PESO DE CAPITAL HAY UNO PUNTO CINCO PESOS DE DEUDA. EN OCHENTA PESOS DE DINERO DISPONIBLE SOBRE DEUDAS DE CUARENTA PESOS DA UNA LIQUIDEZ DEL DOBLE DE LA DEUDA. POR CADA PESO ADEUDADO HAY DOS PESOS PARA PAGAR.

Texto: Existen modelos cuantitativos que permiten determinar de manera técnica el valor de la tasa de descuento como el CAPM1 y el WACC2 (Bell, 2016), los cuales no se incluyen en el presente documento; no obstante, la determinación subjetiva de la tasa de descuento exigida por el accionista puede utilizarse ante la falta de información de los mencionados modelos.
Versión simplificada:",6.2947,success,,{},3320,few-shot,nancy,llama3_cfg_2,0.7,0.9,1.1,512,,
exp_prompting_sample36_top4_20260506_041700,e2ec5da5-91a4-4ebb-8beb-8a63f786ef11,2026-05-06T04:27:45.786526,feina_repr30_test_sample36,,sample36,llama3,meta-llama/Meta-Llama-3-8B-Instruct,ollama,few-shot,R2,"[78, 1805, 3635, 5262]","{'temperature': 0.7, 'top_p': 0.9, 'repetition_penalty': 1.1, 'max_new_tokens': 512}",3396,"Particularmente, se observa que el escenario 3 es el único que presenta una situación que no sea rentable.",El escenario tres es el único que presenta una situación no rentable.,Este escenario no es rentable.,"Reescribe en español cada texto con lenguaje más claro y sencillo.
Conserva el significado original y no inventes información.
Guía interna de simplificación: usa palabras comunes; evita tecnicismos innecesarios; reemplaza palabras difíciles por palabras simples; usa oraciones cortas; expresa una idea por oración; prefiere voz activa; divide oraciones largas.

Devuelve solo la versión final simplificada.

Ejemplo 1
Texto: A continuación una tabla donde se demuestra como crecen los ahorros al pasar los años: Edad Inversión Intereses Saldo Inversión Intereses Saldo Laura Ganados Alberto Ganados 22 $800 $80 $880 23 $800 $168 $1.232 Valor al Jubilarse $311.092 Valor al Jubilarse $263.232 Menos las contribuciones iniciales $6.400 Menos las contribuciones iniciales $28.800 Ganancia Neta $304.692 Ganancia Neta $234.
Versión simplificada: A continuación, presentamos una tabla donde se demuestra como crecen los ahorros al pasar los años. Las categorías en que se divide la tabla son edad, inversión, intereses ganados y saldo. La tabla contrasta las ganancias en intereses por año de Laura y Alberto con una proyección de edad de jubilación de sesenta y cinco años y según la cantidad de años que mantuvieron el ahorro.

Ejemplo 2
Texto: El varias veces mencionado Yager, nos dice acertadamente sobre estos aspectos lo siguiente: La mayoría de ustedes están hambrientos de tener libertad financiera, están hastiados de tener batallas financieras porque son como un carrusel.
Versión simplificada: Yager habla acertadamente sobre estos aspectos y dice que la mayoría ambiciona tener libertad financiera y está cansada de tener batallas financieras inútiles.

Ejemplo 3
Texto: De acuerdo con esta medición, la proporción de pobres en la población mundial quienes viven con menos de un dólar por día descendió levemente entre 1987 y 1993, pues pasó del 30% al 29%.
Versión simplificada: Según esta medición, la proporción de personas pobres en la población mundial descendió un poco entre mil novecientos ochenta y siete y mil novecientos noventa y tres. Es decir, el porcentaje de personas que vivían con menos de un dólar por día pasó del treinta al veintinueve por ciento.

Ejemplo 4
Texto: - Rentabilidad
INTERÉS DE 2 PESOS SOBRE UNA INVERSIÓN DE 100 PESOS = RENTABILIDAD DE 2 % ((2 ÷ 100) × 100 = 2%) POR CADA 100 PESOS SE GANAN 2 PESOS
Endeudamiento
DEUDA DE 30 PESOS POR SOBRE EL CAPITAL DE 20 PESOS = ENDEUDAMIENTO DE 1,5 VECES EL CAPITAL (30 ÷ 20 = 1,5) POR CADA PESO DE CAPITAL EXISTE 1,5 PESOS DE DEUDA
Liquidez
80 PESOS DE DINERO DISPONIBLE POR SOBRE DEUDAS DE 40 PESOS = LIQUIDEZ DE DOS VECES EL VALOR DE LA DEUDA (80 ÷ 40 = 2) POR CADA PESO DE DEUDA SE DISPONE DE 2 PESOS PARA PAGO
Versión simplificada: EL INTERÉS DE DOS PESOS SOBRE UNA INVERSIÓN DE CIEN PESOS DA UNA RENTABILIDAD DE DOS POR CIENTO. ES DECIR, POR CADA CIEN PESOS GANAMOS DOS PESOS. LA DEUDA DE TREINTA PESOS SOBRE EL CAPITAL DE VEINTE PESOS RESULTA EN UNA DEUDA DE UNO PUNTO CINCO VECES EL CAPITAL. ES DECIR, POR CADA PESO DE CAPITAL HAY UNO PUNTO CINCO PESOS DE DEUDA. EN OCHENTA PESOS DE DINERO DISPONIBLE SOBRE DEUDAS DE CUARENTA PESOS DA UNA LIQUIDEZ DEL DOBLE DE LA DEUDA. POR CADA PESO ADEUDADO HAY DOS PESOS PARA PAGAR.

Texto: Particularmente, se observa que el escenario 3 es el único que presenta una situación que no sea rentable.
Versión simplificada:",4.57,success,,{},3396,few-shot,nancy,llama3_cfg_2,0.7,0.9,1.1,512,,
exp_prompting_sample36_top4_20260506_041700,584448ad-eb2f-41b8-b1c2-1eadaf180511,2026-05-06T04:27:50.754531,feina_repr30_test_sample36,,sample36,llama3,meta-llama/Meta-Llama-3-8B-Instruct,ollama,few-shot,R2,"[78, 1805, 3635, 5262]","{'temperature': 0.7, 'top_p': 0.9, 'repetition_penalty': 1.1, 'max_new_tokens': 512}",3404,"Obtenga el rendimiento de un bono de $10,000 que paga el 6.",Saque el rendimiento de un bono de diez mil dólares que paga el seis.,"El rendimiento anual de un bono de $10,000 que paga el 6% es de $600.","Reescribe en español cada texto con lenguaje más claro y sencillo.
Conserva el significado original y no inventes información.
Guía interna de simplificación: usa palabras comunes; evita tecnicismos innecesarios; reemplaza palabras difíciles por palabras simples; usa oraciones cortas; expresa una idea por oración; prefiere voz activa; divide oraciones largas.

Devuelve solo la versión final simplificada.

Ejemplo 1
Texto: A continuación una tabla donde se demuestra como crecen los ahorros al pasar los años: Edad Inversión Intereses Saldo Inversión Intereses Saldo Laura Ganados Alberto Ganados 22 $800 $80 $880 23 $800 $168 $1.232 Valor al Jubilarse $311.092 Valor al Jubilarse $263.232 Menos las contribuciones iniciales $6.400 Menos las contribuciones iniciales $28.800 Ganancia Neta $304.692 Ganancia Neta $234.
Versión simplificada: A continuación, presentamos una tabla donde se demuestra como crecen los ahorros al pasar los años. Las categorías en que se divide la tabla son edad, inversión, intereses ganados y saldo. La tabla contrasta las ganancias en intereses por año de Laura y Alberto con una proyección de edad de jubilación de sesenta y cinco años y según la cantidad de años que mantuvieron el ahorro.

Ejemplo 2
Texto: El varias veces mencionado Yager, nos dice acertadamente sobre estos aspectos lo siguiente: La mayoría de ustedes están hambrientos de tener libertad financiera, están hastiados de tener batallas financieras porque son como un carrusel.
Versión simplificada: Yager habla acertadamente sobre estos aspectos y dice que la mayoría ambiciona tener libertad financiera y está cansada de tener batallas financieras inútiles.

Ejemplo 3
Texto: De acuerdo con esta medición, la proporción de pobres en la población mundial quienes viven con menos de un dólar por día descendió levemente entre 1987 y 1993, pues pasó del 30% al 29%.
Versión simplificada: Según esta medición, la proporción de personas pobres en la población mundial descendió un poco entre mil novecientos ochenta y siete y mil novecientos noventa y tres. Es decir, el porcentaje de personas que vivían con menos de un dólar por día pasó del treinta al veintinueve por ciento.

Ejemplo 4
Texto: - Rentabilidad
INTERÉS DE 2 PESOS SOBRE UNA INVERSIÓN DE 100 PESOS = RENTABILIDAD DE 2 % ((2 ÷ 100) × 100 = 2%) POR CADA 100 PESOS SE GANAN 2 PESOS
Endeudamiento
DEUDA DE 30 PESOS POR SOBRE EL CAPITAL DE 20 PESOS = ENDEUDAMIENTO DE 1,5 VECES EL CAPITAL (30 ÷ 20 = 1,5) POR CADA PESO DE CAPITAL EXISTE 1,5 PESOS DE DEUDA
Liquidez
80 PESOS DE DINERO DISPONIBLE POR SOBRE DEUDAS DE 40 PESOS = LIQUIDEZ DE DOS VECES EL VALOR DE LA DEUDA (80 ÷ 40 = 2) POR CADA PESO DE DEUDA SE DISPONE DE 2 PESOS PARA PAGO
Versión simplificada: EL INTERÉS DE DOS PESOS SOBRE UNA INVERSIÓN DE CIEN PESOS DA UNA RENTABILIDAD DE DOS POR CIENTO. ES DECIR, POR CADA CIEN PESOS GANAMOS DOS PESOS. LA DEUDA DE TREINTA PESOS SOBRE EL CAPITAL DE VEINTE PESOS RESULTA EN UNA DEUDA DE UNO PUNTO CINCO VECES EL CAPITAL. ES DECIR, POR CADA PESO DE CAPITAL HAY UNO PUNTO CINCO PESOS DE DEUDA. EN OCHENTA PESOS DE DINERO DISPONIBLE SOBRE DEUDAS DE CUARENTA PESOS DA UNA LIQUIDEZ DEL DOBLE DE LA DEUDA. POR CADA PESO ADEUDADO HAY DOS PESOS PARA PAGAR.

Texto: Obtenga el rendimiento de un bono de $10,000 que paga el 6.
Versión simplificada:",5.0939,success,,{},3404,few-shot,nancy,llama3_cfg_2,0.7,0.9,1.1,512,,
exp_prompting_sample36_top4_20260506_041700,6e13e88a-f9aa-4edb-a971-6602f3729a0d,2026-05-06T04:27:56.370767,feina_repr30_test_sample36,,sample36,llama3,meta-llama/Meta-Llama-3-8B-Instruct,ollama,few-shot,R2,"[78, 1805, 3635, 5262]","{'temperature': 0.7, 'top_p': 0.9, 'repetition_penalty': 1.1, 'max_new_tokens': 512}",3570,"De partida, el tema concierne a todos los individuos y durante toda la vida, pues las finanzas explican la procedencia y uso de los ingresos y recursos que se disponen para satisfacer las necesidades particulares de todas y todos.",El tema interesa a todas las personas. Porque las finanzas explican el origen y uso de los ingresos disponibles para satisfacer las necesidades de todos.,Las finanzas explican cómo gestionamos nuestros ingresos y recursos para satisfacer nuestras necesidades personales.,"Reescribe en español cada texto con lenguaje más claro y sencillo.
Conserva el significado original y no inventes información.
Guía interna de simplificación: usa palabras comunes; evita tecnicismos innecesarios; reemplaza palabras difíciles por palabras simples; usa oraciones cortas; expresa una idea por oración; prefiere voz activa; divide oraciones largas.

Devuelve solo la versión final simplificada.

Ejemplo 1
Texto: A continuación una tabla donde se demuestra como crecen los ahorros al pasar los años: Edad Inversión Intereses Saldo Inversión Intereses Saldo Laura Ganados Alberto Ganados 22 $800 $80 $880 23 $800 $168 $1.232 Valor al Jubilarse $311.092 Valor al Jubilarse $263.232 Menos las contribuciones iniciales $6.400 Menos las contribuciones iniciales $28.800 Ganancia Neta $304.692 Ganancia Neta $234.
Versión simplificada: A continuación, presentamos una tabla donde se demuestra como crecen los ahorros al pasar los años. Las categorías en que se divide la tabla son edad, inversión, intereses ganados y saldo. La tabla contrasta las ganancias en intereses por año de Laura y Alberto con una proyección de edad de jubilación de sesenta y cinco años y según la cantidad de años que mantuvieron el ahorro.

Ejemplo 2
Texto: El varias veces mencionado Yager, nos dice acertadamente sobre estos aspectos lo siguiente: La mayoría de ustedes están hambrientos de tener libertad financiera, están hastiados de tener batallas financieras porque son como un carrusel.
Versión simplificada: Yager habla acertadamente sobre estos aspectos y dice que la mayoría ambiciona tener libertad financiera y está cansada de tener batallas financieras inútiles.

Ejemplo 3
Texto: De acuerdo con esta medición, la proporción de pobres en la población mundial quienes viven con menos de un dólar por día descendió levemente entre 1987 y 1993, pues pasó del 30% al 29%.
Versión simplificada: Según esta medición, la proporción de personas pobres en la población mundial descendió un poco entre mil novecientos ochenta y siete y mil novecientos noventa y tres. Es decir, el porcentaje de personas que vivían con menos de un dólar por día pasó del treinta al veintinueve por ciento.

Ejemplo 4
Texto: - Rentabilidad
INTERÉS DE 2 PESOS SOBRE UNA INVERSIÓN DE 100 PESOS = RENTABILIDAD DE 2 % ((2 ÷ 100) × 100 = 2%) POR CADA 100 PESOS SE GANAN 2 PESOS
Endeudamiento
DEUDA DE 30 PESOS POR SOBRE EL CAPITAL DE 20 PESOS = ENDEUDAMIENTO DE 1,5 VECES EL CAPITAL (30 ÷ 20 = 1,5) POR CADA PESO DE CAPITAL EXISTE 1,5 PESOS DE DEUDA
Liquidez
80 PESOS DE DINERO DISPONIBLE POR SOBRE DEUDAS DE 40 PESOS = LIQUIDEZ DE DOS VECES EL VALOR DE LA DEUDA (80 ÷ 40 = 2) POR CADA PESO DE DEUDA SE DISPONE DE 2 PESOS PARA PAGO
Versión simplificada: EL INTERÉS DE DOS PESOS SOBRE UNA INVERSIÓN DE CIEN PESOS DA UNA RENTABILIDAD DE DOS POR CIENTO. ES DECIR, POR CADA CIEN PESOS GANAMOS DOS PESOS. LA DEUDA DE TREINTA PESOS SOBRE EL CAPITAL DE VEINTE PESOS RESULTA EN UNA DEUDA DE UNO PUNTO CINCO VECES EL CAPITAL. ES DECIR, POR CADA PESO DE CAPITAL HAY UNO PUNTO CINCO PESOS DE DEUDA. EN OCHENTA PESOS DE DINERO DISPONIBLE SOBRE DEUDAS DE CUARENTA PESOS DA UNA LIQUIDEZ DEL DOBLE DE LA DEUDA. POR CADA PESO ADEUDADO HAY DOS PESOS PARA PAGAR.

Texto: De partida, el tema concierne a todos los individuos y durante toda la vida, pues las finanzas explican la procedencia y uso de los ingresos y recursos que se disponen para satisfacer las necesidades particulares de todas y todos.
Versión simplificada:",6.0185,success,,{},3570,few-shot,nancy,llama3_cfg_2,0.7,0.9,1.1,512,,
exp_prompting_sample36_top4_20260506_041700,3cbad1ca-b38f-4a60-bf93-757f0f4db67b,2026-05-06T04:28:02.744426,feina_repr30_test_sample36,,sample36,llama3,meta-llama/Meta-Llama-3-8B-Instruct,ollama,few-shot,R2,"[78, 1805, 3635, 5262]","{'temperature': 0.7, 'top_p': 0.9, 'repetition_penalty': 1.1, 'max_new_tokens': 512}",3653,¿Qué función cumplen las empresas en la sociedad?,¿Qué función tienen las empresas en la sociedad?,"Las empresas son fundamentales para la sociedad porque crean empleos, producen bienes y servicios que mejoran nuestras vidas y generan riqueza.","Reescribe en español cada texto con lenguaje más claro y sencillo.
Conserva el significado original y no inventes información.
Guía interna de simplificación: usa palabras comunes; evita tecnicismos innecesarios; reemplaza palabras difíciles por palabras simples; usa oraciones cortas; expresa una idea por oración; prefiere voz activa; divide oraciones largas.

Devuelve solo la versión final simplificada.

Ejemplo 1
Texto: A continuación una tabla donde se demuestra como crecen los ahorros al pasar los años: Edad Inversión Intereses Saldo Inversión Intereses Saldo Laura Ganados Alberto Ganados 22 $800 $80 $880 23 $800 $168 $1.232 Valor al Jubilarse $311.092 Valor al Jubilarse $263.232 Menos las contribuciones iniciales $6.400 Menos las contribuciones iniciales $28.800 Ganancia Neta $304.692 Ganancia Neta $234.
Versión simplificada: A continuación, presentamos una tabla donde se demuestra como crecen los ahorros al pasar los años. Las categorías en que se divide la tabla son edad, inversión, intereses ganados y saldo. La tabla contrasta las ganancias en intereses por año de Laura y Alberto con una proyección de edad de jubilación de sesenta y cinco años y según la cantidad de años que mantuvieron el ahorro.

Ejemplo 2
Texto: El varias veces mencionado Yager, nos dice acertadamente sobre estos aspectos lo siguiente: La mayoría de ustedes están hambrientos de tener libertad financiera, están hastiados de tener batallas financieras porque son como un carrusel.
Versión simplificada: Yager habla acertadamente sobre estos aspectos y dice que la mayoría ambiciona tener libertad financiera y está cansada de tener batallas financieras inútiles.

Ejemplo 3
Texto: De acuerdo con esta medición, la proporción de pobres en la población mundial quienes viven con menos de un dólar por día descendió levemente entre 1987 y 1993, pues pasó del 30% al 29%.
Versión simplificada: Según esta medición, la proporción de personas pobres en la población mundial descendió un poco entre mil novecientos ochenta y siete y mil novecientos noventa y tres. Es decir, el porcentaje de personas que vivían con menos de un dólar por día pasó del treinta al veintinueve por ciento.

Ejemplo 4
Texto: - Rentabilidad
INTERÉS DE 2 PESOS SOBRE UNA INVERSIÓN DE 100 PESOS = RENTABILIDAD DE 2 % ((2 ÷ 100) × 100 = 2%) POR CADA 100 PESOS SE GANAN 2 PESOS
Endeudamiento
DEUDA DE 30 PESOS POR SOBRE EL CAPITAL DE 20 PESOS = ENDEUDAMIENTO DE 1,5 VECES EL CAPITAL (30 ÷ 20 = 1,5) POR CADA PESO DE CAPITAL EXISTE 1,5 PESOS DE DEUDA
Liquidez
80 PESOS DE DINERO DISPONIBLE POR SOBRE DEUDAS DE 40 PESOS = LIQUIDEZ DE DOS VECES EL VALOR DE LA DEUDA (80 ÷ 40 = 2) POR CADA PESO DE DEUDA SE DISPONE DE 2 PESOS PARA PAGO
Versión simplificada: EL INTERÉS DE DOS PESOS SOBRE UNA INVERSIÓN DE CIEN PESOS DA UNA RENTABILIDAD DE DOS POR CIENTO. ES DECIR, POR CADA CIEN PESOS GANAMOS DOS PESOS. LA DEUDA DE TREINTA PESOS SOBRE EL CAPITAL DE VEINTE PESOS RESULTA EN UNA DEUDA DE UNO PUNTO CINCO VECES EL CAPITAL. ES DECIR, POR CADA PESO DE CAPITAL HAY UNO PUNTO CINCO PESOS DE DEUDA. EN OCHENTA PESOS DE DINERO DISPONIBLE SOBRE DEUDAS DE CUARENTA PESOS DA UNA LIQUIDEZ DEL DOBLE DE LA DEUDA. POR CADA PESO ADEUDADO HAY DOS PESOS PARA PAGAR.

Texto: ¿Qué función cumplen las empresas en la sociedad?
Versión simplificada:",4.9814,success,,{},3653,few-shot,nancy,llama3_cfg_2,0.7,0.9,1.1,512,,
exp_prompting_sample36_top4_20260506_041700,d9f547ae-6ecf-4dca-ad0d-acfaec3a9995,2026-05-06T04:28:08.084854,feina_repr30_test_sample36,,sample36,llama3,meta-llama/Meta-Llama-3-8B-Instruct,ollama,few-shot,R2,"[78, 1805, 3635, 5262]","{'temperature': 0.7, 'top_p': 0.9, 'repetition_penalty': 1.1, 'max_new_tokens': 512}",3712,Estos principios están diseñados para promover que las firmas de servicios financieros y las organizaciones de consumidores hagan más para educar a los ciudadanos en esta área.,Estos principios están diseñados para promover que las empresas de servicios financieros y las organizaciones de consumidores hagan más para educar a los ciudadanos en esta área.,"Estos principios buscan fomentar la educación financiera entre los ciudadanos, logrando que las empresas de servicios financieros y las organizaciones de consumidores trabajen juntos para informar y ayudar a la gente a tomar decisiones más sabias con su dinero.","Reescribe en español cada texto con lenguaje más claro y sencillo.
Conserva el significado original y no inventes información.
Guía interna de simplificación: usa palabras comunes; evita tecnicismos innecesarios; reemplaza palabras difíciles por palabras simples; usa oraciones cortas; expresa una idea por oración; prefiere voz activa; divide oraciones largas.

Devuelve solo la versión final simplificada.

Ejemplo 1
Texto: A continuación una tabla donde se demuestra como crecen los ahorros al pasar los años: Edad Inversión Intereses Saldo Inversión Intereses Saldo Laura Ganados Alberto Ganados 22 $800 $80 $880 23 $800 $168 $1.232 Valor al Jubilarse $311.092 Valor al Jubilarse $263.232 Menos las contribuciones iniciales $6.400 Menos las contribuciones iniciales $28.800 Ganancia Neta $304.692 Ganancia Neta $234.
Versión simplificada: A continuación, presentamos una tabla donde se demuestra como crecen los ahorros al pasar los años. Las categorías en que se divide la tabla son edad, inversión, intereses ganados y saldo. La tabla contrasta las ganancias en intereses por año de Laura y Alberto con una proyección de edad de jubilación de sesenta y cinco años y según la cantidad de años que mantuvieron el ahorro.

Ejemplo 2
Texto: El varias veces mencionado Yager, nos dice acertadamente sobre estos aspectos lo siguiente: La mayoría de ustedes están hambrientos de tener libertad financiera, están hastiados de tener batallas financieras porque son como un carrusel.
Versión simplificada: Yager habla acertadamente sobre estos aspectos y dice que la mayoría ambiciona tener libertad financiera y está cansada de tener batallas financieras inútiles.

Ejemplo 3
Texto: De acuerdo con esta medición, la proporción de pobres en la población mundial quienes viven con menos de un dólar por día descendió levemente entre 1987 y 1993, pues pasó del 30% al 29%.
Versión simplificada: Según esta medición, la proporción de personas pobres en la población mundial descendió un poco entre mil novecientos ochenta y siete y mil novecientos noventa y tres. Es decir, el porcentaje de personas que vivían con menos de un dólar por día pasó del treinta al veintinueve por ciento.

Ejemplo 4
Texto: - Rentabilidad
INTERÉS DE 2 PESOS SOBRE UNA INVERSIÓN DE 100 PESOS = RENTABILIDAD DE 2 % ((2 ÷ 100) × 100 = 2%) POR CADA 100 PESOS SE GANAN 2 PESOS
Endeudamiento
DEUDA DE 30 PESOS POR SOBRE EL CAPITAL DE 20 PESOS = ENDEUDAMIENTO DE 1,5 VECES EL CAPITAL (30 ÷ 20 = 1,5) POR CADA PESO DE CAPITAL EXISTE 1,5 PESOS DE DEUDA
Liquidez
80 PESOS DE DINERO DISPONIBLE POR SOBRE DEUDAS DE 40 PESOS = LIQUIDEZ DE DOS VECES EL VALOR DE LA DEUDA (80 ÷ 40 = 2) POR CADA PESO DE DEUDA SE DISPONE DE 2 PESOS PARA PAGO
Versión simplificada: EL INTERÉS DE DOS PESOS SOBRE UNA INVERSIÓN DE CIEN PESOS DA UNA RENTABILIDAD DE DOS POR CIENTO. ES DECIR, POR CADA CIEN PESOS GANAMOS DOS PESOS. LA DEUDA DE TREINTA PESOS SOBRE EL CAPITAL DE VEINTE PESOS RESULTA EN UNA DEUDA DE UNO PUNTO CINCO VECES EL CAPITAL. ES DECIR, POR CADA PESO DE CAPITAL HAY UNO PUNTO CINCO PESOS DE DEUDA. EN OCHENTA PESOS DE DINERO DISPONIBLE SOBRE DEUDAS DE CUARENTA PESOS DA UNA LIQUIDEZ DEL DOBLE DE LA DEUDA. POR CADA PESO ADEUDADO HAY DOS PESOS PARA PAGAR.

Texto: Estos principios están diseñados para promover que las firmas de servicios financieros y las organizaciones de consumidores hagan más para educar a los ciudadanos en esta área.
Versión simplificada:",6.5672,success,,{},3712,few-shot,nancy,llama3_cfg_2,0.7,0.9,1.1,512,,
exp_prompting_sample36_top4_20260506_041700,c6c2505c-a06a-4773-8b9c-433d16a816f6,2026-05-06T04:28:15.025062,feina_repr30_test_sample36,,sample36,llama3,meta-llama/Meta-Llama-3-8B-Instruct,ollama,few-shot,R2,"[78, 1805, 3635, 5262]","{'temperature': 0.7, 'top_p': 0.9, 'repetition_penalty': 1.1, 'max_new_tokens': 512}",3776,"Hable con ellos, déles la cara, y hágales saber que está haciendo todo lo que puede para pagarles.","Hable con ellos, enfréntelos y comuníqueles que está haciendo lo posible para pagarles.","Hable con ellos, muéstrese dispuesto a trabajar y comuníqueles su esfuerzo por pagar.","Reescribe en español cada texto con lenguaje más claro y sencillo.
Conserva el significado original y no inventes información.
Guía interna de simplificación: usa palabras comunes; evita tecnicismos innecesarios; reemplaza palabras difíciles por palabras simples; usa oraciones cortas; expresa una idea por oración; prefiere voz activa; divide oraciones largas.

Devuelve solo la versión final simplificada.

Ejemplo 1
Texto: A continuación una tabla donde se demuestra como crecen los ahorros al pasar los años: Edad Inversión Intereses Saldo Inversión Intereses Saldo Laura Ganados Alberto Ganados 22 $800 $80 $880 23 $800 $168 $1.232 Valor al Jubilarse $311.092 Valor al Jubilarse $263.232 Menos las contribuciones iniciales $6.400 Menos las contribuciones iniciales $28.800 Ganancia Neta $304.692 Ganancia Neta $234.
Versión simplificada: A continuación, presentamos una tabla donde se demuestra como crecen los ahorros al pasar los años. Las categorías en que se divide la tabla son edad, inversión, intereses ganados y saldo. La tabla contrasta las ganancias en intereses por año de Laura y Alberto con una proyección de edad de jubilación de sesenta y cinco años y según la cantidad de años que mantuvieron el ahorro.

Ejemplo 2
Texto: El varias veces mencionado Yager, nos dice acertadamente sobre estos aspectos lo siguiente: La mayoría de ustedes están hambrientos de tener libertad financiera, están hastiados de tener batallas financieras porque son como un carrusel.
Versión simplificada: Yager habla acertadamente sobre estos aspectos y dice que la mayoría ambiciona tener libertad financiera y está cansada de tener batallas financieras inútiles.

Ejemplo 3
Texto: De acuerdo con esta medición, la proporción de pobres en la población mundial quienes viven con menos de un dólar por día descendió levemente entre 1987 y 1993, pues pasó del 30% al 29%.
Versión simplificada: Según esta medición, la proporción de personas pobres en la población mundial descendió un poco entre mil novecientos ochenta y siete y mil novecientos noventa y tres. Es decir, el porcentaje de personas que vivían con menos de un dólar por día pasó del treinta al veintinueve por ciento.

Ejemplo 4
Texto: - Rentabilidad
INTERÉS DE 2 PESOS SOBRE UNA INVERSIÓN DE 100 PESOS = RENTABILIDAD DE 2 % ((2 ÷ 100) × 100 = 2%) POR CADA 100 PESOS SE GANAN 2 PESOS
Endeudamiento
DEUDA DE 30 PESOS POR SOBRE EL CAPITAL DE 20 PESOS = ENDEUDAMIENTO DE 1,5 VECES EL CAPITAL (30 ÷ 20 = 1,5) POR CADA PESO DE CAPITAL EXISTE 1,5 PESOS DE DEUDA
Liquidez
80 PESOS DE DINERO DISPONIBLE POR SOBRE DEUDAS DE 40 PESOS = LIQUIDEZ DE DOS VECES EL VALOR DE LA DEUDA (80 ÷ 40 = 2) POR CADA PESO DE DEUDA SE DISPONE DE 2 PESOS PARA PAGO
Versión simplificada: EL INTERÉS DE DOS PESOS SOBRE UNA INVERSIÓN DE CIEN PESOS DA UNA RENTABILIDAD DE DOS POR CIENTO. ES DECIR, POR CADA CIEN PESOS GANAMOS DOS PESOS. LA DEUDA DE TREINTA PESOS SOBRE EL CAPITAL DE VEINTE PESOS RESULTA EN UNA DEUDA DE UNO PUNTO CINCO VECES EL CAPITAL. ES DECIR, POR CADA PESO DE CAPITAL HAY UNO PUNTO CINCO PESOS DE DEUDA. EN OCHENTA PESOS DE DINERO DISPONIBLE SOBRE DEUDAS DE CUARENTA PESOS DA UNA LIQUIDEZ DEL DOBLE DE LA DEUDA. POR CADA PESO ADEUDADO HAY DOS PESOS PARA PAGAR.

Texto: Hable con ellos, déles la cara, y hágales saber que está haciendo todo lo que puede para pagarles.
Versión simplificada:",4.8471,success,,{},3776,few-shot,nancy,llama3_cfg_2,0.7,0.9,1.1,512,,
exp_prompting_sample36_top4_20260506_041700,52c1a45e-11fb-46cf-831a-7e4799ad1df7,2026-05-06T04:28:20.241292,feina_repr30_test_sample36,,sample36,llama3,meta-llama/Meta-Llama-3-8B-Instruct,ollama,few-shot,R2,"[78, 1805, 3635, 5262]","{'temperature': 0.7, 'top_p': 0.9, 'repetition_penalty': 1.1, 'max_new_tokens': 512}",3819,Pero ¿en qué se compite?,Pero ¿en qué se compite?,"La gente se está peleando por dinero, como un carrusel que no para de girar.","Reescribe en español cada texto con lenguaje más claro y sencillo.
Conserva el significado original y no inventes información.
Guía interna de simplificación: usa palabras comunes; evita tecnicismos innecesarios; reemplaza palabras difíciles por palabras simples; usa oraciones cortas; expresa una idea por oración; prefiere voz activa; divide oraciones largas.

Devuelve solo la versión final simplificada.

Ejemplo 1
Texto: A continuación una tabla donde se demuestra como crecen los ahorros al pasar los años: Edad Inversión Intereses Saldo Inversión Intereses Saldo Laura Ganados Alberto Ganados 22 $800 $80 $880 23 $800 $168 $1.232 Valor al Jubilarse $311.092 Valor al Jubilarse $263.232 Menos las contribuciones iniciales $6.400 Menos las contribuciones iniciales $28.800 Ganancia Neta $304.692 Ganancia Neta $234.
Versión simplificada: A continuación, presentamos una tabla donde se demuestra como crecen los ahorros al pasar los años. Las categorías en que se divide la tabla son edad, inversión, intereses ganados y saldo. La tabla contrasta las ganancias en intereses por año de Laura y Alberto con una proyección de edad de jubilación de sesenta y cinco años y según la cantidad de años que mantuvieron el ahorro.

Ejemplo 2
Texto: El varias veces mencionado Yager, nos dice acertadamente sobre estos aspectos lo siguiente: La mayoría de ustedes están hambrientos de tener libertad financiera, están hastiados de tener batallas financieras porque son como un carrusel.
Versión simplificada: Yager habla acertadamente sobre estos aspectos y dice que la mayoría ambiciona tener libertad financiera y está cansada de tener batallas financieras inútiles.

Ejemplo 3
Texto: De acuerdo con esta medición, la proporción de pobres en la población mundial quienes viven con menos de un dólar por día descendió levemente entre 1987 y 1993, pues pasó del 30% al 29%.
Versión simplificada: Según esta medición, la proporción de personas pobres en la población mundial descendió un poco entre mil novecientos ochenta y siete y mil novecientos noventa y tres. Es decir, el porcentaje de personas que vivían con menos de un dólar por día pasó del treinta al veintinueve por ciento.

Ejemplo 4
Texto: - Rentabilidad
INTERÉS DE 2 PESOS SOBRE UNA INVERSIÓN DE 100 PESOS = RENTABILIDAD DE 2 % ((2 ÷ 100) × 100 = 2%) POR CADA 100 PESOS SE GANAN 2 PESOS
Endeudamiento
DEUDA DE 30 PESOS POR SOBRE EL CAPITAL DE 20 PESOS = ENDEUDAMIENTO DE 1,5 VECES EL CAPITAL (30 ÷ 20 = 1,5) POR CADA PESO DE CAPITAL EXISTE 1,5 PESOS DE DEUDA
Liquidez
80 PESOS DE DINERO DISPONIBLE POR SOBRE DEUDAS DE 40 PESOS = LIQUIDEZ DE DOS VECES EL VALOR DE LA DEUDA (80 ÷ 40 = 2) POR CADA PESO DE DEUDA SE DISPONE DE 2 PESOS PARA PAGO
Versión simplificada: EL INTERÉS DE DOS PESOS SOBRE UNA INVERSIÓN DE CIEN PESOS DA UNA RENTABILIDAD DE DOS POR CIENTO. ES DECIR, POR CADA CIEN PESOS GANAMOS DOS PESOS. LA DEUDA DE TREINTA PESOS SOBRE EL CAPITAL DE VEINTE PESOS RESULTA EN UNA DEUDA DE UNO PUNTO CINCO VECES EL CAPITAL. ES DECIR, POR CADA PESO DE CAPITAL HAY UNO PUNTO CINCO PESOS DE DEUDA. EN OCHENTA PESOS DE DINERO DISPONIBLE SOBRE DEUDAS DE CUARENTA PESOS DA UNA LIQUIDEZ DEL DOBLE DE LA DEUDA. POR CADA PESO ADEUDADO HAY DOS PESOS PARA PAGAR.

Texto: Pero ¿en qué se compite?
Versión simplificada:",4.9777,success,,{},3819,few-shot,nancy,llama3_cfg_2,0.7,0.9,1.1,512,,
exp_prompting_sample36_top4_20260506_041700,74297bff-08e4-4ade-b993-3fe932a199d4,2026-05-06T04:28:25.590281,feina_repr30_test_sample36,,sample36,llama3,meta-llama/Meta-Llama-3-8B-Instruct,ollama,few-shot,R2,"[78, 1805, 3635, 5262]","{'temperature': 0.7, 'top_p': 0.9, 'repetition_penalty': 1.1, 'max_new_tokens': 512}",4006,"Por otra parte, algunas personas sostienen que un impuesto de 10 por ciento impondría el mismo sacrificio a ambas familias.","Por otra parte, algunas personas sostienen que un impuesto de diez por ciento impondría el mismo sacrificio a ambas familias.",Algunos creen que un impuesto del 10% afectaría igualmente a ambos hogares.,"Reescribe en español cada texto con lenguaje más claro y sencillo.
Conserva el significado original y no inventes información.
Guía interna de simplificación: usa palabras comunes; evita tecnicismos innecesarios; reemplaza palabras difíciles por palabras simples; usa oraciones cortas; expresa una idea por oración; prefiere voz activa; divide oraciones largas.

Devuelve solo la versión final simplificada.

Ejemplo 1
Texto: A continuación una tabla donde se demuestra como crecen los ahorros al pasar los años: Edad Inversión Intereses Saldo Inversión Intereses Saldo Laura Ganados Alberto Ganados 22 $800 $80 $880 23 $800 $168 $1.232 Valor al Jubilarse $311.092 Valor al Jubilarse $263.232 Menos las contribuciones iniciales $6.400 Menos las contribuciones iniciales $28.800 Ganancia Neta $304.692 Ganancia Neta $234.
Versión simplificada: A continuación, presentamos una tabla donde se demuestra como crecen los ahorros al pasar los años. Las categorías en que se divide la tabla son edad, inversión, intereses ganados y saldo. La tabla contrasta las ganancias en intereses por año de Laura y Alberto con una proyección de edad de jubilación de sesenta y cinco años y según la cantidad de años que mantuvieron el ahorro.

Ejemplo 2
Texto: El varias veces mencionado Yager, nos dice acertadamente sobre estos aspectos lo siguiente: La mayoría de ustedes están hambrientos de tener libertad financiera, están hastiados de tener batallas financieras porque son como un carrusel.
Versión simplificada: Yager habla acertadamente sobre estos aspectos y dice que la mayoría ambiciona tener libertad financiera y está cansada de tener batallas financieras inútiles.

Ejemplo 3
Texto: De acuerdo con esta medición, la proporción de pobres en la población mundial quienes viven con menos de un dólar por día descendió levemente entre 1987 y 1993, pues pasó del 30% al 29%.
Versión simplificada: Según esta medición, la proporción de personas pobres en la población mundial descendió un poco entre mil novecientos ochenta y siete y mil novecientos noventa y tres. Es decir, el porcentaje de personas que vivían con menos de un dólar por día pasó del treinta al veintinueve por ciento.

Ejemplo 4
Texto: - Rentabilidad
INTERÉS DE 2 PESOS SOBRE UNA INVERSIÓN DE 100 PESOS = RENTABILIDAD DE 2 % ((2 ÷ 100) × 100 = 2%) POR CADA 100 PESOS SE GANAN 2 PESOS
Endeudamiento
DEUDA DE 30 PESOS POR SOBRE EL CAPITAL DE 20 PESOS = ENDEUDAMIENTO DE 1,5 VECES EL CAPITAL (30 ÷ 20 = 1,5) POR CADA PESO DE CAPITAL EXISTE 1,5 PESOS DE DEUDA
Liquidez
80 PESOS DE DINERO DISPONIBLE POR SOBRE DEUDAS DE 40 PESOS = LIQUIDEZ DE DOS VECES EL VALOR DE LA DEUDA (80 ÷ 40 = 2) POR CADA PESO DE DEUDA SE DISPONE DE 2 PESOS PARA PAGO
Versión simplificada: EL INTERÉS DE DOS PESOS SOBRE UNA INVERSIÓN DE CIEN PESOS DA UNA RENTABILIDAD DE DOS POR CIENTO. ES DECIR, POR CADA CIEN PESOS GANAMOS DOS PESOS. LA DEUDA DE TREINTA PESOS SOBRE EL CAPITAL DE VEINTE PESOS RESULTA EN UNA DEUDA DE UNO PUNTO CINCO VECES EL CAPITAL. ES DECIR, POR CADA PESO DE CAPITAL HAY UNO PUNTO CINCO PESOS DE DEUDA. EN OCHENTA PESOS DE DINERO DISPONIBLE SOBRE DEUDAS DE CUARENTA PESOS DA UNA LIQUIDEZ DEL DOBLE DE LA DEUDA. POR CADA PESO ADEUDADO HAY DOS PESOS PARA PAGAR.

Texto: Por otra parte, algunas personas sostienen que un impuesto de 10 por ciento impondría el mismo sacrificio a ambas familias.
Versión simplificada:",4.996,success,,{},4006,few-shot,nancy,llama3_cfg_2,0.7,0.9,1.1,512,,
exp_prompting_sample36_top4_20260506_041700,78be4925-6b6c-486d-b81c-a6b048eebaee,2026-05-06T04:28:30.937410,feina_repr30_test_sample36,,sample36,llama3,meta-llama/Meta-Llama-3-8B-Instruct,ollama,few-shot,R2,"[78, 1805, 3635, 5262]","{'temperature': 0.7, 'top_p': 0.9, 'repetition_penalty': 1.1, 'max_new_tokens': 512}",4276,"Al principio, como ya vimos en el trueque, adoptó la forma de mercancía, pero con el tiempo se transformó en dinero-papel, cuentas corrientes y otras formas.","Al principio, tuvo la forma de mercancía, pero luego se transformó en dinero-papel, cuentas corrientes y otras formas.","La moneda cambió de ser un objeto físico a una representación abstracta, como billetes de papel o depósitos bancarios.","Reescribe en español cada texto con lenguaje más claro y sencillo.
Conserva el significado original y no inventes información.
Guía interna de simplificación: usa palabras comunes; evita tecnicismos innecesarios; reemplaza palabras difíciles por palabras simples; usa oraciones cortas; expresa una idea por oración; prefiere voz activa; divide oraciones largas.

Devuelve solo la versión final simplificada.

Ejemplo 1
Texto: A continuación una tabla donde se demuestra como crecen los ahorros al pasar los años: Edad Inversión Intereses Saldo Inversión Intereses Saldo Laura Ganados Alberto Ganados 22 $800 $80 $880 23 $800 $168 $1.232 Valor al Jubilarse $311.092 Valor al Jubilarse $263.232 Menos las contribuciones iniciales $6.400 Menos las contribuciones iniciales $28.800 Ganancia Neta $304.692 Ganancia Neta $234.
Versión simplificada: A continuación, presentamos una tabla donde se demuestra como crecen los ahorros al pasar los años. Las categorías en que se divide la tabla son edad, inversión, intereses ganados y saldo. La tabla contrasta las ganancias en intereses por año de Laura y Alberto con una proyección de edad de jubilación de sesenta y cinco años y según la cantidad de años que mantuvieron el ahorro.

Ejemplo 2
Texto: El varias veces mencionado Yager, nos dice acertadamente sobre estos aspectos lo siguiente: La mayoría de ustedes están hambrientos de tener libertad financiera, están hastiados de tener batallas financieras porque son como un carrusel.
Versión simplificada: Yager habla acertadamente sobre estos aspectos y dice que la mayoría ambiciona tener libertad financiera y está cansada de tener batallas financieras inútiles.

Ejemplo 3
Texto: De acuerdo con esta medición, la proporción de pobres en la población mundial quienes viven con menos de un dólar por día descendió levemente entre 1987 y 1993, pues pasó del 30% al 29%.
Versión simplificada: Según esta medición, la proporción de personas pobres en la población mundial descendió un poco entre mil novecientos ochenta y siete y mil novecientos noventa y tres. Es decir, el porcentaje de personas que vivían con menos de un dólar por día pasó del treinta al veintinueve por ciento.

Ejemplo 4
Texto: - Rentabilidad
INTERÉS DE 2 PESOS SOBRE UNA INVERSIÓN DE 100 PESOS = RENTABILIDAD DE 2 % ((2 ÷ 100) × 100 = 2%) POR CADA 100 PESOS SE GANAN 2 PESOS
Endeudamiento
DEUDA DE 30 PESOS POR SOBRE EL CAPITAL DE 20 PESOS = ENDEUDAMIENTO DE 1,5 VECES EL CAPITAL (30 ÷ 20 = 1,5) POR CADA PESO DE CAPITAL EXISTE 1,5 PESOS DE DEUDA
Liquidez
80 PESOS DE DINERO DISPONIBLE POR SOBRE DEUDAS DE 40 PESOS = LIQUIDEZ DE DOS VECES EL VALOR DE LA DEUDA (80 ÷ 40 = 2) POR CADA PESO DE DEUDA SE DISPONE DE 2 PESOS PARA PAGO
Versión simplificada: EL INTERÉS DE DOS PESOS SOBRE UNA INVERSIÓN DE CIEN PESOS DA UNA RENTABILIDAD DE DOS POR CIENTO. ES DECIR, POR CADA CIEN PESOS GANAMOS DOS PESOS. LA DEUDA DE TREINTA PESOS SOBRE EL CAPITAL DE VEINTE PESOS RESULTA EN UNA DEUDA DE UNO PUNTO CINCO VECES EL CAPITAL. ES DECIR, POR CADA PESO DE CAPITAL HAY UNO PUNTO CINCO PESOS DE DEUDA. EN OCHENTA PESOS DE DINERO DISPONIBLE SOBRE DEUDAS DE CUARENTA PESOS DA UNA LIQUIDEZ DEL DOBLE DE LA DEUDA. POR CADA PESO ADEUDADO HAY DOS PESOS PARA PAGAR.

Texto: Al principio, como ya vimos en el trueque, adoptó la forma de mercancía, pero con el tiempo se transformó en dinero-papel, cuentas corrientes y otras formas.
Versión simplificada:",4.9645,success,,{},4276,few-shot,nancy,llama3_cfg_2,0.7,0.9,1.1,512,,
exp_prompting_sample36_top4_20260506_041700,58302753-ccd4-4595-8b9f-4d73037734a6,2026-05-06T04:28:36.548520,feina_repr30_test_sample36,,sample36,llama3,meta-llama/Meta-Llama-3-8B-Instruct,ollama,few-shot,R2,"[78, 1805, 3635, 5262]","{'temperature': 0.7, 'top_p': 0.9, 'repetition_penalty': 1.1, 'max_new_tokens': 512}",4284,"¿Son estos sólo sueños, o son metas reales?",¿Estos son sólo sueños o son metas reales?,¿Son estas solo ilusiones o objetivos verdaderos?,"Reescribe en español cada texto con lenguaje más claro y sencillo.
Conserva el significado original y no inventes información.
Guía interna de simplificación: usa palabras comunes; evita tecnicismos innecesarios; reemplaza palabras difíciles por palabras simples; usa oraciones cortas; expresa una idea por oración; prefiere voz activa; divide oraciones largas.

Devuelve solo la versión final simplificada.

Ejemplo 1
Texto: A continuación una tabla donde se demuestra como crecen los ahorros al pasar los años: Edad Inversión Intereses Saldo Inversión Intereses Saldo Laura Ganados Alberto Ganados 22 $800 $80 $880 23 $800 $168 $1.232 Valor al Jubilarse $311.092 Valor al Jubilarse $263.232 Menos las contribuciones iniciales $6.400 Menos las contribuciones iniciales $28.800 Ganancia Neta $304.692 Ganancia Neta $234.
Versión simplificada: A continuación, presentamos una tabla donde se demuestra como crecen los ahorros al pasar los años. Las categorías en que se divide la tabla son edad, inversión, intereses ganados y saldo. La tabla contrasta las ganancias en intereses por año de Laura y Alberto con una proyección de edad de jubilación de sesenta y cinco años y según la cantidad de años que mantuvieron el ahorro.

Ejemplo 2
Texto: El varias veces mencionado Yager, nos dice acertadamente sobre estos aspectos lo siguiente: La mayoría de ustedes están hambrientos de tener libertad financiera, están hastiados de tener batallas financieras porque son como un carrusel.
Versión simplificada: Yager habla acertadamente sobre estos aspectos y dice que la mayoría ambiciona tener libertad financiera y está cansada de tener batallas financieras inútiles.

Ejemplo 3
Texto: De acuerdo con esta medición, la proporción de pobres en la población mundial quienes viven con menos de un dólar por día descendió levemente entre 1987 y 1993, pues pasó del 30% al 29%.
Versión simplificada: Según esta medición, la proporción de personas pobres en la población mundial descendió un poco entre mil novecientos ochenta y siete y mil novecientos noventa y tres. Es decir, el porcentaje de personas que vivían con menos de un dólar por día pasó del treinta al veintinueve por ciento.

Ejemplo 4
Texto: - Rentabilidad
INTERÉS DE 2 PESOS SOBRE UNA INVERSIÓN DE 100 PESOS = RENTABILIDAD DE 2 % ((2 ÷ 100) × 100 = 2%) POR CADA 100 PESOS SE GANAN 2 PESOS
Endeudamiento
DEUDA DE 30 PESOS POR SOBRE EL CAPITAL DE 20 PESOS = ENDEUDAMIENTO DE 1,5 VECES EL CAPITAL (30 ÷ 20 = 1,5) POR CADA PESO DE CAPITAL EXISTE 1,5 PESOS DE DEUDA
Liquidez
80 PESOS DE DINERO DISPONIBLE POR SOBRE DEUDAS DE 40 PESOS = LIQUIDEZ DE DOS VECES EL VALOR DE LA DEUDA (80 ÷ 40 = 2) POR CADA PESO DE DEUDA SE DISPONE DE 2 PESOS PARA PAGO
Versión simplificada: EL INTERÉS DE DOS PESOS SOBRE UNA INVERSIÓN DE CIEN PESOS DA UNA RENTABILIDAD DE DOS POR CIENTO. ES DECIR, POR CADA CIEN PESOS GANAMOS DOS PESOS. LA DEUDA DE TREINTA PESOS SOBRE EL CAPITAL DE VEINTE PESOS RESULTA EN UNA DEUDA DE UNO PUNTO CINCO VECES EL CAPITAL. ES DECIR, POR CADA PESO DE CAPITAL HAY UNO PUNTO CINCO PESOS DE DEUDA. EN OCHENTA PESOS DE DINERO DISPONIBLE SOBRE DEUDAS DE CUARENTA PESOS DA UNA LIQUIDEZ DEL DOBLE DE LA DEUDA. POR CADA PESO ADEUDADO HAY DOS PESOS PARA PAGAR.

Texto: ¿Son estos sólo sueños, o son metas reales?
Versión simplificada:",5.4252,success,,{},4284,few-shot,nancy,llama3_cfg_2,0.7,0.9,1.1,512,,
exp_prompting_sample36_top4_20260506_041700,76ca00fd-0fb4-4015-8d23-984afd1fe6c7,2026-05-06T04:28:42.335876,feina_repr30_test_sample36,,sample36,llama3,meta-llama/Meta-Llama-3-8B-Instruct,ollama,few-shot,R2,"[78, 1805, 3635, 5262]","{'temperature': 0.7, 'top_p': 0.9, 'repetition_penalty': 1.1, 'max_new_tokens': 512}",4638,"En los pueblos donde el principio de la elección se extiende a todo, no hay propiamente hablando carrera pública.",En los pueblos donde el principio de la elección se extiende a todo no existe la carrera pública.,"En lugares donde todos pueden elegir, no hay realmente una carrera política.","Reescribe en español cada texto con lenguaje más claro y sencillo.
Conserva el significado original y no inventes información.
Guía interna de simplificación: usa palabras comunes; evita tecnicismos innecesarios; reemplaza palabras difíciles por palabras simples; usa oraciones cortas; expresa una idea por oración; prefiere voz activa; divide oraciones largas.

Devuelve solo la versión final simplificada.

Ejemplo 1
Texto: A continuación una tabla donde se demuestra como crecen los ahorros al pasar los años: Edad Inversión Intereses Saldo Inversión Intereses Saldo Laura Ganados Alberto Ganados 22 $800 $80 $880 23 $800 $168 $1.232 Valor al Jubilarse $311.092 Valor al Jubilarse $263.232 Menos las contribuciones iniciales $6.400 Menos las contribuciones iniciales $28.800 Ganancia Neta $304.692 Ganancia Neta $234.
Versión simplificada: A continuación, presentamos una tabla donde se demuestra como crecen los ahorros al pasar los años. Las categorías en que se divide la tabla son edad, inversión, intereses ganados y saldo. La tabla contrasta las ganancias en intereses por año de Laura y Alberto con una proyección de edad de jubilación de sesenta y cinco años y según la cantidad de años que mantuvieron el ahorro.

Ejemplo 2
Texto: El varias veces mencionado Yager, nos dice acertadamente sobre estos aspectos lo siguiente: La mayoría de ustedes están hambrientos de tener libertad financiera, están hastiados de tener batallas financieras porque son como un carrusel.
Versión simplificada: Yager habla acertadamente sobre estos aspectos y dice que la mayoría ambiciona tener libertad financiera y está cansada de tener batallas financieras inútiles.

Ejemplo 3
Texto: De acuerdo con esta medición, la proporción de pobres en la población mundial quienes viven con menos de un dólar por día descendió levemente entre 1987 y 1993, pues pasó del 30% al 29%.
Versión simplificada: Según esta medición, la proporción de personas pobres en la población mundial descendió un poco entre mil novecientos ochenta y siete y mil novecientos noventa y tres. Es decir, el porcentaje de personas que vivían con menos de un dólar por día pasó del treinta al veintinueve por ciento.

Ejemplo 4
Texto: - Rentabilidad
INTERÉS DE 2 PESOS SOBRE UNA INVERSIÓN DE 100 PESOS = RENTABILIDAD DE 2 % ((2 ÷ 100) × 100 = 2%) POR CADA 100 PESOS SE GANAN 2 PESOS
Endeudamiento
DEUDA DE 30 PESOS POR SOBRE EL CAPITAL DE 20 PESOS = ENDEUDAMIENTO DE 1,5 VECES EL CAPITAL (30 ÷ 20 = 1,5) POR CADA PESO DE CAPITAL EXISTE 1,5 PESOS DE DEUDA
Liquidez
80 PESOS DE DINERO DISPONIBLE POR SOBRE DEUDAS DE 40 PESOS = LIQUIDEZ DE DOS VECES EL VALOR DE LA DEUDA (80 ÷ 40 = 2) POR CADA PESO DE DEUDA SE DISPONE DE 2 PESOS PARA PAGO
Versión simplificada: EL INTERÉS DE DOS PESOS SOBRE UNA INVERSIÓN DE CIEN PESOS DA UNA RENTABILIDAD DE DOS POR CIENTO. ES DECIR, POR CADA CIEN PESOS GANAMOS DOS PESOS. LA DEUDA DE TREINTA PESOS SOBRE EL CAPITAL DE VEINTE PESOS RESULTA EN UNA DEUDA DE UNO PUNTO CINCO VECES EL CAPITAL. ES DECIR, POR CADA PESO DE CAPITAL HAY UNO PUNTO CINCO PESOS DE DEUDA. EN OCHENTA PESOS DE DINERO DISPONIBLE SOBRE DEUDAS DE CUARENTA PESOS DA UNA LIQUIDEZ DEL DOBLE DE LA DEUDA. POR CADA PESO ADEUDADO HAY DOS PESOS PARA PAGAR.

Texto: En los pueblos donde el principio de la elección se extiende a todo, no hay propiamente hablando carrera pública.
Versión simplificada:",4.7529,success,,{},4638,few-shot,nancy,llama3_cfg_2,0.7,0.9,1.1,512,,
exp_prompting_sample36_top4_20260506_041700,d7985d90-647f-45fc-a5e6-1ac217849ee9,2026-05-06T04:28:47.454709,feina_repr30_test_sample36,,sample36,llama3,meta-llama/Meta-Llama-3-8B-Instruct,ollama,few-shot,R2,"[78, 1805, 3635, 5262]","{'temperature': 0.7, 'top_p': 0.9, 'repetition_penalty': 1.1, 'max_new_tokens': 512}",4751,"Sin entusiasmo, dijo alguien famoso, nunca se ha podido realizar nada grande.",Sin entusiasmo no se logró nada grande.,Nunca se logra hacer algo importante sin entusiasmo.,"Reescribe en español cada texto con lenguaje más claro y sencillo.
Conserva el significado original y no inventes información.
Guía interna de simplificación: usa palabras comunes; evita tecnicismos innecesarios; reemplaza palabras difíciles por palabras simples; usa oraciones cortas; expresa una idea por oración; prefiere voz activa; divide oraciones largas.

Devuelve solo la versión final simplificada.

Ejemplo 1
Texto: A continuación una tabla donde se demuestra como crecen los ahorros al pasar los años: Edad Inversión Intereses Saldo Inversión Intereses Saldo Laura Ganados Alberto Ganados 22 $800 $80 $880 23 $800 $168 $1.232 Valor al Jubilarse $311.092 Valor al Jubilarse $263.232 Menos las contribuciones iniciales $6.400 Menos las contribuciones iniciales $28.800 Ganancia Neta $304.692 Ganancia Neta $234.
Versión simplificada: A continuación, presentamos una tabla donde se demuestra como crecen los ahorros al pasar los años. Las categorías en que se divide la tabla son edad, inversión, intereses ganados y saldo. La tabla contrasta las ganancias en intereses por año de Laura y Alberto con una proyección de edad de jubilación de sesenta y cinco años y según la cantidad de años que mantuvieron el ahorro.

Ejemplo 2
Texto: El varias veces mencionado Yager, nos dice acertadamente sobre estos aspectos lo siguiente: La mayoría de ustedes están hambrientos de tener libertad financiera, están hastiados de tener batallas financieras porque son como un carrusel.
Versión simplificada: Yager habla acertadamente sobre estos aspectos y dice que la mayoría ambiciona tener libertad financiera y está cansada de tener batallas financieras inútiles.

Ejemplo 3
Texto: De acuerdo con esta medición, la proporción de pobres en la población mundial quienes viven con menos de un dólar por día descendió levemente entre 1987 y 1993, pues pasó del 30% al 29%.
Versión simplificada: Según esta medición, la proporción de personas pobres en la población mundial descendió un poco entre mil novecientos ochenta y siete y mil novecientos noventa y tres. Es decir, el porcentaje de personas que vivían con menos de un dólar por día pasó del treinta al veintinueve por ciento.

Ejemplo 4
Texto: - Rentabilidad
INTERÉS DE 2 PESOS SOBRE UNA INVERSIÓN DE 100 PESOS = RENTABILIDAD DE 2 % ((2 ÷ 100) × 100 = 2%) POR CADA 100 PESOS SE GANAN 2 PESOS
Endeudamiento
DEUDA DE 30 PESOS POR SOBRE EL CAPITAL DE 20 PESOS = ENDEUDAMIENTO DE 1,5 VECES EL CAPITAL (30 ÷ 20 = 1,5) POR CADA PESO DE CAPITAL EXISTE 1,5 PESOS DE DEUDA
Liquidez
80 PESOS DE DINERO DISPONIBLE POR SOBRE DEUDAS DE 40 PESOS = LIQUIDEZ DE DOS VECES EL VALOR DE LA DEUDA (80 ÷ 40 = 2) POR CADA PESO DE DEUDA SE DISPONE DE 2 PESOS PARA PAGO
Versión simplificada: EL INTERÉS DE DOS PESOS SOBRE UNA INVERSIÓN DE CIEN PESOS DA UNA RENTABILIDAD DE DOS POR CIENTO. ES DECIR, POR CADA CIEN PESOS GANAMOS DOS PESOS. LA DEUDA DE TREINTA PESOS SOBRE EL CAPITAL DE VEINTE PESOS RESULTA EN UNA DEUDA DE UNO PUNTO CINCO VECES EL CAPITAL. ES DECIR, POR CADA PESO DE CAPITAL HAY UNO PUNTO CINCO PESOS DE DEUDA. EN OCHENTA PESOS DE DINERO DISPONIBLE SOBRE DEUDAS DE CUARENTA PESOS DA UNA LIQUIDEZ DEL DOBLE DE LA DEUDA. POR CADA PESO ADEUDADO HAY DOS PESOS PARA PAGAR.

Texto: Sin entusiasmo, dijo alguien famoso, nunca se ha podido realizar nada grande.
Versión simplificada:",5.6006,success,,{},4751,few-shot,nancy,llama3_cfg_2,0.7,0.9,1.1,512,,
exp_prompting_sample36_top4_20260506_041700,52445913-a99e-4d11-87d5-a013fbd9e566,2026-05-06T04:28:53.438081,feina_repr30_test_sample36,,sample36,llama3,meta-llama/Meta-Llama-3-8B-Instruct,ollama,few-shot,R2,"[78, 1805, 3635, 5262]","{'temperature': 0.7, 'top_p': 0.9, 'repetition_penalty': 1.1, 'max_new_tokens': 512}",5037,"Por tanto, este método calcula interés sobre interés.","Por eso, este método calcula interés sobre interés.",Este método calcula el interés que se gana por encima del interés.,"Reescribe en español cada texto con lenguaje más claro y sencillo.
Conserva el significado original y no inventes información.
Guía interna de simplificación: usa palabras comunes; evita tecnicismos innecesarios; reemplaza palabras difíciles por palabras simples; usa oraciones cortas; expresa una idea por oración; prefiere voz activa; divide oraciones largas.

Devuelve solo la versión final simplificada.

Ejemplo 1
Texto: A continuación una tabla donde se demuestra como crecen los ahorros al pasar los años: Edad Inversión Intereses Saldo Inversión Intereses Saldo Laura Ganados Alberto Ganados 22 $800 $80 $880 23 $800 $168 $1.232 Valor al Jubilarse $311.092 Valor al Jubilarse $263.232 Menos las contribuciones iniciales $6.400 Menos las contribuciones iniciales $28.800 Ganancia Neta $304.692 Ganancia Neta $234.
Versión simplificada: A continuación, presentamos una tabla donde se demuestra como crecen los ahorros al pasar los años. Las categorías en que se divide la tabla son edad, inversión, intereses ganados y saldo. La tabla contrasta las ganancias en intereses por año de Laura y Alberto con una proyección de edad de jubilación de sesenta y cinco años y según la cantidad de años que mantuvieron el ahorro.

Ejemplo 2
Texto: El varias veces mencionado Yager, nos dice acertadamente sobre estos aspectos lo siguiente: La mayoría de ustedes están hambrientos de tener libertad financiera, están hastiados de tener batallas financieras porque son como un carrusel.
Versión simplificada: Yager habla acertadamente sobre estos aspectos y dice que la mayoría ambiciona tener libertad financiera y está cansada de tener batallas financieras inútiles.

Ejemplo 3
Texto: De acuerdo con esta medición, la proporción de pobres en la población mundial quienes viven con menos de un dólar por día descendió levemente entre 1987 y 1993, pues pasó del 30% al 29%.
Versión simplificada: Según esta medición, la proporción de personas pobres en la población mundial descendió un poco entre mil novecientos ochenta y siete y mil novecientos noventa y tres. Es decir, el porcentaje de personas que vivían con menos de un dólar por día pasó del treinta al veintinueve por ciento.

Ejemplo 4
Texto: - Rentabilidad
INTERÉS DE 2 PESOS SOBRE UNA INVERSIÓN DE 100 PESOS = RENTABILIDAD DE 2 % ((2 ÷ 100) × 100 = 2%) POR CADA 100 PESOS SE GANAN 2 PESOS
Endeudamiento
DEUDA DE 30 PESOS POR SOBRE EL CAPITAL DE 20 PESOS = ENDEUDAMIENTO DE 1,5 VECES EL CAPITAL (30 ÷ 20 = 1,5) POR CADA PESO DE CAPITAL EXISTE 1,5 PESOS DE DEUDA
Liquidez
80 PESOS DE DINERO DISPONIBLE POR SOBRE DEUDAS DE 40 PESOS = LIQUIDEZ DE DOS VECES EL VALOR DE LA DEUDA (80 ÷ 40 = 2) POR CADA PESO DE DEUDA SE DISPONE DE 2 PESOS PARA PAGO
Versión simplificada: EL INTERÉS DE DOS PESOS SOBRE UNA INVERSIÓN DE CIEN PESOS DA UNA RENTABILIDAD DE DOS POR CIENTO. ES DECIR, POR CADA CIEN PESOS GANAMOS DOS PESOS. LA DEUDA DE TREINTA PESOS SOBRE EL CAPITAL DE VEINTE PESOS RESULTA EN UNA DEUDA DE UNO PUNTO CINCO VECES EL CAPITAL. ES DECIR, POR CADA PESO DE CAPITAL HAY UNO PUNTO CINCO PESOS DE DEUDA. EN OCHENTA PESOS DE DINERO DISPONIBLE SOBRE DEUDAS DE CUARENTA PESOS DA UNA LIQUIDEZ DEL DOBLE DE LA DEUDA. POR CADA PESO ADEUDADO HAY DOS PESOS PARA PAGAR.

Texto: Por tanto, este método calcula interés sobre interés.
Versión simplificada:",4.9356,success,,{},5037,few-shot,nancy,llama3_cfg_2,0.7,0.9,1.1,512,,
exp_prompting_sample36_top4_20260506_041700,e519fecf-119a-4e41-a30f-767965f02f93,2026-05-06T04:28:58.736466,feina_repr30_test_sample36,,sample36,llama3,meta-llama/Meta-Llama-3-8B-Instruct,ollama,few-shot,R2,"[78, 1805, 3635, 5262]","{'temperature': 0.7, 'top_p': 0.9, 'repetition_penalty': 1.1, 'max_new_tokens': 512}",5112,"El resultado es aproximado a $300,000 en seis años.",El resultado es aproximadamente trescientos mil dólares en seis años.,El resultado es de aproximadamente 300 mil dólares después de seis años.,"Reescribe en español cada texto con lenguaje más claro y sencillo.
Conserva el significado original y no inventes información.
Guía interna de simplificación: usa palabras comunes; evita tecnicismos innecesarios; reemplaza palabras difíciles por palabras simples; usa oraciones cortas; expresa una idea por oración; prefiere voz activa; divide oraciones largas.

Devuelve solo la versión final simplificada.

Ejemplo 1
Texto: A continuación una tabla donde se demuestra como crecen los ahorros al pasar los años: Edad Inversión Intereses Saldo Inversión Intereses Saldo Laura Ganados Alberto Ganados 22 $800 $80 $880 23 $800 $168 $1.232 Valor al Jubilarse $311.092 Valor al Jubilarse $263.232 Menos las contribuciones iniciales $6.400 Menos las contribuciones iniciales $28.800 Ganancia Neta $304.692 Ganancia Neta $234.
Versión simplificada: A continuación, presentamos una tabla donde se demuestra como crecen los ahorros al pasar los años. Las categorías en que se divide la tabla son edad, inversión, intereses ganados y saldo. La tabla contrasta las ganancias en intereses por año de Laura y Alberto con una proyección de edad de jubilación de sesenta y cinco años y según la cantidad de años que mantuvieron el ahorro.

Ejemplo 2
Texto: El varias veces mencionado Yager, nos dice acertadamente sobre estos aspectos lo siguiente: La mayoría de ustedes están hambrientos de tener libertad financiera, están hastiados de tener batallas financieras porque son como un carrusel.
Versión simplificada: Yager habla acertadamente sobre estos aspectos y dice que la mayoría ambiciona tener libertad financiera y está cansada de tener batallas financieras inútiles.

Ejemplo 3
Texto: De acuerdo con esta medición, la proporción de pobres en la población mundial quienes viven con menos de un dólar por día descendió levemente entre 1987 y 1993, pues pasó del 30% al 29%.
Versión simplificada: Según esta medición, la proporción de personas pobres en la población mundial descendió un poco entre mil novecientos ochenta y siete y mil novecientos noventa y tres. Es decir, el porcentaje de personas que vivían con menos de un dólar por día pasó del treinta al veintinueve por ciento.

Ejemplo 4
Texto: - Rentabilidad
INTERÉS DE 2 PESOS SOBRE UNA INVERSIÓN DE 100 PESOS = RENTABILIDAD DE 2 % ((2 ÷ 100) × 100 = 2%) POR CADA 100 PESOS SE GANAN 2 PESOS
Endeudamiento
DEUDA DE 30 PESOS POR SOBRE EL CAPITAL DE 20 PESOS = ENDEUDAMIENTO DE 1,5 VECES EL CAPITAL (30 ÷ 20 = 1,5) POR CADA PESO DE CAPITAL EXISTE 1,5 PESOS DE DEUDA
Liquidez
80 PESOS DE DINERO DISPONIBLE POR SOBRE DEUDAS DE 40 PESOS = LIQUIDEZ DE DOS VECES EL VALOR DE LA DEUDA (80 ÷ 40 = 2) POR CADA PESO DE DEUDA SE DISPONE DE 2 PESOS PARA PAGO
Versión simplificada: EL INTERÉS DE DOS PESOS SOBRE UNA INVERSIÓN DE CIEN PESOS DA UNA RENTABILIDAD DE DOS POR CIENTO. ES DECIR, POR CADA CIEN PESOS GANAMOS DOS PESOS. LA DEUDA DE TREINTA PESOS SOBRE EL CAPITAL DE VEINTE PESOS RESULTA EN UNA DEUDA DE UNO PUNTO CINCO VECES EL CAPITAL. ES DECIR, POR CADA PESO DE CAPITAL HAY UNO PUNTO CINCO PESOS DE DEUDA. EN OCHENTA PESOS DE DINERO DISPONIBLE SOBRE DEUDAS DE CUARENTA PESOS DA UNA LIQUIDEZ DEL DOBLE DE LA DEUDA. POR CADA PESO ADEUDADO HAY DOS PESOS PARA PAGAR.

Texto: El resultado es aproximado a $300,000 en seis años.
Versión simplificada:",4.9837,success,,{},5112,few-shot,nancy,llama3_cfg_2,0.7,0.9,1.1,512,,
exp_prompting_sample36_top4_20260506_041700,70154514-a47b-4171-aa7a-b5e0d5b6f133,2026-05-06T04:29:04.334461,feina_repr30_test_sample36,,sample36,llama3,meta-llama/Meta-Llama-3-8B-Instruct,ollama,few-shot,R2,"[78, 1805, 3635, 5262]","{'temperature': 0.7, 'top_p': 0.9, 'repetition_penalty': 1.1, 'max_new_tokens': 512}",5187,Documente todos sus gastos e ingresos o compárelos con lo que usted planificó que iba a gastar en el mes.,Documente todos sus gastos e ingresos y compárelos con lo que usted planificó que iba a gastar en el mes.,Registra todos tus gastos y ingresos para compararlos con tu presupuesto mensual.,"Reescribe en español cada texto con lenguaje más claro y sencillo.
Conserva el significado original y no inventes información.
Guía interna de simplificación: usa palabras comunes; evita tecnicismos innecesarios; reemplaza palabras difíciles por palabras simples; usa oraciones cortas; expresa una idea por oración; prefiere voz activa; divide oraciones largas.

Devuelve solo la versión final simplificada.

Ejemplo 1
Texto: A continuación una tabla donde se demuestra como crecen los ahorros al pasar los años: Edad Inversión Intereses Saldo Inversión Intereses Saldo Laura Ganados Alberto Ganados 22 $800 $80 $880 23 $800 $168 $1.232 Valor al Jubilarse $311.092 Valor al Jubilarse $263.232 Menos las contribuciones iniciales $6.400 Menos las contribuciones iniciales $28.800 Ganancia Neta $304.692 Ganancia Neta $234.
Versión simplificada: A continuación, presentamos una tabla donde se demuestra como crecen los ahorros al pasar los años. Las categorías en que se divide la tabla son edad, inversión, intereses ganados y saldo. La tabla contrasta las ganancias en intereses por año de Laura y Alberto con una proyección de edad de jubilación de sesenta y cinco años y según la cantidad de años que mantuvieron el ahorro.

Ejemplo 2
Texto: El varias veces mencionado Yager, nos dice acertadamente sobre estos aspectos lo siguiente: La mayoría de ustedes están hambrientos de tener libertad financiera, están hastiados de tener batallas financieras porque son como un carrusel.
Versión simplificada: Yager habla acertadamente sobre estos aspectos y dice que la mayoría ambiciona tener libertad financiera y está cansada de tener batallas financieras inútiles.

Ejemplo 3
Texto: De acuerdo con esta medición, la proporción de pobres en la población mundial quienes viven con menos de un dólar por día descendió levemente entre 1987 y 1993, pues pasó del 30% al 29%.
Versión simplificada: Según esta medición, la proporción de personas pobres en la población mundial descendió un poco entre mil novecientos ochenta y siete y mil novecientos noventa y tres. Es decir, el porcentaje de personas que vivían con menos de un dólar por día pasó del treinta al veintinueve por ciento.

Ejemplo 4
Texto: - Rentabilidad
INTERÉS DE 2 PESOS SOBRE UNA INVERSIÓN DE 100 PESOS = RENTABILIDAD DE 2 % ((2 ÷ 100) × 100 = 2%) POR CADA 100 PESOS SE GANAN 2 PESOS
Endeudamiento
DEUDA DE 30 PESOS POR SOBRE EL CAPITAL DE 20 PESOS = ENDEUDAMIENTO DE 1,5 VECES EL CAPITAL (30 ÷ 20 = 1,5) POR CADA PESO DE CAPITAL EXISTE 1,5 PESOS DE DEUDA
Liquidez
80 PESOS DE DINERO DISPONIBLE POR SOBRE DEUDAS DE 40 PESOS = LIQUIDEZ DE DOS VECES EL VALOR DE LA DEUDA (80 ÷ 40 = 2) POR CADA PESO DE DEUDA SE DISPONE DE 2 PESOS PARA PAGO
Versión simplificada: EL INTERÉS DE DOS PESOS SOBRE UNA INVERSIÓN DE CIEN PESOS DA UNA RENTABILIDAD DE DOS POR CIENTO. ES DECIR, POR CADA CIEN PESOS GANAMOS DOS PESOS. LA DEUDA DE TREINTA PESOS SOBRE EL CAPITAL DE VEINTE PESOS RESULTA EN UNA DEUDA DE UNO PUNTO CINCO VECES EL CAPITAL. ES DECIR, POR CADA PESO DE CAPITAL HAY UNO PUNTO CINCO PESOS DE DEUDA. EN OCHENTA PESOS DE DINERO DISPONIBLE SOBRE DEUDAS DE CUARENTA PESOS DA UNA LIQUIDEZ DEL DOBLE DE LA DEUDA. POR CADA PESO ADEUDADO HAY DOS PESOS PARA PAGAR.

Texto: Documente todos sus gastos e ingresos o compárelos con lo que usted planificó que iba a gastar en el mes.
Versión simplificada:",4.9254,success,,{},5187,few-shot,nancy,llama3_cfg_2,0.7,0.9,1.1,512,,
exp_prompting_sample36_top4_20260506_041700,271e0fad-f710-43fb-a3f1-f4a686b0a5ff,2026-05-06T04:29:09.612912,feina_repr30_test_sample36,,sample36,mistral,mistralai/Mistral-7B-Instruct-v0.2,ollama,zero-shot,R4,[],"{'temperature': 0.3, 'top_p': 0.9, 'repetition_penalty': 1.15, 'max_new_tokens': 400, 'do_sample': True, 'no_repeat_ngram_size': 4}",550,"No tiene incentivos ni motivación, dos elementos esenciales en ambientes de competencia.",No tiene sentido ni motivación. Estos elementos son esenciales para la competencia.,"No tiene incentivos ni motivation, que son importantes en entornos competitivos.

(Translation: He has no incentives nor motivation, which are essential in competitive environments.)

Simplified version:
He lacks incentives and motivation, key elements in competitive situations.","Reescribe en español el siguiente texto con lenguaje más claro y sencillo.
Conserva el significado original y no inventes información.
Guía interna de simplificación: usa palabras comunes; evita tecnicismos innecesarios; reemplaza palabras difíciles por palabras simples; usa oraciones cortas; expresa una idea por oración; prefiere voz activa; divide oraciones largas; mantén la idea principal; elimina detalles secundarios si estorban; evita ambigüedades; explica conceptos abstractos de forma simple; mantén coherencia temporal; aclara números si aparecen; ordena de lo más importante a lo menos importante; usa tono directo y claro.

Devuelve solo la versión final simplificada.

Texto:
No tiene incentivos ni motivación, dos elementos esenciales en ambientes de competencia.

Versión simplificada:",21.0893,success,,{},550,zero-shot,nancy,nancy_mistral_cfg_2,0.3,0.9,1.15,400,True,4.0
exp_prompting_sample36_top4_20260506_041700,1fcd370c-76db-4885-aebd-ded929e2a7b2,2026-05-06T04:29:31.032985,feina_repr30_test_sample36,,sample36,mistral,mistralai/Mistral-7B-Instruct-v0.2,ollama,zero-shot,R4,[],"{'temperature': 0.3, 'top_p': 0.9, 'repetition_penalty': 1.15, 'max_new_tokens': 400, 'do_sample': True, 'no_repeat_ngram_size': 4}",571,"En los procesos de importaciones y exportaciones intervienen, además de clientes y proveedores, instituciones del Estado y los bancos, tal como se indica en el siguiente recuadro:",Clientes y proveedores intervienen en las importancias y exportaciones. También lo hacen las instituciones estatales y los banco como se indica a continuación:,"During imports and exports, besides clients and suppliers, there are also government institutions and banks involved. (Simple version: In importing and exporting, it's not just clients and providers; the government and banks are involved as well.)","Reescribe en español el siguiente texto con lenguaje más claro y sencillo.
Conserva el significado original y no inventes información.
Guía interna de simplificación: usa palabras comunes; evita tecnicismos innecesarios; reemplaza palabras difíciles por palabras simples; usa oraciones cortas; expresa una idea por oración; prefiere voz activa; divide oraciones largas; mantén la idea principal; elimina detalles secundarios si estorban; evita ambigüedades; explica conceptos abstractos de forma simple; mantén coherencia temporal; aclara números si aparecen; ordena de lo más importante a lo menos importante; usa tono directo y claro.

Devuelve solo la versión final simplificada.

Texto:
En los procesos de importaciones y exportaciones intervienen, además de clientes y proveedores, instituciones del Estado y los bancos, tal como se indica en el siguiente recuadro:

Versión simplificada:",3.8313,success,,{},571,zero-shot,nancy,nancy_mistral_cfg_2,0.3,0.9,1.15,400,True,4.0
exp_prompting_sample36_top4_20260506_041700,2d6a3eb9-494d-47ad-ba26-3ecb7aa04df8,2026-05-06T04:29:35.215492,feina_repr30_test_sample36,,sample36,mistral,mistralai/Mistral-7B-Instruct-v0.2,ollama,zero-shot,R4,[],"{'temperature': 0.3, 'top_p': 0.9, 'repetition_penalty': 1.15, 'max_new_tokens': 400, 'do_sample': True, 'no_repeat_ngram_size': 4}",885,"El robo de identidad ocurre cuando su información personal, tal como su nombre, número de cuenta, o número de cédula de identidad se usan sin su conocimiento para cometer un fraude o robo.","El robo de identidad ocurre cuando su información personal como su nombre, número de cuenta, o número de cédula de identidad se usan sin su conocimiento para cometer un fraude o robo.","Robo de identidad suele ocurrir cuando alguien utiliza tu información personal, como nombre, números de cuenta o número de cédula, sin tu consentimiento, para cometer fraudes o hurto.","Reescribe en español el siguiente texto con lenguaje más claro y sencillo.
Conserva el significado original y no inventes información.
Guía interna de simplificación: usa palabras comunes; evita tecnicismos innecesarios; reemplaza palabras difíciles por palabras simples; usa oraciones cortas; expresa una idea por oración; prefiere voz activa; divide oraciones largas; mantén la idea principal; elimina detalles secundarios si estorban; evita ambigüedades; explica conceptos abstractos de forma simple; mantén coherencia temporal; aclara números si aparecen; ordena de lo más importante a lo menos importante; usa tono directo y claro.

Devuelve solo la versión final simplificada.

Texto:
El robo de identidad ocurre cuando su información personal, tal como su nombre, número de cuenta, o número de cédula de identidad se usan sin su conocimiento para cometer un fraude o robo.

Versión simplificada:",3.9606,success,,{},885,zero-shot,nancy,nancy_mistral_cfg_2,0.3,0.9,1.15,400,True,4.0
exp_prompting_sample36_top4_20260506_041700,95b4f60c-3641-45f1-bc1a-30d2f3285cae,2026-05-06T04:29:39.561054,feina_repr30_test_sample36,,sample36,mistral,mistralai/Mistral-7B-Instruct-v0.2,ollama,zero-shot,R4,[],"{'temperature': 0.3, 'top_p': 0.9, 'repetition_penalty': 1.15, 'max_new_tokens': 400, 'do_sample': True, 'no_repeat_ngram_size': 4}",1193,"Los sueños de los niños tienen una gran variedad que va desde Tarzán hasta el Agente 007, pasando por Superman.",Los sueños de los niños son variados y van desde Tarzán hasta el Agente 007 y Superman.,"Niños soñan con muchas cosas, desde Tarzán hasta Agent 007, incluyendo a Superman.","Reescribe en español el siguiente texto con lenguaje más claro y sencillo.
Conserva el significado original y no inventes información.
Guía interna de simplificación: usa palabras comunes; evita tecnicismos innecesarios; reemplaza palabras difíciles por palabras simples; usa oraciones cortas; expresa una idea por oración; prefiere voz activa; divide oraciones largas; mantén la idea principal; elimina detalles secundarios si estorban; evita ambigüedades; explica conceptos abstractos de forma simple; mantén coherencia temporal; aclara números si aparecen; ordena de lo más importante a lo menos importante; usa tono directo y claro.

Devuelve solo la versión final simplificada.

Texto:
Los sueños de los niños tienen una gran variedad que va desde Tarzán hasta el Agente 007, pasando por Superman.

Versión simplificada:",4.0489,success,,{},1193,zero-shot,nancy,nancy_mistral_cfg_2,0.3,0.9,1.15,400,True,4.0
exp_prompting_sample36_top4_20260506_041700,b1187c3e-75a7-4411-8492-397972170add,2026-05-06T04:29:43.961510,feina_repr30_test_sample36,,sample36,mistral,mistralai/Mistral-7B-Instruct-v0.2,ollama,zero-shot,R4,[],"{'temperature': 0.3, 'top_p': 0.9, 'repetition_penalty': 1.15, 'max_new_tokens': 400, 'do_sample': True, 'no_repeat_ngram_size': 4}",1391,Expresiones como soborno y cohecho se refieren a ilícitos vinculados a la compra de la voluntad de un individuo para provecho personal.,Expresiones como soborno y cohecho se refieren a delitos vinculados a comprar la voluntad de alguien para provecho personal.,"Expresiones ""soborno"" y ""cohecho"" se referen a actos ilegales relacionados con la compra de alguien su voluntad para beneficio propio.

(Expressions ""bribe"" and ""extortion"" refer to illegal acts related to buying someone's will for personal gain.)","Reescribe en español el siguiente texto con lenguaje más claro y sencillo.
Conserva el significado original y no inventes información.
Guía interna de simplificación: usa palabras comunes; evita tecnicismos innecesarios; reemplaza palabras difíciles por palabras simples; usa oraciones cortas; expresa una idea por oración; prefiere voz activa; divide oraciones largas; mantén la idea principal; elimina detalles secundarios si estorban; evita ambigüedades; explica conceptos abstractos de forma simple; mantén coherencia temporal; aclara números si aparecen; ordena de lo más importante a lo menos importante; usa tono directo y claro.

Devuelve solo la versión final simplificada.

Texto:
Expresiones como soborno y cohecho se refieren a ilícitos vinculados a la compra de la voluntad de un individuo para provecho personal.

Versión simplificada:",4.4033,success,,{},1391,zero-shot,nancy,nancy_mistral_cfg_2,0.3,0.9,1.15,400,True,4.0
exp_prompting_sample36_top4_20260506_041700,6ad13e6f-90ca-4fe8-9bbd-24789d37025d,2026-05-06T04:29:48.705391,feina_repr30_test_sample36,,sample36,mistral,mistralai/Mistral-7B-Instruct-v0.2,ollama,zero-shot,R4,[],"{'temperature': 0.3, 'top_p': 0.9, 'repetition_penalty': 1.15, 'max_new_tokens': 400, 'do_sample': True, 'no_repeat_ngram_size': 4}",1399,"DIRECCIÓN DE PRESUPUESTO (DIPRES): ""formula y lleva el control presupuestario de la nación.""",DIRECCIÓN DE PRESUPUESTO: formula y lleva el control presupuestario de la nación.,DIPRES es quien diseña y administra el presupuesto nacional.,"Reescribe en español el siguiente texto con lenguaje más claro y sencillo.
Conserva el significado original y no inventes información.
Guía interna de simplificación: usa palabras comunes; evita tecnicismos innecesarios; reemplaza palabras difíciles por palabras simples; usa oraciones cortas; expresa una idea por oración; prefiere voz activa; divide oraciones largas; mantén la idea principal; elimina detalles secundarios si estorban; evita ambigüedades; explica conceptos abstractos de forma simple; mantén coherencia temporal; aclara números si aparecen; ordena de lo más importante a lo menos importante; usa tono directo y claro.

Devuelve solo la versión final simplificada.

Texto:
DIRECCIÓN DE PRESUPUESTO (DIPRES): ""formula y lleva el control presupuestario de la nación.""

Versión simplificada:",2.969,success,,{},1399,zero-shot,nancy,nancy_mistral_cfg_2,0.3,0.9,1.15,400,True,4.0
exp_prompting_sample36_top4_20260506_041700,5dd99b41-2512-44df-b8c7-ae22ed1f4fbf,2026-05-06T04:29:52.011357,feina_repr30_test_sample36,,sample36,mistral,mistralai/Mistral-7B-Instruct-v0.2,ollama,zero-shot,R4,[],"{'temperature': 0.3, 'top_p': 0.9, 'repetition_penalty': 1.15, 'max_new_tokens': 400, 'do_sample': True, 'no_repeat_ngram_size': 4}",1636,"Interés compuesto: Es la suma del capital y el interés acumulado, que se va multiplicando según los plazos convenidos. La tasa de interés es el porcentaje que se aplica a un préstamo o inversión realizada.",El interés compuesto es la suma del capital y el interés acumulado. La tasa de interés es el porcentaje aplicado a un préstamo o inversión realizada.,"Interés compuesto: Es la suma de capital y intereses acumulados, que aumentan según los plazos acordados. La tasa de interés es el porcentaje aplicado a un préstamo o inversión.

Translation: Compound interest: It is the sum of principal and accumulated interest that grows according to agreed-upon terms. The rate of interest is the percentage applied to a loan or investment.","Reescribe en español el siguiente texto con lenguaje más claro y sencillo.
Conserva el significado original y no inventes información.
Guía interna de simplificación: usa palabras comunes; evita tecnicismos innecesarios; reemplaza palabras difíciles por palabras simples; usa oraciones cortas; expresa una idea por oración; prefiere voz activa; divide oraciones largas; mantén la idea principal; elimina detalles secundarios si estorban; evita ambigüedades; explica conceptos abstractos de forma simple; mantén coherencia temporal; aclara números si aparecen; ordena de lo más importante a lo menos importante; usa tono directo y claro.

Devuelve solo la versión final simplificada.

Texto:
Interés compuesto: Es la suma del capital y el interés acumulado, que se va multiplicando según los plazos convenidos. La tasa de interés es el porcentaje que se aplica a un préstamo o inversión realizada.

Versión simplificada:",5.2134,success,,{},1636,zero-shot,nancy,nancy_mistral_cfg_2,0.3,0.9,1.15,400,True,4.0
exp_prompting_sample36_top4_20260506_041700,cd86e505-de92-4111-a64e-9b65be100164,2026-05-06T04:29:57.568817,feina_repr30_test_sample36,,sample36,mistral,mistralai/Mistral-7B-Instruct-v0.2,ollama,zero-shot,R4,[],"{'temperature': 0.3, 'top_p': 0.9, 'repetition_penalty': 1.15, 'max_new_tokens': 400, 'do_sample': True, 'no_repeat_ngram_size': 4}",1740,La producción en un país se realiza mediante lo que se conoce como factores de producción y de los cuales nos ocuparemos en detalle más adelante.,A través de los factores de producción se realiza la producción en un país. Más adelante nos ocuparemos en detalle de estos factores.,"Produccion de un pais se hace usando factores de produccion, sobre estos hablaremos mas tarde en detalle.

(Production in a country is done using production factors, which we will discuss in detail later.)","Reescribe en español el siguiente texto con lenguaje más claro y sencillo.
Conserva el significado original y no inventes información.
Guía interna de simplificación: usa palabras comunes; evita tecnicismos innecesarios; reemplaza palabras difíciles por palabras simples; usa oraciones cortas; expresa una idea por oración; prefiere voz activa; divide oraciones largas; mantén la idea principal; elimina detalles secundarios si estorban; evita ambigüedades; explica conceptos abstractos de forma simple; mantén coherencia temporal; aclara números si aparecen; ordena de lo más importante a lo menos importante; usa tono directo y claro.

Devuelve solo la versión final simplificada.

Texto:
La producción en un país se realiza mediante lo que se conoce como factores de producción y de los cuales nos ocuparemos en detalle más adelante.

Versión simplificada:",3.8174,success,,{},1740,zero-shot,nancy,nancy_mistral_cfg_2,0.3,0.9,1.15,400,True,4.0
exp_prompting_sample36_top4_20260506_041700,54b2ef19-7e9c-4bee-a733-2f34ccb5a409,2026-05-06T04:30:01.723603,feina_repr30_test_sample36,,sample36,mistral,mistralai/Mistral-7B-Instruct-v0.2,ollama,zero-shot,R4,[],"{'temperature': 0.3, 'top_p': 0.9, 'repetition_penalty': 1.15, 'max_new_tokens': 400, 'do_sample': True, 'no_repeat_ngram_size': 4}",1742,"A pesar de que algunos critican al intermediario, se necesita a este individuo en la economía.","Aunque algunas personas critican al intermediario, este individuo es necesario en la economía.","Algunas personas criticaban al intermediario, pero era necesario para la economía.

Simplified version: Some people criticized the intermediary, but he was necessary for the economy.","Reescribe en español el siguiente texto con lenguaje más claro y sencillo.
Conserva el significado original y no inventes información.
Guía interna de simplificación: usa palabras comunes; evita tecnicismos innecesarios; reemplaza palabras difíciles por palabras simples; usa oraciones cortas; expresa una idea por oración; prefiere voz activa; divide oraciones largas; mantén la idea principal; elimina detalles secundarios si estorban; evita ambigüedades; explica conceptos abstractos de forma simple; mantén coherencia temporal; aclara números si aparecen; ordena de lo más importante a lo menos importante; usa tono directo y claro.

Devuelve solo la versión final simplificada.

Texto:
A pesar de que algunos critican al intermediario, se necesita a este individuo en la economía.

Versión simplificada:",3.5631,success,,{},1742,zero-shot,nancy,nancy_mistral_cfg_2,0.3,0.9,1.15,400,True,4.0
exp_prompting_sample36_top4_20260506_041700,65dccb5f-55f2-4ce5-bae3-0b63f256b2ad,2026-05-06T04:30:05.797236,feina_repr30_test_sample36,,sample36,mistral,mistralai/Mistral-7B-Instruct-v0.2,ollama,zero-shot,R4,[],"{'temperature': 0.3, 'top_p': 0.9, 'repetition_penalty': 1.15, 'max_new_tokens': 400, 'do_sample': True, 'no_repeat_ngram_size': 4}",1790,El impuesto a los réditos es también un buen instrumento para conocer el monto de las rentas y de la riqueza nacional.,El impuesto a las utilidades también es un buen método para conocer el monto de las rentas y de la riqueza nacional.,El impuesto sobre el ingreso es útil para saber cuánto gana la nación.,"Reescribe en español el siguiente texto con lenguaje más claro y sencillo.
Conserva el significado original y no inventes información.
Guía interna de simplificación: usa palabras comunes; evita tecnicismos innecesarios; reemplaza palabras difíciles por palabras simples; usa oraciones cortas; expresa una idea por oración; prefiere voz activa; divide oraciones largas; mantén la idea principal; elimina detalles secundarios si estorban; evita ambigüedades; explica conceptos abstractos de forma simple; mantén coherencia temporal; aclara números si aparecen; ordena de lo más importante a lo menos importante; usa tono directo y claro.

Devuelve solo la versión final simplificada.

Texto:
El impuesto a los réditos es también un buen instrumento para conocer el monto de las rentas y de la riqueza nacional.

Versión simplificada:",3.6309,success,,{},1790,zero-shot,nancy,nancy_mistral_cfg_2,0.3,0.9,1.15,400,True,4.0
exp_prompting_sample36_top4_20260506_041700,a7a588eb-af09-4551-a77e-e7b8c5a0b9a2,2026-05-06T04:30:09.759722,feina_repr30_test_sample36,,sample36,mistral,mistralai/Mistral-7B-Instruct-v0.2,ollama,zero-shot,R4,[],"{'temperature': 0.3, 'top_p': 0.9, 'repetition_penalty': 1.15, 'max_new_tokens': 400, 'do_sample': True, 'no_repeat_ngram_size': 4}",1920,"También es de mucha ayuda separar las metas en tres períodos de tiempo para los propósitos de planeamiento, y aun cuando esto ya se trató en el capítulo anterior, se reitera tan importante aspecto, centrados en el tema del presente y con la intención de reforzar el manejo del mismo:","También ayuda separar las metas en tres períodos de tiempo para cumplir con los propósitos planteados. Aunque este aspecto ya se trató en el capítulo anterior, reiteramos su importancia:","It's helpful to divide goals into three time periods for planning purposes. Although this was discussed in the previous chapter, it's important to emphasize again: focus on the present and manage it effectively.

(","Reescribe en español el siguiente texto con lenguaje más claro y sencillo.
Conserva el significado original y no inventes información.
Guía interna de simplificación: usa palabras comunes; evita tecnicismos innecesarios; reemplaza palabras difíciles por palabras simples; usa oraciones cortas; expresa una idea por oración; prefiere voz activa; divide oraciones largas; mantén la idea principal; elimina detalles secundarios si estorban; evita ambigüedades; explica conceptos abstractos de forma simple; mantén coherencia temporal; aclara números si aparecen; ordena de lo más importante a lo menos importante; usa tono directo y claro.

Devuelve solo la versión final simplificada.

Texto:
También es de mucha ayuda separar las metas en tres períodos de tiempo para los propósitos de planeamiento, y aun cuando esto ya se trató en el capítulo anterior, se reitera tan importante aspecto, centrados en el tema del presente y con la intención de reforzar el manejo del mismo:

Versión simplificada:",4.3006,success,,{},1920,zero-shot,nancy,nancy_mistral_cfg_2,0.3,0.9,1.15,400,True,4.0
exp_prompting_sample36_top4_20260506_041700,a37cc92a-8e87-4af4-ad5c-07ee693109ed,2026-05-06T04:30:14.403522,feina_repr30_test_sample36,,sample36,mistral,mistralai/Mistral-7B-Instruct-v0.2,ollama,zero-shot,R4,[],"{'temperature': 0.3, 'top_p': 0.9, 'repetition_penalty': 1.15, 'max_new_tokens': 400, 'do_sample': True, 'no_repeat_ngram_size': 4}",2027,Seguridad financiera: Consiste en cumplir con las necesidades que se presentan en el futuro de las personas y al mismo tiempo cumplir con las obligaciones diarias.,"Seguridad financiera, consiste en cumplir con las necesidades económicas que se presentan en el futuro de las personas y también cumplir con las obligaciones financieras diarias.","Seguridad financeira: Consista en satisfacer las necesidades futuras personas y cumplir con los deberes diarios.

Version simplified: Financial security means providing for future needs while meeting daily obligations.","Reescribe en español el siguiente texto con lenguaje más claro y sencillo.
Conserva el significado original y no inventes información.
Guía interna de simplificación: usa palabras comunes; evita tecnicismos innecesarios; reemplaza palabras difíciles por palabras simples; usa oraciones cortas; expresa una idea por oración; prefiere voz activa; divide oraciones largas; mantén la idea principal; elimina detalles secundarios si estorban; evita ambigüedades; explica conceptos abstractos de forma simple; mantén coherencia temporal; aclara números si aparecen; ordena de lo más importante a lo menos importante; usa tono directo y claro.

Devuelve solo la versión final simplificada.

Texto:
Seguridad financiera: Consiste en cumplir con las necesidades que se presentan en el futuro de las personas y al mismo tiempo cumplir con las obligaciones diarias.

Versión simplificada:",3.6699,success,,{},2027,zero-shot,nancy,nancy_mistral_cfg_2,0.3,0.9,1.15,400,True,4.0
exp_prompting_sample36_top4_20260506_041700,6b0ff945-7d01-4fdd-9d36-8db22775a226,2026-05-06T04:30:18.424849,feina_repr30_test_sample36,,sample36,mistral,mistralai/Mistral-7B-Instruct-v0.2,ollama,zero-shot,R4,[],"{'temperature': 0.3, 'top_p': 0.9, 'repetition_penalty': 1.15, 'max_new_tokens': 400, 'do_sample': True, 'no_repeat_ngram_size': 4}",2065,"La última, pero no menos importante razón, puede ser encontrar un fascinante campo de acción intelectual para comprender el mundo real.",La última es encontrar un campo de acción intelectual para comprender el mundo real.,Última razón importante: encontrar interesante campo mental para entender el mundo real.,"Reescribe en español el siguiente texto con lenguaje más claro y sencillo.
Conserva el significado original y no inventes información.
Guía interna de simplificación: usa palabras comunes; evita tecnicismos innecesarios; reemplaza palabras difíciles por palabras simples; usa oraciones cortas; expresa una idea por oración; prefiere voz activa; divide oraciones largas; mantén la idea principal; elimina detalles secundarios si estorban; evita ambigüedades; explica conceptos abstractos de forma simple; mantén coherencia temporal; aclara números si aparecen; ordena de lo más importante a lo menos importante; usa tono directo y claro.

Devuelve solo la versión final simplificada.

Texto:
La última, pero no menos importante razón, puede ser encontrar un fascinante campo de acción intelectual para comprender el mundo real.

Versión simplificada:",3.5931,success,,{},2065,zero-shot,nancy,nancy_mistral_cfg_2,0.3,0.9,1.15,400,True,4.0
exp_prompting_sample36_top4_20260506_041700,48964783-e6f5-4a99-8b64-7ea333facc93,2026-05-06T04:30:22.357891,feina_repr30_test_sample36,,sample36,mistral,mistralai/Mistral-7B-Instruct-v0.2,ollama,zero-shot,R4,[],"{'temperature': 0.3, 'top_p': 0.9, 'repetition_penalty': 1.15, 'max_new_tokens': 400, 'do_sample': True, 'no_repeat_ngram_size': 4}",2365,"Si el entusiasmo, y esto no es idealismo ramplón, se orienta hacia la salud, la belleza, el éxito, la felicidad, lo más probable es que se obtenga la salud, la belleza, el éxito y la felicidad.","Si el entusiasmo se dirige hacia la salud, la belleza, el éxito, la felicidad es probable que los consigamos.","Si el entusiasmo apunta hacia la salud, la belleza, el éxito y la felicidad, es probable que obtengas todas ellas.","Reescribe en español el siguiente texto con lenguaje más claro y sencillo.
Conserva el significado original y no inventes información.
Guía interna de simplificación: usa palabras comunes; evita tecnicismos innecesarios; reemplaza palabras difíciles por palabras simples; usa oraciones cortas; expresa una idea por oración; prefiere voz activa; divide oraciones largas; mantén la idea principal; elimina detalles secundarios si estorban; evita ambigüedades; explica conceptos abstractos de forma simple; mantén coherencia temporal; aclara números si aparecen; ordena de lo más importante a lo menos importante; usa tono directo y claro.

Devuelve solo la versión final simplificada.

Texto:
Si el entusiasmo, y esto no es idealismo ramplón, se orienta hacia la salud, la belleza, el éxito, la felicidad, lo más probable es que se obtenga la salud, la belleza, el éxito y la felicidad.

Versión simplificada:",3.4709,success,,{},2365,zero-shot,nancy,nancy_mistral_cfg_2,0.3,0.9,1.15,400,True,4.0
exp_prompting_sample36_top4_20260506_041700,a6ca7301-5cee-4fee-880b-16b4334a825f,2026-05-06T04:30:26.172819,feina_repr30_test_sample36,,sample36,mistral,mistralai/Mistral-7B-Instruct-v0.2,ollama,zero-shot,R4,[],"{'temperature': 0.3, 'top_p': 0.9, 'repetition_penalty': 1.15, 'max_new_tokens': 400, 'do_sample': True, 'no_repeat_ngram_size': 4}",2449,"En la segunda etapa de programación, se definen los objetivos y se fijan las metas o resultados esperados, que deben ser lo más específicos y precisos posibles, para tener claridad en lo que se trata de alcanzar con las inversiones por realizar; por ejemplo, los tipos de inversión y los montos que se pretenden lograr en un tiempo definido y otros que pueden describirse en términos de logro o resultados que se desean alcanzar.","En la segunda etapa de programación, se definen los objetivos y se fijan las metas específicas.","During the second programming stage, we set specific and clear goals and expected results. For instance, the types of investments and their amounts within a defined timeframe, as well as other objectives that can be described in terms of achievements or desired outcomes.","Reescribe en español el siguiente texto con lenguaje más claro y sencillo.
Conserva el significado original y no inventes información.
Guía interna de simplificación: usa palabras comunes; evita tecnicismos innecesarios; reemplaza palabras difíciles por palabras simples; usa oraciones cortas; expresa una idea por oración; prefiere voz activa; divide oraciones largas; mantén la idea principal; elimina detalles secundarios si estorban; evita ambigüedades; explica conceptos abstractos de forma simple; mantén coherencia temporal; aclara números si aparecen; ordena de lo más importante a lo menos importante; usa tono directo y claro.

Devuelve solo la versión final simplificada.

Texto:
En la segunda etapa de programación, se definen los objetivos y se fijan las metas o resultados esperados, que deben ser lo más específicos y precisos posibles, para tener claridad en lo que se trata de alcanzar con las inversiones por realizar; por ejemplo, los tipos de inversión y los montos que se pretenden lograr en un tiempo definido y otros que pueden describirse en términos de logro o resultados que se desean alcanzar.

Versión simplificada:",3.7457,success,,{},2449,zero-shot,nancy,nancy_mistral_cfg_2,0.3,0.9,1.15,400,True,4.0
exp_prompting_sample36_top4_20260506_041700,ee53fe51-779f-4890-8f42-35f42816a189,2026-05-06T04:30:30.280017,feina_repr30_test_sample36,,sample36,mistral,mistralai/Mistral-7B-Instruct-v0.2,ollama,zero-shot,R4,[],"{'temperature': 0.3, 'top_p': 0.9, 'repetition_penalty': 1.15, 'max_new_tokens': 400, 'do_sample': True, 'no_repeat_ngram_size': 4}",2550,Estas tarjetas acarrean pocos riesgos y te ayudan a crear buenos antecedentes crediticios al mostrar tu capacidad para usar una tarjeta con responsabilidad.,Estas tarjetas traen pocos riesgos y ayudan a crear buen historial crediticio.,"Estas tarjetas tienen poca risks y te ayudan a crear buenas referencias crédito mostrando que puedes usar una tarjeta con responsabilidad.

(Translation: These cards have little risk and help you create good credit references by showing that you can use a card responsibly.)","Reescribe en español el siguiente texto con lenguaje más claro y sencillo.
Conserva el significado original y no inventes información.
Guía interna de simplificación: usa palabras comunes; evita tecnicismos innecesarios; reemplaza palabras difíciles por palabras simples; usa oraciones cortas; expresa una idea por oración; prefiere voz activa; divide oraciones largas; mantén la idea principal; elimina detalles secundarios si estorban; evita ambigüedades; explica conceptos abstractos de forma simple; mantén coherencia temporal; aclara números si aparecen; ordena de lo más importante a lo menos importante; usa tono directo y claro.

Devuelve solo la versión final simplificada.

Texto:
Estas tarjetas acarrean pocos riesgos y te ayudan a crear buenos antecedentes crediticios al mostrar tu capacidad para usar una tarjeta con responsabilidad.

Versión simplificada:",4.578,success,,{},2550,zero-shot,nancy,nancy_mistral_cfg_2,0.3,0.9,1.15,400,True,4.0
exp_prompting_sample36_top4_20260506_041700,bb0f1ac4-1a2c-46cf-ba58-b1e9548d2c89,2026-05-06T04:30:35.206161,feina_repr30_test_sample36,,sample36,mistral,mistralai/Mistral-7B-Instruct-v0.2,ollama,zero-shot,R4,[],"{'temperature': 0.3, 'top_p': 0.9, 'repetition_penalty': 1.15, 'max_new_tokens': 400, 'do_sample': True, 'no_repeat_ngram_size': 4}",2657,"Adicionalmente, el canal móvil (celulares) es de alto potencial para utilizar pagos a través de mensajería de texto SMS permitiendo, desde cualquier lugar donde se tenga acceso al servicio inalámbrico, realizar pagos electrónicos.","Además, los celulares permiten realizar pagos electrónicos desde cualquier lugar con acceso al servicio inalámbrico.","Además, los móviles (celulares) pueden usar pagos a través de SMS text messages para hacer transacciones electrónicas desde cualquier lugar con acceso al servicio inalámbrico.","Reescribe en español el siguiente texto con lenguaje más claro y sencillo.
Conserva el significado original y no inventes información.
Guía interna de simplificación: usa palabras comunes; evita tecnicismos innecesarios; reemplaza palabras difíciles por palabras simples; usa oraciones cortas; expresa una idea por oración; prefiere voz activa; divide oraciones largas; mantén la idea principal; elimina detalles secundarios si estorban; evita ambigüedades; explica conceptos abstractos de forma simple; mantén coherencia temporal; aclara números si aparecen; ordena de lo más importante a lo menos importante; usa tono directo y claro.

Devuelve solo la versión final simplificada.

Texto:
Adicionalmente, el canal móvil (celulares) es de alto potencial para utilizar pagos a través de mensajería de texto SMS permitiendo, desde cualquier lugar donde se tenga acceso al servicio inalámbrico, realizar pagos electrónicos.

Versión simplificada:",3.8087,success,,{},2657,zero-shot,nancy,nancy_mistral_cfg_2,0.3,0.9,1.15,400,True,4.0
exp_prompting_sample36_top4_20260506_041700,887b5422-88fb-42dd-89e0-40dba2e2a02c,2026-05-06T04:30:39.348208,feina_repr30_test_sample36,,sample36,mistral,mistralai/Mistral-7B-Instruct-v0.2,ollama,zero-shot,R4,[],"{'temperature': 0.3, 'top_p': 0.9, 'repetition_penalty': 1.15, 'max_new_tokens': 400, 'do_sample': True, 'no_repeat_ngram_size': 4}",2703,"Existen varias modalidades de cheques, como lo mencionan los mismos Alonso, Brailovsky y Ortiz (1999).","Según Alonso, Brailovsky y Ortiz (mil novecientos noventa y nueve) hay varias modalidades de cheques.","Hay diferentes tipos de cheques según lo indicado por Alonso, Brailovsky y Ortiz en 1999.","Reescribe en español el siguiente texto con lenguaje más claro y sencillo.
Conserva el significado original y no inventes información.
Guía interna de simplificación: usa palabras comunes; evita tecnicismos innecesarios; reemplaza palabras difíciles por palabras simples; usa oraciones cortas; expresa una idea por oración; prefiere voz activa; divide oraciones largas; mantén la idea principal; elimina detalles secundarios si estorban; evita ambigüedades; explica conceptos abstractos de forma simple; mantén coherencia temporal; aclara números si aparecen; ordena de lo más importante a lo menos importante; usa tono directo y claro.

Devuelve solo la versión final simplificada.

Texto:
Existen varias modalidades de cheques, como lo mencionan los mismos Alonso, Brailovsky y Ortiz (1999).

Versión simplificada:",3.3269,success,,{},2703,zero-shot,nancy,nancy_mistral_cfg_2,0.3,0.9,1.15,400,True,4.0
exp_prompting_sample36_top4_20260506_041700,1452b90a-fe53-4d82-8e7b-f6db993effb5,2026-05-06T04:30:43.006706,feina_repr30_test_sample36,,sample36,mistral,mistralai/Mistral-7B-Instruct-v0.2,ollama,zero-shot,R4,[],"{'temperature': 0.3, 'top_p': 0.9, 'repetition_penalty': 1.15, 'max_new_tokens': 400, 'do_sample': True, 'no_repeat_ngram_size': 4}",2732,"La mayor ventaja es la flexibilidad que le da al usuario, quien puede pagar sus saldos por completo cada mes o puede pagar en parte.",La mayor ventaja es la flexibilidad para el usuario. Quien puede pagar sus saldos completos o en parte mensualmente.,El usuario puede pagar todo o solo una parte de su déuda cada mes. (The user can pay off the entire debt or just a part of it every month.),"Reescribe en español el siguiente texto con lenguaje más claro y sencillo.
Conserva el significado original y no inventes información.
Guía interna de simplificación: usa palabras comunes; evita tecnicismos innecesarios; reemplaza palabras difíciles por palabras simples; usa oraciones cortas; expresa una idea por oración; prefiere voz activa; divide oraciones largas; mantén la idea principal; elimina detalles secundarios si estorban; evita ambigüedades; explica conceptos abstractos de forma simple; mantén coherencia temporal; aclara números si aparecen; ordena de lo más importante a lo menos importante; usa tono directo y claro.

Devuelve solo la versión final simplificada.

Texto:
La mayor ventaja es la flexibilidad que le da al usuario, quien puede pagar sus saldos por completo cada mes o puede pagar en parte.

Versión simplificada:",3.4623,success,,{},2732,zero-shot,nancy,nancy_mistral_cfg_2,0.3,0.9,1.15,400,True,4.0
exp_prompting_sample36_top4_20260506_041700,4bc2b210-9df4-42c9-a245-ad41f74b3d90,2026-05-06T04:30:46.986968,feina_repr30_test_sample36,,sample36,mistral,mistralai/Mistral-7B-Instruct-v0.2,ollama,zero-shot,R4,[],"{'temperature': 0.3, 'top_p': 0.9, 'repetition_penalty': 1.15, 'max_new_tokens': 400, 'do_sample': True, 'no_repeat_ngram_size': 4}",2947,"El dinero que inviertes inicialmente se denomina ""capital"".",El capital es el dinero invertido inicialmente.,"El dinero que inicialmente inviertes se llama ""capital"". (The money you initially invest is called ""capital."")

[","Reescribe en español el siguiente texto con lenguaje más claro y sencillo.
Conserva el significado original y no inventes información.
Guía interna de simplificación: usa palabras comunes; evita tecnicismos innecesarios; reemplaza palabras difíciles por palabras simples; usa oraciones cortas; expresa una idea por oración; prefiere voz activa; divide oraciones largas; mantén la idea principal; elimina detalles secundarios si estorban; evita ambigüedades; explica conceptos abstractos de forma simple; mantén coherencia temporal; aclara números si aparecen; ordena de lo más importante a lo menos importante; usa tono directo y claro.

Devuelve solo la versión final simplificada.

Texto:
El dinero que inviertes inicialmente se denomina ""capital"".

Versión simplificada:",4.9652,success,,{},2947,zero-shot,nancy,nancy_mistral_cfg_2,0.3,0.9,1.15,400,True,4.0
exp_prompting_sample36_top4_20260506_041700,9402aeba-b69a-4d13-be70-e2f2b5cf97f4,2026-05-06T04:30:52.307320,feina_repr30_test_sample36,,sample36,mistral,mistralai/Mistral-7B-Instruct-v0.2,ollama,zero-shot,R4,[],"{'temperature': 0.3, 'top_p': 0.9, 'repetition_penalty': 1.15, 'max_new_tokens': 400, 'do_sample': True, 'no_repeat_ngram_size': 4}",3320,"Existen modelos cuantitativos que permiten determinar de manera técnica el valor de la tasa de descuento como el CAPM1 y el WACC2 (Bell, 2016), los cuales no se incluyen en el presente documento; no obstante, la determinación subjetiva de la tasa de descuento exigida por el accionista puede utilizarse ante la falta de información de los mencionados modelos.","Hay modelos cuantitativos para determinar técnicamente el valor de la tasa de descuento, pero no se incluyen en este documento. Sin embargo, la determinación subjetiva de la tasa de descuento exigida por el accionista se puede utilizar ante la falta de información de esos modelos.","Hay métodos matemáticos para calcular la tasa de descuento (CAPM y WACC, según Bell, 2016), que no están incluidos en este documento. Sin embargo, se puede determinar subjectivamente la tasa de descuento deseada por el accionista cuando no hay información sobre esos métodos.","Reescribe en español el siguiente texto con lenguaje más claro y sencillo.
Conserva el significado original y no inventes información.
Guía interna de simplificación: usa palabras comunes; evita tecnicismos innecesarios; reemplaza palabras difíciles por palabras simples; usa oraciones cortas; expresa una idea por oración; prefiere voz activa; divide oraciones largas; mantén la idea principal; elimina detalles secundarios si estorban; evita ambigüedades; explica conceptos abstractos de forma simple; mantén coherencia temporal; aclara números si aparecen; ordena de lo más importante a lo menos importante; usa tono directo y claro.

Devuelve solo la versión final simplificada.

Texto:
Existen modelos cuantitativos que permiten determinar de manera técnica el valor de la tasa de descuento como el CAPM1 y el WACC2 (Bell, 2016), los cuales no se incluyen en el presente documento; no obstante, la determinación subjetiva de la tasa de descuento exigida por el accionista puede utilizarse ante la falta de información de los mencionados modelos.

Versión simplificada:",4.7635,success,,{},3320,zero-shot,nancy,nancy_mistral_cfg_2,0.3,0.9,1.15,400,True,4.0
exp_prompting_sample36_top4_20260506_041700,03cff609-d4a3-4771-ae2d-8a95af7cb018,2026-05-06T04:30:57.467944,feina_repr30_test_sample36,,sample36,mistral,mistralai/Mistral-7B-Instruct-v0.2,ollama,zero-shot,R4,[],"{'temperature': 0.3, 'top_p': 0.9, 'repetition_penalty': 1.15, 'max_new_tokens': 400, 'do_sample': True, 'no_repeat_ngram_size': 4}",3396,"Particularmente, se observa que el escenario 3 es el único que presenta una situación que no sea rentable.",El escenario tres es el único que presenta una situación no rentable.,Solo el escenario tres no es rentable.,"Reescribe en español el siguiente texto con lenguaje más claro y sencillo.
Conserva el significado original y no inventes información.
Guía interna de simplificación: usa palabras comunes; evita tecnicismos innecesarios; reemplaza palabras difíciles por palabras simples; usa oraciones cortas; expresa una idea por oración; prefiere voz activa; divide oraciones largas; mantén la idea principal; elimina detalles secundarios si estorban; evita ambigüedades; explica conceptos abstractos de forma simple; mantén coherencia temporal; aclara números si aparecen; ordena de lo más importante a lo menos importante; usa tono directo y claro.

Devuelve solo la versión final simplificada.

Texto:
Particularmente, se observa que el escenario 3 es el único que presenta una situación que no sea rentable.

Versión simplificada:",3.3198,success,,{},3396,zero-shot,nancy,nancy_mistral_cfg_2,0.3,0.9,1.15,400,True,4.0
exp_prompting_sample36_top4_20260506_041700,49ca48e3-9bb2-46b6-97f3-09e133a9d5a7,2026-05-06T04:31:01.115725,feina_repr30_test_sample36,,sample36,mistral,mistralai/Mistral-7B-Instruct-v0.2,ollama,zero-shot,R4,[],"{'temperature': 0.3, 'top_p': 0.9, 'repetition_penalty': 1.15, 'max_new_tokens': 400, 'do_sample': True, 'no_repeat_ngram_size': 4}",3404,"Obtenga el rendimiento de un bono de $10,000 que paga el 6.",Saque el rendimiento de un bono de diez mil dólares que paga el seis.,"Gana rendimiento de $10,000 bonos que pagan el 6%

(","Reescribe en español el siguiente texto con lenguaje más claro y sencillo.
Conserva el significado original y no inventes información.
Guía interna de simplificación: usa palabras comunes; evita tecnicismos innecesarios; reemplaza palabras difíciles por palabras simples; usa oraciones cortas; expresa una idea por oración; prefiere voz activa; divide oraciones largas; mantén la idea principal; elimina detalles secundarios si estorban; evita ambigüedades; explica conceptos abstractos de forma simple; mantén coherencia temporal; aclara números si aparecen; ordena de lo más importante a lo menos importante; usa tono directo y claro.

Devuelve solo la versión final simplificada.

Texto:
Obtenga el rendimiento de un bono de $10,000 que paga el 6.

Versión simplificada:",3.9348,success,,{},3404,zero-shot,nancy,nancy_mistral_cfg_2,0.3,0.9,1.15,400,True,4.0
exp_prompting_sample36_top4_20260506_041700,19e1ae88-d755-41a9-aa1a-7b0dc9cfda5d,2026-05-06T04:31:05.378455,feina_repr30_test_sample36,,sample36,mistral,mistralai/Mistral-7B-Instruct-v0.2,ollama,zero-shot,R4,[],"{'temperature': 0.3, 'top_p': 0.9, 'repetition_penalty': 1.15, 'max_new_tokens': 400, 'do_sample': True, 'no_repeat_ngram_size': 4}",3570,"De partida, el tema concierne a todos los individuos y durante toda la vida, pues las finanzas explican la procedencia y uso de los ingresos y recursos que se disponen para satisfacer las necesidades particulares de todas y todos.",El tema interesa a todas las personas. Porque las finanzas explican el origen y uso de los ingresos disponibles para satisfacer las necesidades de todos.,"El tema de las finanzas afecta a todos durante toda la vida, ya que explica donde obtenermos el dinero y cómo usarlo para cubrir nuestras propias necesidades.","Reescribe en español el siguiente texto con lenguaje más claro y sencillo.
Conserva el significado original y no inventes información.
Guía interna de simplificación: usa palabras comunes; evita tecnicismos innecesarios; reemplaza palabras difíciles por palabras simples; usa oraciones cortas; expresa una idea por oración; prefiere voz activa; divide oraciones largas; mantén la idea principal; elimina detalles secundarios si estorban; evita ambigüedades; explica conceptos abstractos de forma simple; mantén coherencia temporal; aclara números si aparecen; ordena de lo más importante a lo menos importante; usa tono directo y claro.

Devuelve solo la versión final simplificada.

Texto:
De partida, el tema concierne a todos los individuos y durante toda la vida, pues las finanzas explican la procedencia y uso de los ingresos y recursos que se disponen para satisfacer las necesidades particulares de todas y todos.

Versión simplificada:",3.8602,success,,{},3570,zero-shot,nancy,nancy_mistral_cfg_2,0.3,0.9,1.15,400,True,4.0
exp_prompting_sample36_top4_20260506_041700,1feb3657-5205-4127-837e-6682314987cf,2026-05-06T04:31:09.572986,feina_repr30_test_sample36,,sample36,mistral,mistralai/Mistral-7B-Instruct-v0.2,ollama,zero-shot,R4,[],"{'temperature': 0.3, 'top_p': 0.9, 'repetition_penalty': 1.15, 'max_new_tokens': 400, 'do_sample': True, 'no_repeat_ngram_size': 4}",3653,¿Qué función cumplen las empresas en la sociedad?,¿Qué función tienen las empresas en la sociedad?,"¿Cómo contribuyen las empresas a la sociedad?

Respuesta clara: Empresas producen bienes y servicios, crean empleos y pagan impositos.","Reescribe en español el siguiente texto con lenguaje más claro y sencillo.
Conserva el significado original y no inventes información.
Guía interna de simplificación: usa palabras comunes; evita tecnicismos innecesarios; reemplaza palabras difíciles por palabras simples; usa oraciones cortas; expresa una idea por oración; prefiere voz activa; divide oraciones largas; mantén la idea principal; elimina detalles secundarios si estorban; evita ambigüedades; explica conceptos abstractos de forma simple; mantén coherencia temporal; aclara números si aparecen; ordena de lo más importante a lo menos importante; usa tono directo y claro.

Devuelve solo la versión final simplificada.

Texto:
¿Qué función cumplen las empresas en la sociedad?

Versión simplificada:",4.1176,success,,{},3653,zero-shot,nancy,nancy_mistral_cfg_2,0.3,0.9,1.15,400,True,4.0
exp_prompting_sample36_top4_20260506_041700,3d3f70ec-bf5f-4522-8632-9d5e7e8af259,2026-05-06T04:31:14.037513,feina_repr30_test_sample36,,sample36,mistral,mistralai/Mistral-7B-Instruct-v0.2,ollama,zero-shot,R4,[],"{'temperature': 0.3, 'top_p': 0.9, 'repetition_penalty': 1.15, 'max_new_tokens': 400, 'do_sample': True, 'no_repeat_ngram_size': 4}",3712,Estos principios están diseñados para promover que las firmas de servicios financieros y las organizaciones de consumidores hagan más para educar a los ciudadanos en esta área.,Estos principios están diseñados para promover que las empresas de servicios financieros y las organizaciones de consumidores hagan más para educar a los ciudadanos en esta área.,Estos principios fomentan que empresas financieras y consumidoras educen mejor a la población en este ámbitio.,"Reescribe en español el siguiente texto con lenguaje más claro y sencillo.
Conserva el significado original y no inventes información.
Guía interna de simplificación: usa palabras comunes; evita tecnicismos innecesarios; reemplaza palabras difíciles por palabras simples; usa oraciones cortas; expresa una idea por oración; prefiere voz activa; divide oraciones largas; mantén la idea principal; elimina detalles secundarios si estorban; evita ambigüedades; explica conceptos abstractos de forma simple; mantén coherencia temporal; aclara números si aparecen; ordena de lo más importante a lo menos importante; usa tono directo y claro.

Devuelve solo la versión final simplificada.

Texto:
Estos principios están diseñados para promover que las firmas de servicios financieros y las organizaciones de consumidores hagan más para educar a los ciudadanos en esta área.

Versión simplificada:",3.5263,success,,{},3712,zero-shot,nancy,nancy_mistral_cfg_2,0.3,0.9,1.15,400,True,4.0
exp_prompting_sample36_top4_20260506_041700,39af6a24-28c0-4905-85ec-e461affbf3eb,2026-05-06T04:31:17.899888,feina_repr30_test_sample36,,sample36,mistral,mistralai/Mistral-7B-Instruct-v0.2,ollama,zero-shot,R4,[],"{'temperature': 0.3, 'top_p': 0.9, 'repetition_penalty': 1.15, 'max_new_tokens': 400, 'do_sample': True, 'no_repeat_ngram_size': 4}",3776,"Hable con ellos, déles la cara, y hágales saber que está haciendo todo lo que puede para pagarles.","Hable con ellos, enfréntelos y comuníqueles que está haciendo lo posible para pagarles.","Habla con ellos, hazlo claro que estás trabajando duro para pagarlos.","Reescribe en español el siguiente texto con lenguaje más claro y sencillo.
Conserva el significado original y no inventes información.
Guía interna de simplificación: usa palabras comunes; evita tecnicismos innecesarios; reemplaza palabras difíciles por palabras simples; usa oraciones cortas; expresa una idea por oración; prefiere voz activa; divide oraciones largas; mantén la idea principal; elimina detalles secundarios si estorban; evita ambigüedades; explica conceptos abstractos de forma simple; mantén coherencia temporal; aclara números si aparecen; ordena de lo más importante a lo menos importante; usa tono directo y claro.

Devuelve solo la versión final simplificada.

Texto:
Hable con ellos, déles la cara, y hágales saber que está haciendo todo lo que puede para pagarles.

Versión simplificada:",3.2398,success,,{},3776,zero-shot,nancy,nancy_mistral_cfg_2,0.3,0.9,1.15,400,True,4.0
exp_prompting_sample36_top4_20260506_041700,0ec2a345-6913-460a-ba5e-fc4efdfbdd34,2026-05-06T04:31:21.484993,feina_repr30_test_sample36,,sample36,mistral,mistralai/Mistral-7B-Instruct-v0.2,ollama,zero-shot,R4,[],"{'temperature': 0.3, 'top_p': 0.9, 'repetition_penalty': 1.15, 'max_new_tokens': 400, 'do_sample': True, 'no_repeat_ngram_size': 4}",3819,Pero ¿en qué se compite?,Pero ¿en qué se compite?,"¿En qué se competirá?

(What is the competition about?)","Reescribe en español el siguiente texto con lenguaje más claro y sencillo.
Conserva el significado original y no inventes información.
Guía interna de simplificación: usa palabras comunes; evita tecnicismos innecesarios; reemplaza palabras difíciles por palabras simples; usa oraciones cortas; expresa una idea por oración; prefiere voz activa; divide oraciones largas; mantén la idea principal; elimina detalles secundarios si estorban; evita ambigüedades; explica conceptos abstractos de forma simple; mantén coherencia temporal; aclara números si aparecen; ordena de lo más importante a lo menos importante; usa tono directo y claro.

Devuelve solo la versión final simplificada.

Texto:
Pero ¿en qué se compite?

Versión simplificada:",3.0321,success,,{},3819,zero-shot,nancy,nancy_mistral_cfg_2,0.3,0.9,1.15,400,True,4.0
exp_prompting_sample36_top4_20260506_041700,37974557-63bb-4a62-95f0-ee7d36dc7bc9,2026-05-06T04:31:25.129123,feina_repr30_test_sample36,,sample36,mistral,mistralai/Mistral-7B-Instruct-v0.2,ollama,zero-shot,R4,[],"{'temperature': 0.3, 'top_p': 0.9, 'repetition_penalty': 1.15, 'max_new_tokens': 400, 'do_sample': True, 'no_repeat_ngram_size': 4}",4006,"Por otra parte, algunas personas sostienen que un impuesto de 10 por ciento impondría el mismo sacrificio a ambas familias.","Por otra parte, algunas personas sostienen que un impuesto de diez por ciento impondría el mismo sacrificio a ambas familias.","Algunas personas creen que una impuesto del 10% afectaría igual a ambas familias.

(","Reescribe en español el siguiente texto con lenguaje más claro y sencillo.
Conserva el significado original y no inventes información.
Guía interna de simplificación: usa palabras comunes; evita tecnicismos innecesarios; reemplaza palabras difíciles por palabras simples; usa oraciones cortas; expresa una idea por oración; prefiere voz activa; divide oraciones largas; mantén la idea principal; elimina detalles secundarios si estorban; evita ambigüedades; explica conceptos abstractos de forma simple; mantén coherencia temporal; aclara números si aparecen; ordena de lo más importante a lo menos importante; usa tono directo y claro.

Devuelve solo la versión final simplificada.

Texto:
Por otra parte, algunas personas sostienen que un impuesto de 10 por ciento impondría el mismo sacrificio a ambas familias.

Versión simplificada:",4.9107,success,,{},4006,zero-shot,nancy,nancy_mistral_cfg_2,0.3,0.9,1.15,400,True,4.0
exp_prompting_sample36_top4_20260506_041700,038f4228-ed83-4f47-a3c5-415944ff1b44,2026-05-06T04:31:30.377454,feina_repr30_test_sample36,,sample36,mistral,mistralai/Mistral-7B-Instruct-v0.2,ollama,zero-shot,R4,[],"{'temperature': 0.3, 'top_p': 0.9, 'repetition_penalty': 1.15, 'max_new_tokens': 400, 'do_sample': True, 'no_repeat_ngram_size': 4}",4276,"Al principio, como ya vimos en el trueque, adoptó la forma de mercancía, pero con el tiempo se transformó en dinero-papel, cuentas corrientes y otras formas.","Al principio, tuvo la forma de mercancía, pero luego se transformó en dinero-papel, cuentas corrientes y otras formas.","Al principio, en el intercambio, tomó la forma de bienes, pero después se convirtió en papel moneda, cheques y otras formas.","Reescribe en español el siguiente texto con lenguaje más claro y sencillo.
Conserva el significado original y no inventes información.
Guía interna de simplificación: usa palabras comunes; evita tecnicismos innecesarios; reemplaza palabras difíciles por palabras simples; usa oraciones cortas; expresa una idea por oración; prefiere voz activa; divide oraciones largas; mantén la idea principal; elimina detalles secundarios si estorban; evita ambigüedades; explica conceptos abstractos de forma simple; mantén coherencia temporal; aclara números si aparecen; ordena de lo más importante a lo menos importante; usa tono directo y claro.

Devuelve solo la versión final simplificada.

Texto:
Al principio, como ya vimos en el trueque, adoptó la forma de mercancía, pero con el tiempo se transformó en dinero-papel, cuentas corrientes y otras formas.

Versión simplificada:",3.6748,success,,{},4276,zero-shot,nancy,nancy_mistral_cfg_2,0.3,0.9,1.15,400,True,4.0
exp_prompting_sample36_top4_20260506_041700,e2591b7a-67d8-4d05-8ca5-a1926c636308,2026-05-06T04:31:34.391155,feina_repr30_test_sample36,,sample36,mistral,mistralai/Mistral-7B-Instruct-v0.2,ollama,zero-shot,R4,[],"{'temperature': 0.3, 'top_p': 0.9, 'repetition_penalty': 1.15, 'max_new_tokens': 400, 'do_sample': True, 'no_repeat_ngram_size': 4}",4284,"¿Son estos sólo sueños, o son metas reales?",¿Estos son sólo sueños o son metas reales?,"Son estos sueños o objetivos reales?

(Son dreams or real goals?)","Reescribe en español el siguiente texto con lenguaje más claro y sencillo.
Conserva el significado original y no inventes información.
Guía interna de simplificación: usa palabras comunes; evita tecnicismos innecesarios; reemplaza palabras difíciles por palabras simples; usa oraciones cortas; expresa una idea por oración; prefiere voz activa; divide oraciones largas; mantén la idea principal; elimina detalles secundarios si estorban; evita ambigüedades; explica conceptos abstractos de forma simple; mantén coherencia temporal; aclara números si aparecen; ordena de lo más importante a lo menos importante; usa tono directo y claro.

Devuelve solo la versión final simplificada.

Texto:
¿Son estos sólo sueños, o son metas reales?

Versión simplificada:",3.1682,success,,{},4284,zero-shot,nancy,nancy_mistral_cfg_2,0.3,0.9,1.15,400,True,4.0
exp_prompting_sample36_top4_20260506_041700,c0fbad27-67fc-4a5a-8318-8f273f45ecb0,2026-05-06T04:31:38.209379,feina_repr30_test_sample36,,sample36,mistral,mistralai/Mistral-7B-Instruct-v0.2,ollama,zero-shot,R4,[],"{'temperature': 0.3, 'top_p': 0.9, 'repetition_penalty': 1.15, 'max_new_tokens': 400, 'do_sample': True, 'no_repeat_ngram_size': 4}",4638,"En los pueblos donde el principio de la elección se extiende a todo, no hay propiamente hablando carrera pública.",En los pueblos donde el principio de la elección se extiende a todo no existe la carrera pública.,"En poblados donde todos pueden votar, no hay verdadera carrera política.","Reescribe en español el siguiente texto con lenguaje más claro y sencillo.
Conserva el significado original y no inventes información.
Guía interna de simplificación: usa palabras comunes; evita tecnicismos innecesarios; reemplaza palabras difíciles por palabras simples; usa oraciones cortas; expresa una idea por oración; prefiere voz activa; divide oraciones largas; mantén la idea principal; elimina detalles secundarios si estorban; evita ambigüedades; explica conceptos abstractos de forma simple; mantén coherencia temporal; aclara números si aparecen; ordena de lo más importante a lo menos importante; usa tono directo y claro.

Devuelve solo la versión final simplificada.

Texto:
En los pueblos donde el principio de la elección se extiende a todo, no hay propiamente hablando carrera pública.

Versión simplificada:",3.3087,success,,{},4638,zero-shot,nancy,nancy_mistral_cfg_2,0.3,0.9,1.15,400,True,4.0
exp_prompting_sample36_top4_20260506_041700,6bc404bc-5537-4035-8311-5950ac6f22ff,2026-05-06T04:31:41.851358,feina_repr30_test_sample36,,sample36,mistral,mistralai/Mistral-7B-Instruct-v0.2,ollama,zero-shot,R4,[],"{'temperature': 0.3, 'top_p': 0.9, 'repetition_penalty': 1.15, 'max_new_tokens': 400, 'do_sample': True, 'no_repeat_ngram_size': 4}",4751,"Sin entusiasmo, dijo alguien famoso, nunca se ha podido realizar nada grande.",Sin entusiasmo no se logró nada grande.,Famosa persona dijo desanimado: nada grandioso se logra sin entusiasmo.,"Reescribe en español el siguiente texto con lenguaje más claro y sencillo.
Conserva el significado original y no inventes información.
Guía interna de simplificación: usa palabras comunes; evita tecnicismos innecesarios; reemplaza palabras difíciles por palabras simples; usa oraciones cortas; expresa una idea por oración; prefiere voz activa; divide oraciones largas; mantén la idea principal; elimina detalles secundarios si estorban; evita ambigüedades; explica conceptos abstractos de forma simple; mantén coherencia temporal; aclara números si aparecen; ordena de lo más importante a lo menos importante; usa tono directo y claro.

Devuelve solo la versión final simplificada.

Texto:
Sin entusiasmo, dijo alguien famoso, nunca se ha podido realizar nada grande.

Versión simplificada:",3.1872,success,,{},4751,zero-shot,nancy,nancy_mistral_cfg_2,0.3,0.9,1.15,400,True,4.0
exp_prompting_sample36_top4_20260506_041700,fc37bea8-298f-4ad7-9e90-c27fb3254f66,2026-05-06T04:31:45.387701,feina_repr30_test_sample36,,sample36,mistral,mistralai/Mistral-7B-Instruct-v0.2,ollama,zero-shot,R4,[],"{'temperature': 0.3, 'top_p': 0.9, 'repetition_penalty': 1.15, 'max_new_tokens': 400, 'do_sample': True, 'no_repeat_ngram_size': 4}",5037,"Por tanto, este método calcula interés sobre interés.","Por eso, este método calcula interés sobre interés.","Este método calcula el interés sobre el interés anterior.

(","Reescribe en español el siguiente texto con lenguaje más claro y sencillo.
Conserva el significado original y no inventes información.
Guía interna de simplificación: usa palabras comunes; evita tecnicismos innecesarios; reemplaza palabras difíciles por palabras simples; usa oraciones cortas; expresa una idea por oración; prefiere voz activa; divide oraciones largas; mantén la idea principal; elimina detalles secundarios si estorban; evita ambigüedades; explica conceptos abstractos de forma simple; mantén coherencia temporal; aclara números si aparecen; ordena de lo más importante a lo menos importante; usa tono directo y claro.

Devuelve solo la versión final simplificada.

Texto:
Por tanto, este método calcula interés sobre interés.

Versión simplificada:",4.677,success,,{},5037,zero-shot,nancy,nancy_mistral_cfg_2,0.3,0.9,1.15,400,True,4.0
exp_prompting_sample36_top4_20260506_041700,6222f9db-2c95-4c5c-8bdb-1679c552d503,2026-05-06T04:31:50.526452,feina_repr30_test_sample36,,sample36,mistral,mistralai/Mistral-7B-Instruct-v0.2,ollama,zero-shot,R4,[],"{'temperature': 0.3, 'top_p': 0.9, 'repetition_penalty': 1.15, 'max_new_tokens': 400, 'do_sample': True, 'no_repeat_ngram_size': 4}",5112,"El resultado es aproximado a $300,000 en seis años.",El resultado es aproximadamente trescientos mil dólares en seis años.,"Se obtiene un resultado aproximademente a 300.000 dólares en seis años.

(","Reescribe en español el siguiente texto con lenguaje más claro y sencillo.
Conserva el significado original y no inventes información.
Guía interna de simplificación: usa palabras comunes; evita tecnicismos innecesarios; reemplaza palabras difíciles por palabras simples; usa oraciones cortas; expresa una idea por oración; prefiere voz activa; divide oraciones largas; mantén la idea principal; elimina detalles secundarios si estorban; evita ambigüedades; explica conceptos abstractos de forma simple; mantén coherencia temporal; aclara números si aparecen; ordena de lo más importante a lo menos importante; usa tono directo y claro.

Devuelve solo la versión final simplificada.

Texto:
El resultado es aproximado a $300,000 en seis años.

Versión simplificada:",4.7596,success,,{},5112,zero-shot,nancy,nancy_mistral_cfg_2,0.3,0.9,1.15,400,True,4.0
exp_prompting_sample36_top4_20260506_041700,051d9471-85c2-46ad-83d6-319213bd0af8,2026-05-06T04:31:55.623672,feina_repr30_test_sample36,,sample36,mistral,mistralai/Mistral-7B-Instruct-v0.2,ollama,zero-shot,R4,[],"{'temperature': 0.3, 'top_p': 0.9, 'repetition_penalty': 1.15, 'max_new_tokens': 400, 'do_sample': True, 'no_repeat_ngram_size': 4}",5187,Documente todos sus gastos e ingresos o compárelos con lo que usted planificó que iba a gastar en el mes.,Documente todos sus gastos e ingresos y compárelos con lo que usted planificó que iba a gastar en el mes.,"Registra todos tus gastos y ingresos, o comparelos con lo que planeabas gastar durante el mes.

(Record): Write down all your expenses and income, or compare them with what you planned to spend during the month.

(","Reescribe en español el siguiente texto con lenguaje más claro y sencillo.
Conserva el significado original y no inventes información.
Guía interna de simplificación: usa palabras comunes; evita tecnicismos innecesarios; reemplaza palabras difíciles por palabras simples; usa oraciones cortas; expresa una idea por oración; prefiere voz activa; divide oraciones largas; mantén la idea principal; elimina detalles secundarios si estorban; evita ambigüedades; explica conceptos abstractos de forma simple; mantén coherencia temporal; aclara números si aparecen; ordena de lo más importante a lo menos importante; usa tono directo y claro.

Devuelve solo la versión final simplificada.

Texto:
Documente todos sus gastos e ingresos o compárelos con lo que usted planificó que iba a gastar en el mes.

Versión simplificada:",4.8192,success,,{},5187,zero-shot,nancy,nancy_mistral_cfg_2,0.3,0.9,1.15,400,True,4.0
exp_prompting_sample36_top4_20260506_041700,ffa5cf09-d81e-4162-84c5-34d7ee388a91,2026-05-06T04:32:00.780968,feina_repr30_test_sample36,,sample36,mistral,mistralai/Mistral-7B-Instruct-v0.2,ollama,zero-shot,R4,[],"{'temperature': 0.3, 'top_p': 0.9, 'repetition_penalty': 1.1, 'max_new_tokens': 256}",550,"No tiene incentivos ni motivación, dos elementos esenciales en ambientes de competencia.",No tiene sentido ni motivación. Estos elementos son esenciales para la competencia.,"No tiene incentivos ni motivación. Esto es importante en entornos competitivos.

(Translation: He has no incentives nor motivation. This is important in competitive environments.)

Simplified version:
He doesn't have incentives or motivation. This matters in competitive situations.","Reescribe en español el siguiente texto con lenguaje más claro y sencillo.
Conserva el significado original y no inventes información.
Guía interna de simplificación: usa palabras comunes; evita tecnicismos innecesarios; reemplaza palabras difíciles por palabras simples; usa oraciones cortas; expresa una idea por oración; prefiere voz activa; divide oraciones largas; mantén la idea principal; elimina detalles secundarios si estorban; evita ambigüedades; explica conceptos abstractos de forma simple; mantén coherencia temporal; aclara números si aparecen; ordena de lo más importante a lo menos importante; usa tono directo y claro.

Devuelve solo la versión final simplificada.

Texto:
No tiene incentivos ni motivación, dos elementos esenciales en ambientes de competencia.

Versión simplificada:",4.3357,success,,{},550,zero-shot,hariel,hariel_mistral_cfg_1,0.3,0.9,1.1,256,,
exp_prompting_sample36_top4_20260506_041700,432471cd-000a-460e-aee4-70d6c6f0f703,2026-05-06T04:32:05.716078,feina_repr30_test_sample36,,sample36,mistral,mistralai/Mistral-7B-Instruct-v0.2,ollama,zero-shot,R4,[],"{'temperature': 0.3, 'top_p': 0.9, 'repetition_penalty': 1.1, 'max_new_tokens': 256}",571,"En los procesos de importaciones y exportaciones intervienen, además de clientes y proveedores, instituciones del Estado y los bancos, tal como se indica en el siguiente recuadro:",Clientes y proveedores intervienen en las importancias y exportaciones. También lo hacen las instituciones estatales y los banco como se indica a continuación:,"En importaciones y exportaciones intervenes además de clientes y proveedores, instituciones gubernamentales y bancos (detallado a continuación):

(Diagrama o tabla siguiente)

Instituciones gubernamentales: Aduanas, Banco Central, Ministerio de Comercio.
Bancos: Banco de Descuento, Banco de la Exportación.","Reescribe en español el siguiente texto con lenguaje más claro y sencillo.
Conserva el significado original y no inventes información.
Guía interna de simplificación: usa palabras comunes; evita tecnicismos innecesarios; reemplaza palabras difíciles por palabras simples; usa oraciones cortas; expresa una idea por oración; prefiere voz activa; divide oraciones largas; mantén la idea principal; elimina detalles secundarios si estorban; evita ambigüedades; explica conceptos abstractos de forma simple; mantén coherencia temporal; aclara números si aparecen; ordena de lo más importante a lo menos importante; usa tono directo y claro.

Devuelve solo la versión final simplificada.

Texto:
En los procesos de importaciones y exportaciones intervienen, además de clientes y proveedores, instituciones del Estado y los bancos, tal como se indica en el siguiente recuadro:

Versión simplificada:",5.2435,success,,{},571,zero-shot,hariel,hariel_mistral_cfg_1,0.3,0.9,1.1,256,,
exp_prompting_sample36_top4_20260506_041700,e0bea218-1076-4cbf-81b5-7cb88d3ce3d2,2026-05-06T04:32:11.300864,feina_repr30_test_sample36,,sample36,mistral,mistralai/Mistral-7B-Instruct-v0.2,ollama,zero-shot,R4,[],"{'temperature': 0.3, 'top_p': 0.9, 'repetition_penalty': 1.1, 'max_new_tokens': 256}",885,"El robo de identidad ocurre cuando su información personal, tal como su nombre, número de cuenta, o número de cédula de identidad se usan sin su conocimiento para cometer un fraude o robo.","El robo de identidad ocurre cuando su información personal como su nombre, número de cuenta, o número de cédula de identidad se usan sin su conocimiento para cometer un fraude o robo.","Robo de identidad sucede cuando alguien utiliza tu información personal, como nombre, número de cuenta o número de identificación, sin tu consentimiento para cometer un fraude o hurto.","Reescribe en español el siguiente texto con lenguaje más claro y sencillo.
Conserva el significado original y no inventes información.
Guía interna de simplificación: usa palabras comunes; evita tecnicismos innecesarios; reemplaza palabras difíciles por palabras simples; usa oraciones cortas; expresa una idea por oración; prefiere voz activa; divide oraciones largas; mantén la idea principal; elimina detalles secundarios si estorban; evita ambigüedades; explica conceptos abstractos de forma simple; mantén coherencia temporal; aclara números si aparecen; ordena de lo más importante a lo menos importante; usa tono directo y claro.

Devuelve solo la versión final simplificada.

Texto:
El robo de identidad ocurre cuando su información personal, tal como su nombre, número de cuenta, o número de cédula de identidad se usan sin su conocimiento para cometer un fraude o robo.

Versión simplificada:",3.7699,success,,{},885,zero-shot,hariel,hariel_mistral_cfg_1,0.3,0.9,1.1,256,,
exp_prompting_sample36_top4_20260506_041700,da224529-f625-4ca0-a8ba-4a70436850dd,2026-05-06T04:32:15.422154,feina_repr30_test_sample36,,sample36,mistral,mistralai/Mistral-7B-Instruct-v0.2,ollama,zero-shot,R4,[],"{'temperature': 0.3, 'top_p': 0.9, 'repetition_penalty': 1.1, 'max_new_tokens': 256}",1193,"Los sueños de los niños tienen una gran variedad que va desde Tarzán hasta el Agente 007, pasando por Superman.",Los sueños de los niños son variados y van desde Tarzán hasta el Agente 007 y Superman.,"Los sueños de los niños van desde Tarzan hasta James Bond, incluyendo a Superman.","Reescribe en español el siguiente texto con lenguaje más claro y sencillo.
Conserva el significado original y no inventes información.
Guía interna de simplificación: usa palabras comunes; evita tecnicismos innecesarios; reemplaza palabras difíciles por palabras simples; usa oraciones cortas; expresa una idea por oración; prefiere voz activa; divide oraciones largas; mantén la idea principal; elimina detalles secundarios si estorban; evita ambigüedades; explica conceptos abstractos de forma simple; mantén coherencia temporal; aclara números si aparecen; ordena de lo más importante a lo menos importante; usa tono directo y claro.

Devuelve solo la versión final simplificada.

Texto:
Los sueños de los niños tienen una gran variedad que va desde Tarzán hasta el Agente 007, pasando por Superman.

Versión simplificada:",3.5905,success,,{},1193,zero-shot,hariel,hariel_mistral_cfg_1,0.3,0.9,1.1,256,,
exp_prompting_sample36_top4_20260506_041700,66fa4eaa-615f-4a06-a169-c53b2079d930,2026-05-06T04:32:19.346324,feina_repr30_test_sample36,,sample36,mistral,mistralai/Mistral-7B-Instruct-v0.2,ollama,zero-shot,R4,[],"{'temperature': 0.3, 'top_p': 0.9, 'repetition_penalty': 1.1, 'max_new_tokens': 256}",1391,Expresiones como soborno y cohecho se refieren a ilícitos vinculados a la compra de la voluntad de un individuo para provecho personal.,Expresiones como soborno y cohecho se refieren a delitos vinculados a comprar la voluntad de alguien para provecho personal.,Expresiones como soborno y cohecho se referen a actos ilegales relacionados con la compra de alguien para obtener beneficios personales.,"Reescribe en español el siguiente texto con lenguaje más claro y sencillo.
Conserva el significado original y no inventes información.
Guía interna de simplificación: usa palabras comunes; evita tecnicismos innecesarios; reemplaza palabras difíciles por palabras simples; usa oraciones cortas; expresa una idea por oración; prefiere voz activa; divide oraciones largas; mantén la idea principal; elimina detalles secundarios si estorban; evita ambigüedades; explica conceptos abstractos de forma simple; mantén coherencia temporal; aclara números si aparecen; ordena de lo más importante a lo menos importante; usa tono directo y claro.

Devuelve solo la versión final simplificada.

Texto:
Expresiones como soborno y cohecho se refieren a ilícitos vinculados a la compra de la voluntad de un individuo para provecho personal.

Versión simplificada:",3.685,success,,{},1391,zero-shot,hariel,hariel_mistral_cfg_1,0.3,0.9,1.1,256,,
exp_prompting_sample36_top4_20260506_041700,7ef3e601-c4bb-4c6d-a688-d32c508a4e18,2026-05-06T04:32:23.372559,feina_repr30_test_sample36,,sample36,mistral,mistralai/Mistral-7B-Instruct-v0.2,ollama,zero-shot,R4,[],"{'temperature': 0.3, 'top_p': 0.9, 'repetition_penalty': 1.1, 'max_new_tokens': 256}",1399,"DIRECCIÓN DE PRESUPUESTO (DIPRES): ""formula y lleva el control presupuestario de la nación.""",DIRECCIÓN DE PRESUPUESTO: formula y lleva el control presupuestario de la nación.,DIPRES es quien diseña y administra el presupuesto nacional.,"Reescribe en español el siguiente texto con lenguaje más claro y sencillo.
Conserva el significado original y no inventes información.
Guía interna de simplificación: usa palabras comunes; evita tecnicismos innecesarios; reemplaza palabras difíciles por palabras simples; usa oraciones cortas; expresa una idea por oración; prefiere voz activa; divide oraciones largas; mantén la idea principal; elimina detalles secundarios si estorban; evita ambigüedades; explica conceptos abstractos de forma simple; mantén coherencia temporal; aclara números si aparecen; ordena de lo más importante a lo menos importante; usa tono directo y claro.

Devuelve solo la versión final simplificada.

Texto:
DIRECCIÓN DE PRESUPUESTO (DIPRES): ""formula y lleva el control presupuestario de la nación.""

Versión simplificada:",3.039,success,,{},1399,zero-shot,hariel,hariel_mistral_cfg_1,0.3,0.9,1.1,256,,
exp_prompting_sample36_top4_20260506_041700,31e2c143-af3a-425c-b58a-1041ac0e3ec9,2026-05-06T04:32:26.739862,feina_repr30_test_sample36,,sample36,mistral,mistralai/Mistral-7B-Instruct-v0.2,ollama,zero-shot,R4,[],"{'temperature': 0.3, 'top_p': 0.9, 'repetition_penalty': 1.1, 'max_new_tokens': 256}",1636,"Interés compuesto: Es la suma del capital y el interés acumulado, que se va multiplicando según los plazos convenidos. La tasa de interés es el porcentaje que se aplica a un préstamo o inversión realizada.",El interés compuesto es la suma del capital y el interés acumulado. La tasa de interés es el porcentaje aplicado a un préstamo o inversión realizada.,"Interés compuesto: Es la suma de capital y intereses acumulados, que aumentan según los plazos acordados. La tasa de interés es el porcentaje aplicado a un préstamo o inversión.

Translation: Compound interest: It's the sum of principal and accumulated interest that grows according to agreed terms. The rate of interest is the percentage applied to a loan or investment.","Reescribe en español el siguiente texto con lenguaje más claro y sencillo.
Conserva el significado original y no inventes información.
Guía interna de simplificación: usa palabras comunes; evita tecnicismos innecesarios; reemplaza palabras difíciles por palabras simples; usa oraciones cortas; expresa una idea por oración; prefiere voz activa; divide oraciones largas; mantén la idea principal; elimina detalles secundarios si estorban; evita ambigüedades; explica conceptos abstractos de forma simple; mantén coherencia temporal; aclara números si aparecen; ordena de lo más importante a lo menos importante; usa tono directo y claro.

Devuelve solo la versión final simplificada.

Texto:
Interés compuesto: Es la suma del capital y el interés acumulado, que se va multiplicando según los plazos convenidos. La tasa de interés es el porcentaje que se aplica a un préstamo o inversión realizada.

Versión simplificada:",5.3107,success,,{},1636,zero-shot,hariel,hariel_mistral_cfg_1,0.3,0.9,1.1,256,,
exp_prompting_sample36_top4_20260506_041700,a420de9a-d0cc-4217-9095-c6814286112c,2026-05-06T04:32:32.396991,feina_repr30_test_sample36,,sample36,mistral,mistralai/Mistral-7B-Instruct-v0.2,ollama,zero-shot,R4,[],"{'temperature': 0.3, 'top_p': 0.9, 'repetition_penalty': 1.1, 'max_new_tokens': 256}",1740,La producción en un país se realiza mediante lo que se conoce como factores de producción y de los cuales nos ocuparemos en detalle más adelante.,A través de los factores de producción se realiza la producción en un país. Más adelante nos ocuparemos en detalle de estos factores.,"Producción en un país se hace usando factores, que mencionaremos después en más detalle.","Reescribe en español el siguiente texto con lenguaje más claro y sencillo.
Conserva el significado original y no inventes información.
Guía interna de simplificación: usa palabras comunes; evita tecnicismos innecesarios; reemplaza palabras difíciles por palabras simples; usa oraciones cortas; expresa una idea por oración; prefiere voz activa; divide oraciones largas; mantén la idea principal; elimina detalles secundarios si estorban; evita ambigüedades; explica conceptos abstractos de forma simple; mantén coherencia temporal; aclara números si aparecen; ordena de lo más importante a lo menos importante; usa tono directo y claro.

Devuelve solo la versión final simplificada.

Texto:
La producción en un país se realiza mediante lo que se conoce como factores de producción y de los cuales nos ocuparemos en detalle más adelante.

Versión simplificada:",3.2301,success,,{},1740,zero-shot,hariel,hariel_mistral_cfg_1,0.3,0.9,1.1,256,,
exp_prompting_sample36_top4_20260506_041700,04aa9190-994b-4f96-b606-3770ce54ba81,2026-05-06T04:32:35.967007,feina_repr30_test_sample36,,sample36,mistral,mistralai/Mistral-7B-Instruct-v0.2,ollama,zero-shot,R4,[],"{'temperature': 0.3, 'top_p': 0.9, 'repetition_penalty': 1.1, 'max_new_tokens': 256}",1742,"A pesar de que algunos critican al intermediario, se necesita a este individuo en la economía.","Aunque algunas personas critican al intermediario, este individuo es necesario en la economía.","Algunas personas criticaban al intermediario, pero era necesario para la economía.

(Translation: Some people criticized the intermediary, but he was necessary for the economy.)

Simplified version:
The intermediary was criticized by some, but needed in the economy.","Reescribe en español el siguiente texto con lenguaje más claro y sencillo.
Conserva el significado original y no inventes información.
Guía interna de simplificación: usa palabras comunes; evita tecnicismos innecesarios; reemplaza palabras difíciles por palabras simples; usa oraciones cortas; expresa una idea por oración; prefiere voz activa; divide oraciones largas; mantén la idea principal; elimina detalles secundarios si estorban; evita ambigüedades; explica conceptos abstractos de forma simple; mantén coherencia temporal; aclara números si aparecen; ordena de lo más importante a lo menos importante; usa tono directo y claro.

Devuelve solo la versión final simplificada.

Texto:
A pesar de que algunos critican al intermediario, se necesita a este individuo en la economía.

Versión simplificada:",4.4194,success,,{},1742,zero-shot,hariel,hariel_mistral_cfg_1,0.3,0.9,1.1,256,,
exp_prompting_sample36_top4_20260506_041700,310a8d6a-59f8-4b3b-9f7a-6fab8052f7f3,2026-05-06T04:32:40.738549,feina_repr30_test_sample36,,sample36,mistral,mistralai/Mistral-7B-Instruct-v0.2,ollama,zero-shot,R4,[],"{'temperature': 0.3, 'top_p': 0.9, 'repetition_penalty': 1.1, 'max_new_tokens': 256}",1790,El impuesto a los réditos es también un buen instrumento para conocer el monto de las rentas y de la riqueza nacional.,El impuesto a las utilidades también es un buen método para conocer el monto de las rentas y de la riqueza nacional.,"El impuesto sobre el ingreso es útil para saber cuánto gana la nación.

[","Reescribe en español el siguiente texto con lenguaje más claro y sencillo.
Conserva el significado original y no inventes información.
Guía interna de simplificación: usa palabras comunes; evita tecnicismos innecesarios; reemplaza palabras difíciles por palabras simples; usa oraciones cortas; expresa una idea por oración; prefiere voz activa; divide oraciones largas; mantén la idea principal; elimina detalles secundarios si estorban; evita ambigüedades; explica conceptos abstractos de forma simple; mantén coherencia temporal; aclara números si aparecen; ordena de lo más importante a lo menos importante; usa tono directo y claro.

Devuelve solo la versión final simplificada.

Texto:
El impuesto a los réditos es también un buen instrumento para conocer el monto de las rentas y de la riqueza nacional.

Versión simplificada:",4.2384,success,,{},1790,zero-shot,hariel,hariel_mistral_cfg_1,0.3,0.9,1.1,256,,
exp_prompting_sample36_top4_20260506_041700,5f14a8b9-9db4-4900-b004-700e1566c08a,2026-05-06T04:32:45.330937,feina_repr30_test_sample36,,sample36,mistral,mistralai/Mistral-7B-Instruct-v0.2,ollama,zero-shot,R4,[],"{'temperature': 0.3, 'top_p': 0.9, 'repetition_penalty': 1.1, 'max_new_tokens': 256}",1920,"También es de mucha ayuda separar las metas en tres períodos de tiempo para los propósitos de planeamiento, y aun cuando esto ya se trató en el capítulo anterior, se reitera tan importante aspecto, centrados en el tema del presente y con la intención de reforzar el manejo del mismo:","También ayuda separar las metas en tres períodos de tiempo para cumplir con los propósitos planteados. Aunque este aspecto ya se trató en el capítulo anterior, reiteramos su importancia:","It's helpful to divide goals into three time periods for planning purposes. Although this was discussed earlier, it's important to emphasize: focus on the present and manage it effectively.","Reescribe en español el siguiente texto con lenguaje más claro y sencillo.
Conserva el significado original y no inventes información.
Guía interna de simplificación: usa palabras comunes; evita tecnicismos innecesarios; reemplaza palabras difíciles por palabras simples; usa oraciones cortas; expresa una idea por oración; prefiere voz activa; divide oraciones largas; mantén la idea principal; elimina detalles secundarios si estorban; evita ambigüedades; explica conceptos abstractos de forma simple; mantén coherencia temporal; aclara números si aparecen; ordena de lo más importante a lo menos importante; usa tono directo y claro.

Devuelve solo la versión final simplificada.

Texto:
También es de mucha ayuda separar las metas en tres períodos de tiempo para los propósitos de planeamiento, y aun cuando esto ya se trató en el capítulo anterior, se reitera tan importante aspecto, centrados en el tema del presente y con la intención de reforzar el manejo del mismo:

Versión simplificada:",3.6588,success,,{},1920,zero-shot,hariel,hariel_mistral_cfg_1,0.3,0.9,1.1,256,,
exp_prompting_sample36_top4_20260506_041700,e5232f62-eade-4012-8a9b-10b4bb441b87,2026-05-06T04:32:49.342198,feina_repr30_test_sample36,,sample36,mistral,mistralai/Mistral-7B-Instruct-v0.2,ollama,zero-shot,R4,[],"{'temperature': 0.3, 'top_p': 0.9, 'repetition_penalty': 1.1, 'max_new_tokens': 256}",2027,Seguridad financiera: Consiste en cumplir con las necesidades que se presentan en el futuro de las personas y al mismo tiempo cumplir con las obligaciones diarias.,"Seguridad financiera, consiste en cumplir con las necesidades económicas que se presentan en el futuro de las personas y también cumplir con las obligaciones financieras diarias.","Seguridad financiera: Consiste en satisfacer las necesidades futuras y los gastos diarios.

Translation: Financial security consists in meeting future needs and daily expenses.","Reescribe en español el siguiente texto con lenguaje más claro y sencillo.
Conserva el significado original y no inventes información.
Guía interna de simplificación: usa palabras comunes; evita tecnicismos innecesarios; reemplaza palabras difíciles por palabras simples; usa oraciones cortas; expresa una idea por oración; prefiere voz activa; divide oraciones largas; mantén la idea principal; elimina detalles secundarios si estorban; evita ambigüedades; explica conceptos abstractos de forma simple; mantén coherencia temporal; aclara números si aparecen; ordena de lo más importante a lo menos importante; usa tono directo y claro.

Devuelve solo la versión final simplificada.

Texto:
Seguridad financiera: Consiste en cumplir con las necesidades que se presentan en el futuro de las personas y al mismo tiempo cumplir con las obligaciones diarias.

Versión simplificada:",3.6811,success,,{},2027,zero-shot,hariel,hariel_mistral_cfg_1,0.3,0.9,1.1,256,,
exp_prompting_sample36_top4_20260506_041700,9344103e-10d8-4934-9663-6266a831d586,2026-05-06T04:32:53.378845,feina_repr30_test_sample36,,sample36,mistral,mistralai/Mistral-7B-Instruct-v0.2,ollama,zero-shot,R4,[],"{'temperature': 0.3, 'top_p': 0.9, 'repetition_penalty': 1.1, 'max_new_tokens': 256}",2065,"La última, pero no menos importante razón, puede ser encontrar un fascinante campo de acción intelectual para comprender el mundo real.",La última es encontrar un campo de acción intelectual para comprender el mundo real.,Última razón importante: encontrar interesante campo mental para entender el mundo real.,"Reescribe en español el siguiente texto con lenguaje más claro y sencillo.
Conserva el significado original y no inventes información.
Guía interna de simplificación: usa palabras comunes; evita tecnicismos innecesarios; reemplaza palabras difíciles por palabras simples; usa oraciones cortas; expresa una idea por oración; prefiere voz activa; divide oraciones largas; mantén la idea principal; elimina detalles secundarios si estorban; evita ambigüedades; explica conceptos abstractos de forma simple; mantén coherencia temporal; aclara números si aparecen; ordena de lo más importante a lo menos importante; usa tono directo y claro.

Devuelve solo la versión final simplificada.

Texto:
La última, pero no menos importante razón, puede ser encontrar un fascinante campo de acción intelectual para comprender el mundo real.

Versión simplificada:",3.4421,success,,{},2065,zero-shot,hariel,hariel_mistral_cfg_1,0.3,0.9,1.1,256,,
exp_prompting_sample36_top4_20260506_041700,b1b0fd18-66bf-482c-ba62-5768152b2af4,2026-05-06T04:32:57.399298,feina_repr30_test_sample36,,sample36,mistral,mistralai/Mistral-7B-Instruct-v0.2,ollama,zero-shot,R4,[],"{'temperature': 0.3, 'top_p': 0.9, 'repetition_penalty': 1.1, 'max_new_tokens': 256}",2365,"Si el entusiasmo, y esto no es idealismo ramplón, se orienta hacia la salud, la belleza, el éxito, la felicidad, lo más probable es que se obtenga la salud, la belleza, el éxito y la felicidad.","Si el entusiasmo se dirige hacia la salud, la belleza, el éxito, la felicidad es probable que los consigamos.","Si el entusiasmo se dirige hacia la salud, la belleza, el éxito y la felicidad, es probable que obtengas todas ellas.","Reescribe en español el siguiente texto con lenguaje más claro y sencillo.
Conserva el significado original y no inventes información.
Guía interna de simplificación: usa palabras comunes; evita tecnicismos innecesarios; reemplaza palabras difíciles por palabras simples; usa oraciones cortas; expresa una idea por oración; prefiere voz activa; divide oraciones largas; mantén la idea principal; elimina detalles secundarios si estorban; evita ambigüedades; explica conceptos abstractos de forma simple; mantén coherencia temporal; aclara números si aparecen; ordena de lo más importante a lo menos importante; usa tono directo y claro.

Devuelve solo la versión final simplificada.

Texto:
Si el entusiasmo, y esto no es idealismo ramplón, se orienta hacia la salud, la belleza, el éxito, la felicidad, lo más probable es que se obtenga la salud, la belleza, el éxito y la felicidad.

Versión simplificada:",3.7799,success,,{},2365,zero-shot,hariel,hariel_mistral_cfg_1,0.3,0.9,1.1,256,,
exp_prompting_sample36_top4_20260506_041700,93e3362f-0f26-4ebf-82cd-8fa6176c8b4b,2026-05-06T04:33:01.516622,feina_repr30_test_sample36,,sample36,mistral,mistralai/Mistral-7B-Instruct-v0.2,ollama,zero-shot,R4,[],"{'temperature': 0.3, 'top_p': 0.9, 'repetition_penalty': 1.1, 'max_new_tokens': 256}",2449,"En la segunda etapa de programación, se definen los objetivos y se fijan las metas o resultados esperados, que deben ser lo más específicos y precisos posibles, para tener claridad en lo que se trata de alcanzar con las inversiones por realizar; por ejemplo, los tipos de inversión y los montos que se pretenden lograr en un tiempo definido y otros que pueden describirse en términos de logro o resultados que se desean alcanzar.","En la segunda etapa de programación, se definen los objetivos y se fijan las metas específicas.","During the second programming stage, we set specific and clear goals with expected results. For instance, the types of investments and desired amounts within a given timeframe. Other goals can be described as achievements or outcomes we aim to reach.","Reescribe en español el siguiente texto con lenguaje más claro y sencillo.
Conserva el significado original y no inventes información.
Guía interna de simplificación: usa palabras comunes; evita tecnicismos innecesarios; reemplaza palabras difíciles por palabras simples; usa oraciones cortas; expresa una idea por oración; prefiere voz activa; divide oraciones largas; mantén la idea principal; elimina detalles secundarios si estorban; evita ambigüedades; explica conceptos abstractos de forma simple; mantén coherencia temporal; aclara números si aparecen; ordena de lo más importante a lo menos importante; usa tono directo y claro.

Devuelve solo la versión final simplificada.

Texto:
En la segunda etapa de programación, se definen los objetivos y se fijan las metas o resultados esperados, que deben ser lo más específicos y precisos posibles, para tener claridad en lo que se trata de alcanzar con las inversiones por realizar; por ejemplo, los tipos de inversión y los montos que se pretenden lograr en un tiempo definido y otros que pueden describirse en términos de logro o resultados que se desean alcanzar.

Versión simplificada:",4.0048,success,,{},2449,zero-shot,hariel,hariel_mistral_cfg_1,0.3,0.9,1.1,256,,
exp_prompting_sample36_top4_20260506_041700,d7da6466-56e1-4f3e-9262-a3ecfbbb55ec,2026-05-06T04:33:05.904684,feina_repr30_test_sample36,,sample36,mistral,mistralai/Mistral-7B-Instruct-v0.2,ollama,zero-shot,R4,[],"{'temperature': 0.3, 'top_p': 0.9, 'repetition_penalty': 1.1, 'max_new_tokens': 256}",2550,Estas tarjetas acarrean pocos riesgos y te ayudan a crear buenos antecedentes crediticios al mostrar tu capacidad para usar una tarjeta con responsabilidad.,Estas tarjetas traen pocos riesgos y ayudan a crear buen historial crediticio.,"Estas tarjetas tienen poca risks y te ayudan a crear buenos créditos al demostrar que puedes usar una tarjeta con responsabilidad.

(Translation: These cards have few risks and help you create good credit records by showing that you can use a card responsibly.)

Simplified version:
These cards have little risk and help create good credit records by demonstrating responsible use.","Reescribe en español el siguiente texto con lenguaje más claro y sencillo.
Conserva el significado original y no inventes información.
Guía interna de simplificación: usa palabras comunes; evita tecnicismos innecesarios; reemplaza palabras difíciles por palabras simples; usa oraciones cortas; expresa una idea por oración; prefiere voz activa; divide oraciones largas; mantén la idea principal; elimina detalles secundarios si estorban; evita ambigüedades; explica conceptos abstractos de forma simple; mantén coherencia temporal; aclara números si aparecen; ordena de lo más importante a lo menos importante; usa tono directo y claro.

Devuelve solo la versión final simplificada.

Texto:
Estas tarjetas acarrean pocos riesgos y te ayudan a crear buenos antecedentes crediticios al mostrar tu capacidad para usar una tarjeta con responsabilidad.

Versión simplificada:",5.281,success,,{},2550,zero-shot,hariel,hariel_mistral_cfg_1,0.3,0.9,1.1,256,,
exp_prompting_sample36_top4_20260506_041700,d1fb6f33-1008-4796-8dfc-839aea6f1747,2026-05-06T04:33:11.527764,feina_repr30_test_sample36,,sample36,mistral,mistralai/Mistral-7B-Instruct-v0.2,ollama,zero-shot,R4,[],"{'temperature': 0.3, 'top_p': 0.9, 'repetition_penalty': 1.1, 'max_new_tokens': 256}",2657,"Adicionalmente, el canal móvil (celulares) es de alto potencial para utilizar pagos a través de mensajería de texto SMS permitiendo, desde cualquier lugar donde se tenga acceso al servicio inalámbrico, realizar pagos electrónicos.","Además, los celulares permiten realizar pagos electrónicos desde cualquier lugar con acceso al servicio inalámbrico.","Además, los móviles celulares pueden usar pagos a través de SMS text messages, permitiendo realizar transacciones electrónicas desde cualquier lugar con acceso a servicio inalámbrico.

(Additionally, mobile phones can use payments through SMS text messages, allowing electronic transactions from any location with wireless service access.)","Reescribe en español el siguiente texto con lenguaje más claro y sencillo.
Conserva el significado original y no inventes información.
Guía interna de simplificación: usa palabras comunes; evita tecnicismos innecesarios; reemplaza palabras difíciles por palabras simples; usa oraciones cortas; expresa una idea por oración; prefiere voz activa; divide oraciones largas; mantén la idea principal; elimina detalles secundarios si estorban; evita ambigüedades; explica conceptos abstractos de forma simple; mantén coherencia temporal; aclara números si aparecen; ordena de lo más importante a lo menos importante; usa tono directo y claro.

Devuelve solo la versión final simplificada.

Texto:
Adicionalmente, el canal móvil (celulares) es de alto potencial para utilizar pagos a través de mensajería de texto SMS permitiendo, desde cualquier lugar donde se tenga acceso al servicio inalámbrico, realizar pagos electrónicos.

Versión simplificada:",4.8548,success,,{},2657,zero-shot,hariel,hariel_mistral_cfg_1,0.3,0.9,1.1,256,,
exp_prompting_sample36_top4_20260506_041700,c6631458-5024-4d7e-a21a-c21e894652fa,2026-05-06T04:33:16.725959,feina_repr30_test_sample36,,sample36,mistral,mistralai/Mistral-7B-Instruct-v0.2,ollama,zero-shot,R4,[],"{'temperature': 0.3, 'top_p': 0.9, 'repetition_penalty': 1.1, 'max_new_tokens': 256}",2703,"Existen varias modalidades de cheques, como lo mencionan los mismos Alonso, Brailovsky y Ortiz (1999).","Según Alonso, Brailovsky y Ortiz (mil novecientos noventa y nueve) hay varias modalidades de cheques.","Hay diferentes tipos de cheques, según lo indicado por Alonso, Brailovsky y Ortiz en 1999.","Reescribe en español el siguiente texto con lenguaje más claro y sencillo.
Conserva el significado original y no inventes información.
Guía interna de simplificación: usa palabras comunes; evita tecnicismos innecesarios; reemplaza palabras difíciles por palabras simples; usa oraciones cortas; expresa una idea por oración; prefiere voz activa; divide oraciones largas; mantén la idea principal; elimina detalles secundarios si estorban; evita ambigüedades; explica conceptos abstractos de forma simple; mantén coherencia temporal; aclara números si aparecen; ordena de lo más importante a lo menos importante; usa tono directo y claro.

Devuelve solo la versión final simplificada.

Texto:
Existen varias modalidades de cheques, como lo mencionan los mismos Alonso, Brailovsky y Ortiz (1999).

Versión simplificada:",3.4605,success,,{},2703,zero-shot,hariel,hariel_mistral_cfg_1,0.3,0.9,1.1,256,,
exp_prompting_sample36_top4_20260506_041700,8bb525b2-6544-46aa-b8e0-cb73daf8c3b4,2026-05-06T04:33:20.540200,feina_repr30_test_sample36,,sample36,mistral,mistralai/Mistral-7B-Instruct-v0.2,ollama,zero-shot,R4,[],"{'temperature': 0.3, 'top_p': 0.9, 'repetition_penalty': 1.1, 'max_new_tokens': 256}",2732,"La mayor ventaja es la flexibilidad que le da al usuario, quien puede pagar sus saldos por completo cada mes o puede pagar en parte.",La mayor ventaja es la flexibilidad para el usuario. Quien puede pagar sus saldos completos o en parte mensualmente.,El usuario puede pagar todo en un solo pago cada mes o solo una parte. (The user can pay in full every month or just a part of it.),"Reescribe en español el siguiente texto con lenguaje más claro y sencillo.
Conserva el significado original y no inventes información.
Guía interna de simplificación: usa palabras comunes; evita tecnicismos innecesarios; reemplaza palabras difíciles por palabras simples; usa oraciones cortas; expresa una idea por oración; prefiere voz activa; divide oraciones largas; mantén la idea principal; elimina detalles secundarios si estorban; evita ambigüedades; explica conceptos abstractos de forma simple; mantén coherencia temporal; aclara números si aparecen; ordena de lo más importante a lo menos importante; usa tono directo y claro.

Devuelve solo la versión final simplificada.

Texto:
La mayor ventaja es la flexibilidad que le da al usuario, quien puede pagar sus saldos por completo cada mes o puede pagar en parte.

Versión simplificada:",3.8133,success,,{},2732,zero-shot,hariel,hariel_mistral_cfg_1,0.3,0.9,1.1,256,,
exp_prompting_sample36_top4_20260506_041700,1074e9c3-c802-41fc-bfa9-dfba3893b30e,2026-05-06T04:33:24.702550,feina_repr30_test_sample36,,sample36,mistral,mistralai/Mistral-7B-Instruct-v0.2,ollama,zero-shot,R4,[],"{'temperature': 0.3, 'top_p': 0.9, 'repetition_penalty': 1.1, 'max_new_tokens': 256}",2947,"El dinero que inviertes inicialmente se denomina ""capital"".",El capital es el dinero invertido inicialmente.,"El dinero que inicias en inversiones se llama ""capital"".

(Money that you initially invest is called ""capital."")","Reescribe en español el siguiente texto con lenguaje más claro y sencillo.
Conserva el significado original y no inventes información.
Guía interna de simplificación: usa palabras comunes; evita tecnicismos innecesarios; reemplaza palabras difíciles por palabras simples; usa oraciones cortas; expresa una idea por oración; prefiere voz activa; divide oraciones largas; mantén la idea principal; elimina detalles secundarios si estorban; evita ambigüedades; explica conceptos abstractos de forma simple; mantén coherencia temporal; aclara números si aparecen; ordena de lo más importante a lo menos importante; usa tono directo y claro.

Devuelve solo la versión final simplificada.

Texto:
El dinero que inviertes inicialmente se denomina ""capital"".

Versión simplificada:",3.5265,success,,{},2947,zero-shot,hariel,hariel_mistral_cfg_1,0.3,0.9,1.1,256,,
exp_prompting_sample36_top4_20260506_041700,147fcc1c-db3f-44da-8b4e-555754761c4c,2026-05-06T04:33:28.563331,feina_repr30_test_sample36,,sample36,mistral,mistralai/Mistral-7B-Instruct-v0.2,ollama,zero-shot,R4,[],"{'temperature': 0.3, 'top_p': 0.9, 'repetition_penalty': 1.1, 'max_new_tokens': 256}",3320,"Existen modelos cuantitativos que permiten determinar de manera técnica el valor de la tasa de descuento como el CAPM1 y el WACC2 (Bell, 2016), los cuales no se incluyen en el presente documento; no obstante, la determinación subjetiva de la tasa de descuento exigida por el accionista puede utilizarse ante la falta de información de los mencionados modelos.","Hay modelos cuantitativos para determinar técnicamente el valor de la tasa de descuento, pero no se incluyen en este documento. Sin embargo, la determinación subjetiva de la tasa de descuento exigida por el accionista se puede utilizar ante la falta de información de esos modelos.","Hay modelos que calculan la tasa de descuento técnicamente, como CAPM y WACC (Bell, 2016), que no están incluidos en este documento. Sin embargo, se puede determinar subjectivamente la tasa de descuento exigida por el accionista al faltar información de estos modelos.","Reescribe en español el siguiente texto con lenguaje más claro y sencillo.
Conserva el significado original y no inventes información.
Guía interna de simplificación: usa palabras comunes; evita tecnicismos innecesarios; reemplaza palabras difíciles por palabras simples; usa oraciones cortas; expresa una idea por oración; prefiere voz activa; divide oraciones largas; mantén la idea principal; elimina detalles secundarios si estorban; evita ambigüedades; explica conceptos abstractos de forma simple; mantén coherencia temporal; aclara números si aparecen; ordena de lo más importante a lo menos importante; usa tono directo y claro.

Devuelve solo la versión final simplificada.

Texto:
Existen modelos cuantitativos que permiten determinar de manera técnica el valor de la tasa de descuento como el CAPM1 y el WACC2 (Bell, 2016), los cuales no se incluyen en el presente documento; no obstante, la determinación subjetiva de la tasa de descuento exigida por el accionista puede utilizarse ante la falta de información de los mencionados modelos.

Versión simplificada:",6.5996,success,,{},3320,zero-shot,hariel,hariel_mistral_cfg_1,0.3,0.9,1.1,256,,
exp_prompting_sample36_top4_20260506_041700,9a410002-277c-408e-a579-83fdcff2c2dc,2026-05-06T04:33:35.721395,feina_repr30_test_sample36,,sample36,mistral,mistralai/Mistral-7B-Instruct-v0.2,ollama,zero-shot,R4,[],"{'temperature': 0.3, 'top_p': 0.9, 'repetition_penalty': 1.1, 'max_new_tokens': 256}",3396,"Particularmente, se observa que el escenario 3 es el único que presenta una situación que no sea rentable.",El escenario tres es el único que presenta una situación no rentable.,Solo el escenario tres no es rentable.,"Reescribe en español el siguiente texto con lenguaje más claro y sencillo.
Conserva el significado original y no inventes información.
Guía interna de simplificación: usa palabras comunes; evita tecnicismos innecesarios; reemplaza palabras difíciles por palabras simples; usa oraciones cortas; expresa una idea por oración; prefiere voz activa; divide oraciones largas; mantén la idea principal; elimina detalles secundarios si estorban; evita ambigüedades; explica conceptos abstractos de forma simple; mantén coherencia temporal; aclara números si aparecen; ordena de lo más importante a lo menos importante; usa tono directo y claro.

Devuelve solo la versión final simplificada.

Texto:
Particularmente, se observa que el escenario 3 es el único que presenta una situación que no sea rentable.

Versión simplificada:",3.3885,success,,{},3396,zero-shot,hariel,hariel_mistral_cfg_1,0.3,0.9,1.1,256,,
exp_prompting_sample36_top4_20260506_041700,78f1ef32-bb34-4ca4-9fc8-6163c8f9ee23,2026-05-06T04:33:39.445991,feina_repr30_test_sample36,,sample36,mistral,mistralai/Mistral-7B-Instruct-v0.2,ollama,zero-shot,R4,[],"{'temperature': 0.3, 'top_p': 0.9, 'repetition_penalty': 1.1, 'max_new_tokens': 256}",3404,"Obtenga el rendimiento de un bono de $10,000 que paga el 6.",Saque el rendimiento de un bono de diez mil dólares que paga el seis.,"Obtén el beneficio de un bonos de diez mil dólares que paga el 6%
(Obtain the benefit of a bond worth ten thousand dollars that pays a 6% interest)","Reescribe en español el siguiente texto con lenguaje más claro y sencillo.
Conserva el significado original y no inventes información.
Guía interna de simplificación: usa palabras comunes; evita tecnicismos innecesarios; reemplaza palabras difíciles por palabras simples; usa oraciones cortas; expresa una idea por oración; prefiere voz activa; divide oraciones largas; mantén la idea principal; elimina detalles secundarios si estorban; evita ambigüedades; explica conceptos abstractos de forma simple; mantén coherencia temporal; aclara números si aparecen; ordena de lo más importante a lo menos importante; usa tono directo y claro.

Devuelve solo la versión final simplificada.

Texto:
Obtenga el rendimiento de un bono de $10,000 que paga el 6.

Versión simplificada:",3.7907,success,,{},3404,zero-shot,hariel,hariel_mistral_cfg_1,0.3,0.9,1.1,256,,
exp_prompting_sample36_top4_20260506_041700,90039a13-4b15-48ba-b09b-eb70d669446c,2026-05-06T04:33:43.594099,feina_repr30_test_sample36,,sample36,mistral,mistralai/Mistral-7B-Instruct-v0.2,ollama,zero-shot,R4,[],"{'temperature': 0.3, 'top_p': 0.9, 'repetition_penalty': 1.1, 'max_new_tokens': 256}",3570,"De partida, el tema concierne a todos los individuos y durante toda la vida, pues las finanzas explican la procedencia y uso de los ingresos y recursos que se disponen para satisfacer las necesidades particulares de todas y todos.",El tema interesa a todas las personas. Porque las finanzas explican el origen y uso de los ingresos disponibles para satisfacer las necesidades de todos.,"El tema de las finanzas afecta a todos y toda la vida, ya que explica donde vienen y cómo se usan los ingresos y recursos para cumplir con nuestras necesidades personales.","Reescribe en español el siguiente texto con lenguaje más claro y sencillo.
Conserva el significado original y no inventes información.
Guía interna de simplificación: usa palabras comunes; evita tecnicismos innecesarios; reemplaza palabras difíciles por palabras simples; usa oraciones cortas; expresa una idea por oración; prefiere voz activa; divide oraciones largas; mantén la idea principal; elimina detalles secundarios si estorban; evita ambigüedades; explica conceptos abstractos de forma simple; mantén coherencia temporal; aclara números si aparecen; ordena de lo más importante a lo menos importante; usa tono directo y claro.

Devuelve solo la versión final simplificada.

Texto:
De partida, el tema concierne a todos los individuos y durante toda la vida, pues las finanzas explican la procedencia y uso de los ingresos y recursos que se disponen para satisfacer las necesidades particulares de todas y todos.

Versión simplificada:",3.9841,success,,{},3570,zero-shot,hariel,hariel_mistral_cfg_1,0.3,0.9,1.1,256,,
exp_prompting_sample36_top4_20260506_041700,3bc8dd7d-1938-4045-a28f-3f32828a27c4,2026-05-06T04:33:48.097952,feina_repr30_test_sample36,,sample36,mistral,mistralai/Mistral-7B-Instruct-v0.2,ollama,zero-shot,R4,[],"{'temperature': 0.3, 'top_p': 0.9, 'repetition_penalty': 1.1, 'max_new_tokens': 256}",3653,¿Qué función cumplen las empresas en la sociedad?,¿Qué función tienen las empresas en la sociedad?,"¿Qué hacen las empresas para la sociedad?

Respuesta clara: Empresas producen bienes y servicios, crean empleos y pagan impuestos.","Reescribe en español el siguiente texto con lenguaje más claro y sencillo.
Conserva el significado original y no inventes información.
Guía interna de simplificación: usa palabras comunes; evita tecnicismos innecesarios; reemplaza palabras difíciles por palabras simples; usa oraciones cortas; expresa una idea por oración; prefiere voz activa; divide oraciones largas; mantén la idea principal; elimina detalles secundarios si estorban; evita ambigüedades; explica conceptos abstractos de forma simple; mantén coherencia temporal; aclara números si aparecen; ordena de lo más importante a lo menos importante; usa tono directo y claro.

Devuelve solo la versión final simplificada.

Texto:
¿Qué función cumplen las empresas en la sociedad?

Versión simplificada:",4.3447,success,,{},3653,zero-shot,hariel,hariel_mistral_cfg_1,0.3,0.9,1.1,256,,
exp_prompting_sample36_top4_20260506_041700,804752dd-329c-425f-803a-ba5b6ea8032c,2026-05-06T04:33:52.795153,feina_repr30_test_sample36,,sample36,mistral,mistralai/Mistral-7B-Instruct-v0.2,ollama,zero-shot,R4,[],"{'temperature': 0.3, 'top_p': 0.9, 'repetition_penalty': 1.1, 'max_new_tokens': 256}",3712,Estos principios están diseñados para promover que las firmas de servicios financieros y las organizaciones de consumidores hagan más para educar a los ciudadanos en esta área.,Estos principios están diseñados para promover que las empresas de servicios financieros y las organizaciones de consumidores hagan más para educar a los ciudadanos en esta área.,"Estos principios fomentan que empresas financieras y consumidoras educen mejor a la gente en este ámbite.

(Principles are designed to encourage financial service firms and consumer organizations to educate people more in this area.)","Reescribe en español el siguiente texto con lenguaje más claro y sencillo.
Conserva el significado original y no inventes información.
Guía interna de simplificación: usa palabras comunes; evita tecnicismos innecesarios; reemplaza palabras difíciles por palabras simples; usa oraciones cortas; expresa una idea por oración; prefiere voz activa; divide oraciones largas; mantén la idea principal; elimina detalles secundarios si estorban; evita ambigüedades; explica conceptos abstractos de forma simple; mantén coherencia temporal; aclara números si aparecen; ordena de lo más importante a lo menos importante; usa tono directo y claro.

Devuelve solo la versión final simplificada.

Texto:
Estos principios están diseñados para promover que las firmas de servicios financieros y las organizaciones de consumidores hagan más para educar a los ciudadanos en esta área.

Versión simplificada:",4.2452,success,,{},3712,zero-shot,hariel,hariel_mistral_cfg_1,0.3,0.9,1.1,256,,
exp_prompting_sample36_top4_20260506_041700,746fb708-3b14-44af-af34-52b95063123e,2026-05-06T04:33:57.391428,feina_repr30_test_sample36,,sample36,mistral,mistralai/Mistral-7B-Instruct-v0.2,ollama,zero-shot,R4,[],"{'temperature': 0.3, 'top_p': 0.9, 'repetition_penalty': 1.1, 'max_new_tokens': 256}",3776,"Hable con ellos, déles la cara, y hágales saber que está haciendo todo lo que puede para pagarles.","Hable con ellos, enfréntelos y comuníqueles que está haciendo lo posible para pagarles.","Habla con ellos, hazlo claro que trabajas duro por pagarlos.","Reescribe en español el siguiente texto con lenguaje más claro y sencillo.
Conserva el significado original y no inventes información.
Guía interna de simplificación: usa palabras comunes; evita tecnicismos innecesarios; reemplaza palabras difíciles por palabras simples; usa oraciones cortas; expresa una idea por oración; prefiere voz activa; divide oraciones largas; mantén la idea principal; elimina detalles secundarios si estorban; evita ambigüedades; explica conceptos abstractos de forma simple; mantén coherencia temporal; aclara números si aparecen; ordena de lo más importante a lo menos importante; usa tono directo y claro.

Devuelve solo la versión final simplificada.

Texto:
Hable con ellos, déles la cara, y hágales saber que está haciendo todo lo que puede para pagarles.

Versión simplificada:",3.1257,success,,{},3776,zero-shot,hariel,hariel_mistral_cfg_1,0.3,0.9,1.1,256,,
exp_prompting_sample36_top4_20260506_041700,36f3ac1c-7501-4945-a060-83603357cec9,2026-05-06T04:34:01.104563,feina_repr30_test_sample36,,sample36,mistral,mistralai/Mistral-7B-Instruct-v0.2,ollama,zero-shot,R4,[],"{'temperature': 0.3, 'top_p': 0.9, 'repetition_penalty': 1.1, 'max_new_tokens': 256}",3819,Pero ¿en qué se compite?,Pero ¿en qué se compite?,"¿En qué se disputa la competencia?

(","Reescribe en español el siguiente texto con lenguaje más claro y sencillo.
Conserva el significado original y no inventes información.
Guía interna de simplificación: usa palabras comunes; evita tecnicismos innecesarios; reemplaza palabras difíciles por palabras simples; usa oraciones cortas; expresa una idea por oración; prefiere voz activa; divide oraciones largas; mantén la idea principal; elimina detalles secundarios si estorban; evita ambigüedades; explica conceptos abstractos de forma simple; mantén coherencia temporal; aclara números si aparecen; ordena de lo más importante a lo menos importante; usa tono directo y claro.

Devuelve solo la versión final simplificada.

Texto:
Pero ¿en qué se compite?

Versión simplificada:",4.7893,success,,{},3819,zero-shot,hariel,hariel_mistral_cfg_1,0.3,0.9,1.1,256,,
exp_prompting_sample36_top4_20260506_041700,94a13f95-5848-42e7-8738-e69f89dc9ae9,2026-05-06T04:34:06.228215,feina_repr30_test_sample36,,sample36,mistral,mistralai/Mistral-7B-Instruct-v0.2,ollama,zero-shot,R4,[],"{'temperature': 0.3, 'top_p': 0.9, 'repetition_penalty': 1.1, 'max_new_tokens': 256}",4006,"Por otra parte, algunas personas sostienen que un impuesto de 10 por ciento impondría el mismo sacrificio a ambas familias.","Por otra parte, algunas personas sostienen que un impuesto de diez por ciento impondría el mismo sacrificio a ambas familias.","Algunas personas creen que una impuesto del 10% afectaría igual a ambas familias.

(","Reescribe en español el siguiente texto con lenguaje más claro y sencillo.
Conserva el significado original y no inventes información.
Guía interna de simplificación: usa palabras comunes; evita tecnicismos innecesarios; reemplaza palabras difíciles por palabras simples; usa oraciones cortas; expresa una idea por oración; prefiere voz activa; divide oraciones largas; mantén la idea principal; elimina detalles secundarios si estorban; evita ambigüedades; explica conceptos abstractos de forma simple; mantén coherencia temporal; aclara números si aparecen; ordena de lo más importante a lo menos importante; usa tono directo y claro.

Devuelve solo la versión final simplificada.

Texto:
Por otra parte, algunas personas sostienen que un impuesto de 10 por ciento impondría el mismo sacrificio a ambas familias.

Versión simplificada:",4.0639,success,,{},4006,zero-shot,hariel,hariel_mistral_cfg_1,0.3,0.9,1.1,256,,
exp_prompting_sample36_top4_20260506_041700,5297746b-ab74-4d1c-b54d-565f6cd6ca01,2026-05-06T04:34:10.655023,feina_repr30_test_sample36,,sample36,mistral,mistralai/Mistral-7B-Instruct-v0.2,ollama,zero-shot,R4,[],"{'temperature': 0.3, 'top_p': 0.9, 'repetition_penalty': 1.1, 'max_new_tokens': 256}",4276,"Al principio, como ya vimos en el trueque, adoptó la forma de mercancía, pero con el tiempo se transformó en dinero-papel, cuentas corrientes y otras formas.","Al principio, tuvo la forma de mercancía, pero luego se transformó en dinero-papel, cuentas corrientes y otras formas.","Al principio, en el trueque, se convirtió en mercancía. Luego, pasó a ser papel moneda, cuentas corrientes y otras formas.","Reescribe en español el siguiente texto con lenguaje más claro y sencillo.
Conserva el significado original y no inventes información.
Guía interna de simplificación: usa palabras comunes; evita tecnicismos innecesarios; reemplaza palabras difíciles por palabras simples; usa oraciones cortas; expresa una idea por oración; prefiere voz activa; divide oraciones largas; mantén la idea principal; elimina detalles secundarios si estorban; evita ambigüedades; explica conceptos abstractos de forma simple; mantén coherencia temporal; aclara números si aparecen; ordena de lo más importante a lo menos importante; usa tono directo y claro.

Devuelve solo la versión final simplificada.

Texto:
Al principio, como ya vimos en el trueque, adoptó la forma de mercancía, pero con el tiempo se transformó en dinero-papel, cuentas corrientes y otras formas.

Versión simplificada:",3.7181,success,,{},4276,zero-shot,hariel,hariel_mistral_cfg_1,0.3,0.9,1.1,256,,
exp_prompting_sample36_top4_20260506_041700,1bbb4b5f-01e1-4463-96f9-e7669d77635f,2026-05-06T04:34:15.058906,feina_repr30_test_sample36,,sample36,mistral,mistralai/Mistral-7B-Instruct-v0.2,ollama,zero-shot,R4,[],"{'temperature': 0.3, 'top_p': 0.9, 'repetition_penalty': 1.1, 'max_new_tokens': 256}",4284,"¿Son estos sólo sueños, o son metas reales?",¿Estos son sólo sueños o son metas reales?,"Son estos sueños o metas reales?

Respuesta clara: Son lo que, realmente?

Version simplified: Are these just dreams or real goals?","Reescribe en español el siguiente texto con lenguaje más claro y sencillo.
Conserva el significado original y no inventes información.
Guía interna de simplificación: usa palabras comunes; evita tecnicismos innecesarios; reemplaza palabras difíciles por palabras simples; usa oraciones cortas; expresa una idea por oración; prefiere voz activa; divide oraciones largas; mantén la idea principal; elimina detalles secundarios si estorban; evita ambigüedades; explica conceptos abstractos de forma simple; mantén coherencia temporal; aclara números si aparecen; ordena de lo más importante a lo menos importante; usa tono directo y claro.

Devuelve solo la versión final simplificada.

Texto:
¿Son estos sólo sueños, o son metas reales?

Versión simplificada:",4.1525,success,,{},4284,zero-shot,hariel,hariel_mistral_cfg_1,0.3,0.9,1.1,256,,
exp_prompting_sample36_top4_20260506_041700,9d86847b-b43a-42d0-8ee6-491ed3a9fcf2,2026-05-06T04:34:19.542959,feina_repr30_test_sample36,,sample36,mistral,mistralai/Mistral-7B-Instruct-v0.2,ollama,zero-shot,R4,[],"{'temperature': 0.3, 'top_p': 0.9, 'repetition_penalty': 1.1, 'max_new_tokens': 256}",4638,"En los pueblos donde el principio de la elección se extiende a todo, no hay propiamente hablando carrera pública.",En los pueblos donde el principio de la elección se extiende a todo no existe la carrera pública.,"En poblados donde todos pueden votar, no hay verdadera carrera política.","Reescribe en español el siguiente texto con lenguaje más claro y sencillo.
Conserva el significado original y no inventes información.
Guía interna de simplificación: usa palabras comunes; evita tecnicismos innecesarios; reemplaza palabras difíciles por palabras simples; usa oraciones cortas; expresa una idea por oración; prefiere voz activa; divide oraciones largas; mantén la idea principal; elimina detalles secundarios si estorban; evita ambigüedades; explica conceptos abstractos de forma simple; mantén coherencia temporal; aclara números si aparecen; ordena de lo más importante a lo menos importante; usa tono directo y claro.

Devuelve solo la versión final simplificada.

Texto:
En los pueblos donde el principio de la elección se extiende a todo, no hay propiamente hablando carrera pública.

Versión simplificada:",3.0682,success,,{},4638,zero-shot,hariel,hariel_mistral_cfg_1,0.3,0.9,1.1,256,,
exp_prompting_sample36_top4_20260506_041700,458dc10d-0b09-42ca-88da-acab85cc1945,2026-05-06T04:34:22.948619,feina_repr30_test_sample36,,sample36,mistral,mistralai/Mistral-7B-Instruct-v0.2,ollama,zero-shot,R4,[],"{'temperature': 0.3, 'top_p': 0.9, 'repetition_penalty': 1.1, 'max_new_tokens': 256}",4751,"Sin entusiasmo, dijo alguien famoso, nunca se ha podido realizar nada grande.",Sin entusiasmo no se logró nada grande.,Famosa persona dijo desentusiastamente: nada grande se ha logrado sin entusiasmo.,"Reescribe en español el siguiente texto con lenguaje más claro y sencillo.
Conserva el significado original y no inventes información.
Guía interna de simplificación: usa palabras comunes; evita tecnicismos innecesarios; reemplaza palabras difíciles por palabras simples; usa oraciones cortas; expresa una idea por oración; prefiere voz activa; divide oraciones largas; mantén la idea principal; elimina detalles secundarios si estorban; evita ambigüedades; explica conceptos abstractos de forma simple; mantén coherencia temporal; aclara números si aparecen; ordena de lo más importante a lo menos importante; usa tono directo y claro.

Devuelve solo la versión final simplificada.

Texto:
Sin entusiasmo, dijo alguien famoso, nunca se ha podido realizar nada grande.

Versión simplificada:",3.2999,success,,{},4751,zero-shot,hariel,hariel_mistral_cfg_1,0.3,0.9,1.1,256,,
exp_prompting_sample36_top4_20260506_041700,18864a51-1f3b-477b-8e65-53560594bf3f,2026-05-06T04:34:26.589332,feina_repr30_test_sample36,,sample36,mistral,mistralai/Mistral-7B-Instruct-v0.2,ollama,zero-shot,R4,[],"{'temperature': 0.3, 'top_p': 0.9, 'repetition_penalty': 1.1, 'max_new_tokens': 256}",5037,"Por tanto, este método calcula interés sobre interés.","Por eso, este método calcula interés sobre interés.","Este método calcula intereses sobre intereses, lo que significa añadir intereses a los intereses existentes.

(","Reescribe en español el siguiente texto con lenguaje más claro y sencillo.
Conserva el significado original y no inventes información.
Guía interna de simplificación: usa palabras comunes; evita tecnicismos innecesarios; reemplaza palabras difíciles por palabras simples; usa oraciones cortas; expresa una idea por oración; prefiere voz activa; divide oraciones largas; mantén la idea principal; elimina detalles secundarios si estorban; evita ambigüedades; explica conceptos abstractos de forma simple; mantén coherencia temporal; aclara números si aparecen; ordena de lo más importante a lo menos importante; usa tono directo y claro.

Devuelve solo la versión final simplificada.

Texto:
Por tanto, este método calcula interés sobre interés.

Versión simplificada:",5.4042,success,,{},5037,zero-shot,hariel,hariel_mistral_cfg_1,0.3,0.9,1.1,256,,
exp_prompting_sample36_top4_20260506_041700,61b53b94-da76-42e9-bdfa-340f82ef4e6c,2026-05-06T04:34:32.332231,feina_repr30_test_sample36,,sample36,mistral,mistralai/Mistral-7B-Instruct-v0.2,ollama,zero-shot,R4,[],"{'temperature': 0.3, 'top_p': 0.9, 'repetition_penalty': 1.1, 'max_new_tokens': 256}",5112,"El resultado es aproximado a $300,000 en seis años.",El resultado es aproximadamente trescientos mil dólares en seis años.,Se obtiene un resultado aproximado de trescientos mil dólares en seis años.,"Reescribe en español el siguiente texto con lenguaje más claro y sencillo.
Conserva el significado original y no inventes información.
Guía interna de simplificación: usa palabras comunes; evita tecnicismos innecesarios; reemplaza palabras difíciles por palabras simples; usa oraciones cortas; expresa una idea por oración; prefiere voz activa; divide oraciones largas; mantén la idea principal; elimina detalles secundarios si estorban; evita ambigüedades; explica conceptos abstractos de forma simple; mantén coherencia temporal; aclara números si aparecen; ordena de lo más importante a lo menos importante; usa tono directo y claro.

Devuelve solo la versión final simplificada.

Texto:
El resultado es aproximado a $300,000 en seis años.

Versión simplificada:",3.1907,success,,{},5112,zero-shot,hariel,hariel_mistral_cfg_1,0.3,0.9,1.1,256,,
exp_prompting_sample36_top4_20260506_041700,41452303-432f-4d1d-8202-9bbc0dea194b,2026-05-06T04:34:35.869370,feina_repr30_test_sample36,,sample36,mistral,mistralai/Mistral-7B-Instruct-v0.2,ollama,zero-shot,R4,[],"{'temperature': 0.3, 'top_p': 0.9, 'repetition_penalty': 1.1, 'max_new_tokens': 256}",5187,Documente todos sus gastos e ingresos o compárelos con lo que usted planificó que iba a gastar en el mes.,Documente todos sus gastos e ingresos y compárelos con lo que usted planificó que iba a gastar en el mes.,"Registra todos tus gastos y ingresos o comparalos con lo que planeabas gastar en un mes.

(","Reescribe en español el siguiente texto con lenguaje más claro y sencillo.
Conserva el significado original y no inventes información.
Guía interna de simplificación: usa palabras comunes; evita tecnicismos innecesarios; reemplaza palabras difíciles por palabras simples; usa oraciones cortas; expresa una idea por oración; prefiere voz activa; divide oraciones largas; mantén la idea principal; elimina detalles secundarios si estorban; evita ambigüedades; explica conceptos abstractos de forma simple; mantén coherencia temporal; aclara números si aparecen; ordena de lo más importante a lo menos importante; usa tono directo y claro.

Devuelve solo la versión final simplificada.

Texto:
Documente todos sus gastos e ingresos o compárelos con lo que usted planificó que iba a gastar en el mes.

Versión simplificada:",4.2808,success,,{},5187,zero-shot,hariel,hariel_mistral_cfg_1,0.3,0.9,1.1,256,,
